% Model:              Untitled.mph
% Version:            COMSOL 5.6.0.280
% Date:               Jul 28 2026, 13:30
% Table:              Tabla 10 - Valor propio 1
% a (nm)                                          lambda                                            Energía propia (eV)                               Probabilidad total (1)
6                                                 0.07161932691428675                               0.07161932691428675                               1
6                                                 0.07932082779441696                               0.07932082779441696                               0.9999999999999999
6                                                 0.07932082954485684                               0.07932082954485684                               0.9999999999999969
6                                                 0.08455277269487779                               0.0845527726948778                                1.0000000000000002
6                                                 0.08571755415654143                               0.08571755415654145                               1.000000000000001
6                                                 0.08571755488318014                               0.08571755488318014                               1.0000000000000018
6                                                 0.0890829466311022                                0.0890829466311022                                1.0000000000000013
6                                                 0.08908939690304638                               0.08908939690304638                               0.9999999999999993
6                                                 0.09481066018516195                               0.09481066018516196                               0.9999999999999994
6                                                 0.094810660769745                                 0.094810660769745                                 0.999999999999999
6                                                 0.09932396878564466                               0.09932396878564466                               1
6                                                 0.10279140142555153                               0.10279140142555153                               0.9999999999999999
6                                                 0.10279140591155064                               0.10279140591155064                               0.9999999999999997
6                                                 0.10393403681143625                               0.10393403681143626                               1.0000000000000004
6                                                 0.11302413783895755                               0.11302413783895755                               1.0000000000000016
6                                                 0.11302413845801569                               0.11302413845801569                               1.000000000000001
6                                                 0.12549193726697286                               0.12549193726697286                               0.999999999999998
6                                                 0.1254919389849588                                0.1254919389849588                                1.000000000000002
6                                                 0.1364571298595218                                0.1364571298595218                                1.0000000000000022
6                                                 0.13645713250589248                               0.13645713250589248                               1.0000000000000004
6                                                 0.14017375035441434                               0.14017375035441434                               1.0000000000000016
6                                                 0.1401737509693674                                0.1401737509693674                                0.9999999999999988
6                                                 0.15704522507548457                               0.1570452250754846                                0.9999999999999994
6                                                 0.15704522699570167                               0.15704522699570167                               0.999999999999999
6                                                 0.17607894256907608                               0.17607894256907608                               1.000000000000001
6                                                 0.17607894393830148                               0.17607894393830148                               0.9999999999999993
6                                                 0.18175769846612366                               0.18175769846612366                               1.0000000000000007
6                                                 0.18187347934663528                               0.18187347934663528                               0.9999999999999973
6                                                 0.19724441195696457                               0.19724441195696457                               1.0000000000000018
6                                                 0.1972444133576093                                0.19724441335760934                               1.0000000000000013
6.25                                              0.076136737370778                                 0.076136737370778                                 0.9999999999999992
6.25                                              0.08347184509719119                               0.0834718450971912                                0.999999999999998
6.25                                              0.08347184609167255                               0.08347184609167256                               1.0000000000000018
6.25                                              0.08456585185818863                               0.08456585185818863                               0.9999999999999998
6.25                                              0.08580157653395076                               0.08580157653395078                               0.9999999999999994
6.25                                              0.08580157724754964                               0.08580157724754964                               1.0000000000000002
6.25                                              0.08908785122867732                               0.08908785122867732                               1.0000000000000002
6.25                                              0.08909249230877637                               0.08909249230877637                               0.9999999999999994
6.25                                              0.09481088750913441                               0.09481088750913443                               1.0000000000000002
6.25                                              0.0948108880935358                                0.0948108880935358                                1.0000000000000009
6.25                                              0.10249693093420216                               0.10249693093420216                               1.0000000000000018
6.25                                              0.10279142582545736                               0.10279142582545736                               0.9999999999999983
6.25                                              0.10279143354170572                               0.10279143354170572                               1.0000000000000002
6.25                                              0.10790746629819374                               0.10790746629819375                               1.0000000000000024
6.25                                              0.11302414175744514                               0.11302414175744514                               0.9999999999999997
6.25                                              0.11302414237651012                               0.11302414237651014                               0.9999999999999999
6.25                                              0.12549193795241623                               0.12549193795241623                               0.9999999999999998
6.25                                              0.12549193962981445                               0.12549193962981445                               1.0000000000000007
6.25                                              0.13918612679386552                               0.13918612679386552                               0.9999999999999988
6.25                                              0.13918612784562934                               0.13918612784562934                               1.0000000000000013
6.25                                              0.1401737506339741                                0.1401737506339741                                1.0000000000000007
6.25                                              0.14017375124891618                               0.14017375124891618                               1.0000000000000013
6.25                                              0.15704522509416247                               0.15704522509416247                               0.9999999999999986
6.25                                              0.15704522701433327                               0.15704522701433327                               1.0000000000000004
6.25                                              0.17607894257255646                               0.17607894257255646                               0.9999999999999992
6.25                                              0.1760789439417837                                0.1760789439417837                                0.9999999999999993
6.25                                              0.18356297209863542                               0.18356297209863545                               0.9999999999999994
6.25                                              0.183748714024009                                 0.183748714024009                                 1.0000000000000007
6.25                                              0.19724441195768283                               0.19724441195768286                               0.9999999999999988
6.25                                              0.19724441335831355                               0.19724441335831355                               1
6.499999999999999                                 0.0809952963369783                                0.08099529633697831                               0.999999999999999
6.499999999999999                                 0.08461654854015158                               0.08461654854015159                               1.0000000000000002
6.499999999999999                                 0.08556745867571103                               0.08556745867571103                               0.9999999999999999
6.499999999999999                                 0.0855674596579838                                0.08556745965798382                               1.0000000000000007
6.499999999999999                                 0.08833562752831352                               0.08833562752831352                               1.0000000000000022
6.499999999999999                                 0.08833563994657474                               0.08833563994657474                               0.9999999999999981
6.499999999999999                                 0.08909122995857711                               0.08909122995857711                               0.9999999999999987
6.499999999999999                                 0.08909476793815507                               0.08909476793815507                               1.0000000000000036
6.499999999999999                                 0.09481116220133204                               0.09481116220133205                               1.0000000000000002
6.499999999999999                                 0.09481116278562489                               0.09481116278562489                               0.9999999999999989
6.499999999999999                                 0.10279145658082574                               0.10279145658082574                               1.0000000000000004
6.499999999999999                                 0.1027914696443995                                0.1027914696443995                                0.9999999999999994
6.499999999999999                                 0.10606135297987201                               0.10606135297987201                               0.9999999999999988
6.499999999999999                                 0.11237732034153022                               0.11237732034153024                               0.999999999999999
6.499999999999999                                 0.11302414736383253                               0.11302414736383253                               0.9999999999999994
6.499999999999999                                 0.1130241479828842                                0.1130241479828842                                1
6.499999999999999                                 0.1254919390729284                                0.1254919390729284                                1
6.499999999999999                                 0.12549194064474953                               0.12549194064474953                               0.9999999999999972
6.499999999999999                                 0.1401737504371645                                0.1401737504371645                                1.0000000000000018
6.499999999999999                                 0.14017375105209665                               0.14017375105209665                               1.0000000000000009
6.499999999999999                                 0.1423817476072272                                0.14238174760722722                               0.9999999999999978
6.499999999999999                                 0.14238175199585157                               0.14238175199585157                               0.9999999999999986
6.499999999999999                                 0.15704522512796573                               0.15704522512796576                               0.9999999999999994
6.499999999999999                                 0.1570452270482977                                0.1570452270482977                                1.0000000000000002
6.499999999999999                                 0.1760789425792153                                0.17607894257921533                               0.9999999999999988
6.499999999999999                                 0.17607894394843032                               0.17607894394843032                               0.9999999999999984
6.499999999999999                                 0.18578060208935626                               0.18578060208935626                               1.000000000000002
6.499999999999999                                 0.18605985498665278                               0.1860598549866528                                1.0000000000000004
6.499999999999999                                 0.19724441195895875                               0.19724441195895878                               0.9999999999999999
6.499999999999999                                 0.19724441335954596                               0.19724441335954598                               1.0000000000000009
6.749999999999999                                 0.0843779256707006                                0.0843779256707006                                0.9999999999999993
6.749999999999999                                 0.08563684369851932                               0.08563684369851932                               0.9999999999999987
6.749999999999999                                 0.0856368444305793                                0.08563684443057931                               0.9999999999999999
6.749999999999999                                 0.08656054798974068                               0.0865605479897407                                0.9999999999999998
6.749999999999999                                 0.08909370058176612                               0.08909370058176613                               1.0000000000000009
6.749999999999999                                 0.08909651735402069                               0.08909651735402069                               0.9999999999999981
6.749999999999999                                 0.09332567727512989                               0.09332567727512989                               1.0000000000000018
6.749999999999999                                 0.09332568779959495                               0.09332568779959495                               0.9999999999999984
6.749999999999999                                 0.09481181938346617                               0.09481181938346618                               1.0000000000000009
6.749999999999999                                 0.0948118199651549                                0.09481181996515492                               0.9999999999999982
6.749999999999999                                 0.10279149458104139                               0.10279149458104139                               1.0000000000000013
6.749999999999999                                 0.10279151741920821                               0.10279151741920822                               0.9999999999999981
6.749999999999999                                 0.11005032126187567                               0.11005032126187567                               1.0000000000000022
6.749999999999999                                 0.11302415530836049                               0.11302415530836049                               0.9999999999999996
6.749999999999999                                 0.11302415592741342                               0.11302415592741344                               1.0000000000000007
6.749999999999999                                 0.11738978104746484                               0.11738978104746484                               1.000000000000001
6.749999999999999                                 0.12549194101809544                               0.12549194101809544                               0.9999999999999999
6.749999999999999                                 0.12549194222463783                               0.12549194222463783                               1.0000000000000002
6.749999999999999                                 0.14017375078109917                               0.14017375078109917                               0.9999999999999982
6.749999999999999                                 0.1401737513960271                                0.1401737513960271                                1.0000000000000002
6.749999999999999                                 0.1460941173481378                                0.1460941173481378                                0.9999999999999991
6.749999999999999                                 0.14609412233355024                               0.14609412233355024                               0.9999999999999982
6.749999999999999                                 0.15704522518791889                               0.15704522518791889                               0.9999999999999988
6.749999999999999                                 0.1570452271082402                                0.1570452271082402                                0.9999999999999999
6.749999999999999                                 0.1760789425918734                                0.1760789425918734                                1.0000000000000024
6.749999999999999                                 0.17607894396114562                               0.17607894396114562                               0.9999999999999999
6.749999999999999                                 0.18846522000937876                               0.18846522000937876                               0.9999999999999968
6.749999999999999                                 0.18886781410471443                               0.18886781410471443                               1.0000000000000018
6.749999999999999                                 0.19724441196152054                               0.19724441196152054                               1.0000000000000018
6.749999999999999                                 0.19724441336218834                               0.19724441336218834                               0.9999999999999986
7                                                 0.08448986219002336                               0.08448986219002336                               0.9999999999999979
7                                                 0.08565251366138699                               0.08565251366138699                               0.9999999999999986
7                                                 0.08565251438225507                               0.08565251438225509                               0.9999999999999964
7                                                 0.08909559020805216                               0.08909559020805216                               1
7                                                 0.08909791120329631                               0.08909791120329631                               0.9999999999999994
7                                                 0.09223398108186694                               0.09223398108186695                               0.9999999999999989
7                                                 0.09481132151899788                               0.09481132151899788                               1.0000000000000004
7                                                 0.09481132210406591                               0.09481132210406591                               1.0000000000000013
7                                                 0.09883889035076099                               0.09883889035076099                               1.0000000000000016
7                                                 0.09883889197909246                               0.09883889197909247                               0.9999999999999993
7                                                 0.10279154067069254                               0.10279154067069254                               1.0000000000000007
7                                                 0.102791585589182                                 0.102791585589182                                 1.0000000000000009
7                                                 0.11302416667947059                               0.11302416667947059                               0.9999999999999992
7                                                 0.11302416729852569                               0.1130241672985257                                1.0000000000000007
7                                                 0.11450060073688621                               0.11450060073688621                               1.0000000000000007
7                                                 0.12299557870548447                               0.12299557870548447                               0.9999999999999994
7                                                 0.1254919447111431                                0.1254919447111431                                0.999999999999998
7                                                 0.1254919466020841                                0.1254919466020841                                0.9999999999999998
7                                                 0.14017375124208714                               0.14017375124208714                               1.0000000000000009
7                                                 0.14017375185703898                               0.14017375185703898                               0.9999999999999986
7                                                 0.1503775487356066                                0.1503775487356066                                0.9999999999999984
7                                                 0.15037755005472891                               0.15037755005472891                               0.9999999999999956
7                                                 0.15704522529169002                               0.15704522529169002                               1.0000000000000007
7                                                 0.15704522721220732                               0.15704522721220732                               1.0000000000000013
7                                                 0.17607894261576756                               0.17607894261576756                               1.0000000000000013
7                                                 0.17607894398499163                               0.17607894398499163                               0.9999999999999994
7                                                 0.1916736039190725                                0.19167360391907254                               0.9999999999999981
7                                                 0.19223688496665053                               0.19223688496665056                               0.9999999999999996
7                                                 0.1972444119669808                                0.19724441196698084                               1.0000000000000007
7                                                 0.19724441336753806                               0.19724441336753806                               0.9999999999999997
7.249999999999999                                 0.08450804217917046                               0.08450804217917046                               0.9999999999999999
7.249999999999999                                 0.08565947535079534                               0.08565947535079534                               0.9999999999999997
7.249999999999999                                 0.08565947607091276                               0.08565947607091276                               0.999999999999999
7.249999999999999                                 0.08909708786031029                               0.0890970878603103                                1.0000000000000016
7.249999999999999                                 0.08909905531752114                               0.08909905531752114                               1.0000000000000007
7.249999999999999                                 0.09481169821708704                               0.09481169821708706                               0.9999999999999994
7.249999999999999                                 0.09481169880196501                               0.09481169880196502                               1.0000000000000016
7.249999999999999                                 0.09850353474831841                               0.09850353474831842                               0.9999999999999989
7.249999999999999                                 0.10279159562178429                               0.10279159562178429                               1.0000000000000009
7.249999999999999                                 0.10279173201140325                               0.10279173201140326                               0.9999999999999976
7.249999999999999                                 0.10486852075314182                               0.10486852075314182                               0.9999999999999993
7.249999999999999                                 0.10486852317607892                               0.10486852317607892                               1.0000000000000009
7.249999999999999                                 0.1130241844386269                                0.1130241844386269                                1.0000000000000002
7.249999999999999                                 0.11302418505767678                               0.1130241850576768                                1.0000000000000016
7.249999999999999                                 0.11945250532395842                               0.11945250532395843                               0.9999999999999986
7.249999999999999                                 0.12549194087971477                               0.1254919408797148                                1.0000000000000018
7.249999999999999                                 0.1254919490451255                                0.1254919490451255                                1
7.249999999999999                                 0.12924951135196924                               0.12924951135196924                               1.0000000000000033
7.249999999999999                                 0.14017375194956994                               0.14017375194956994                               1.0000000000000024
7.249999999999999                                 0.14017375256452205                               0.14017375256452205                               1.0000000000000004
7.249999999999999                                 0.15529059545908372                               0.15529059545908372                               1.0000000000000018
7.249999999999999                                 0.1552906030585913                                0.1552906030585913                                1.0000000000000009
7.249999999999999                                 0.15704522546652186                               0.15704522546652186                               0.9999999999999997
7.249999999999999                                 0.15704522738733503                               0.15704522738733503                               0.9999999999999981
7.249999999999999                                 0.17607894265901408                               0.17607894265901408                               0.9999999999999988
7.249999999999999                                 0.17607894402823004                               0.17607894402823004                               1
7.249999999999999                                 0.1954641209363419                                0.1954641209363419                                0.9999999999999999
7.249999999999999                                 0.19623439820777688                               0.1962343982077769                                0.9999999999999988
7.249999999999999                                 0.1972444119775089                                0.19724441197750892                               1.0000000000000002
7.249999999999999                                 0.19724441337813742                               0.19724441337813745                               0.9999999999999996
7.5                                               0.08451552186447783                               0.08451552186447783                               1.000000000000001
7.5                                               0.08566346109173051                               0.08566346109173052                               0.9999999999999997
7.5                                               0.08566346181271911                               0.08566346181271911                               1.0000000000000029
7.5                                               0.08909831025487377                               0.08909831025487377                               1.0000000000000009
7.5                                               0.08910001880694399                               0.08910001880694399                               1.0000000000000018
7.5                                               0.09481199281576541                               0.09481199281576543                               0.9999999999999989
7.5                                               0.09481199339998145                               0.09481199339998145                               1
7.5                                               0.10279138445155558                               0.10279138445155558                               1.0000000000000004
7.5                                               0.1027916601227978                                0.1027916601227978                                1.000000000000001
7.5                                               0.10533194592463598                               0.10533194592463599                               0.9999999999999976
7.5                                               0.11145147085385149                               0.1114514708538515                                0.9999999999999998
7.5                                               0.11145148423940676                               0.11145148423940678                               0.9999999999999994
7.5                                               0.11302425289071032                               0.11302425289071033                               0.9999999999999991
7.5                                               0.11302425350984002                               0.11302425350984002                               1.0000000000000004
7.5                                               0.12494980888128558                               0.12494980888128558                               1.0000000000000029
7.5                                               0.1254919472730525                                0.1254919472730525                                0.9999999999999988
7.5                                               0.12549198568701853                               0.12549198568701853                               0.9999999999999999
7.5                                               0.1362093842478109                                0.1362093842478109                                1.0000000000000009
7.5                                               0.14017375303235846                               0.14017375303235846                               1.0000000000000002
7.5                                               0.1401737536473262                                0.1401737536473262                                0.9999999999999997
7.5                                               0.15704522575423935                               0.15704522575423935                               0.999999999999999
7.5                                               0.15704522767527673                               0.15704522767527673                               1
7.5                                               0.16089584707404583                               0.16089584707404583                               0.9999999999999979
7.5                                               0.16089585414262061                               0.16089585414262061                               1.0000000000000004
7.5                                               0.17607894273498043                               0.17607894273498043                               1.0000000000000002
7.5                                               0.17607894410417754                               0.17607894410417754                               1.0000000000000013
7.5                                               0.19724441199699103                               0.19724441199699103                               0.9999999999999994
7.5                                               0.19724441339775856                               0.19724441339775858                               1.0000000000000027
7.5                                               0.19989637579402453                               0.19989637579402456                               0.9999999999999997
7.5                                               0.2009302262413048                                0.20093022624130483                               0.9999999999999999
7.749999999999999                                 0.08451966574175614                               0.08451966574175614                               1.0000000000000016
7.749999999999999                                 0.08566608144544526                               0.08566608144544526                               1.0000000000000016
7.749999999999999                                 0.08566608216582228                               0.08566608216582228                               1.000000000000003
7.749999999999999                                 0.08909933328557923                               0.08909933328557924                               0.9999999999999999
7.749999999999999                                 0.08910084875996738                               0.08910084875996739                               1.0000000000000002
7.749999999999999                                 0.09481227524538957                               0.09481227524538957                               0.9999999999999982
7.749999999999999                                 0.09481227582977204                               0.09481227582977204                               0.9999999999999993
7.749999999999999                                 0.1027916529658165                                0.1027916529658165                                1.0000000000000002
7.749999999999999                                 0.10279173477416                                  0.10279173477416                                  1.0000000000000004
7.749999999999999                                 0.11275617511129656                               0.11275617511129657                               1.000000000000001
7.749999999999999                                 0.1130241909455736                                0.1130241909455736                                1.0000000000000004
7.749999999999999                                 0.11302419156475593                               0.11302419156475593                               0.999999999999999
7.749999999999999                                 0.11862819672777304                               0.11862819672777306                               1.0000000000000036
7.749999999999999                                 0.11862820958330686                               0.11862820958330687                               0.999999999999999
7.749999999999999                                 0.12549195224579426                               0.12549195224579426                               0.999999999999999
7.749999999999999                                 0.12549195359166798                               0.12549195359166798                               0.9999999999999988
7.749999999999999                                 0.13103937558306628                               0.13103937558306628                               0.9999999999999993
7.749999999999999                                 0.14017375466184956                               0.14017375466184956                               1.0000000000000004
7.749999999999999                                 0.14017375527678308                               0.14017375527678308                               0.9999999999999998
7.749999999999999                                 0.14393410521783315                               0.14393410521783315                               0.9999999999999994
7.749999999999999                                 0.1570452262176807                                0.1570452262176807                                1.000000000000001
7.749999999999999                                 0.15704522813929048                               0.15704522813929048                               1.0000000000000013
7.749999999999999                                 0.16725858930223259                               0.16725858930223259                               1.0000000000000004
7.749999999999999                                 0.16725859408513122                               0.16725859408513122                               1.0000000000000002
7.749999999999999                                 0.1760789428662195                                0.17607894286621953                               0.999999999999999
7.749999999999999                                 0.17607894423543607                               0.1760789442354361                                0.9999999999999977
7.749999999999999                                 0.19724441203359339                               0.1972444120335934                                0.9999999999999987
7.749999999999999                                 0.19724441343418486                               0.19724441343418486                               1.0000000000000022
7.749999999999999                                 0.20502988241668268                               0.20502988241668268                               0.9999999999999979
7.749999999999999                                 0.20639495428382065                               0.20639495428382068                               0.9999999999999984
7.999999999999999                                 0.08452234552180142                               0.08452234552180142                               0.9999999999999993
7.999999999999999                                 0.08566796480816406                               0.08566796480816406                               0.9999999999999984
7.999999999999999                                 0.08566796552823248                               0.0856679655282325                                0.9999999999999999
7.999999999999999                                 0.08910020844563847                               0.08910020844563848                               1.000000000000001
7.999999999999999                                 0.08910157846100338                               0.08910157846100338                               0.9999999999999987
7.999999999999999                                 0.09481255536152877                               0.09481255536152877                               0.9999999999999992
7.999999999999999                                 0.09481255594595307                               0.09481255594595307                               0.9999999999999998
7.999999999999999                                 0.10279176895785769                               0.1027917689578577                                0.9999999999999982
7.999999999999999                                 0.10279182010135855                               0.10279182010135855                               0.9999999999999984
7.999999999999999                                 0.11302422782354876                               0.11302422782354878                               0.999999999999999
7.999999999999999                                 0.11302422844271799                               0.11302422844271799                               1.000000000000001
7.999999999999999                                 0.120818717925874                                 0.120818717925874                                 0.9999999999999998
7.999999999999999                                 0.12549196179216462                               0.12549196179216465                               0.9999999999999982
7.999999999999999                                 0.12549196208419305                               0.12549196208419305                               0.9999999999999997
7.999999999999999                                 0.12643828208410812                               0.12643828208410812                               1.0000000000000029
7.999999999999999                                 0.12643829333115736                               0.12643829333115736                               1.0000000000000007
7.999999999999999                                 0.13776986350911508                               0.1377698635091151                                0.9999999999999989
7.999999999999999                                 0.14017375706861757                               0.14017375706861757                               1.0000000000000002
7.999999999999999                                 0.14017375768355064                               0.14017375768355064                               0.9999999999999998
7.999999999999999                                 0.1524800944386337                                0.1524800944386337                                1.0000000000000007
7.999999999999999                                 0.15704522694857465                               0.15704522694857465                               1.0000000000000027
7.999999999999999                                 0.15704522887095226                               0.1570452288709523                                0.9999999999999989
7.999999999999999                                 0.17444394770684757                               0.17444394770684757                               1.000000000000003
7.999999999999999                                 0.1744439512293099                                0.1744439512293099                                0.9999999999999993
7.999999999999999                                 0.17607894308805302                               0.17607894308805305                               1.000000000000002
7.999999999999999                                 0.17607894445716155                               0.17607894445716157                               0.9999999999999993
7.999999999999999                                 0.1972444120987769                                0.1972444120987769                                0.9999999999999998
7.999999999999999                                 0.19724441349997102                               0.19724441349997104                               1.0000000000000007
7.999999999999999                                 0.21092174904666813                               0.21092174904666813                               0.9999999999999976
7.999999999999999                                 0.21269590117072673                               0.21269590117072676                               1.0000000000000004
8.25                                              0.08452425578420737                               0.08452425578420737                               1.0000000000000004
8.25                                              0.08566940730460959                               0.0856694073046096                                1
8.25                                              0.08566940802439116                               0.08566940802439116                               1
8.25                                              0.08910097195292335                               0.08910097195292337                               0.9999999999999993
8.25                                              0.08910223223548086                               0.08910223223548087                               1
8.25                                              0.09481283586351612                               0.09481283586351613                               1.0000000000000016
8.25                                              0.09481283644829387                               0.09481283644829389                               1.0000000000000002
8.25                                              0.1027918788274111                                0.1027918788274111                                1.000000000000001
8.25                                              0.10279191657867437                               0.10279191657867437                               0.9999999999999993
8.25                                              0.11302426346374711                               0.11302426346374711                               0.9999999999999986
8.25                                              0.11302426408282704                               0.11302426408282705                               0.9999999999999983
8.25                                              0.12549197267761547                               0.1254919726776155                                0.9999999999999984
8.25                                              0.12549197336617543                               0.12549197336617546                               1.0000000000000007
8.25                                              0.12955760018974538                               0.12955760018974538                               0.9999999999999996
8.25                                              0.13491823511432924                               0.13491823511432924                               1.0000000000000002
8.25                                              0.13491823935351868                               0.13491823935351868                               0.9999999999999991
8.25                                              0.14017376056428751                               0.14017376056428751                               1.0000000000000002
8.25                                              0.1401737611792339                                0.1401737611792339                                0.9999999999999988
8.25                                              0.14519044984303478                               0.14519044984303478                               1.0000000000000007
8.25                                              0.15704522807818286                               0.15704522807818289                               0.9999999999999997
8.25                                              0.15704523000186082                               0.15704523000186082                               1.000000000000001
8.25                                              0.1618956409921611                                0.1618956409921611                                0.9999999999999974
8.25                                              0.17607894344925745                               0.17607894344925748                               1
8.25                                              0.17607894481847436                               0.1760789448184744                                0.9999999999999987
8.25                                              0.18251165264816294                               0.18251165264816296                               1
8.25                                              0.18251166099409055                               0.18251166099409058                               0.9999999999999998
8.25                                              0.19724441221309685                               0.19724441221309685                               1.0000000000000004
8.25                                              0.1972444136148014                                0.1972444136148014                                1
8.25                                              0.2176224768932778                                0.21762247689327782                               0.9999999999999991
8.25                                              0.21988967504753892                               0.21988967504753895                               1.0000000000000004
8.499999999999998                                 0.08452571403440257                               0.08452571403440257                               1.0000000000000004
8.499999999999998                                 0.08567056711733567                               0.08567056711733569                               1
8.499999999999998                                 0.08567056783674722                               0.08567056783674723                               1.0000000000000002
8.499999999999998                                 0.08910165010206705                               0.08910165010206705                               0.9999999999999999
8.499999999999998                                 0.0891028284430015                                0.0891028284430015                                0.9999999999999981
8.499999999999998                                 0.09481311796517382                               0.09481311796517382                               0.9999999999999999
8.499999999999998                                 0.09481311854974435                               0.09481311854974435                               0.9999999999999996
8.499999999999998                                 0.10279199519637687                               0.10279199519637688                               0.9999999999999984
8.499999999999998                                 0.10279202466686681                               0.10279202466686682                               1.0000000000000004
8.499999999999998                                 0.11302430493423471                               0.11302430493423472                               1.0000000000000004
8.499999999999998                                 0.11302430555331089                               0.11302430555331089                               0.9999999999999993
8.499999999999998                                 0.125491987036066                                 0.125491987036066                                 1.0000000000000022
8.499999999999998                                 0.12549198783523016                               0.12549198783523016                               0.999999999999997
8.499999999999998                                 0.13900263214063965                               0.13900263214063965                               0.9999999999999994
8.499999999999998                                 0.14017376547892002                               0.14017376547892005                               1.0000000000000004
8.499999999999998                                 0.14017376609386556                               0.14017376609386556                               0.9999999999999993
8.499999999999998                                 0.1440978171104186                                0.1440978171104186                                1.0000000000000009
8.499999999999998                                 0.14409781963328183                               0.14409781963328183                               0.9999999999999982
8.499999999999998                                 0.15334781061168204                               0.15334781061168204                               1.0000000000000013
8.499999999999998                                 0.15704522979150792                               0.15704522979150792                               1.0000000000000004
8.499999999999998                                 0.15704523171744839                               0.15704523171744839                               0.9999999999999999
8.499999999999998                                 0.17221208869174                                  0.17221208869174                                  1.0000000000000004
8.499999999999998                                 0.17607894403496438                               0.1760789440349644                                1.000000000000001
8.499999999999998                                 0.17607894540418162                               0.17607894540418165                               1.0000000000000002
8.499999999999998                                 0.1915069859665934                                0.1915069859665934                                1
8.499999999999998                                 0.19150698724113574                               0.19150698724113577                               0.9999999999999979
8.499999999999998                                 0.19724441240948162                               0.19724441240948162                               0.9999999999999972
8.499999999999998                                 0.19724441381175067                               0.19724441381175067                               1.0000000000000002
8.499999999999998                                 0.22050786571090847                               0.2205078657109085                                0.9999999999999991
8.499999999999998                                 0.2205078675351748                                0.2205078675351748                                0.9999999999999994
8.75                                              0.08452688649803251                               0.08452688649803251                               1.0000000000000007
8.75                                              0.08567153681389733                               0.08567153681389733                               0.9999999999999994
8.75                                              0.08567153753373964                               0.08567153753373964                               1.0000000000000002
8.75                                              0.08910226255443912                               0.08910226255443912                               0.9999999999999989
8.75                                              0.089103381406221                                 0.089103381406221                                 1.0000000000000013
8.75                                              0.0948134026473161                                0.0948134026473161                                1.0000000000000002
8.75                                              0.09481340323166144                               0.09481340323166144                               0.9999999999999987
8.75                                              0.10279212169757157                               0.10279212169757157                               0.9999999999999998
8.75                                              0.10279214486068383                               0.10279214486068383                               0.9999999999999984
8.75                                              0.1130243542976303                                0.1130243542976303                                0.9999999999999994
8.75                                              0.11302435491675195                               0.11302435491675195                               1.0000000000000016
8.75                                              0.12549200575819686                               0.12549200575819686                               1.0000000000000009
8.75                                              0.12549200653920992                               0.12549200653920992                               0.9999999999999986
8.75                                              0.1401737724407033                                0.1401737724407033                                0.9999999999999994
8.75                                              0.14017377305565987                               0.14017377305565987                               0.9999999999999996
8.75                                              0.14916963299547048                               0.14916963299547048                               0.999999999999999
8.75                                              0.15399602205877547                               0.1539960220587755                                1.000000000000001
8.75                                              0.15399603924421462                               0.15399603924421462                               0.999999999999999
8.75                                              0.15704523234477796                               0.15704523234477796                               0.9999999999999994
8.75                                              0.15704523427618783                               0.15704523427618783                               1.0000000000000002
8.75                                              0.16228184507850854                               0.16228184507850854                               1.0000000000000013
8.75                                              0.17607894496180507                               0.17607894496180507                               0.9999999999999989
8.75                                              0.1760789463307686                                0.1760789463307686                                0.9999999999999978
8.75                                              0.18343050453556084                               0.18343050453556084                               0.9999999999999996
8.75                                              0.19724441273851384                               0.19724441273851384                               1.0000000000000004
8.75                                              0.19724441414479582                               0.19724441414479585                               1.0000000000000027
8.75                                              0.20144623457319427                               0.20144623457319427                               1.000000000000003
8.75                                              0.20144624194959604                               0.20144624194959604                               1.0000000000000007
8.75                                              0.22050786582656562                               0.22050786582656565                               0.9999999999999994
8.75                                              0.22050786765073824                               0.22050786765073827                               0.9999999999999989
9                                                 0.08452786913795102                               0.08452786913795102                               1.0000000000000007
9                                                 0.08567237458011762                               0.08567237458011762                               0.999999999999999
9                                                 0.08567237529981109                               0.08567237529981109                               0.9999999999999986
9                                                 0.08910282443940606                               0.08910282443940606                               1.0000000000000002
9                                                 0.08910390270249689                               0.0891039027024969                                1.000000000000001
9                                                 0.09481369104352873                               0.09481369104352873                               0.9999999999999981
9                                                 0.09481369162815921                               0.09481369162815922                               0.9999999999999999
9                                                 0.10279226013972323                               0.10279226013972324                               0.9999999999999993
9                                                 0.1027922777461671                                0.1027922777461671                                1.0000000000000002
9                                                 0.11302441302504296                               0.11302441302504297                               0.9999999999999998
9                                                 0.11302441364428212                               0.11302441364428213                               1.0000000000000002
9                                                 0.12549202986910085                               0.12549202986910085                               1.0000000000000004
9                                                 0.12549203054337077                               0.12549203054337077                               1.0000000000000009
9                                                 0.1401737820123213                                0.1401737820123213                                0.9999999999999986
9                                                 0.14017378262720764                               0.14017378262720767                               1.0000000000000007
9                                                 0.1570452360804197                                0.1570452360804197                                0.9999999999999991
9                                                 0.15704523799626857                               0.15704523799626857                               1.000000000000002
9                                                 0.16005319349137265                               0.16005319349137265                               1.0000000000000002
9                                                 0.16461547904820306                               0.16461547904820306                               0.9999999999999994
9                                                 0.1646154918489744                                0.16461549184897442                               1.0000000000000007
9                                                 0.17201915941504473                               0.17201915941504473                               1
9                                                 0.17607894640238853                               0.17607894640238853                               0.9999999999999993
9                                                 0.1760789477716349                                0.1760789477716349                                0.9999999999999987
9                                                 0.1955022035497292                                0.1955022035497292                                1.0000000000000004
9                                                 0.19724441328056566                               0.19724441328056566                               1.0000000000000007
9                                                 0.1972444147542961                                0.1972444147542961                                0.9999999999999993
9                                                 0.21229413361130256                               0.21229413361130256                               1.0000000000000002
9                                                 0.2122941411890628                                0.2122941411890628                                0.9999999999999972
9                                                 0.22050786603088351                               0.22050786603088351                               1.0000000000000007
9                                                 0.2205078678550948                                0.22050786785509482                               0.9999999999999988
9.249999999999998                                 0.08452872176645357                               0.08452872176645357                               0.9999999999999996
9.249999999999998                                 0.08567311926770271                               0.08567311926770271                               1.0000000000000016
9.249999999999998                                 0.08567311998735026                               0.08567311998735028                               0.999999999999999
9.249999999999998                                 0.08910334774664552                               0.08910334774664552                               1.0000000000000007
9.249999999999998                                 0.08910440207946893                               0.08910440207946893                               1
9.249999999999998                                 0.09481398459733559                               0.09481398459733559                               0.9999999999999993
9.249999999999998                                 0.09481398518180752                               0.09481398518180753                               0.9999999999999994
9.249999999999998                                 0.10279241189976163                               0.10279241189976163                               0.9999999999999998
9.249999999999998                                 0.10279242406920969                               0.10279242406920969                               0.9999999999999991
9.249999999999998                                 0.11302448252928946                               0.11302448252928947                               1.0000000000000002
9.249999999999998                                 0.11302448314835174                               0.11302448314835176                               1.0000000000000002
9.249999999999998                                 0.12549206055975592                               0.12549206055975592                               0.9999999999999993
9.249999999999998                                 0.12549206104250643                               0.12549206104250643                               1.000000000000001
9.249999999999998                                 0.14017379500933538                               0.14017379500933538                               0.9999999999999998
9.249999999999998                                 0.14017379562435278                               0.1401737956243528                                1.0000000000000002
9.249999999999998                                 0.1570452414709788                                0.1570452414709788                                0.9999999999999993
9.249999999999998                                 0.15704524340340026                               0.1570452434034003                                1
9.249999999999998                                 0.17161689573309824                               0.17161689573309827                               0.9999999999999996
9.249999999999998                                 0.17593405711072316                               0.17593405711072319                               1.0000000000000007
9.249999999999998                                 0.17593407359741783                               0.17593407359741786                               0.9999999999999979
9.249999999999998                                 0.17607894944900582                               0.17607894944900582                               0.9999999999999991
9.249999999999998                                 0.17607895081829675                               0.17607895081829675                               1.0000000000000007
9.249999999999998                                 0.18256316714676438                               0.1825631671467644                                0.999999999999998
9.249999999999998                                 0.19724441415330835                               0.19724441415330835                               0.9999999999999999
9.249999999999998                                 0.19724441553131092                               0.19724441553131092                               1.0000000000000002
9.249999999999998                                 0.20830033736828446                               0.20830033736828446                               1.0000000000000002
9.249999999999998                                 0.22050786633292516                               0.22050786633292516                               1.0000000000000007
9.249999999999998                                 0.22050786815718235                               0.22050786815718235                               0.9999999999999998
9.249999999999998                                 0.2239277555032768                                0.2239277555032768                                0.9999999999999991
9.249999999999998                                 0.22392776073856918                               0.22392776073856918                               0.9999999999999996
9.5                                               0.08452948418552374                               0.08452948418552375                               1.0000000000000013
9.5                                               0.08567379830288514                               0.08567379830288516                               0.9999999999999993
9.5                                               0.08567379902246876                               0.08567379902246876                               0.9999999999999991
9.5                                               0.08910384228955957                               0.08910384228955957                               1.0000000000000007
9.5                                               0.08910488814220598                               0.08910488814220598                               1.000000000000001
9.5                                               0.09481428515585778                               0.09481428515585778                               0.999999999999998
9.5                                               0.09481428574047485                               0.09481428574047486                               0.9999999999999986
9.5                                               0.10279257838659167                               0.10279257838659167                               1.0000000000000016
9.5                                               0.10279258481517749                               0.10279258481517749                               0.9999999999999999
9.5                                               0.11302456432470946                               0.11302456432470946                               0.9999999999999994
9.5                                               0.11302456494378982                               0.11302456494378982                               1.0000000000000007
9.5                                               0.12549209921758547                               0.12549209921758547                               1.0000000000000007
9.5                                               0.1254920994124169                                0.1254920994124169                                1.0000000000000009
9.5                                               0.14017381242878446                               0.14017381242878446                               0.9999999999999993
9.5                                               0.14017381304373178                               0.14017381304373178                               0.9999999999999967
9.5                                               0.15704524912345144                               0.15704524912345144                               0.999999999999999
9.5                                               0.15704525106701744                               0.15704525106701744                               1.0000000000000004
9.5                                               0.1760789518554207                                0.1760789518554207                                0.9999999999999996
9.5                                               0.17607895322459957                               0.17607895322459957                               0.999999999999998
9.5                                               0.1837799158242965                                0.1837799158242965                                1.0000000000000016
9.5                                               0.1878924713595367                                0.1878924713595367                                1.0000000000000009
9.5                                               0.18789247361487413                               0.18789247361487413                               1.000000000000001
9.5                                               0.19387991348768446                               0.19387991348768446                               1
9.5                                               0.19724441556774047                               0.19724441556774047                               0.9999999999999996
9.5                                               0.1972444169163638                                0.1972444169163638                                0.9999999999999996
9.5                                               0.22050786691684665                               0.22050786691684668                               1.0000000000000007
9.5                                               0.22050786874107592                               0.22050786874107595                               1.0000000000000022
9.5                                               0.22157611033525879                               0.2215761103352588                                0.9999999999999998
9.5                                               0.23607054501214314                               0.23607054501214314                               0.999999999999998
9.5                                               0.23607055167410684                               0.23607055167410687                               0.9999999999999991
9.75                                              0.08453018455174725                               0.08453018455174727                               0.9999999999999997
9.75                                              0.08567443215158568                               0.08567443215158568                               0.9999999999999986
9.75                                              0.08567443287117808                               0.08567443287117808                               0.9999999999999983
9.75                                              0.08910431639582818                               0.08910431639582819                               0.9999999999999989
9.75                                              0.08910536890456612                               0.08910536890456613                               0.9999999999999991
9.75                                              0.09481459506055989                               0.09481459506055989                               1.0000000000000002
9.75                                              0.09481459564531965                               0.09481459564531966                               1.0000000000000002
9.75                                              0.10279276108568644                               0.10279276108568644                               1
9.75                                              0.10279276150463759                               0.10279276150463759                               0.9999999999999988
9.75                                              0.11302466013238596                               0.11302466013238598                               0.9999999999999982
9.75                                              0.11302466075155711                               0.11302466075155711                               1.0000000000000004
9.75                                              0.1254921472555614                                0.1254921472555614                                1.0000000000000016
9.75                                              0.1254921474733412                                0.1254921474733412                                0.9999999999999983
9.75                                              0.14017383549845147                               0.14017383549845147                               1.0000000000000002
9.75                                              0.1401738361134515                                0.1401738361134515                                1
9.75                                              0.15704525984117568                               0.15704525984117568                               1.0000000000000002
9.75                                              0.15704526179982498                               0.15704526179982498                               1.0000000000000018
9.75                                              0.17607895671513624                               0.17607895671513626                               1.0000000000000002
9.75                                              0.17607895808434557                               0.17607895808434557                               0.9999999999999969
9.75                                              0.1963975960914327                                0.19639759609143273                               0.9999999999999984
9.75                                              0.1972444176427127                                0.1972444176427127                                0.9999999999999993
9.75                                              0.1972444190619856                                0.1972444190619856                                0.9999999999999983
9.75                                              0.2003748603372805                                0.20037486033728052                               1.000000000000001
9.75                                              0.20037486280719202                               0.20037486280719205                               0.9999999999999991
9.75                                              0.20587700767669065                               0.20587700767669065                               1.0000000000000004
9.75                                              0.22050786784411763                               0.22050786784411766                               0.999999999999999
9.75                                              0.2205078696684375                                0.2205078696684375                                1.0000000000000016
9.75                                              0.2348750308973585                                0.2348750308973585                                1
9.75                                              0.24583173260726127                               0.2458317326072613                                0.9999999999999987
9.75                                              0.2458317347135685                                0.2458317347135685                                0.9999999999999987
9.999999999999998                                 0.08453084408319596                               0.08453084408319596                               0.9999999999999998
9.999999999999998                                 0.08567503703819943                               0.08567503703819943                               0.9999999999999996
9.999999999999998                                 0.08567503775784407                               0.08567503775784407                               1.000000000000001
9.999999999999998                                 0.08910477743687371                               0.08910477743687371                               1
9.999999999999998                                 0.08910585229390403                               0.08910585229390403                               1.0000000000000004
9.999999999999998                                 0.09481491726853482                               0.09481491726853482                               1
9.999999999999998                                 0.09481491785326894                               0.09481491785326894                               1.0000000000000004
9.999999999999998                                 0.10279295526859258                               0.1027929552685926                                0.9999999999999993
9.999999999999998                                 0.10279296281189342                               0.10279296281189342                               0.9999999999999979
9.999999999999998                                 0.11302477199824522                               0.11302477199824523                               0.9999999999999996
9.999999999999998                                 0.11302477261732705                               0.11302477261732705                               1.000000000000001
9.999999999999998                                 0.12549220647636344                               0.12549220647636344                               0.9999999999999999
9.999999999999998                                 0.1254922072693966                                0.1254922072693966                                1.0000000000000002
9.999999999999998                                 0.14017386573698976                               0.14017386573698976                               0.9999999999999999
9.999999999999998                                 0.1401738663518339                                0.1401738663518339                                0.9999999999999992
9.999999999999998                                 0.15704527466485163                               0.15704527466485163                               0.9999999999999981
9.999999999999998                                 0.15704527664825635                               0.15704527664825635                               1
9.999999999999998                                 0.17607896378770088                               0.1760789637877009                                1.0000000000000007
9.999999999999998                                 0.17607896515711302                               0.17607896515711302                               0.9999999999999997
9.999999999999998                                 0.19724442093616196                               0.19724442093616196                               0.9999999999999999
9.999999999999998                                 0.19724442234801254                               0.19724442234801257                               0.9999999999999989
9.999999999999998                                 0.20923312701821936                               0.2092331270182194                                0.9999999999999996
9.999999999999998                                 0.21317895852183322                               0.21317895852183325                               1
9.999999999999998                                 0.21317896818963067                               0.21317896818963067                               1.0000000000000016
9.999999999999998                                 0.21837120567076174                               0.21837120567076176                               1.0000000000000027
9.999999999999998                                 0.22050786933423827                               0.2205078693342383                                1.0000000000000002
9.999999999999998                                 0.22050787115865866                               0.2205078711586587                                1.0000000000000004
9.999999999999998                                 0.245831733265969                                 0.245831733265969                                 0.9999999999999998
9.999999999999998                                 0.24583173537275776                               0.24583173537275776                               1.0000000000000002
9.999999999999998                                 0.24730627868176117                               0.24730627868176117                               1.0000000000000004
10.25                                             0.08453147993130723                               0.08453147993130723                               0.9999999999999981
10.25                                             0.08567562673996731                               0.08567562673996733                               0.9999999999999998
10.25                                             0.0856756274594589                                0.08567562745945892                               1.0000000000000004
10.25                                             0.08910523225813617                               0.08910523225813617                               0.9999999999999994
10.25                                             0.08910634667104628                               0.08910634667104628                               1.0000000000000002
10.25                                             0.0948152555273912                                0.0948152555273912                                0.9999999999999989
10.25                                             0.0948152561117349                                0.09481525611173491                               0.9999999999999994
10.25                                             0.10279316914292794                               0.10279316914292795                               0.9999999999999991
10.25                                             0.10279318579931968                               0.10279318579931968                               0.9999999999999996
10.25                                             0.11302490244571327                               0.11302490244571327                               0.9999999999999993
10.25                                             0.11302490306488601                               0.11302490306488602                               0.9999999999999999
10.25                                             0.12549227937564594                               0.12549227937564594                               0.9999999999999998
10.25                                             0.1254922809728666                                0.1254922809728666                                0.9999999999999994
10.25                                             0.14017390503405003                               0.14017390503405003                               0.9999999999999998
10.25                                             0.14017390564900928                               0.14017390564900928                               1.000000000000001
10.25                                             0.15704529494672329                               0.15704529494672329                               1.0000000000000022
10.25                                             0.15704529696915245                               0.15704529696915245                               1.0000000000000013
10.25                                             0.17607897395877206                               0.17607897395877206                               1.0000000000000007
10.25                                             0.17607897532794917                               0.1760789753279492                                0.9999999999999994
10.25                                             0.19724442589497815                               0.19724442589497818                               0.9999999999999986
10.25                                             0.19724442730894576                               0.19724442730894576                               1.0000000000000004
10.25                                             0.22050787168715652                               0.22050787168715652                               0.9999999999999996
10.25                                             0.22050787351135048                               0.22050787351135048                               1.0000000000000004
10.25                                             0.2219165902940005                                0.2219165902940005                                1
10.25                                             0.22596696685126133                               0.22596696685126133                               0.9999999999999997
10.25                                             0.22596698592754894                               0.22596698592754894                               1.0000000000000004
10.25                                             0.2310300255402907                                0.2310300255402907                                0.9999999999999999
10.25                                             0.24583173436003822                               0.24583173436003822                               1.0000000000000022
10.25                                             0.24583173646721804                               0.24583173646721804                               0.9999999999999984
10.25                                             0.25682010220641716                               0.25682010220641716                               0.9999999999999999
10.5                                              0.08453210717855021                               0.08453210717855021                               1.0000000000000018
10.5                                              0.0856762139370279                                0.08567621393702791                               0.999999999999999
10.5                                              0.08567621472402275                               0.08567621472402276                               0.9999999999999988
10.5                                              0.08910568762239189                               0.08910568762239189                               1.0000000000000004
10.5                                              0.08910686151806212                               0.08910686151806213                               0.9999999999999967
10.5                                              0.09481561474727677                               0.09481561474727677                               0.9999999999999996
10.5                                              0.09481561526355563                               0.09481561526355563                               1.0000000000000022
10.5                                              0.10279340625358954                               0.10279340625358954                               1.0000000000000002
10.5                                              0.10279343420816603                               0.10279343420816603                               1.0000000000000004
10.5                                              0.11302505478868051                               0.11302505478868051                               0.9999999999999994
10.5                                              0.11302505542368543                               0.11302505542368543                               1.0000000000000013
10.5                                              0.12549236896573143                               0.12549236896573143                               0.9999999999999988
10.5                                              0.12549237162322469                               0.12549237162322469                               0.9999999999999997
10.5                                              0.14017395590567025                               0.14017395590567025                               0.9999999999999994
10.5                                              0.1401739565481075                                0.1401739565481075                                0.9999999999999999
10.5                                              0.1570453226294336                                0.1570453226294336                                1.0000000000000016
10.5                                              0.1570453247099226                                0.15704532470992263                               0.9999999999999994
10.5                                              0.1760789886472299                                0.1760789886472299                                1.0000000000000002
10.5                                              0.17607899002288768                               0.17607899002288768                               1.0000000000000009
10.5                                              0.19724443341889347                               0.19724443341889347                               0.9999999999999991
10.5                                              0.19724443512327594                               0.19724443512327597                               1.000000000000001
10.5                                              0.22050787565492827                               0.22050787565492827                               1.0000000000000004
10.5                                              0.22050787758449314                               0.22050787758449317                               1.0000000000000002
10.5                                              0.23388757895414405                               0.23388757895414405                               0.9999999999999996
10.5                                              0.23816768295441124                               0.23816768295441124                               1.0000000000000002
10.5                                              0.2381676837341973                                0.2381676837341973                                0.9999999999999999
10.5                                              0.2432304166652841                                0.2432304166652841                                0.9999999999999996
10.5                                              0.24583173672016587                               0.2458317367201659                                1.0000000000000002
10.5                                              0.24583173849263962                               0.24583173849263965                               1.0000000000000002
10.5                                              0.26089209255974016                               0.26089209255974016                               1.0000000000000002
10.749999999999998                                0.08453272295970313                               0.08453272295970313                               0.9999999999999998
10.749999999999998                                0.08567679488519205                               0.08567679488519205                               1.0000000000000018
10.749999999999998                                0.08567679570010997                               0.08567679570010997                               0.9999999999999993
10.749999999999998                                0.08910615010714801                               0.08910615010714801                               1.000000000000001
10.749999999999998                                0.08910737980693526                               0.08910737980693527                               0.9999999999999996
10.749999999999998                                0.0948159895921392                                0.09481598959213922                               1.0000000000000002
10.749999999999998                                0.09481599014897578                               0.09481599014897579                               1.0000000000000007
10.749999999999998                                0.10279367005514783                               0.10279367005514783                               1.000000000000001
10.749999999999998                                0.10279369702657891                               0.10279369702657892                               0.9999999999999996
10.749999999999998                                0.11302522713984627                               0.11302522713984627                               1.0000000000000004
10.749999999999998                                0.11302522778269267                               0.11302522778269268                               0.9999999999999999
10.749999999999998                                0.12549247551194948                               0.12549247551194948                               1.0000000000000013
10.749999999999998                                0.12549247800713706                               0.12549247800713706                               1.0000000000000002
10.749999999999998                                0.14017401863106838                               0.14017401863106838                               1.0000000000000002
10.749999999999998                                0.1401740192842768                                0.1401740192842768                                0.9999999999999982
10.749999999999998                                0.15704535862202418                               0.1570453586220242                                1.000000000000001
10.749999999999998                                0.15704535984757872                               0.15704535984757872                               1.0000000000000009
10.749999999999998                                0.17607900818323685                               0.17607900818323685                               1.0000000000000024
10.749999999999998                                0.17607900956086717                               0.17607900956086717                               0.9999999999999988
10.749999999999998                                0.19724444427558857                               0.19724444427558857                               1.000000000000002
10.749999999999998                                0.19724444519619821                               0.19724444519619824                               1.0000000000000002
10.749999999999998                                0.22050788115104003                               0.22050788115104003                               0.9999999999999996
10.749999999999998                                0.2205078831094131                                0.2205078831094131                                0.9999999999999997
10.749999999999998                                0.2442585479781839                                0.2442585479781839                                0.9999999999999996
10.749999999999998                                0.24583173956539278                               0.2458317395653928                                1.0000000000000002
10.749999999999998                                0.24583174146525405                               0.24583174146525408                               1.0000000000000009
10.749999999999998                                0.24867550775535435                               0.24867550775535438                               1.0000000000000009
10.749999999999998                                0.24867551599951995                               0.24867551599951998                               0.999999999999999
10.749999999999998                                0.2536082994137962                                0.2536082994137962                                1.000000000000001
10.749999999999998                                0.2618690257172224                                0.2618690257172224                                1.0000000000000004
11                                                0.0845331828563726                                0.0845331828563726                                1.0000000000000002
11                                                0.08567723055331927                               0.08567723055331927                               0.9999999999999994
11                                                0.08567723125166411                               0.08567723125166413                               1.0000000000000009
11                                                0.08910660992174488                               0.08910660992174488                               1
11                                                0.08910766333496928                               0.08910766333496928                               1.0000000000000007
11                                                0.09481627806308801                               0.09481627806308802                               1.0000000000000024
11                                                0.09481627857452359                               0.0948162785745236                                1.0000000000000004
11                                                0.10279385038089121                               0.10279385038089123                               0.9999999999999992
11                                                0.10279392872798813                               0.10279392872798813                               0.9999999999999988
11                                                0.11302536405811545                               0.11302536405811545                               1.000000000000001
11                                                0.11302536473475021                               0.11302536473475021                               0.9999999999999996
11                                                0.12549254709656826                               0.12549254709656826                               1.0000000000000009
11                                                0.12549257760637                                  0.12549257760637                                  1.0000000000000016
11                                                0.14017406941076843                               0.14017406941076843                               1.0000000000000004
11                                                0.14017407005633697                               0.14017407005633697                               1
11                                                0.15704538649190797                               0.15704538649190797                               0.9999999999999998
11                                                0.1570453895870211                                0.15704538958702113                               0.9999999999999998
11                                                0.17607902386332974                               0.17607902386332977                               1.0000000000000007
11                                                0.17607902528879216                               0.17607902528879216                               0.9999999999999998
11                                                0.19724445201515933                               0.19724445201515933                               1.0000000000000009
11                                                0.1972444539252856                                0.19724445392528564                               1.0000000000000018
11                                                0.22050788534436916                               0.22050788534436916                               1.000000000000002
11                                                0.22050788715995376                               0.22050788715995379                               1.0000000000000007
11                                                0.24583174130147692                               0.24583174130147695                               0.9999999999999993
11                                                0.24583174348359565                               0.24583174348359565                               0.9999999999999996
11                                                0.25144061737803114                               0.25144061737803114                               0.999999999999999
11                                                0.2552897755059478                                0.2552897755059478                                0.999999999999999
11                                                0.2552897761360075                                0.2552897761360075                                0.9999999999999999
11                                                0.2595778535894482                                0.2595778535894482                                1.000000000000001
11                                                0.2621648439671367                                0.2621648439671367                                1.000000000000001
11.25                                             0.08453354685579426                               0.08453354685579426                               1.000000000000001
11.25                                             0.08567757640068352                               0.08567757640068352                               0.9999999999999984
11.25                                             0.08567757720166468                               0.08567757720166469                               1.0000000000000007
11.25                                             0.0891070460312776                                0.08910704603127761                               1.0000000000000002
11.25                                             0.08910782284936894                               0.08910782284936894                               1.000000000000001
11.25                                             0.09481651228571662                               0.09481651228571664                               0.9999999999999997
11.25                                             0.09481651282842295                               0.09481651282842295                               0.9999999999999988
11.25                                             0.10279398134195329                               0.10279398134195329                               0.9999999999999997
11.25                                             0.10279413777018301                               0.10279413777018302                               1.0000000000000013
11.25                                             0.11302547893174612                               0.11302547893174614                               0.9999999999999977
11.25                                             0.11302547977428415                               0.11302547977428415                               1
11.25                                             0.12549262665833272                               0.12549262665833272                               1.0000000000000004
11.25                                             0.1254926442287007                                0.1254926442287007                                1.000000000000001
11.25                                             0.14017411354987738                               0.14017411354987738                               0.9999999999999997
11.25                                             0.1401741140484304                                0.1401741140484304                                1.0000000000000004
11.25                                             0.1570454100755254                                0.1570454100755254                                1.0000000000000007
11.25                                             0.1570454167554423                                0.1570454167554423                                0.9999999999999979
11.25                                             0.1760790379462311                                0.1760790379462311                                0.9999999999999987
11.25                                             0.1760790392918492                                0.1760790392918492                                1.0000000000000004
11.25                                             0.1972444590537256                                0.1972444590537256                                0.9999999999999996
11.25                                             0.19724446188295264                               0.19724446188295264                               1
11.25                                             0.22050788918238232                               0.22050788918238234                               1.0000000000000007
11.25                                             0.22050789105265323                               0.22050789105265325                               0.9999999999999997
11.25                                             0.24583174357473345                               0.24583174357473345                               0.9999999999999999
11.25                                             0.2458317450830382                                0.24583174508303823                               1.000000000000002
11.25                                             0.25528511216009164                               0.25528511216009164                               1.0000000000000002
11.25                                             0.25798635918400137                               0.2579863591840014                                0.999999999999999
11.25                                             0.25798635997460934                               0.25798635997460934                               1.0000000000000009
11.25                                             0.261553319944761                                 0.261553319944761                                 1.0000000000000002
11.25                                             0.26226228576313393                               0.26226228576313393                               0.9999999999999999
11.499999999999998                                0.08453383698670988                               0.08453383698670988                               1.000000000000002
11.499999999999998                                0.08567785291782502                               0.08567785291782502                               0.9999999999999996
11.499999999999998                                0.08567785366577119                               0.0856778536657712                                1.0000000000000002
11.499999999999998                                0.08910744013835693                               0.08910744013835693                               1.000000000000001
11.499999999999998                                0.08910790872361186                               0.08910790872361186                               1.0000000000000018
11.499999999999998                                0.09481670340081028                               0.09481670340081028                               0.9999999999999994
11.499999999999998                                0.09481670393061954                               0.09481670393061954                               0.999999999999999
11.499999999999998                                0.10279412026751208                               0.1027941202675121                                0.9999999999999989
11.499999999999998                                0.10279428058999703                               0.10279428058999703                               0.9999999999999994
11.499999999999998                                0.11302557598866259                               0.1130255759886626                                1.0000000000000004
11.499999999999998                                0.11302557665136657                               0.11302557665136657                               0.9999999999999984
11.499999999999998                                0.1254926908047891                                0.1254926908047891                                1.000000000000002
11.499999999999998                                0.1254927057535121                                0.1254927057535121                                0.9999999999999992
11.499999999999998                                0.1401741520921133                                0.1401741520921133                                1.0000000000000002
11.499999999999998                                0.14017415272163206                               0.14017415272163206                               1.0000000000000002
11.499999999999998                                0.1570454330280449                                0.1570454330280449                                0.9999999999999991
11.499999999999998                                0.15704543904547527                               0.15704543904547527                               0.9999999999999996
11.499999999999998                                0.1760790506887035                                0.17607905068870353                               0.9999999999999991
11.499999999999998                                0.17607905191920792                               0.17607905191920792                               1.0000000000000007
11.499999999999998                                0.19724446706477536                               0.19724446706477536                               0.9999999999999991
11.499999999999998                                0.19724446748584862                               0.19724446748584865                               0.9999999999999987
11.499999999999998                                0.22050789264579732                               0.22050789264579734                               0.9999999999999994
11.499999999999998                                0.22050789452667519                               0.2205078945266752                                1
11.499999999999998                                0.24583174512613767                               0.2458317451261377                                1.0000000000000007
11.499999999999998                                0.24583174680014885                               0.24583174680014885                               1.0000000000000009
11.499999999999998                                0.2569498673036491                                0.2569498673036491                                0.999999999999999
11.499999999999998                                0.2589507282279757                                0.2589507282279757                                0.9999999999999994
11.499999999999998                                0.25895072952745735                               0.25895072952745735                               0.9999999999999997
11.499999999999998                                0.2622324527025864                                0.2622324527025864                                1.000000000000001
11.499999999999998                                0.26230352945916846                               0.26230352945916846                               0.9999999999999993
