% Model:              PROYECTO.mph
% Version:            COMSOL 5.6.0.280
% Date:               Jul 27 2026, 19:30
% Table:              Tabla 9 - Valor propio 2
% n                                               lambda                                            Energía propia (eV)                               Probabilidad total (1)
1                                                 0.08443250080107938                               0.08443250080107938                               0.9999999999999996
1                                                 0.08564108250414716                               0.08564108250414718                               0.9999999999999981
1                                                 0.08564108328977543                               0.08564108328977543                               1.0000000000000007
1                                                 0.08758306982572872                               0.08758306982572872                               0.9999999999999996
1                                                 0.08909112128121198                               0.089091121281212                                 0.9999999999999999
1                                                 0.08909862802432987                               0.08909862802432988                               0.9999999999999988
1                                                 0.09389111993681856                               0.09389111993681856                               0.9999999999999994
1                                                 0.0938912097218964                                0.09389120972189641                               1.0000000000000007
1                                                 0.09481736159155185                               0.09481736159155187                               0.9999999999999992
1                                                 0.09481736201140314                               0.09481736201140316                               0.9999999999999989
1                                                 0.10279146578859383                               0.10279146578859384                               1.0000000000000013
1                                                 0.10279172222176833                               0.10279172222176833                               0.9999999999999996
1                                                 0.1058847307252971                                0.1058847307252971                                0.9999999999999994
1                                                 0.11302415240007847                               0.11302415240007847                               0.999999999999999
1                                                 0.11302415258828687                               0.11302415258828687                               1.0000000000000002
1                                                 0.12549169381073175                               0.12549169381073175                               0.9999999999999984
1                                                 0.12549191636252682                               0.12549191636252682                               0.9999999999999992
1                                                 0.12604435536796801                               0.12604435536796801                               0.9999999999999999
1                                                 0.14017371963186542                               0.14017371963186542                               0.9999999999999997
1                                                 0.1401737200818288                                0.1401737200818288                                1.0000000000000009
1                                                 0.14972051511381393                               0.14972051511381393                               1.0000000000000016
1                                                 0.14972069245038466                               0.1497206924503847                                1.0000000000000002
1                                                 0.15704518777850945                               0.15704518777850945                               1
1                                                 0.1570451888782162                                0.1570451888782162                                1.000000000000001
1                                                 0.17607889517536326                               0.1760788951753633                                0.9999999999999972
1                                                 0.17607889562388987                               0.17607889562388987                               1.0000000000000009
1                                                 0.18764259591166227                               0.1876425959116623                                1.0000000000000016
1                                                 0.19466912447694779                               0.1946691244769478                                0.9999999999999984
1                                                 0.1972443494290917                                0.19724434942909172                               1.0000000000000002
1                                                 0.19724435095809079                               0.19724435095809079                               0.9999999999999997
1.025                                             0.08446747518488065                               0.08446747518488067                               0.9999999999999984
1.025                                             0.08564661271125402                               0.08564661271125402                               0.9999999999999999
1.025                                             0.08564661300319693                               0.08564661300319693                               1.0000000000000007
1.025                                             0.08909218892819339                               0.08909218892819339                               0.9999999999999994
1.025                                             0.08909887623505863                               0.08909887623505865                               1.0000000000000007
1.025                                             0.08930320485461248                               0.08930320485461248                               1.000000000000002
1.025                                             0.09480464276489504                               0.09480464276489504                               1
1.025                                             0.09480464352645263                               0.09480464352645264                               1.0000000000000018
1.025                                             0.09557346998978822                               0.09557346998978822                               0.9999999999999998
1.025                                             0.09557352390904564                               0.09557352390904564                               0.9999999999999991
1.025                                             0.10279147965588509                               0.10279147965588509                               0.9999999999999989
1.025                                             0.10279175404239493                               0.10279175404239493                               0.9999999999999991
1.025                                             0.10739176776161996                               0.10739176776161997                               1.0000000000000013
1.025                                             0.1130241566207726                                0.11302415662077261                               1.0000000000000009
1.025                                             0.11302415679347343                               0.11302415679347343                               0.9999999999999998
1.025                                             0.12549185731503232                               0.12549185731503232                               1
1.025                                             0.12549191694969053                               0.12549191694969053                               0.9999999999999994
1.025                                             0.12751139449599114                               0.12751139449599114                               0.9999999999999992
1.025                                             0.14017371969498166                               0.14017371969498166                               0.9999999999999984
1.025                                             0.14017372009182993                               0.14017372009182993                               1.0000000000000024
1.025                                             0.15095766249277423                               0.15095766249277423                               1.000000000000001
1.025                                             0.15095787264192928                               0.15095787264192928                               0.9999999999999997
1.025                                             0.15704518765150993                               0.15704518765150996                               0.9999999999999981
1.025                                             0.15704518863254202                               0.15704518863254202                               0.9999999999999991
1.025                                             0.1760788948014823                                0.1760788948014823                                0.999999999999996
1.025                                             0.17607889548401606                               0.17607889548401606                               1.0000000000000009
1.025                                             0.1886250704090756                                0.1886250704090756                                0.999999999999999
1.025                                             0.1956191804134603                                0.1956191804134603                                1.0000000000000009
1.025                                             0.19724434908443372                               0.19724434908443375                               0.9999999999999987
1.025                                             0.19724435067178225                               0.19724435067178228                               0.9999999999999998
1.05                                              0.08448393202690603                               0.08448393202690603                               0.9999999999999991
1.05                                              0.08565053469440011                               0.08565053469440011                               0.999999999999999
1.05                                              0.08565053525933425                               0.08565053525933425                               0.9999999999999998
1.05                                              0.08909310760954806                               0.08909310760954806                               0.9999999999999987
1.05                                              0.0890991034961895                                0.0890991034961895                                0.9999999999999999
1.05                                              0.09102023170429852                               0.09102023170429852                               0.9999999999999988
1.05                                              0.0948095037759944                                0.0948095037759944                                1.0000000000000007
1.05                                              0.09480950417546079                               0.09480950417546079                               1.0000000000000007
1.05                                              0.09722581382837198                               0.09722581382837198                               1.0000000000000009
1.05                                              0.09722587164609318                               0.09722587164609318                               1.0000000000000007
1.05                                              0.10279149410802871                               0.10279149410802871                               0.9999999999999981
1.05                                              0.10279179040932997                               0.10279179040932997                               1.000000000000003
1.05                                              0.10890866204809033                               0.10890866204809034                               0.9999999999999998
1.05                                              0.11302416138747165                               0.11302416138747165                               1.0000000000000018
1.05                                              0.11302416157168314                               0.11302416157168314                               0.9999999999999997
1.05                                              0.12549188378428072                               0.12549188378428072                               0.9999999999999981
1.05                                              0.12549191791792963                               0.12549191791792963                               1
1.05                                              0.12894492577723482                               0.12894492577723482                               0.9999999999999993
1.05                                              0.14017372009111467                               0.14017372009111467                               1.0000000000000016
1.05                                              0.14017372042707738                               0.14017372042707738                               0.9999999999999989
1.05                                              0.15218663696124599                               0.15218663696124599                               1.0000000000000016
1.05                                              0.15218671127890673                               0.15218671127890673                               0.9999999999999998
1.05                                              0.15704518779716475                               0.15704518779716475                               0.9999999999999971
1.05                                              0.15704518891015087                               0.15704518891015087                               1.000000000000002
1.05                                              0.1760788951020608                                0.17607889510206082                               1.0000000000000018
1.05                                              0.17607889561590737                               0.17607889561590737                               0.9999999999999992
1.05                                              0.1896251553325759                                0.1896251553325759                                0.9999999999999996
1.05                                              0.19655763416565705                               0.19655763416565708                               0.9999999999999986
1.05                                              0.1972443494163438                                0.19724434941634383                               1
1.05                                              0.197244350831542                                 0.19724435083154201                               1.0000000000000007
1.075                                             0.0844934696135133                                0.0844934696135133                                1.0000000000000007
1.075                                             0.08565346285495029                               0.08565346285495029                               0.9999999999999989
1.075                                             0.08565346869369143                               0.08565346869369145                               0.9999999999999988
1.075                                             0.08909390646113065                               0.08909390646113066                               1.000000000000001
1.075                                             0.08909931274690241                               0.08909931274690241                               0.9999999999999997
1.075                                             0.09272391609322676                               0.09272391609322676                               0.9999999999999998
1.075                                             0.09481046639669026                               0.09481046639669027                               0.9999999999999989
1.075                                             0.09481046662777566                               0.09481046662777567                               0.9999999999999972
1.075                                             0.0988682481504738                                0.0988682481504738                                0.9999999999999992
1.075                                             0.09887107569370598                               0.098871075693706                                 1.0000000000000002
1.075                                             0.10279150870090159                               0.1027915087009016                                1.0000000000000013
1.075                                             0.10279183353692235                               0.10279183353692235                               0.9999999999999991
1.075                                             0.11043323011516491                               0.11043323011516491                               1.0000000000000002
1.075                                             0.11302416645650949                               0.11302416645650949                               1.000000000000001
1.075                                             0.1130241666488182                                0.11302416664881822                               1.0000000000000002
1.075                                             0.1254918950193119                                0.1254918950193119                                1.000000000000001
1.075                                             0.12549191888217381                               0.12549191888217381                               1.0000000000000013
1.075                                             0.13034849552094502                               0.13034849552094502                               1.0000000000000024
1.075                                             0.14017372024368724                               0.14017372024368724                               1.0000000000000007
1.075                                             0.140173720729183                                 0.140173720729183                                 1.0000000000000024
1.075                                             0.15340556942235017                               0.15340556942235017                               1.0000000000000002
1.075                                             0.15341080622806044                               0.15341080622806044                               1.0000000000000004
1.075                                             0.15704518788091346                               0.15704518788091346                               0.9999999999999997
1.075                                             0.15704518892071598                               0.15704518892071598                               0.9999999999999986
1.075                                             0.1760788951571512                                0.1760788951571512                                0.9999999999999997
1.075                                             0.17607889559675638                               0.17607889559675638                               1.000000000000002
1.075                                             0.1906399934090212                                0.1906399934090212                                1.0000000000000022
1.075                                             0.19724434946088854                               0.19724434946088856                               1.0000000000000029
1.075                                             0.1972443508079                                   0.1972443508079                                   1.0000000000000004
1.075                                             0.19748788131654244                               0.19748788131654246                               1.0000000000000009
1.1                                               0.0844996738838863                                0.0844996738838863                                0.9999999999999989
1.1                                               0.08565573371985803                               0.08565573371985803                               0.9999999999999982
1.1                                               0.08565573421577401                               0.08565573421577401                               0.9999999999999999
1.1                                               0.08909460758006743                               0.08909460758006744                               1.0000000000000024
1.1                                               0.08909950402054732                               0.08909950402054734                               0.999999999999999
1.1                                               0.09440537615819106                               0.09440537615819106                               1.0000000000000002
1.1                                               0.09481090851829539                               0.09481090851829539                               1.000000000000001
1.1                                               0.0948109088887161                                0.0948109088887161                                0.9999999999999997
1.1                                               0.1004960518958517                                0.10049605189585172                               1.0000000000000027
1.1                                               0.10049648989928522                               0.10049648989928524                               1.0000000000000004
1.1                                               0.10279152337228448                               0.10279152337228449                               0.9999999999999991
1.1                                               0.10279188687069575                               0.10279188687069575                               0.9999999999999996
1.1                                               0.11196343965505716                               0.11196343965505717                               0.9999999999999993
1.1                                               0.11302417195154038                               0.11302417195154038                               0.9999999999999994
1.1                                               0.11302417217298477                               0.11302417217298479                               0.9999999999999987
1.1                                               0.12549190158987666                               0.12549190158987666                               1.0000000000000013
1.1                                               0.12549191985317407                               0.12549191985317407                               1.000000000000001
1.1                                               0.13170879494161306                               0.13170879494161306                               0.9999999999999993
1.1                                               0.14017372045178733                               0.14017372045178733                               0.9999999999999993
1.1                                               0.14017372095771494                               0.14017372095771494                               0.9999999999999991
1.1                                               0.15461201353421322                               0.15461201353421322                               1
1.1                                               0.1546131116087034                                0.1546131116087034                                1
1.1                                               0.1570451879492219                                0.1570451879492219                                1.0000000000000007
1.1                                               0.1570451889159905                                0.1570451889159905                                1.0000000000000013
1.1                                               0.1760788950673317                                0.1760788950673317                                0.9999999999999978
1.1                                               0.17607889567660912                               0.17607889567660914                               0.9999999999999999
1.1                                               0.19166679027140637                               0.19166679027140637                               0.9999999999999991
1.1                                               0.19724434936082058                               0.19724434936082058                               0.9999999999999977
1.1                                               0.19724435086951897                               0.19724435086951897                               0.9999999999999983
1.1                                               0.19839555725077096                               0.198395557250771                                 1.0000000000000018
1.125                                             0.08450404880204698                               0.08450404880204698                               0.9999999999999993
1.125                                             0.08565754877508572                               0.08565754877508573                               0.9999999999999993
1.125                                             0.08565754915346979                               0.08565754915346979                               0.9999999999999991
1.125                                             0.08909522806621588                               0.08909522806621588                               0.9999999999999971
1.125                                             0.08909968166175905                               0.08909968166175905                               1
1.125                                             0.09481117920741564                               0.09481117920741564                               1.0000000000000013
1.125                                             0.0948111796018695                                0.09481117960186951                               1.0000000000000004
1.125                                             0.09606887691177246                               0.09606887691177247                               0.9999999999999989
1.125                                             0.10210941430484154                               0.10210941430484154                               0.9999999999999992
1.125                                             0.10210954732540319                               0.1021095473254032                                1.0000000000000007
1.125                                             0.10279153820085983                               0.10279153820085983                               0.9999999999999988
1.125                                             0.1027919587106823                                0.1027919587106823                                0.9999999999999974
1.125                                             0.11302417810030606                               0.11302417810030606                               0.9999999999999997
1.125                                             0.11302417826419119                               0.11302417826419119                               0.9999999999999984
1.125                                             0.11349743216923291                               0.11349743216923291                               1.0000000000000002
1.125                                             0.12549190597583926                               0.12549190597583926                               1.000000000000001
1.125                                             0.12549192090037944                               0.12549192090037947                               0.9999999999999988
1.125                                             0.13304113270316603                               0.13304113270316603                               0.9999999999999979
1.125                                             0.14017372055899446                               0.14017372055899446                               0.9999999999999979
1.125                                             0.14017372114267224                               0.14017372114267224                               1.0000000000000002
1.125                                             0.15580828527122526                               0.15580828527122526                               1.0000000000000016
1.125                                             0.1558083135994406                                0.1558083135994406                                1
1.125                                             0.15704518788622088                               0.15704518788622088                               0.9999999999999997
1.125                                             0.1570451888704656                                0.1570451888704656                                0.9999999999999989
1.125                                             0.17607889492942141                               0.17607889492942141                               1.0000000000000002
1.125                                             0.1760788956035283                                0.1760788956035283                                1.0000000000000002
1.125                                             0.19270300766597448                               0.19270300766597448                               1.0000000000000002
1.125                                             0.19724434906903743                               0.19724434906903743                               0.9999999999999979
1.125                                             0.19724435089253756                               0.19724435089253756                               0.9999999999999998
1.125                                             0.1992963151322909                                0.1992963151322909                                1.0000000000000002
1.15                                              0.08450729686981079                               0.08450729686981079                               1.000000000000001
1.15                                              0.08565903289195544                               0.08565903289195544                               1.0000000000000027
1.15                                              0.08565903317655364                               0.08565903317655366                               0.9999999999999982
1.15                                              0.08909578144811232                               0.08909578144811232                               0.9999999999999984
1.15                                              0.08909984615652737                               0.08909984615652737                               1.000000000000001
1.15                                              0.09481137166331366                               0.09481137166331366                               1.0000000000000007
1.15                                              0.0948113720627565                                0.0948113720627565                                1.0000000000000004
1.15                                              0.09771076442663384                               0.09771076442663386                               0.9999999999999996
1.15                                              0.10279155332173004                               0.10279155332173004                               1.000000000000001
1.15                                              0.1027920663637692                                0.1027920663637692                                1.000000000000001
1.15                                              0.10370604713906789                               0.1037060471390679                                1.0000000000000013
1.15                                              0.10370624889765136                               0.10370624889765136                               0.9999999999999983
1.15                                              0.11302418530016933                               0.11302418530016933                               1.0000000000000007
1.15                                              0.11302418548736354                               0.11302418548736354                               0.9999999999999998
1.15                                              0.11503352571448752                               0.11503352571448754                               1.000000000000001
1.15                                              0.12549190955240078                               0.12549190955240078                               0.9999999999999999
1.15                                              0.12549192220651093                               0.12549192220651093                               0.9999999999999998
1.15                                              0.13433848952656727                               0.13433848952656727                               1.0000000000000016
1.15                                              0.14017372091724375                               0.14017372091724375                               0.9999999999999993
1.15                                              0.14017372158764632                               0.14017372158764632                               0.9999999999999974
1.15                                              0.1569896609033748                                0.1569896609033748                                0.9999999999999984
1.15                                              0.15699018339632334                               0.15699018339632334                               0.9999999999999996
1.15                                              0.15704518813493853                               0.15704518813493856                               0.9999999999999983
1.15                                              0.1570451891103393                                0.1570451891103393                                0.9999999999999994
1.15                                              0.17607889524297576                               0.17607889524297576                               0.9999999999999993
1.15                                              0.17607889578381916                               0.1760788957838192                                1
1.15                                              0.19374630039473706                               0.19374630039473706                               0.9999999999999994
1.15                                              0.19724434944262131                               0.19724434944262131                               0.9999999999999993
1.15                                              0.1972443510830248                                0.1972443510830248                                0.9999999999999998
1.15                                              0.2001824954386205                                0.2001824954386205                                1.0000000000000004
1.175                                             0.08450980698126696                               0.08450980698126696                               0.9999999999999984
1.175                                             0.08566027026540529                               0.08566027026540529                               1.000000000000002
1.175                                             0.08566027065485388                               0.08566027065485388                               0.9999999999999993
1.175                                             0.08909627794419768                               0.08909627794419768                               1
1.175                                             0.0890999990822061                                0.0890999990822061                                0.9999999999999992
1.175                                             0.09481152113973634                               0.09481152113973634                               0.9999999999999997
1.175                                             0.0948115215000439                                0.0948115215000439                                1
1.175                                             0.09933124381140916                               0.09933124381140916                               0.9999999999999989
1.175                                             0.10279156839260722                               0.10279156839260722                               0.9999999999999998
1.175                                             0.10279225925798686                               0.10279225925798688                               1.0000000000000038
1.175                                             0.10528623743908709                               0.1052862374390871                                0.9999999999999986
1.175                                             0.10528625992788508                               0.10528625992788508                               0.9999999999999991
1.175                                             0.11302419380334902                               0.11302419380334902                               1.0000000000000016
1.175                                             0.11302419400374941                               0.11302419400374943                               1.0000000000000002
1.175                                             0.11657010167817052                               0.11657010167817052                               1.0000000000000004
1.175                                             0.12549191226355258                               0.12549191226355258                               0.9999999999999998
1.175                                             0.1254919236070014                                0.1254919236070014                                0.9999999999999999
1.175                                             0.13560325362774617                               0.13560325362774617                               0.9999999999999979
1.175                                             0.14017372120594968                               0.14017372120594968                               1.0000000000000009
1.175                                             0.14017372177906973                               0.14017372177906973                               0.9999999999999999
1.175                                             0.15704518824040142                               0.15704518824040142                               0.9999999999999996
1.175                                             0.15704518909321155                               0.15704518909321155                               1.0000000000000022
1.175                                             0.15815794206272082                               0.15815794206272082                               1
1.175                                             0.1581580501742116                                0.1581580501742116                                1.0000000000000022
1.175                                             0.1760788952704896                                0.1760788952704896                                0.9999999999999991
1.175                                             0.1760788957650364                                0.1760788957650364                                1.0000000000000009
1.175                                             0.19479438218648942                               0.19479438218648942                               1
1.175                                             0.1972443494466896                                0.1972443494466896                                0.9999999999999984
1.175                                             0.19724435106475047                               0.1972443510647505                                1.000000000000001
1.175                                             0.20105637470537313                               0.20105637470537316                               0.9999999999999993
1.2                                               0.08451180623816286                               0.08451180623816286                               0.9999999999999988
1.2                                               0.08566131823949172                               0.08566131823949172                               1.0000000000000013
1.2                                               0.08566131877934058                               0.08566131877934059                               1.0000000000000002
1.2                                               0.08909672612832542                               0.08909672612832542                               0.9999999999999997
1.2                                               0.08910014150578648                               0.08910014150578649                               1.0000000000000007
1.2                                               0.09481164412817804                               0.09481164412817804                               0.9999999999999996
1.2                                               0.09481164454913173                               0.09481164454913173                               0.9999999999999988
1.2                                               0.10092937379842812                               0.10092937379842812                               0.9999999999999996
1.2                                               0.10279158347410096                               0.10279158347410097                               1.0000000000000022
1.2                                               0.10279275411480449                               0.1027927541148045                                0.9999999999999981
1.2                                               0.10684878998756571                               0.10684878998756571                               0.9999999999999969
1.2                                               0.10684894779772423                               0.10684894779772425                               1.0000000000000007
1.2                                               0.11302420470560194                               0.11302420470560194                               1.0000000000000007
1.2                                               0.11302420489271955                               0.11302420489271955                               1.0000000000000016
1.2                                               0.11810567465316446                               0.11810567465316447                               0.9999999999999993
1.2                                               0.1254919146087746                                0.1254919146087746                                0.9999999999999984
1.2                                               0.12549192513993046                               0.12549192513993046                               0.9999999999999996
1.2                                               0.13683495457610037                               0.13683495457610037                               1.0000000000000002
1.2                                               0.14017372141534196                               0.14017372141534196                               1.0000000000000007
1.2                                               0.14017372200971873                               0.14017372200971873                               0.9999999999999994
1.2                                               0.15704518821655675                               0.15704518821655677                               0.999999999999998
1.2                                               0.1570451891423477                                0.1570451891423477                                1.0000000000000016
1.2                                               0.15931128968299701                               0.15931128968299701                               1.0000000000000002
1.2                                               0.1593115151626462                                0.1593115151626462                                0.9999999999999997
1.2                                               0.1760788952330421                                0.1760788952330421                                0.9999999999999989
1.2                                               0.17607889572818203                               0.17607889572818203                               0.9999999999999987
1.2                                               0.195845242385766                                 0.19584524238576603                               1.000000000000001
1.2                                               0.19724434935866614                               0.19724434935866614                               1.0000000000000009
1.2                                               0.19724435103638469                               0.1972443510363847                                1.0000000000000004
1.2                                               0.20191721403961807                               0.20191721403961807                               1.000000000000001
1.225                                             0.08451343765079841                               0.08451343765079843                               1.0000000000000002
1.225                                             0.08566221790850877                               0.08566221790850878                               1.0000000000000004
1.225                                             0.08566221855294427                               0.08566221855294429                               1.000000000000002
1.225                                             0.0890971329111614                                0.08909713291116142                               0.9999999999999981
1.225                                             0.08910027455360592                               0.08910027455360593                               0.999999999999998
1.225                                             0.09481174947728584                               0.09481174947728584                               0.9999999999999992
1.225                                             0.09481174994400618                               0.09481174994400618                               0.999999999999998
1.225                                             0.10250013332546262                               0.10250013332546264                               0.9999999999999997
1.225                                             0.1027915986011822                                0.1027915986011822                                1.0000000000000004
1.225                                             0.10279837822793432                               0.10279837822793433                               0.9999999999999978
1.225                                             0.10839330950495399                               0.10839330950495399                               1.0000000000000013
1.225                                             0.10839373342963451                               0.10839373342963451                               1.0000000000000024
1.225                                             0.11302422035874149                               0.11302422035874149                               1.0000000000000007
1.225                                             0.11302422054729935                               0.11302422054729935                               0.9999999999999996
1.225                                             0.11963893202923896                               0.11963893202923896                               0.9999999999999977
1.225                                             0.1254919167672669                                0.1254919167672669                                0.9999999999999999
1.225                                             0.12549192708315335                               0.12549192708315335                               1
1.225                                             0.13803418165923384                               0.13803418165923384                               1.0000000000000009
1.225                                             0.14017372176910123                               0.14017372176910126                               1.0000000000000002
1.225                                             0.14017372227889754                               0.14017372227889754                               0.9999999999999996
1.225                                             0.15704518838988518                               0.15704518838988518                               1.0000000000000007
1.225                                             0.1570451891992307                                0.15704518919923072                               1.0000000000000002
1.225                                             0.160449403760024                                 0.160449403760024                                 1.0000000000000004
1.225                                             0.1604501722064467                                0.1604501722064467                                1.0000000000000004
1.225                                             0.17607889530885254                               0.17607889530885254                               0.9999999999999998
1.225                                             0.1760788958192687                                0.1760788958192687                                1.0000000000000004
1.225                                             0.19689699255535958                               0.19689699255535958                               0.9999999999999996
1.225                                             0.197244349470501                                 0.19724434947050104                               0.9999999999999988
1.225                                             0.19724435109781274                               0.19724435109781274                               0.999999999999999
1.225                                             0.2027653752144763                                0.2027653752144763                                0.9999999999999996
1.25                                              0.08451479479659418                               0.0845147947965942                                1.000000000000002
1.25                                              0.0856629988975749                                0.08566299889757491                               1.0000000000000007
1.25                                              0.08566299947947395                               0.08566299947947395                               1
1.25                                              0.089097503771555                                 0.089097503771555                                 0.9999999999999986
1.25                                              0.08910039887777833                               0.08910039887777833                               0.9999999999999961
1.25                                              0.09481184213183126                               0.09481184213183126                               0.9999999999999992
1.25                                              0.094811842553903                                 0.09481184255390301                               1.0000000000000018
1.25                                              0.10279021257194157                               0.10279021257194158                               0.9999999999999988
1.25                                              0.10279161359369435                               0.10279161359369435                               0.9999999999999998
1.25                                              0.10406187444425376                               0.10406187444425377                               0.9999999999999988
1.25                                              0.1099191851333184                                0.10991918513331841                               1
1.25                                              0.10991958474987751                               0.10991958474987752                               0.9999999999999978
1.25                                              0.11302424730639492                               0.11302424730639492                               1.0000000000000004
1.25                                              0.11302424745812464                               0.11302424745812466                               1.0000000000000002
1.25                                              0.12116860629053203                               0.12116860629053203                               1.0000000000000004
1.25                                              0.1254919185579163                                0.1254919185579163                                0.9999999999999986
1.25                                              0.12549192958561964                               0.12549192958561964                               0.9999999999999983
1.25                                              0.1392006286539319                                0.1392006286539319                                1.0000000000000022
1.25                                              0.14017372192171798                               0.14017372192171798                               1.0000000000000029
1.25                                              0.14017372241108236                               0.14017372241108236                               1.0000000000000013
1.25                                              0.1570451882447931                                0.1570451882447931                                0.9999999999999993
1.25                                              0.15704518916472596                               0.15704518916472598                               1
1.25                                              0.16157196945878194                               0.16157196945878194                               0.9999999999999976
1.25                                              0.1615726816745797                                0.1615726816745797                                1
1.25                                              0.17607889511734048                               0.17607889511734048                               1.0000000000000009
1.25                                              0.1760788956910344                                0.1760788956910344                                0.9999999999999997
1.25                                              0.1972443492328008                                0.19724434923280082                               0.9999999999999989
1.25                                              0.19724435093696355                               0.19724435093696355                               1.0000000000000002
1.25                                              0.19794785119097702                               0.19794785119097702                               1.0000000000000013
1.25                                              0.2036004048819256                                0.20360040488192563                               0.9999999999999996
1.275                                             0.08451594243039232                               0.08451594243039233                               0.9999999999999993
1.275                                             0.08566368376823603                               0.08566368376823603                               0.9999999999999998
1.275                                             0.08566368418160057                               0.08566368418160059                               0.9999999999999994
1.275                                             0.08909784361264322                               0.08909784361264324                               1.0000000000000004
1.275                                             0.08910051546610544                               0.08910051546610544                               1.0000000000000016
1.275                                             0.09481192542352739                               0.09481192542352739                               1.0000000000000009
1.275                                             0.09481192584372602                               0.09481192584372602                               1.0000000000000009
1.275                                             0.102791060208613                                 0.102791060208613                                 1.000000000000001
1.275                                             0.10279162863933256                               0.10279162863933257                               1.0000000000000002
1.275                                             0.10559157212254265                               0.10559157212254267                               1.000000000000001
1.275                                             0.11142588975734588                               0.11142588975734588                               1.0000000000000007
1.275                                             0.11142593032972002                               0.11142593032972002                               0.9999999999999993
1.275                                             0.11302431749471689                               0.1130243174947169                                0.9999999999999998
1.275                                             0.11302431771082441                               0.11302431771082441                               1.0000000000000009
1.275                                             0.12269356090036188                               0.12269356090036189                               1
1.275                                             0.1254919204522594                                0.12549192045225943                               0.9999999999999999
1.275                                             0.1254919339769923                                0.1254919339769923                                0.9999999999999983
1.275                                             0.14017372231034553                               0.14017372231034553                               1.0000000000000004
1.275                                             0.1401737227671572                                0.1401737227671572                                0.9999999999999999
1.275                                             0.14033475698242445                               0.14033475698242445                               0.9999999999999987
1.275                                             0.1570451884564652                                0.15704518845646523                               0.999999999999999
1.275                                             0.15704518928698613                               0.15704518928698616                               1.0000000000000004
1.275                                             0.16267874585141623                               0.16267874585141623                               1.0000000000000016
1.275                                             0.16267878464326768                               0.16267878464326768                               1.0000000000000004
1.275                                             0.1760788952461818                                0.17607889524618184                               1.000000000000001
1.275                                             0.17607889582508168                               0.17607889582508168                               0.9999999999999994
1.275                                             0.19724434937683055                               0.19724434937683055                               1.0000000000000004
1.275                                             0.19724435105910482                               0.19724435105910482                               1.0000000000000009
1.275                                             0.19899625399434423                               0.19899625399434426                               1.0000000000000004
1.275                                             0.20442259513754363                               0.20442259513754363                               0.9999999999999993
1.3                                               0.08451692638596817                               0.08451692638596817                               0.9999999999999988
1.3                                               0.08566428947763269                               0.0856642894776327                                1
1.3                                               0.0856642898444171                                0.0856642898444171                                0.9999999999999989
1.3                                               0.08909815612152344                               0.08909815612152344                               0.9999999999999992
1.3                                               0.0891006249633764                                0.08910062496337641                               0.9999999999999997
1.3                                               0.09481200130113955                               0.09481200130113956                               1.0000000000000013
1.3                                               0.09481200165729423                               0.09481200165729423                               1.0000000000000004
1.3                                               0.10279131554873923                               0.10279131554873923                               0.9999999999999984
1.3                                               0.10279164360669459                               0.1027916436066946                                1.0000000000000002
1.3                                               0.10709902201089712                               0.10709902201089712                               1.0000000000000002
1.3                                               0.11291122717862599                               0.112911227178626                                 0.9999999999999988
1.3                                               0.11291126879961101                               0.11291126879961103                               1.000000000000003
1.3                                               0.11302611720517877                               0.11302611720517877                               1.000000000000001
1.3                                               0.11302611788266997                               0.11302611788266999                               0.9999999999999997
1.3                                               0.12421272510393322                               0.12421272510393323                               0.9999999999999976
1.3                                               0.12549192214335886                               0.12549192214335886                               0.9999999999999989
1.3                                               0.12549194612430709                               0.1254919461243071                                1
1.3                                               0.14017372260459143                               0.14017372260459143                               0.9999999999999981
1.3                                               0.14017372306446252                               0.14017372306446252                               1.0000000000000013
1.3                                               0.14143805887013278                               0.14143805887013278                               1.0000000000000016
1.3                                               0.1570451885113767                                0.1570451885113767                                0.9999999999999997
1.3                                               0.15704518938058082                               0.15704518938058082                               1.000000000000001
1.3                                               0.16376955066209298                               0.16376955066209298                               1
1.3                                               0.163769591368159                                 0.163769591368159                                 1.0000000000000004
1.3                                               0.17607889528888193                               0.17607889528888196                               1.000000000000001
1.3                                               0.17607889583149325                               0.17607889583149328                               0.9999999999999974
1.3                                               0.19724434934852936                               0.19724434934852936                               0.9999999999999996
1.3                                               0.19724435111228986                               0.19724435111228988                               1.0000000000000016
1.3                                               0.20004074570740238                               0.20004074570740238                               1.0000000000000009
1.3                                               0.20523333943901423                               0.20523333943901423                               1.0000000000000024
1.325                                             0.08451777966458662                               0.08451777966458664                               1.0000000000000024
1.325                                             0.08566482906343797                               0.08566482906343799                               0.9999999999999976
1.325                                             0.0856648295506953                                0.0856648295506953                                1.0000000000000004
1.325                                             0.08909844447218802                               0.08909844447218802                               1.000000000000001
1.325                                             0.08910072791491927                               0.08910072791491927                               1.0000000000000004
1.325                                             0.09481207109970348                               0.0948120710997035                                1.0000000000000018
1.325                                             0.09481207142835896                               0.09481207142835897                               1.0000000000000022
1.325                                             0.10279144358579309                               0.10279144358579309                               1.0000000000000018
1.325                                             0.1027916582845262                                0.10279165828452622                               0.9999999999999972
1.325                                             0.10858336327997427                               0.10858336327997427                               1
1.325                                             0.1130240277348598                                0.11302402773485981                               1
1.325                                             0.11302402794346687                               0.11302402794346687                               0.999999999999998
1.325                                             0.11438032577673371                               0.11438032577673372                               0.9999999999999984
1.325                                             0.11438041049476383                               0.11438041049476384                               0.9999999999999993
1.325                                             0.12549181498856973                               0.12549181498856973                               0.9999999999999989
1.325                                             0.12549192366180423                               0.12549192366180423                               1.0000000000000002
1.325                                             0.12572526562753578                               0.12572526562753578                               0.9999999999999958
1.325                                             0.14017372270317136                               0.14017372270317136                               1.0000000000000033
1.325                                             0.14017372324009558                               0.1401737232400956                                0.9999999999999988
1.325                                             0.14251053329869706                               0.14251053329869706                               0.9999999999999977
1.325                                             0.15704518832656536                               0.15704518832656536                               1.0000000000000004
1.325                                             0.15704518933176337                               0.1570451893317634                                1.000000000000001
1.325                                             0.16484428113827965                               0.16484428113827965                               0.9999999999999988
1.325                                             0.16484439904583248                               0.16484439904583248                               0.9999999999999993
1.325                                             0.17607889505357122                               0.17607889505357122                               1.000000000000002
1.325                                             0.1760788956663452                                0.1760788956663452                                0.9999999999999991
1.325                                             0.1972443491226865                                0.19724434912268654                               1.0000000000000013
1.325                                             0.19724435084092062                               0.19724435084092065                               1.0000000000000007
1.325                                             0.201079980145626                                 0.20107998014562603                               1.0000000000000009
1.325                                             0.2060325082559596                                0.2060325082559596                                1.0000000000000016
1.35                                              0.08451852719578591                               0.08451852719578591                               0.9999999999999997
1.35                                              0.08566531328261652                               0.08566531328261652                               0.9999999999999991
1.35                                              0.08566531370948985                               0.08566531370948985                               1.000000000000001
1.35                                              0.08909871172495826                               0.08909871172495827                               0.9999999999999994
1.35                                              0.08910082496936754                               0.08910082496936755                               0.9999999999999993
1.35                                              0.09481213607364529                               0.0948121360736453                                1.0000000000000013
1.35                                              0.09481213642254453                               0.09481213642254455                               0.9999999999999999
1.35                                              0.10279152354187204                               0.10279152354187206                               1.0000000000000007
1.35                                              0.1027916730476684                                0.10279167304766841                               0.9999999999999996
1.35                                              0.1100442522717872                                0.11004425227178721                               0.9999999999999991
1.35                                              0.113024114829378                                 0.11302411482937802                               0.9999999999999997
1.35                                              0.11302411496025443                               0.11302411496025443                               1.0000000000000016
1.35                                              0.11582666951788718                               0.11582666951788718                               1
1.35                                              0.11582668215733499                               0.115826682157335                                 1.0000000000000004
1.35                                              0.1254919128391616                                0.1254919128391616                                1.0000000000000004
1.35                                              0.12549192530760875                               0.12549192530760875                               0.9999999999999984
1.35                                              0.1272299081180698                                0.1272299081180698                                1.0000000000000007
1.35                                              0.14017372306090498                               0.14017372306090498                               1.0000000000000002
1.35                                              0.14017372363610153                               0.14017372363610153                               1
1.35                                              0.14355247940869253                               0.14355247940869253                               1
1.35                                              0.15704518855143487                               0.1570451885514349                                1.0000000000000007
1.35                                              0.15704518942045306                               0.1570451894204531                                1.0000000000000004
1.35                                              0.16590291853699346                               0.16590291853699346                               1.0000000000000007
1.35                                              0.1659029264771702                                0.16590292647717023                               1.000000000000001
1.35                                              0.1760788951835354                                0.17607889518353542                               1.000000000000003
1.35                                              0.1760788957690252                                0.17607889576902522                               1.0000000000000002
1.35                                              0.19724434920255474                               0.19724434920255476                               1.0000000000000013
1.35                                              0.19724435099813087                               0.1972443509981309                                1.0000000000000002
1.35                                              0.20211276302402864                               0.20211276302402864                               0.9999999999999996
1.35                                              0.2068202604624883                                0.2068202604624883                                0.9999999999999992
1.375                                             0.0845191877112434                                0.0845191877112434                                0.9999999999999994
1.375                                             0.08566575016948369                               0.0856657501694837                                0.9999999999999991
1.375                                             0.0856657506139165                                0.0856657506139165                                1.0000000000000004
1.375                                             0.08909896001005732                               0.08909896001005732                               0.9999999999999993
1.375                                             0.08910091644637318                               0.08910091644637318                               1.0000000000000007
1.375                                             0.09481219680641184                               0.09481219680641186                               1.0000000000000016
1.375                                             0.09481219713767311                               0.09481219713767311                               0.9999999999999994
1.375                                             0.10279157990838664                               0.10279157990838664                               1.0000000000000027
1.375                                             0.10279168761941623                               0.10279168761941623                               0.9999999999999996
1.375                                             0.11148160308083988                               0.11148160308083989                               1.0000000000000009
1.375                                             0.11302414494325537                               0.11302414494325538                               0.9999999999999998
1.375                                             0.11302414515364459                               0.1130241451536446                                1.0000000000000002
1.375                                             0.11725205303549371                               0.11725205303549371                               0.9999999999999984
1.375                                             0.11725206627849304                               0.11725206627849305                               1.000000000000001
1.375                                             0.12549192085404995                               0.12549192085404995                               1.0000000000000009
1.375                                             0.12549192675882745                               0.12549192675882745                               0.9999999999999989
1.375                                             0.12872613039435132                               0.12872613039435132                               0.9999999999999988
1.375                                             0.14017372329810196                               0.14017372329810196                               0.9999999999999984
1.375                                             0.14017372387125696                               0.14017372387125698                               1.0000000000000007
1.375                                             0.14456469360695617                               0.14456469360695617                               1.0000000000000009
1.375                                             0.1570451885081743                                0.15704518850817434                               0.9999999999999988
1.375                                             0.15704518943138707                               0.15704518943138707                               0.9999999999999998
1.375                                             0.1669455211939922                                0.1669455211939922                                1.000000000000001
1.375                                             0.16694553819734448                               0.1669455381973445                                1.0000000000000007
1.375                                             0.1760788951612391                                0.17607889516123912                               0.9999999999999988
1.375                                             0.1760788956088878                                0.17607889560888781                               0.9999999999999991
1.375                                             0.19724434904216337                               0.19724434904216337                               1.0000000000000004
1.375                                             0.19724435090481066                               0.19724435090481068                               0.9999999999999993
1.375                                             0.20313797212736573                               0.20313797212736576                               0.9999999999999993
1.375                                             0.2075972996698237                                0.20759729966982374                               0.9999999999999994
1.4                                               0.08451977593630336                               0.08451977593630336                               1.0000000000000002
1.4                                               0.0856661466529295                                0.08566614665292951                               1.000000000000002
1.4                                               0.08566614705262873                               0.08566614705262875                               1.0000000000000007
1.4                                               0.08909919150236362                               0.08909919150236362                               0.9999999999999992
1.4                                               0.08910100292868041                               0.08910100292868042                               1.0000000000000018
1.4                                               0.09481225397724369                               0.09481225397724369                               1.0000000000000027
1.4                                               0.09481225440176103                               0.09481225440176103                               0.9999999999999999
1.4                                               0.10279162313656362                               0.10279162313656362                               0.9999999999999976
1.4                                               0.10279170215236746                               0.10279170215236746                               0.9999999999999988
1.4                                               0.11289521425509474                               0.11289521425509474                               1.0000000000000009
1.4                                               0.11302416186024304                               0.11302416186024306                               0.9999999999999996
1.4                                               0.11302416201162177                               0.11302416201162178                               0.9999999999999996
1.4                                               0.11865602636664234                               0.11865602636664235                               0.9999999999999994
1.4                                               0.118656038186465                                 0.11865603818646502                               1.0000000000000007
1.4                                               0.12549192464235917                               0.12549192464235917                               0.9999999999999994
1.4                                               0.1254919282969872                                0.1254919282969872                                0.9999999999999996
1.4                                               0.1302130775727972                                0.1302130775727972                                1.0000000000000018
1.4                                               0.14017372375507675                               0.14017372375507675                               0.9999999999999992
1.4                                               0.14017372422662341                               0.14017372422662341                               1.0000000000000004
1.4                                               0.14554762615419187                               0.14554762615419187                               1.000000000000001
1.4                                               0.15704518870829615                               0.15704518870829615                               1.0000000000000009
1.4                                               0.15704518958963826                               0.15704518958963826                               0.9999999999999996
1.4                                               0.16797220555977307                               0.16797220555977307                               1.0000000000000027
1.4                                               0.16797222824001365                               0.16797222824001365                               1.0000000000000009
1.4                                               0.1760788952416883                                0.1760788952416883                                1.0000000000000004
1.4                                               0.17607889580365224                               0.17607889580365227                               0.9999999999999997
1.4                                               0.19724434929002838                               0.19724434929002838                               0.9999999999999996
1.4                                               0.19724435094170711                               0.19724435094170711                               1.0000000000000002
1.4                                               0.2041546368963855                                0.2041546368963855                                1.0000000000000027
1.4                                               0.20836395676695105                               0.20836395676695108                               1.0000000000000022
1.425                                             0.08452030333142889                               0.08452030333142889                               1.0000000000000009
1.425                                             0.08566650813362178                               0.0856665081336218                                0.9999999999999992
1.425                                             0.08566650853908372                               0.08566650853908372                               1.000000000000001
1.425                                             0.08909940791197676                               0.08909940791197676                               0.9999999999999992
1.425                                             0.08910108472009373                               0.08910108472009373                               1.0000000000000004
1.425                                             0.09481230804529592                               0.09481230804529592                               1.0000000000000002
1.425                                             0.09481230852565146                               0.09481230852565146                               1.000000000000003
1.425                                             0.10279165817019947                               0.10279165817019949                               1.0000000000000016
1.425                                             0.10279171653423706                               0.10279171653423706                               0.9999999999999996
1.425                                             0.11302417354722571                               0.11302417354722573                               0.9999999999999991
1.425                                             0.11302417369387259                               0.11302417369387259                               1
1.425                                             0.11428501788485064                               0.11428501788485064                               1.000000000000002
1.425                                             0.12003819870387666                               0.12003819870387668                               1.0000000000000009
1.425                                             0.12003832323100519                               0.1200383232310052                                0.9999999999999992
1.425                                             0.1254919272344135                                0.1254919272344135                                1.0000000000000016
1.425                                             0.12549192986872088                               0.1254919298687209                                0.9999999999999994
1.425                                             0.13169002857535184                               0.13169002857535184                               1.0000000000000007
1.425                                             0.14017372420600002                               0.14017372420600002                               0.9999999999999981
1.425                                             0.14017372468455142                               0.14017372468455142                               1.0000000000000009
1.425                                             0.14650200694167384                               0.14650200694167384                               0.9999999999999991
1.425                                             0.15704518895543298                               0.15704518895543298                               1.000000000000001
1.425                                             0.15704518980160453                               0.15704518980160453                               1.0000000000000027
1.425                                             0.16898315685243964                               0.16898315685243964                               0.9999999999999966
1.425                                             0.16898332591794363                               0.16898332591794363                               1.0000000000000013
1.425                                             0.17607889541251198                               0.17607889541251198                               1
1.425                                             0.17607889602030563                               0.17607889602030563                               0.9999999999999994
1.425                                             0.19724434942271485                               0.19724434942271488                               0.9999999999999993
1.425                                             0.1972443512233997                                0.1972443512233997                                0.9999999999999974
1.425                                             0.20516183814463324                               0.20516183814463326                               0.9999999999999966
1.425                                             0.20912083060940356                               0.20912083060940356                               1.0000000000000004
1.45                                              0.08452077884728539                               0.08452077884728539                               1.0000000000000004
1.45                                              0.0856668389152795                                0.0856668389152795                                1.0000000000000022
1.45                                              0.08566683945017127                               0.08566683945017127                               0.9999999999999984
1.45                                              0.08909961046298133                               0.08909961046298133                               0.9999999999999992
1.45                                              0.08910116208832163                               0.08910116208832163                               1.0000000000000013
1.45                                              0.09481235924886151                               0.09481235924886151                               1.0000000000000013
1.45                                              0.09481235962143583                               0.09481235962143583                               0.999999999999999
1.45                                              0.10279168750823665                               0.10279168750823665                               1.0000000000000004
1.45                                              0.10279173058274158                               0.10279173058274158                               1.0000000000000016
1.45                                              0.11302418245979967                               0.11302418245979969                               1.0000000000000022
1.45                                              0.11302418257217071                               0.11302418257217073                               1.0000000000000007
1.45                                              0.11565077433530693                               0.11565077433530693                               0.999999999999997
1.45                                              0.12139820603326691                               0.12139820603326691                               0.9999999999999994
1.45                                              0.12139835227476434                               0.12139835227476434                               1.0000000000000009
1.45                                              0.1254919291077805                                0.1254919291077805                                1.0000000000000016
1.45                                              0.12549193116643195                               0.12549193116643195                               0.9999999999999992
1.45                                              0.13315632470082145                               0.13315632470082145                               1.0000000000000007
1.45                                              0.14017372434748898                               0.14017372434748898                               0.9999999999999992
1.45                                              0.14017372489835217                               0.1401737248983522                                0.9999999999999973
1.45                                              0.14742811626196806                               0.14742811626196806                               1.0000000000000007
1.45                                              0.1570451888647891                                0.1570451888647891                                0.9999999999999992
1.45                                              0.15704518967372388                               0.15704518967372388                               1.0000000000000004
1.45                                              0.16997853326353296                               0.16997853326353296                               0.9999999999999969
1.45                                              0.16997872669238018                               0.1699787266923802                                1.0000000000000016
1.45                                              0.17607889515769115                               0.17607889515769115                               1.000000000000001
1.45                                              0.17607889584396563                               0.17607889584396566                               1.000000000000001
1.45                                              0.19724434926690973                               0.19724434926690973                               1.0000000000000004
1.45                                              0.19724435081770375                               0.19724435081770378                               1.0000000000000016
1.45                                              0.20615876289853985                               0.20615876289853988                               0.9999999999999992
1.45                                              0.20986806115100803                               0.20986806115100806                               0.9999999999999984
1.475                                             0.0845212100727782                                0.0845212100727782                                0.9999999999999993
1.475                                             0.08566714312813695                               0.08566714312813696                               1.0000000000000002
1.475                                             0.08566714360658052                               0.08566714360658052                               1.0000000000000013
1.475                                             0.08909980070648572                               0.08909980070648574                               1.000000000000001
1.475                                             0.08910123553413554                               0.08910123553413556                               1.0000000000000007
1.475                                             0.09481240795174181                               0.09481240795174181                               1.0000000000000016
1.475                                             0.09481240838312605                               0.09481240838312605                               1.0000000000000024
1.475                                             0.10279171306409986                               0.10279171306409987                               0.9999999999999983
1.475                                             0.10279174453547302                               0.10279174453547302                               1.0000000000000002
1.475                                             0.11302418999349273                               0.11302418999349273                               0.9999999999999968
1.475                                             0.11302419010992054                               0.11302419010992056                               0.9999999999999987
1.475                                             0.11699234821577692                               0.11699234821577692                               0.9999999999999998
1.475                                             0.12273571679449487                               0.12273571679449487                               0.9999999999999998
1.475                                             0.12273572640164865                               0.12273572640164866                               0.9999999999999988
1.475                                             0.12549193084225166                               0.1254919308422517                                1.0000000000000022
1.475                                             0.12549193260777755                               0.12549193260777755                               1
1.475                                             0.13461136305950602                               0.13461136305950602                               0.9999999999999989
1.475                                             0.1401737247016524                                0.14017372470165243                               1.0000000000000007
1.475                                             0.140173725244025                                 0.140173725244025                                 1.0000000000000004
1.475                                             0.14832646566877644                               0.14832646566877644                               1.0000000000000018
1.475                                             0.1570451889286917                                0.1570451889286917                                0.9999999999999992
1.475                                             0.15704518980086524                               0.15704518980086526                               1.0000000000000004
1.475                                             0.17095857012698235                               0.17095857012698235                               1.000000000000001
1.475                                             0.17095862572957532                               0.17095862572957532                               1.0000000000000004
1.475                                             0.17607889517945138                               0.17607889517945138                               1.000000000000002
1.475                                             0.17607889588316486                               0.17607889588316486                               0.9999999999999989
1.475                                             0.19724434927505208                               0.19724434927505208                               1
1.475                                             0.1972443508367549                                0.1972443508367549                                0.9999999999999987
1.475                                             0.2071447269287382                                0.2071447269287382                                0.9999999999999989
1.475                                             0.21060602152878372                               0.21060602152878372                               1.0000000000000013
1.5                                               0.08452160309810842                               0.08452160309810842                               0.9999999999999997
1.5                                               0.0856674238088452                                0.0856674238088452                                0.9999999999999997
1.5                                               0.08566742434958544                               0.08566742434958545                               0.9999999999999999
1.5                                               0.08909997981952547                               0.08909997981952548                               0.9999999999999979
1.5                                               0.08910130524643729                               0.08910130524643729                               1.0000000000000002
1.5                                               0.09481245448101916                               0.09481245448101916                               1
1.5                                               0.09481245484422202                               0.09481245484422202                               1.0000000000000016
1.5                                               0.10279173572029034                               0.10279173572029034                               0.9999999999999983
1.5                                               0.1027917583711464                                0.1027917583711464                                0.9999999999999978
1.5                                               0.11302419660796725                               0.11302419660796725                               1.0000000000000007
1.5                                               0.11302419676494435                               0.11302419676494435                               1.0000000000000007
1.5                                               0.1183099482881124                                0.1183099482881124                                1.0000000000000004
1.5                                               0.1240504440271202                                0.12405044402712022                               1.0000000000000002
1.5                                               0.12405062075897594                               0.12405062075897595                               1.0000000000000027
1.5                                               0.1254919325073611                                0.1254919325073611                                1.0000000000000009
1.5                                               0.12549193401186268                               0.1254919340118627                                1.0000000000000013
1.5                                               0.13605457888089267                               0.13605457888089267                               1.0000000000000004
1.5                                               0.1401737250628367                                0.1401737250628367                                1.0000000000000009
1.5                                               0.1401737256533099                                0.1401737256533099                                1
1.5                                               0.14919831969385194                               0.14919831969385194                               1.0000000000000022
1.5                                               0.15704518909605958                               0.15704518909605958                               1
1.5                                               0.1570451898973561                                0.1570451898973561                                1.0000000000000016
1.5                                               0.1719236935225665                                0.1719236935225665                                1.0000000000000004
1.5                                               0.17192393701847833                               0.17192393701847833                               1.0000000000000007
1.5                                               0.17607889525888976                               0.17607889525888976                               0.9999999999999991
1.5                                               0.1760788959449719                                0.1760788959449719                                1.0000000000000022
1.5                                               0.1972443493255719                                0.1972443493255719                                1.0000000000000027
1.5                                               0.19724435090456388                               0.19724435090456388                               0.9999999999999984
1.5                                               0.2081190308317834                                0.2081190308317834                                1.0000000000000007
1.5                                               0.211335808122198                                 0.211335808122198                                 0.9999999999999984
1.525                                             0.08452196267241754                               0.08452196267241754                               0.9999999999999996
1.525                                             0.08566768357878905                               0.08566768357878905                               1.0000000000000009
1.525                                             0.0856676840517851                                0.0856676840517851                                1.0000000000000018
1.525                                             0.08910014860030506                               0.08910014860030506                               0.9999999999999989
1.525                                             0.08910137143869082                               0.08910137143869082                               1.000000000000002
1.525                                             0.0948124988348745                                0.0948124988348745                                0.9999999999999991
1.525                                             0.09481249920820177                               0.09481249920820177                               1.0000000000000009
1.525                                             0.10279175607276683                               0.10279175607276683                               1.000000000000001
1.525                                             0.10279177196803299                               0.10279177196803299                               1.0000000000000002
1.525                                             0.1130242024973733                                0.1130242024973733                                1.0000000000000002
1.525                                             0.11302420273233167                               0.11302420273233169                               0.9999999999999994
1.525                                             0.11960309301636071                               0.11960309301636073                               0.9999999999999987
1.525                                             0.12534204633196894                               0.12534204633196894                               1
1.525                                             0.12534208450460219                               0.12534208450460219                               0.9999999999999997
1.525                                             0.1254919339715337                                0.1254919339715337                                0.9999999999999997
1.525                                             0.12549193532287653                               0.12549193532287653                               1.0000000000000018
1.525                                             0.1374854737217841                                0.1374854737217841                                1
1.525                                             0.14017372536855893                               0.14017372536855896                               1.0000000000000002
1.525                                             0.14017372591154753                               0.14017372591154753                               0.9999999999999993
1.525                                             0.15004330526302392                               0.15004330526302392                               0.9999999999999999
1.525                                             0.1570451891198438                                0.15704518911984383                               1.0000000000000016
1.525                                             0.15704518989646735                               0.15704518989646737                               1.0000000000000013
1.525                                             0.17287399268252301                               0.17287399268252301                               0.9999999999999974
1.525                                             0.1728740841192763                                0.1728740841192763                                1.0000000000000004
1.525                                             0.17607889518491066                               0.17607889518491066                               0.9999999999999992
1.525                                             0.17607889588529696                               0.17607889588529696                               1.0000000000000016
1.525                                             0.19724434923418555                               0.19724434923418557                               1.0000000000000002
1.525                                             0.19724435080371755                               0.19724435080371755                               0.9999999999999992
1.525                                             0.20908118746695584                               0.20908118746695584                               0.9999999999999984
1.525                                             0.21205692118980368                               0.21205692118980368                               1.0000000000000004
1.55                                              0.08452229312360948                               0.08452229312360948                               0.9999999999999987
1.55                                              0.0856679247596714                                0.0856679247596714                                0.9999999999999983
1.55                                              0.08566792523253515                               0.08566792523253515                               1.0000000000000009
1.55                                              0.08910030800145037                               0.08910030800145037                               0.9999999999999988
1.55                                              0.0891014344070762                                0.0891014344070762                                1.0000000000000004
1.55                                              0.09481254122989982                               0.09481254122989984                               1.0000000000000009
1.55                                              0.09481254165054159                               0.0948125416505416                                0.999999999999998
1.55                                              0.10279177469885717                               0.10279177469885717                               1.0000000000000004
1.55                                              0.10279178522745662                               0.10279178522745662                               1.0000000000000009
1.55                                              0.1130242079539255                                0.11302420795392551                               0.9999999999999996
1.55                                              0.11302420807434943                               0.11302420807434944                               1.0000000000000007
1.55                                              0.1208722519384456                                0.12087225193844561                               1.0000000000000004
1.55                                              0.1254919352062654                                0.12549193520626542                               0.9999999999999993
1.55                                              0.1254919365712481                                0.1254919365712481                                1.0000000000000007
1.55                                              0.12661041533711961                               0.12661041533711961                               1.0000000000000016
1.55                                              0.1266106222247241                                0.1266106222247241                                0.9999999999999996
1.55                                              0.13890358579311798                               0.13890358579311798                               0.9999999999999987
1.55                                              0.1401737255188582                                0.1401737255188582                                1.0000000000000009
1.55                                              0.140173726054392                                 0.140173726054392                                 0.9999999999999962
1.55                                              0.1508631840353692                                0.1508631840353692                                0.9999999999999987
1.55                                              0.1570451889017811                                0.1570451889017811                                1.0000000000000009
1.55                                              0.1570451897909287                                0.15704518979092874                               0.9999999999999991
1.55                                              0.17381014386860483                               0.17381014386860483                               1.0000000000000007
1.55                                              0.17381041866269517                               0.1738104186626952                                0.9999999999999996
1.55                                              0.17607889505658159                               0.17607889505658159                               1
1.55                                              0.17607889545400512                               0.17607889545400512                               0.9999999999999987
1.55                                              0.19724434888607187                               0.19724434888607187                               0.9999999999999986
1.55                                              0.19724435045060237                               0.19724435045060237                               1.0000000000000002
1.55                                              0.21003065578009997                               0.21003065578009997                               0.9999999999999986
1.55                                              0.21277092371539302                               0.21277092371539302                               1.0000000000000004
1.5750000000000002                                0.08452259807258534                               0.08452259807258534                               0.999999999999998
1.5750000000000002                                0.0856681495236445                                0.0856681495236445                                1
1.5750000000000002                                0.08566815002572571                               0.08566815002572571                               0.9999999999999997
1.5750000000000002                                0.08910045926667484                               0.08910045926667484                               0.9999999999999997
1.5750000000000002                                0.0891014944594441                                0.0891014944594441                                1.000000000000001
1.5750000000000002                                0.09481258223377231                               0.09481258223377233                               1.0000000000000009
1.5750000000000002                                0.09481258258300326                               0.09481258258300326                               0.9999999999999988
1.5750000000000002                                0.1027917923240856                                0.1027917923240856                                1
1.5750000000000002                                0.10279179856184874                               0.10279179856184875                               0.9999999999999994
1.5750000000000002                                0.11302421339788324                               0.11302421339788324                               1.0000000000000004
1.5750000000000002                                0.11302421354749256                               0.11302421354749258                               0.9999999999999989
1.5750000000000002                                0.12211693648057925                               0.12211693648057927                               1.0000000000000004
1.5750000000000002                                0.12549193700075542                               0.12549193700075545                               0.9999999999999996
1.5750000000000002                                0.12549193811485795                               0.12549193811485795                               0.9999999999999986
1.5750000000000002                                0.1278551702721092                                0.1278551702721092                                1.0000000000000002
1.5750000000000002                                0.1278553287015204                                0.1278553287015204                                1.0000000000000022
1.5750000000000002                                0.14017372622992605                               0.14017372622992605                               0.9999999999999994
1.5750000000000002                                0.1401737267094692                                0.1401737267094692                                1.0000000000000007
1.5750000000000002                                0.14030845364423888                               0.14030845364423888                               0.9999999999999978
1.5750000000000002                                0.1516575153631611                                0.1516575153631611                                0.9999999999999977
1.5750000000000002                                0.15704518943165807                               0.1570451894316581                                0.9999999999999997
1.5750000000000002                                0.15704519018451046                               0.15704519018451046                               1.0000000000000004
1.5750000000000002                                0.17473215827167599                               0.174732158271676                                 1
1.5750000000000002                                0.17473236473367354                               0.17473236473367354                               1.0000000000000022
1.5750000000000002                                0.17607889546446848                               0.17607889546446848                               1.0000000000000004
1.5750000000000002                                0.1760788959283453                                0.17607889592834533                               1.0000000000000016
1.5750000000000002                                0.19724434940225677                               0.1972443494022568                                0.9999999999999993
1.5750000000000002                                0.19724435087065922                               0.19724435087065922                               1
1.5750000000000002                                0.2109669595686599                                0.2109669595686599                                1.0000000000000016
1.5750000000000002                                0.21347717272788871                               0.21347717272788871                               1.0000000000000013
1.6                                               0.08452288027831317                               0.08452288027831319                               1.0000000000000002
1.6                                               0.08566835925755482                               0.08566835925755482                               1.0000000000000002
1.6                                               0.08566835993076169                               0.08566835993076169                               0.9999999999999998
1.6                                               0.08910060248809469                               0.08910060248809469                               1.0000000000000007
1.6                                               0.08910155167852053                               0.08910155167852055                               1.0000000000000007
1.6                                               0.0948126214411473                                0.0948126214411473                                1.0000000000000009
1.6                                               0.09481262176668356                               0.09481262176668358                               1.000000000000002
1.6                                               0.10279180854365745                               0.10279180854365746                               1.0000000000000007
1.6                                               0.1027918115617266                                0.1027918115617266                                1.000000000000001
1.6                                               0.11302421837665395                               0.11302421837665397                               0.9999999999999993
1.6                                               0.11302421852710691                               0.11302421852710691                               1.0000000000000002
1.6                                               0.1233379138531582                                0.1233379138531582                                1.0000000000000027
1.6                                               0.1254919384128609                                0.1254919384128609                                1.0000000000000009
1.6                                               0.12549193947507786                               0.12549193947507786                               0.9999999999999992
1.6                                               0.129076205096604                                 0.12907620509660403                               1.0000000000000009
1.6                                               0.12907730437249917                               0.12907730437249917                               1.0000000000000007
1.6                                               0.14017372661003982                               0.14017372661003982                               0.9999999999999991
1.6                                               0.14017372709001638                               0.14017372709001638                               1
1.6                                               0.14169971955315558                               0.14169971955315558                               0.9999999999999982
1.6                                               0.15242862741775043                               0.15242862741775043                               0.9999999999999982
1.6                                               0.15704518954289232                               0.15704518954289232                               1.0000000000000033
1.6                                               0.15704519028905656                               0.15704519028905659                               1.0000000000000009
1.6                                               0.17564060642450052                               0.17564060642450052                               0.9999999999999991
1.6                                               0.1756421284320539                                0.17564212843205393                               0.9999999999999996
1.6                                               0.17607889551355926                               0.17607889551355926                               0.9999999999999976
1.6                                               0.176078895977481                                 0.176078895977481                                 0.9999999999999997
1.6                                               0.1972443494108756                                0.1972443494108756                                1.0000000000000007
1.6                                               0.1972443508799246                                0.19724435087992462                               1.0000000000000013
1.6                                               0.21188981211637853                               0.21188981211637853                               0.9999999999999978
1.6                                               0.21417769662520592                               0.21417769662520592                               0.9999999999999998
1.625                                             0.08452314190935918                               0.08452314190935918                               0.9999999999999997
1.625                                             0.08566855548903804                               0.08566855548903804                               1.0000000000000013
1.625                                             0.08566855593858547                               0.08566855593858547                               0.9999999999999969
1.625                                             0.08910073850902282                               0.08910073850902282                               0.9999999999999969
1.625                                             0.08910160601420244                               0.08910160601420246                               0.9999999999999991
1.625                                             0.09481265907913822                               0.09481265907913822                               0.9999999999999987
1.625                                             0.09481265943772318                               0.0948126594377232                                1.0000000000000004
1.625                                             0.10279182372863775                               0.10279182372863775                               0.999999999999999
1.625                                             0.10279182440392833                               0.10279182440392833                               1
1.625                                             0.11302422315201356                               0.11302422315201358                               0.9999999999999999
1.625                                             0.11302422330118461                               0.11302422330118463                               0.9999999999999982
1.625                                             0.12453340972292766                               0.12453340972292767                               1.0000000000000022
1.625                                             0.1254919398051473                                0.1254919398051473                                1.0000000000000018
1.625                                             0.12549194082350576                               0.12549194082350576                               1.0000000000000002
1.625                                             0.13027316219355503                               0.13027316219355503                               0.9999999999999993
1.625                                             0.13027333214867282                               0.13027333214867282                               1.0000000000000018
1.625                                             0.1401737269950931                                0.1401737269950931                                1.0000000000000002
1.625                                             0.14017372747445608                               0.14017372747445608                               0.9999999999999988
1.625                                             0.14307700066475043                               0.14307700066475043                               0.9999999999999991
1.625                                             0.15317309848675875                               0.15317309848675875                               1
1.625                                             0.157045189656546                                 0.157045189656546                                 1.0000000000000002
1.625                                             0.15704519039581555                               0.15704519039581555                               1
1.625                                             0.17607889549240807                               0.17607889549240807                               1.0000000000000024
1.625                                             0.17607889595619625                               0.17607889595619627                               0.9999999999999999
1.625                                             0.17653549351013043                               0.17653549351013045                               1.0000000000000009
1.625                                             0.17653578346351123                               0.17653578346351123                               1.0000000000000004
1.625                                             0.19724434941960456                               0.19724434941960456                               1.0000000000000013
1.625                                             0.19724435088933223                               0.19724435088933223                               1.0000000000000013
1.625                                             0.21279877423552274                               0.21279877423552274                               1.0000000000000022
1.625                                             0.21486906986246215                               0.21486906986246218                               1.0000000000000018
1.65                                              0.08452338576314425                               0.08452338576314426                               0.9999999999999984
1.65                                              0.08566873959373905                               0.08566873959373905                               1
1.65                                              0.08566874020146914                               0.08566874020146914                               1.0000000000000018
1.65                                              0.08910086788892332                               0.08910086788892332                               0.9999999999999994
1.65                                              0.08910165808669863                               0.08910165808669863                               0.9999999999999984
1.65                                              0.0948126953870999                                0.0948126953870999                                0.9999999999999983
1.65                                              0.09481269571900013                               0.09481269571900014                               0.9999999999999986
1.65                                              0.10279183687733436                               0.10279183687733436                               0.9999999999999992
1.65                                              0.10279183828001659                               0.1027918382800166                                1.0000000000000016
1.65                                              0.11302422776621934                               0.11302422776621934                               0.9999999999999996
1.65                                              0.1130242279166216                                0.11302422791662162                               1.0000000000000007
1.65                                              0.12549194118377288                               0.12549194118377288                               1.0000000000000013
1.65                                              0.12549194216736576                               0.12549194216736576                               0.9999999999999983
1.65                                              0.12570597249285664                               0.12570597249285664                               1.0000000000000013
1.65                                              0.13144643142746065                               0.13144643142746065                               0.9999999999999987
1.65                                              0.13144727907852125                               0.13144727907852125                               0.9999999999999996
1.65                                              0.14017372738600065                               0.14017372738600065                               1.0000000000000016
1.65                                              0.14017372786591709                               0.14017372786591709                               1.0000000000000016
1.65                                              0.14443999501376154                               0.14443999501376154                               1.0000000000000027
1.65                                              0.1538971412876108                                0.1538971412876108                                0.9999999999999973
1.65                                              0.15704518977327114                               0.15704518977327114                               0.9999999999999991
1.65                                              0.15704519050646598                               0.157045190506466                                 0.9999999999999981
1.65                                              0.17607889554236916                               0.1760788955423692                                1.0000000000000002
1.65                                              0.176078896006183                                 0.17607889600618304                               1.0000000000000004
1.65                                              0.1774181299573167                                0.1774181299573167                                1.0000000000000013
1.65                                              0.17741923937833523                               0.17741923937833526                               1.0000000000000002
1.65                                              0.1972443494288672                                0.19724434942886723                               1.0000000000000013
1.65                                              0.19724435089931736                               0.19724435089931736                               1.0000000000000009
1.65                                              0.21369366032660747                               0.21369366032660747                               1.0000000000000007
1.65                                              0.21555696950945974                               0.21555696950945977                               0.9999999999999988
1.675                                             0.0845236131031525                                0.0845236131031525                                1.0000000000000016
1.675                                             0.08566891259468842                               0.08566891259468844                               1.0000000000000016
1.675                                             0.08566891305595466                               0.08566891305595466                               1.0000000000000009
1.675                                             0.08910099112739737                               0.08910099112739737                               0.9999999999999993
1.675                                             0.08910170762992822                               0.08910170762992822                               1.0000000000000002
1.675                                             0.09481273032206096                               0.09481273032206096                               0.9999999999999983
1.675                                             0.09481273067800736                               0.09481273067800736                               0.9999999999999998
1.675                                             0.10279184926012572                               0.10279184926012572                               1.0000000000000007
1.675                                             0.10279185198198597                               0.10279185198198598                               0.9999999999999971
1.675                                             0.11302423223994106                               0.11302423223994106                               1.0000000000000004
1.675                                             0.1130242323892442                                0.11302423238924421                               0.9999999999999993
1.675                                             0.12549194255045526                               0.1254919425504553                                0.9999999999999981
1.675                                             0.12549194350173692                               0.12549194350173692                               0.9999999999999996
1.675                                             0.12685331781503026                               0.12685331781503026                               0.999999999999999
1.675                                             0.13259529302604503                               0.13259529302604506                               0.9999999999999989
1.675                                             0.13259538955380526                               0.13259538955380526                               1.0000000000000029
1.675                                             0.1401737277819404                                0.1401737277819404                                0.9999999999999983
1.675                                             0.14017372826141106                               0.14017372826141106                               0.9999999999999977
1.675                                             0.14578840859817488                               0.14578840859817488                               1.0000000000000004
1.675                                             0.15459614861958249                               0.1545961486195825                                0.9999999999999979
1.675                                             0.15704518989273553                               0.15704518989273553                               0.9999999999999989
1.675                                             0.15704519061979005                               0.15704519061979008                               1.0000000000000002
1.675                                             0.1760788955799377                                0.1760788955799377                                0.9999999999999992
1.675                                             0.17607889604377153                               0.17607889604377153                               0.9999999999999996
1.675                                             0.17828785406223135                               0.17828785406223135                               0.9999999999999999
1.675                                             0.17828801320409393                               0.17828801320409393                               0.9999999999999996
1.675                                             0.19724434943873048                               0.19724434943873048                               1
1.675                                             0.19724435090944506                               0.19724435090944506                               1.0000000000000022
1.675                                             0.21457423370567918                               0.2145742337056792                                0.9999999999999989
1.675                                             0.2162368186542948                                0.2162368186542948                                0.9999999999999998
1.7000000000000002                                0.08452382600017597                               0.08452382600017597                               0.9999999999999986
1.7000000000000002                                0.08566907554719427                               0.08566907554719429                               0.9999999999999997
1.7000000000000002                                0.08566907612343268                               0.08566907612343268                               0.9999999999999997
1.7000000000000002                                0.0891011086755116                                0.0891011086755116                                0.9999999999999976
1.7000000000000002                                0.0891017551273581                                0.0891017551273581                                1
1.7000000000000002                                0.09481276407569196                               0.09481276407569196                               1
1.7000000000000002                                0.09481276441071168                               0.0948127644107117                                0.9999999999999988
1.7000000000000002                                0.10279186142168255                               0.10279186142168256                               1.000000000000001
1.7000000000000002                                0.10279186509467042                               0.10279186509467043                               0.9999999999999987
1.7000000000000002                                0.11302423659746372                               0.11302423659746372                               0.9999999999999989
1.7000000000000002                                0.11302423674779827                               0.11302423674779828                               0.9999999999999992
1.7000000000000002                                0.12549194390826302                               0.12549194390826302                               1.0000000000000004
1.7000000000000002                                0.12549194483213677                               0.12549194483213677                               0.9999999999999998
1.7000000000000002                                0.12797753594331973                               0.12797753594331973                               0.9999999999999996
1.7000000000000002                                0.13372009527431777                               0.13372009527431777                               1.0000000000000004
1.7000000000000002                                0.13372082681708672                               0.13372082681708672                               0.9999999999999984
1.7000000000000002                                0.14017372818339008                               0.1401737281833901                                1.0000000000000013
1.7000000000000002                                0.14017372866326971                               0.14017372866326971                               1.0000000000000016
1.7000000000000002                                0.14712199409553392                               0.14712199409553392                               1.0000000000000013
1.7000000000000002                                0.15527513493126532                               0.15527513493126532                               1.0000000000000024
1.7000000000000002                                0.15704519001530645                               0.15704519001530645                               0.9999999999999999
1.7000000000000002                                0.1570451907369807                                0.15704519073698073                               0.999999999999999
1.7000000000000002                                0.17607889561718734                               0.17607889561718734                               1.0000000000000002
1.7000000000000002                                0.17607889608095595                               0.17607889608095598                               1.0000000000000002
1.7000000000000002                                0.179145805546288                                 0.17914580554628803                               1.000000000000002
1.7000000000000002                                0.17914672696953401                               0.17914672696953401                               1.0000000000000004
1.7000000000000002                                0.19724434944929098                               0.19724434944929098                               1.0000000000000004
1.7000000000000002                                0.19724435092045867                               0.19724435092045867                               1.0000000000000013
1.7000000000000002                                0.21544036437918995                               0.21544036437918998                               0.9999999999999999
1.7000000000000002                                0.216913091076677                                 0.21691309107667703                               1.000000000000001
1.725                                             0.08452402548153101                               0.08452402548153101                               0.9999999999999987
1.725                                             0.08566922927819477                               0.08566922927819479                               1.000000000000002
1.725                                             0.08566922975296583                               0.08566922975296583                               0.9999999999999998
1.725                                             0.08910122093707765                               0.08910122093707766                               1.0000000000000007
1.725                                             0.08910180043135947                               0.08910180043135948                               0.9999999999999994
1.725                                             0.0948127966234681                                0.0948127966234681                                1.0000000000000007
1.725                                             0.09481279697673115                               0.09481279697673115                               1.0000000000000013
1.725                                             0.1027918733693261                                0.1027918733693261                                1.000000000000001
1.725                                             0.10279187764480205                               0.10279187764480205                               0.9999999999999991
1.725                                             0.11302424084847729                               0.11302424084847729                               1.0000000000000004
1.725                                             0.11302424099787209                               0.11302424099787209                               0.9999999999999988
1.725                                             0.12549194525657545                               0.12549194525657548                               0.9999999999999976
1.725                                             0.12549194615425677                               0.12549194615425677                               1.0000000000000004
1.725                                             0.12907707889939313                               0.12907707889939313                               1.0000000000000013
1.725                                             0.13482064279614042                               0.13482064279614045                               1.0000000000000013
1.725                                             0.1348206453636435                                0.1348206453636435                                0.9999999999999978
1.725                                             0.14017372858905064                               0.14017372858905064                               1.0000000000000002
1.725                                             0.14017372906854547                               0.14017372906854547                               1.000000000000001
1.725                                             0.14844048657302053                               0.14844048657302056                               1.0000000000000002
1.725                                             0.15593109373904146                               0.15593109373904146                               1
1.725                                             0.1570451901400271                                0.1570451901400271                                0.9999999999999998
1.725                                             0.15704519085644178                               0.15704519085644178                               1.0000000000000016
1.725                                             0.1760788956544459                                0.17607889565444593                               0.9999999999999991
1.725                                             0.17607889611822258                               0.17607889611822258                               1.0000000000000002
1.725                                             0.17999201206899468                               0.17999201206899468                               0.9999999999999999
1.725                                             0.17999202891203078                               0.17999202891203078                               0.9999999999999978
1.725                                             0.19724434945988847                               0.19724434945988847                               1
1.725                                             0.19724435093145393                               0.19724435093145393                               0.9999999999999994
1.725                                             0.21629176949554285                               0.21629176949554285                               0.9999999999999998
1.725                                             0.21758270238715066                               0.2175827023871507                                0.9999999999999992
1.75                                              0.08452421300820337                               0.08452421300820337                               0.9999999999999987
1.75                                              0.08566937458287258                               0.08566937458287258                               1.0000000000000004
1.75                                              0.08566937505774117                               0.08566937505774118                               0.9999999999999989
1.75                                              0.08910132828169974                               0.08910132828169975                               1.0000000000000002
1.75                                              0.08910184384445269                               0.0891018438444527                                0.9999999999999994
1.75                                              0.09481282809572754                               0.09481282809572754                               1
1.75                                              0.09481282844892214                               0.09481282844892215                               1.0000000000000004
1.75                                              0.10279188510634062                               0.10279188510634062                               1.0000000000000002
1.75                                              0.10279188971398698                               0.10279188971398698                               1.0000000000000009
1.75                                              0.11302424500775463                               0.11302424500775464                               1.0000000000000007
1.75                                              0.1130242451571743                                0.11302424515717431                               1.0000000000000024
1.75                                              0.12549194659764057                               0.12549194659764057                               1.0000000000000009
1.75                                              0.12549194747168976                               0.12549194747168976                               1.0000000000000002
1.75                                              0.1301531980128345                                0.1301531980128345                                1.0000000000000007
1.75                                              0.13589691390052072                               0.13589691390052072                               1.000000000000001
1.75                                              0.135896917817625                                 0.135896917817625                                 1.0000000000000004
1.75                                              0.14017372899962233                               0.14017372899962233                               1.000000000000001
1.75                                              0.1401737294791166                                0.1401737294791166                                0.9999999999999991
1.75                                              0.14974370630870631                               0.14974370630870631                               0.9999999999999999
1.75                                              0.15656705709994145                               0.15656705709994145                               1.0000000000000009
1.75                                              0.15704519026747635                               0.15704519026747635                               0.9999999999999992
1.75                                              0.15704519097913636                               0.15704519097913636                               0.9999999999999994
1.75                                              0.17607889569269106                               0.17607889569269108                               1.0000000000000004
1.75                                              0.176078896156474                                 0.176078896156474                                 1.0000000000000027
1.75                                              0.18082694399735166                               0.18082694399735166                               0.9999999999999981
1.75                                              0.1808269617729127                                0.1808269617729127                                0.9999999999999994
1.75                                              0.1972443494709772                                0.1972443494709772                                0.9999999999999979
1.75                                              0.1972443509429391                                0.19724435094293913                               1.0000000000000004
1.75                                              0.2171284691276315                                0.2171284691276315                                0.9999999999999994
1.75                                              0.2182482155726957                                0.2182482155726957                                0.999999999999998
1.775                                             0.08452438957043105                               0.08452438957043105                               0.9999999999999988
1.775                                             0.08566951213341452                               0.08566951213341452                               1
1.775                                             0.0856695126082258                                0.0856695126082258                                1.000000000000001
1.775                                             0.08910143104169879                               0.0891014310416988                                1.0000000000000009
1.775                                             0.08910188541352859                               0.08910188541352859                               1.0000000000000004
1.775                                             0.09481285852977629                               0.09481285852977629                               0.9999999999999998
1.775                                             0.0948128588828815                                0.09481285888288152                               0.9999999999999996
1.775                                             0.1027918966332431                                0.10279189663324312                               0.9999999999999989
1.775                                             0.1027919013418833                                0.10279190134188332                               1.0000000000000009
1.775                                             0.11302424908281475                               0.11302424908281476                               1.000000000000002
1.775                                             0.11302424923221303                               0.11302424923221303                               0.9999999999999999
1.775                                             0.12549194793152502                               0.12549194793152502                               0.9999999999999976
1.775                                             0.12549194878355074                               0.12549194878355074                               1.0000000000000009
1.775                                             0.13120565505941573                               0.13120565505941573                               0.9999999999999969
1.775                                             0.13694893267755412                               0.13694893267755412                               0.9999999999999998
1.775                                             0.13694893474666484                               0.13694893474666484                               1
1.775                                             0.14017372941503328                               0.14017372941503328                               0.9999999999999997
1.775                                             0.14017372989457078                               0.14017372989457078                               1.0000000000000004
1.775                                             0.15103146361612488                               0.15103146361612488                               0.9999999999999987
1.775                                             0.15704519039760348                               0.15704519039760348                               1.0000000000000004
1.775                                             0.15704519110485038                               0.15704519110485038                               0.9999999999999983
1.775                                             0.15718277902052485                               0.15718277902052488                               0.9999999999999982
1.775                                             0.1760788957321373                                0.1760788957321373                                0.9999999999999992
1.775                                             0.17607889619585784                               0.17607889619585784                               0.9999999999999996
1.775                                             0.18165095313533952                               0.18165095313533952                               0.9999999999999986
1.775                                             0.18165096861633412                               0.18165096861633412                               1.0000000000000009
1.775                                             0.19724434948276917                               0.19724434948276917                               1.0000000000000004
1.775                                             0.19724435095487663                               0.19724435095487663                               1.0000000000000009
1.775                                             0.21795034749831124                               0.21795034749831124                               1.0000000000000007
1.775                                             0.21890912691785602                               0.21890912691785602                               0.9999999999999982
1.8                                               0.08452455611630025                               0.08452455611630026                               1.0000000000000002
1.8                                               0.08566964254200243                               0.08566964254200245                               0.999999999999999
1.8                                               0.08566964301686286                               0.08566964301686288                               0.9999999999999997
1.8                                               0.08910152952080021                               0.08910152952080022                               0.9999999999999988
1.8                                               0.0891019252411131                                0.0891019252411131                                1.000000000000001
1.8                                               0.09481288798004424                               0.09481288798004424                               0.9999999999999993
1.8                                               0.0948128883330777                                0.09481288833307772                               1.0000000000000009
1.8                                               0.1027919079514453                                0.1027919079514453                                1.0000000000000027
1.8                                               0.10279191256899814                               0.10279191256899814                               0.9999999999999997
1.8                                               0.1130242530804996                                0.1130242530804996                                1.0000000000000009
1.8                                               0.11302425322990135                               0.11302425322990137                               1.0000000000000013
1.8                                               0.12549194925838333                               0.12549194925838333                               1.0000000000000022
1.8                                               0.12549195008989145                               0.12549195008989145                               1.0000000000000009
1.8                                               0.13223461801046732                               0.13223461801046735                               0.9999999999999989
1.8                                               0.13797674350561961                               0.13797674350561964                               1.0000000000000009
1.8                                               0.1379767455933559                                0.1379767455933559                                1.000000000000002
1.8                                               0.14017372983590484                               0.14017372983590487                               0.9999999999999969
1.8                                               0.1401737303154106                                0.1401737303154106                                1.0000000000000004
1.8                                               0.15230360940826204                               0.15230360940826204                               0.9999999999999983
1.8                                               0.15704519053015106                               0.15704519053015106                               1.0000000000000002
1.8                                               0.15704519123340802                               0.15704519123340802                               0.9999999999999991
1.8                                               0.15777884818702553                               0.15777884818702553                               0.9999999999999978
1.8                                               0.17607889577258137                               0.1760788957725814                                1.0000000000000007
1.8                                               0.17607889623635245                               0.17607889623635245                               0.9999999999999983
1.8                                               0.18246441109261585                               0.18246441109261585                               0.9999999999999993
1.8                                               0.18246442041616281                               0.18246442041616284                               1.0000000000000007
1.8                                               0.19724434949487601                               0.19724434949487601                               0.9999999999999984
1.8                                               0.19724435096731266                               0.19724435096731266                               0.9999999999999996
1.8                                               0.21875740029100046                               0.2187574002910005                                0.9999999999999973
1.8                                               0.21956568200583124                               0.21956568200583126                               0.9999999999999987
1.8250000000000002                                0.08452471348586904                               0.08452471348586905                               1.0000000000000022
1.8250000000000002                                0.08566976635679703                               0.08566976635679703                               1.0000000000000018
1.8250000000000002                                0.08566976683167975                               0.08566976683167976                               0.9999999999999996
1.8250000000000002                                0.08910162399496648                               0.08910162399496648                               0.9999999999999992
1.8250000000000002                                0.08910196342211651                               0.08910196342211651                               0.999999999999999
1.8250000000000002                                0.09481291649618034                               0.09481291649618034                               1.0000000000000007
1.8250000000000002                                0.09481291684918747                               0.09481291684918747                               1
1.8250000000000002                                0.10279191906222256                               0.10279191906222256                               0.9999999999999978
1.8250000000000002                                0.10279192342976363                               0.10279192342976363                               0.9999999999999996
1.8250000000000002                                0.11302425700628274                               0.11302425700628274                               0.9999999999999998
1.8250000000000002                                0.11302425715571164                               0.11302425715571165                               1.0000000000000007
1.8250000000000002                                0.12549195057822404                               0.12549195057822407                               1.000000000000002
1.8250000000000002                                0.12549195139070618                               0.12549195139070618                               0.9999999999999996
1.8250000000000002                                0.13324027546144107                               0.13324027546144107                               1.0000000000000004
1.8250000000000002                                0.1389804231255782                                0.1389804231255782                                1.0000000000000022
1.8250000000000002                                0.13898042424635274                               0.13898042424635276                               0.9999999999999999
1.8250000000000002                                0.1401737302658121                                0.1401737302658121                                0.9999999999999983
1.8250000000000002                                0.14017373074530334                               0.14017373074530334                               0.9999999999999993
1.8250000000000002                                0.15356000740448938                               0.15356000740448938                               1.0000000000000004
1.8250000000000002                                0.15704519066497005                               0.15704519066497005                               1.0000000000000016
1.8250000000000002                                0.15704519136462408                               0.1570451913646241                                0.9999999999999978
1.8250000000000002                                0.15835583873321132                               0.15835583873321135                               1.0000000000000004
1.8250000000000002                                0.17607889581406957                               0.1760788958140696                                1.0000000000000018
1.8250000000000002                                0.17607889627782353                               0.17607889627782353                               1.0000000000000013
1.8250000000000002                                0.18326765119545102                               0.18326765119545105                               1
1.8250000000000002                                0.18326766189864602                               0.18326766189864604                               0.9999999999999988
1.8250000000000002                                0.19724434950735464                               0.19724434950735464                               0.9999999999999998
1.8250000000000002                                0.19724435098013177                               0.19724435098013177                               0.9999999999999993
1.8250000000000002                                0.21954960915012983                               0.21954960915012983                               1.0000000000000018
1.8250000000000002                                0.2202180887893745                                0.22021808878937452                               1.000000000000002
1.85                                              0.08452486242705254                               0.08452486242705254                               1
1.85                                              0.08566988407099749                               0.0856698840709975                                0.9999999999999993
1.85                                              0.08566988454587084                               0.08566988454587084                               0.9999999999999976
1.85                                              0.08910171471703308                               0.08910171471703308                               0.9999999999999994
1.85                                              0.08910200004535998                               0.08910200004536                                  0.9999999999999996
1.85                                              0.09481294412450639                               0.09481294412450639                               1.0000000000000007
1.85                                              0.09481294447745255                               0.09481294447745256                               0.9999999999999991
1.85                                              0.1027919299673886                                0.1027919299673886                                0.9999999999999996
1.85                                              0.10279193395395508                               0.1027919339539551                                1.0000000000000018
1.85                                              0.11302426086484028                               0.11302426086484028                               0.9999999999999999
1.85                                              0.11302426101430432                               0.11302426101430434                               1.0000000000000002
1.85                                              0.12549195189133094                               0.12549195189133094                               0.9999999999999982
1.85                                              0.12549195268612132                               0.12549195268612132                               0.9999999999999992
1.85                                              0.13422283444128466                               0.13422283444128466                               0.9999999999999993
1.85                                              0.13996007578415204                               0.13996007578415204                               0.9999999999999994
1.85                                              0.1399600774261621                                0.1399600774261621                                1.0000000000000018
1.85                                              0.14017373078035184                               0.14017373078035184                               0.9999999999999992
1.85                                              0.14017373125982674                               0.14017373125982674                               1.0000000000000027
1.85                                              0.154800550800347                                 0.154800550800347                                 1.0000000000000007
1.85                                              0.1570451908022793                                0.1570451908022793                                0.9999999999999993
1.85                                              0.1570451914986286                                0.1570451914986286                                0.9999999999999999
1.85                                              0.15891431664351174                               0.15891431664351174                               1.0000000000000007
1.85                                              0.17607889585675854                               0.17607889585675854                               0.9999999999999987
1.85                                              0.17607889632057633                               0.17607889632057633                               1.0000000000000007
1.85                                              0.18406101181244106                               0.18406101181244108                               1.0000000000000009
1.85                                              0.18406102378224004                               0.18406102378224007                               1.0000000000000016
1.85                                              0.19724434952046158                               0.19724434952046158                               1.0000000000000007
1.85                                              0.19724435099343296                               0.197244350993433                                 1.0000000000000022
1.85                                              0.2203269813797651                                0.22032698137976514                               0.9999999999999996
1.85                                              0.22050778164677498                               0.22050778164677498                               1.000000000000002
1.875                                             0.08452500360642042                               0.08452500360642043                               1.0000000000000029
1.875                                             0.08566999612813075                               0.08566999612813077                               0.999999999999998
1.875                                             0.08566999660302431                               0.08566999660302431                               0.9999999999999996
1.875                                             0.08910180191761657                               0.08910180191761659                               0.9999999999999988
1.875                                             0.08910203519303662                               0.08910203519303664                               1.0000000000000002
1.875                                             0.09481297090736689                               0.09481297090736689                               1.0000000000000004
1.875                                             0.09481297126035806                               0.09481297126035806                               0.9999999999999993
1.875                                             0.10279194066862393                               0.10279194066862395                               1.0000000000000013
1.875                                             0.10279194416714027                               0.10279194416714027                               0.9999999999999974
1.875                                             0.11302426465988946                               0.11302426465988946                               1.0000000000000009
1.875                                             0.11302426480927373                               0.11302426480927373                               0.9999999999999996
1.875                                             0.1254919531975182                                0.1254919531975182                                0.9999999999999993
1.875                                             0.12549195397617152                               0.12549195397617152                               1.000000000000001
1.875                                             0.13518251489228547                               0.13518251489228547                               0.9999999999999992
1.875                                             0.14017373106651587                               0.14017373106651587                               1.0000000000000002
1.875                                             0.14017373154598511                               0.14017373154598511                               1.0000000000000004
1.875                                             0.1409158312917641                                0.1409158312917641                                0.9999999999999991
1.875                                             0.14091583405001334                               0.14091583405001334                               1.0000000000000004
1.875                                             0.15602514237141693                               0.15602514237141693                               0.9999999999999993
1.875                                             0.15704519094194977                               0.15704519094194977                               0.9999999999999992
1.875                                             0.15704519163539626                               0.15704519163539626                               0.999999999999999
1.875                                             0.15945483907706956                               0.15945483907706956                               1.000000000000001
1.875                                             0.1760788959007406                                0.1760788959007406                                0.9999999999999984
1.875                                             0.17607889636453125                               0.17607889636453128                               1.0000000000000004
1.875                                             0.18484480657018315                               0.18484480657018318                               0.9999999999999987
1.875                                             0.1848448163513816                                0.1848448163513816                                0.9999999999999989
1.875                                             0.19724434953409845                               0.19724434953409847                               1.0000000000000007
1.875                                             0.19724435100734364                               0.19724435100734364                               1.0000000000000013
1.875                                             0.2205077816510767                                0.2205077816510767                                1.000000000000002
1.875                                             0.22050778204201693                               0.22050778204201696                               0.9999999999999987
1.9                                               0.08452513763045139                               0.08452513763045139                               0.9999999999999988
1.9                                               0.08567010293140759                               0.0856701029314076                                1.0000000000000009
1.9                                               0.08567010341656348                               0.08567010341656349                               1
1.9                                               0.08910188580835741                               0.08910188580835741                               1.000000000000003
1.9                                               0.08910206894944345                               0.08910206894944345                               0.9999999999999999
1.9                                               0.09481299688701206                               0.09481299688701206                               0.9999999999999979
1.9                                               0.09481299723739982                               0.09481299723739982                               0.9999999999999999
1.9                                               0.1027919511673944                                0.1027919511673944                                0.9999999999999988
1.9                                               0.1027919540927754                                0.1027919540927754                                0.9999999999999999
1.9                                               0.1130242683941611                                0.11302426839416112                               1.0000000000000004
1.9                                               0.11302426854376685                               0.11302426854376686                               1.0000000000000009
1.9                                               0.12549195449642117                               0.12549195449642117                               1.0000000000000007
1.9                                               0.1254919552603986                                0.1254919552603986                                1.0000000000000018
1.9                                               0.13611961401912803                               0.13611961401912806                               1.000000000000002
1.9                                               0.1401737315142785                                0.1401737315142785                                0.9999999999999988
1.9                                               0.14017373199378613                               0.14017373199378613                               1.0000000000000002
1.9                                               0.14184784793054817                               0.14184784793054817                               1.0000000000000013
1.9                                               0.14184796341722458                               0.14184796341722458                               0.9999999999999988
1.9                                               0.15704519108364456                               0.1570451910836446                                0.9999999999999993
1.9                                               0.15704519177436432                               0.15704519177436432                               0.9999999999999996
1.9                                               0.1572337035233324                                0.1572337035233324                                1.0000000000000009
1.9                                               0.15997806273716986                               0.15997806273716988                               1.0000000000000004
1.9                                               0.17607889594565238                               0.17607889594565238                               0.9999999999999968
1.9                                               0.1760788964093781                                0.1760788964093781                                1.0000000000000009
1.9                                               0.18561932380149437                               0.1856193238014944                                0.9999999999999987
1.9                                               0.18561943395432018                               0.1856194339543202                                0.9999999999999987
1.9                                               0.1972443495481606                                0.19724434954816064                               0.9999999999999987
1.9                                               0.19724435102142224                               0.19724435102142227                               0.9999999999999972
1.9                                               0.2205077816554718                                0.22050778165547183                               1.0000000000000004
1.9                                               0.220507782046306                                 0.22050778204630603                               0.9999999999999993
1.925                                             0.08452526501449707                               0.08452526501449707                               1.0000000000000004
1.925                                             0.08567020483944628                               0.08567020483944628                               0.9999999999999986
1.925                                             0.0856702053213931                                0.0856702053213931                                0.9999999999999997
1.925                                             0.08910196658376399                               0.08910196658376399                               1.0000000000000004
1.925                                             0.08910210136878752                               0.08910210136878753                               0.9999999999999983
1.925                                             0.09481302209363009                               0.0948130220936301                                0.9999999999999982
1.925                                             0.09481302244494758                               0.09481302244494758                               0.9999999999999989
1.925                                             0.10279196146576221                               0.10279196146576221                               1.0000000000000004
1.925                                             0.10279196374861495                               0.10279196374861495                               1.0000000000000018
1.925                                             0.11302427207059369                               0.11302427207059369                               1.0000000000000004
1.925                                             0.11302427222011582                               0.11302427222011584                               1.0000000000000004
1.925                                             0.12549195578840147                               0.12549195578840147                               0.9999999999999993
1.925                                             0.12549195653899026                               0.12549195653899026                               0.9999999999999997
1.925                                             0.13703424301019196                               0.13703424301019196                               0.999999999999998
1.925                                             0.14017373195221852                               0.14017373195221852                               1.0000000000000007
1.925                                             0.14017373243173728                               0.14017373243173728                               1.0000000000000002
1.925                                             0.14275630269989908                               0.14275630269989908                               1.000000000000001
1.925                                             0.14275638639844596                               0.14275638639844596                               0.9999999999999962
1.925                                             0.15704519122758653                               0.15704519122758653                               0.9999999999999988
1.925                                             0.15704519191594116                               0.15704519191594116                               0.9999999999999997
1.925                                             0.15842617427201433                               0.15842617427201433                               1.0000000000000018
1.925                                             0.16048425619892123                               0.16048425619892123                               1.000000000000002
1.925                                             0.17607889599171042                               0.17607889599171042                               1.0000000000000007
1.925                                             0.1760788964554792                                0.1760788964554792                                1
1.925                                             0.18638483771704725                               0.18638483771704728                               0.9999999999999989
1.925                                             0.18638490398691582                               0.18638490398691582                               1.000000000000001
1.925                                             0.19724434956265985                               0.19724434956265985                               0.9999999999999989
1.925                                             0.19724435103608617                               0.19724435103608617                               1.0000000000000016
1.925                                             0.2205077816600136                                0.2205077816600136                                1.0000000000000009
1.925                                             0.22050778205084143                               0.22050778205084143                               0.9999999999999996
1.9500000000000002                                0.08452538625590425                               0.08452538625590425                               0.9999999999999981
1.9500000000000002                                0.08567030218635913                               0.08567030218635914                               0.9999999999999998
1.9500000000000002                                0.0856703026658043                                0.0856703026658043                                1
1.9500000000000002                                0.0891020444238427                                0.0891020444238427                                1.0000000000000007
1.9500000000000002                                0.08910213252929472                               0.08910213252929472                               0.9999999999999999
1.9500000000000002                                0.09481304656601436                               0.09481304656601436                               0.9999999999999993
1.9500000000000002                                0.09481304691788654                               0.09481304691788654                               0.9999999999999992
1.9500000000000002                                0.10279197156347028                               0.10279197156347028                               1.0000000000000004
1.9500000000000002                                0.10279197315624994                               0.10279197315624994                               1.0000000000000004
1.9500000000000002                                0.11302427569140147                               0.11302427569140147                               1.0000000000000007
1.9500000000000002                                0.11302427584092459                               0.11302427584092459                               0.9999999999999993
1.9500000000000002                                0.12549195707325017                               0.12549195707325017                               1
1.9500000000000002                                0.1254919578119897                                0.1254919578119897                                0.9999999999999999
1.9500000000000002                                0.13792676523853026                               0.13792676523853026                               0.9999999999999993
1.9500000000000002                                0.14017373239028644                               0.14017373239028644                               0.999999999999999
1.9500000000000002                                0.14017373286974455                               0.14017373286974455                               0.9999999999999981
1.9500000000000002                                0.14364142640185718                               0.14364142640185718                               1.0000000000000002
1.9500000000000002                                0.14364147753567263                               0.14364147753567263                               1.0000000000000024
1.9500000000000002                                0.15704519137397008                               0.15704519137397008                               1
1.9500000000000002                                0.15704519206014764                               0.15704519206014766                               0.9999999999999974
1.9500000000000002                                0.15960253142625405                               0.15960253142625405                               1.0000000000000013
1.9500000000000002                                0.16097411994469535                               0.16097411994469535                               0.9999999999999982
1.9500000000000002                                0.17607889603914575                               0.17607889603914575                               1.000000000000002
1.9500000000000002                                0.1760788965030418                                0.17607889650304182                               0.9999999999999992
1.9500000000000002                                0.1871416294157379                                0.1871416294157379                                0.9999999999999986
1.9500000000000002                                0.18714166315834302                               0.18714166315834302                               0.9999999999999988
1.9500000000000002                                0.1972443495779671                                0.1972443495779671                                0.9999999999999998
1.9500000000000002                                0.19724435105142307                               0.1972443510514231                                0.9999999999999987
1.9500000000000002                                0.22050778166487475                               0.22050778166487475                               1.0000000000000007
1.9500000000000002                                0.22050778205584365                               0.22050778205584368                               1.0000000000000004
1.975                                             0.08452550179211595                               0.08452550179211596                               0.9999999999999988
1.975                                             0.08567039527348108                               0.08567039527348108                               0.9999999999999991
1.975                                             0.08567039575029244                               0.08567039575029244                               1.0000000000000007
1.975                                             0.08910211949362286                               0.08910211949362287                               0.9999999999999982
1.975                                             0.0891021624935123                                0.0891021624935123                                0.9999999999999996
1.975                                             0.09481307033567216                               0.09481307033567217                               0.9999999999999991
1.975                                             0.09481307068826482                               0.09481307068826482                               0.9999999999999987
1.975                                             0.10279198145182612                               0.10279198145182612                               0.999999999999999
1.975                                             0.1027919823418727                                0.10279198234187271                               1.0000000000000004
1.975                                             0.11302427925842548                               0.1130242792584255                                1.0000000000000009
1.975                                             0.11302427940784876                               0.11302427940784877                               0.9999999999999992
1.975                                             0.1254919583506029                                0.1254919583506029                                0.9999999999999986
1.975                                             0.12549195907891736                               0.12549195907891736                               0.9999999999999982
1.975                                             0.1387974634152883                                0.13879746341528834                               0.9999999999999998
1.975                                             0.1401737328293822                                0.1401737328293822                                0.9999999999999998
1.975                                             0.1401737333088941                                0.1401737333088941                                1.0000000000000004
1.975                                             0.1445034467949451                                0.1445034467949451                                1.000000000000001
1.975                                             0.14450347402273428                               0.14450347402273428                               1.0000000000000018
1.975                                             0.15704519152210777                               0.15704519152210777                               0.9999999999999997
1.975                                             0.15704519220641727                               0.15704519220641727                               1.0000000000000002
1.975                                             0.16076274834717977                               0.16076274834717977                               1.000000000000002
1.975                                             0.16144813986052825                               0.16144813986052825                               1.0000000000000007
1.975                                             0.1760788960875047                                0.1760788960875047                                0.9999999999999978
1.975                                             0.17607889655134457                               0.1760788965513446                                0.9999999999999994
1.975                                             0.18788990454454013                               0.18788990454454013                               0.9999999999999993
1.975                                             0.1878899118376246                                0.18788991183762463                               0.9999999999999983
1.975                                             0.19724434959345033                               0.19724434959345036                               1
1.975                                             0.19724435106702093                               0.19724435106702093                               0.9999999999999994
1.975                                             0.2205077816698136                                0.2205077816698136                                1.0000000000000002
1.975                                             0.22050778206070842                               0.22050778206070845                               1.0000000000000004
2                                                 0.08452561201879606                               0.08452561201879606                               1.0000000000000007
2                                                 0.08567048437503604                               0.08567048437503604                               0.9999999999999983
2                                                 0.08567048484946321                               0.08567048484946321                               1.0000000000000002
2                                                 0.0891021912366688                                0.08910219123666882                               1.0000000000000002
2                                                 0.0891021920296989                                0.08910219202969892                               1.0000000000000013
2                                                 0.09481309343312569                               0.0948130934331257                                0.9999999999999994
2                                                 0.09481309378599408                               0.09481309378599409                               1.000000000000001
2                                                 0.10279199101823128                               0.10279199101823128                               0.9999999999999991
2                                                 0.10279199143461196                               0.10279199143461196                               0.9999999999999987
2                                                 0.1130242827732842                                0.1130242827732842                                1.0000000000000013
2                                                 0.11302428292268117                               0.11302428292268117                               0.9999999999999999
2                                                 0.1254919596203293                                0.1254919596203293                                1.0000000000000002
2                                                 0.12549196033970295                               0.12549196033970295                               1.0000000000000004
2                                                 0.13964663657603943                               0.13964663657603943                               1.0000000000000004
2                                                 0.14017373326999708                               0.14017373326999708                               0.9999999999999992
2                                                 0.14017373374947448                               0.14017373374947448                               1.0000000000000002
2                                                 0.14534263125528218                               0.14534263125528218                               0.9999999999999994
2                                                 0.14534263565612687                               0.14534263565612687                               1.0000000000000029
2                                                 0.15704519167211733                               0.15704519167211733                               0.9999999999999987
2                                                 0.15704519235474515                               0.15704519235474515                               1.0000000000000002
2                                                 0.1619068238294682                                0.1619068238294682                                0.9999999999999994
2                                                 0.16190682584327393                               0.16190682584327393                               1.0000000000000004
2                                                 0.17607889613685584                               0.17607889613685584                               0.9999999999999999
2                                                 0.1760788966005929                                0.1760788966005929                                0.9999999999999992
2                                                 0.188629888374064                                 0.18862988837406403                               0.999999999999999
2                                                 0.1886298926626117                                0.1886298926626117                                1
2                                                 0.19724434960926704                               0.19724434960926704                               0.9999999999999982
2                                                 0.19724435108302554                               0.19724435108302554                               1.0000000000000022
2                                                 0.22050778167476312                               0.22050778167476315                               1.0000000000000004
2                                                 0.22050778206577173                               0.22050778206577176                               1
2.0250000000000004                                0.08452571729640782                               0.08452571729640782                               0.9999999999999982
2.0250000000000004                                0.08567056974239956                               0.08567056974239957                               0.9999999999999987
2.0250000000000004                                0.08567057021563113                               0.08567057021563114                               1.0000000000000009
2.0250000000000004                                0.08910221906031165                               0.08910221906031165                               1
2.0250000000000004                                0.0891022619281455                                0.0891022619281455                                0.9999999999999972
2.0250000000000004                                0.09481311588684163                               0.09481311588684165                               1.0000000000000009
2.0250000000000004                                0.09481311623971322                               0.09481311623971322                               0.9999999999999993
2.0250000000000004                                0.1027919999041297                                0.10279199990412971                               1.0000000000000007
2.0250000000000004                                0.10279200080848516                               0.10279200080848516                               1.0000000000000007
2.0250000000000004                                0.1130242862376112                                0.1130242862376112                                1.0000000000000009
2.0250000000000004                                0.1130242863869665                                0.1130242863869665                                1.0000000000000004
2.0250000000000004                                0.125491960882374                                 0.125491960882374                                 0.9999999999999992
2.0250000000000004                                0.12549196159426917                               0.12549196159426917                               1.0000000000000004
2.0250000000000004                                0.1401737337121613                                0.14017373371216132                               1.0000000000000009
2.0250000000000004                                0.14017373419163143                               0.14017373419163143                               1.000000000000001
2.0250000000000004                                0.14047460159892855                               0.14047460159892855                               0.9999999999999992
2.0250000000000004                                0.14615925015990328                               0.1461592501599033                                1.0000000000000009
2.0250000000000004                                0.14615927335115292                               0.14615927335115295                               1.0000000000000009
2.0250000000000004                                0.15704519182396243                               0.15704519182396243                               1.0000000000000013
2.0250000000000004                                0.15704519250516624                               0.15704519250516627                               0.9999999999999988
2.0250000000000004                                0.16235067495285604                               0.16235067495285604                               1.0000000000000002
2.0250000000000004                                0.16303477345778777                               0.16303477345778777                               1.0000000000000016
2.0250000000000004                                0.17607889618717495                               0.17607889618717498                               1.0000000000000009
2.0250000000000004                                0.17607889665091503                               0.17607889665091506                               0.9999999999999993
2.0250000000000004                                0.1893617992665094                                0.1893617992665094                                0.9999999999999978
2.0250000000000004                                0.18936180548978515                               0.18936180548978515                               0.9999999999999997
2.0250000000000004                                0.19724434962556542                               0.19724434962556545                               1.0000000000000022
2.0250000000000004                                0.19724435109939642                               0.19724435109939642                               0.9999999999999996
2.0250000000000004                                0.22050778167991603                               0.22050778167991605                               1.0000000000000007
2.0250000000000004                                0.22050778207092386                               0.22050778207092386                               0.9999999999999998
2.05                                              0.08452581794791042                               0.08452581794791042                               0.999999999999999
2.05                                              0.08567065160254816                               0.08567065160254818                               1.0000000000000009
2.05                                              0.08567065207478826                               0.08567065207478826                               1.0000000000000009
2.05                                              0.08910224577362139                               0.08910224577362139                               0.9999999999999992
2.05                                              0.08910232955824512                               0.08910232955824512                               0.9999999999999982
2.05                                              0.09481313772195256                               0.09481313772195257                               1.0000000000000004
2.05                                              0.09481313807520256                               0.09481313807520256                               0.9999999999999989
2.05                                              0.10279200845463582                               0.10279200845463583                               0.9999999999999993
2.05                                              0.10279201013129635                               0.10279201013129635                               1.0000000000000009
2.05                                              0.11302428965230261                               0.11302428965230261                               1.0000000000000002
2.05                                              0.1130242898016492                                0.1130242898016492                                1.0000000000000018
2.05                                              0.12549196213613195                               0.12549196213613195                               1.000000000000001
2.05                                              0.12549196284194833                               0.12549196284194833                               1
2.05                                              0.1401737341551685                                0.1401737341551685                                0.9999999999999991
2.05                                              0.14017373463465077                               0.14017373463465077                               0.9999999999999989
2.05                                              0.14128164670486693                               0.14128164670486695                               1.0000000000000004
2.05                                              0.14695359820118545                               0.14695359820118545                               1.0000000000000013
2.05                                              0.1469536367451127                                0.14695363674511272                               1.0000000000000002
2.05                                              0.15704519197690225                               0.15704519197690228                               0.9999999999999989
2.05                                              0.15704519265690492                               0.15704519265690492                               1.0000000000000002
2.05                                              0.16278014857626535                               0.16278014857626535                               1.0000000000000002
2.05                                              0.16414656704992245                               0.16414656704992245                               0.9999999999999989
2.05                                              0.17607889623784806                               0.17607889623784806                               1.0000000000000016
2.05                                              0.17607889670159999                               0.17607889670159999                               1.0000000000000009
2.05                                              0.19008577705148463                               0.19008577705148463                               1.0000000000000002
2.05                                              0.19008579694794375                               0.19008579694794375                               1.000000000000002
2.05                                              0.1972443496417431                                0.1972443496417431                                1.0000000000000022
2.05                                              0.19724435111567248                               0.1972443511156725                                1.0000000000000016
2.05                                              0.22050778168483276                               0.2205077816848328                                0.9999999999999982
2.05                                              0.22050778207583863                               0.22050778207583865                               1
2.075                                             0.08452591427509919                               0.0845259142750992                                0.9999999999999997
2.075                                             0.085670730169497                                 0.085670730169497                                 1.0000000000000009
2.075                                             0.08567073064068921                               0.08567073064068922                               0.9999999999999988
2.075                                             0.08910227150495578                               0.0891022715049558                                0.9999999999999992
2.075                                             0.08910239496517626                               0.08910239496517626                               1.0000000000000009
2.075                                             0.09481315896458689                               0.09481315896458689                               1.0000000000000004
2.075                                             0.09481315931809434                               0.09481315931809434                               1.0000000000000024
2.075                                             0.10279201679918358                               0.10279201679918358                               0.9999999999999996
2.075                                             0.10279201928773672                               0.10279201928773674                               1.0000000000000004
2.075                                             0.11302429301911579                               0.11302429301911579                               0.9999999999999998
2.075                                             0.11302429316849186                               0.11302429316849186                               0.9999999999999986
2.075                                             0.12549196338228719                               0.12549196338228719                               0.999999999999999
2.075                                             0.12549196408336374                               0.12549196408336374                               0.9999999999999986
2.075                                             0.14017373459995602                               0.14017373459995605                               0.9999999999999988
2.075                                             0.14017373507943376                               0.1401737350794338                                0.9999999999999996
2.075                                             0.14206812715860562                               0.14206812715860562                               0.9999999999999984
2.075                                             0.14772602260467105                               0.14772602260467105                               0.9999999999999986
2.075                                             0.1477260737791995                                0.1477260737791995                                0.9999999999999992
2.075                                             0.15704519213202361                               0.15704519213202361                               0.9999999999999993
2.075                                             0.15704519281106666                               0.15704519281106666                               0.9999999999999999
2.075                                             0.16319572497835177                               0.16319572497835177                               1.0000000000000009
2.075                                             0.16524226727671448                               0.16524226727671448                               1.000000000000001
2.075                                             0.17607889628998274                               0.17607889628998274                               0.9999999999999997
2.075                                             0.17607889675374763                               0.17607889675374763                               1
2.075                                             0.19080201592022153                               0.19080201592022153                               1.000000000000001
2.075                                             0.1908020433103342                                0.1908020433103342                                0.9999999999999998
2.075                                             0.19724434965878973                               0.19724434965878973                               1.0000000000000016
2.075                                             0.19724435113273908                               0.1972443511327391                                0.9999999999999966
2.075                                             0.22050778169022914                               0.22050778169022914                               1.0000000000000007
2.075                                             0.22050778208120148                               0.2205077820812015                                1
2.1                                               0.08452600655405851                               0.08452600655405852                               0.9999999999999999
2.1                                               0.08567080563774587                               0.08567080563774587                               0.9999999999999998
2.1                                               0.08567080611228922                               0.08567080611228922                               1.0000000000000004
2.1                                               0.08910229630311081                               0.08910229630311081                               0.9999999999999996
2.1                                               0.08910245826140402                               0.08910245826140402                               1.0000000000000029
2.1                                               0.09481317963922385                               0.09481317963922387                               1.0000000000000007
2.1                                               0.0948131799919154                                0.0948131799919154                                1.0000000000000018
2.1                                               0.10279202495890868                               0.10279202495890868                               0.9999999999999982
2.1                                               0.10279202826897589                               0.10279202826897589                               1.000000000000002
2.1                                               0.11302429633912218                               0.11302429633912218                               1.0000000000000007
2.1                                               0.11302429648851844                               0.11302429648851846                               1.0000000000000024
2.1                                               0.12549196462075418                               0.12549196462075418                               1.0000000000000013
2.1                                               0.12549196531838866                               0.12549196531838866                               0.9999999999999993
2.1                                               0.1401737350465309                                0.1401737350465309                                1.0000000000000007
2.1                                               0.14017373552605292                               0.14017373552605292                               0.9999999999999988
2.1                                               0.14283441306706585                               0.14283441306706585                               0.9999999999999999
2.1                                               0.14847692276451396                               0.14847692276451396                               1
2.1                                               0.1484769262620091                                0.1484769262620091                                0.9999999999999997
2.1                                               0.1570451922896494                                0.15704519228964942                               1.0000000000000004
2.1                                               0.15704519296781927                               0.15704519296781927                               0.9999999999999973
2.1                                               0.1635978994444297                                0.1635978994444297                                1.000000000000001
2.1                                               0.16632191558156956                               0.16632191558156956                               1.0000000000000009
2.1                                               0.17607889634396762                               0.17607889634396762                               1.0000000000000004
2.1                                               0.17607889680770097                               0.17607889680770097                               1.0000000000000002
2.1                                               0.19151068068042337                               0.1915106806804234                                0.9999999999999991
2.1                                               0.19151068477809222                               0.19151068477809222                               0.9999999999999989
2.1                                               0.19724434967700172                               0.19724434967700172                               1.0000000000000009
2.1                                               0.19724435115104694                               0.19724435115104694                               1.0000000000000016
2.1                                               0.22050778169641655                               0.22050778169641658                               0.9999999999999997
2.1                                               0.2205077820873289                                0.2205077820873289                                1.0000000000000004
2.125                                             0.08452609502995406                               0.08452609502995408                               1.000000000000001
2.125                                             0.08567087818635258                               0.08567087818635258                               1.0000000000000018
2.125                                             0.08567087866088809                               0.08567087866088809                               1.0000000000000013
2.125                                             0.08910232020626181                               0.08910232020626181                               1.0000000000000004
2.125                                             0.08910251955297196                               0.08910251955297196                               0.9999999999999984
2.125                                             0.09481319976644112                               0.09481319976644112                               0.9999999999999977
2.125                                             0.09481320011910233                               0.09481320011910233                               0.9999999999999981
2.125                                             0.10279203294410584                               0.10279203294410585                               1.0000000000000002
2.125                                             0.10279203707585982                               0.10279203707585984                               1
2.125                                             0.11302429961321073                               0.11302429961321073                               0.9999999999999991
2.125                                             0.11302429976260424                               0.11302429976260424                               1.0000000000000018
2.125                                             0.1254919658509797                                0.1254919658509797                                0.9999999999999999
2.125                                             0.12549196654635122                               0.12549196654635122                               0.9999999999999974
2.125                                             0.1401737354938331                                0.1401737354938331                                1
2.125                                             0.140173735973351                                 0.140173735973351                                 0.9999999999999976
2.125                                             0.14358080479175073                               0.14358080479175073                               1.0000000000000007
2.125                                             0.1492065585481605                                0.1492065585481605                                0.9999999999999991
2.125                                             0.14920656242913832                               0.14920656242913835                               1.0000000000000027
2.125                                             0.15704519244833964                               0.15704519244833964                               1.0000000000000002
2.125                                             0.15704519312583864                               0.15704519312583867                               0.9999999999999991
2.125                                             0.16398702441082255                               0.16398702441082255                               1.0000000000000016
2.125                                             0.16738558895465694                               0.16738558895465694                               1.0000000000000018
2.125                                             0.17607889639833202                               0.17607889639833205                               0.9999999999999997
2.125                                             0.17607889686206518                               0.17607889686206518                               0.9999999999999964
2.125                                             0.19221184488201087                               0.19221184488201087                               1.0000000000000029
2.125                                             0.19221185081189573                               0.19221185081189576                               0.9999999999999998
2.125                                             0.19724434969516225                               0.19724434969516227                               1.0000000000000009
2.125                                             0.19724435116922104                               0.19724435116922104                               0.9999999999999989
2.125                                             0.220507781702317                                 0.22050778170231702                               1.0000000000000009
2.125                                             0.2205077820932292                                0.2205077820932292                                1.0000000000000018
2.1500000000000004                                0.08452617993438108                               0.08452617993438108                               1.0000000000000004
2.1500000000000004                                0.0856709479804272                                0.08567094798042721                               0.9999999999999991
2.1500000000000004                                0.08567094845504197                               0.08567094845504199                               0.9999999999999997
2.1500000000000004                                0.08910234325719255                               0.08910234325719255                               1
2.1500000000000004                                0.08910257893719079                               0.0891025789371908                                0.9999999999999997
2.1500000000000004                                0.09481321936783392                               0.09481321936783393                               1.0000000000000022
2.1500000000000004                                0.09481321972052072                               0.09481321972052072                               0.9999999999999989
2.1500000000000004                                0.10279204076356556                               0.10279204076356556                               0.9999999999999982
2.1500000000000004                                0.1027920457102426                                0.10279204571024261                               0.9999999999999983
2.1500000000000004                                0.11302430284212665                               0.11302430284212665                               1.0000000000000007
2.1500000000000004                                0.11302430299154193                               0.11302430299154193                               1.0000000000000002
2.1500000000000004                                0.1254919670727475                                0.1254919670727475                                1.0000000000000018
2.1500000000000004                                0.12549196776694152                               0.12549196776694152                               0.9999999999999989
2.1500000000000004                                0.1401737359416409                                0.1401737359416409                                1.0000000000000022
2.1500000000000004                                0.14017373642114994                               0.14017373642114994                               0.9999999999999992
2.1500000000000004                                0.14430767756391372                               0.14430767756391372                               1.000000000000001
2.1500000000000004                                0.1499153475270612                                0.1499153475270612                                0.9999999999999998
2.1500000000000004                                0.1499153506450983                                0.1499153506450983                                0.9999999999999991
2.1500000000000004                                0.1570451926081089                                0.1570451926081089                                1.0000000000000002
2.1500000000000004                                0.1570451932850547                                0.1570451932850547                                1.0000000000000007
2.1500000000000004                                0.16436356644358252                               0.16436356644358252                               0.9999999999999993
2.1500000000000004                                0.16843334022172546                               0.16843334022172546                               0.9999999999999999
2.1500000000000004                                0.17607889645317348                               0.17607889645317348                               0.9999999999999983
2.1500000000000004                                0.17607889691691503                               0.17607889691691506                               0.9999999999999986
2.1500000000000004                                0.19290563663094723                               0.19290563663094726                               1.0000000000000009
2.1500000000000004                                0.1929056410027873                                0.19290564100278731                               1.0000000000000002
2.1500000000000004                                0.19724434971336885                               0.19724434971336888                               1.000000000000001
2.1500000000000004                                0.1972443511874164                                0.19724435118741643                               0.9999999999999993
2.1500000000000004                                0.2205077817080826                                0.22050778170808263                               0.9999999999999997
2.1500000000000004                                0.22050778209899133                               0.22050778209899133                               0.9999999999999989
2.175                                             0.08452626147914512                               0.08452626147914512                               0.9999999999999989
2.175                                             0.0856710151734871                                0.0856710151734871                                1
2.175                                             0.08567101564806202                               0.08567101564806202                               1
2.175                                             0.08910236549481435                               0.08910236549481435                               1.0000000000000016
2.175                                             0.08910263650582223                               0.08910263650582223                               1.0000000000000009
2.175                                             0.09481323846375447                               0.09481323846375447                               0.9999999999999996
2.175                                             0.09481323881634814                               0.09481323881634814                               0.9999999999999991
2.175                                             0.1027920484249718                                0.1027920484249718                                1.000000000000002
2.175                                             0.10279205417526724                               0.10279205417526725                               0.9999999999999989
2.175                                             0.1130243060271696                                0.11302430602716962                               1.0000000000000016
2.175                                             0.11302430617657322                               0.11302430617657322                               0.9999999999999994
2.175                                             0.1254919682865546                                0.1254919682865546                                0.9999999999999994
2.175                                             0.125491968980635                                 0.125491968980635                                 0.9999999999999987
2.175                                             0.1401737363906453                                0.1401737363906453                                0.9999999999999998
2.175                                             0.14017373687012846                               0.14017373687012846                               0.9999999999999992
2.175                                             0.14501540186083534                               0.14501540186083534                               1.0000000000000004
2.175                                             0.15060368437641414                               0.15060368437641414                               1.000000000000002
2.175                                             0.15060368819024816                               0.15060368819024816                               0.9999999999999997
2.175                                             0.15704519276984708                               0.15704519276984708                               1.0000000000000002
2.175                                             0.15704519344639492                               0.15704519344639495                               0.9999999999999981
2.175                                             0.16472794864231277                               0.1647279486423128                                0.9999999999999998
2.175                                             0.16946525027781                                  0.16946525027781                                  1.0000000000000018
2.175                                             0.17607889650944797                               0.17607889650944797                               1.000000000000002
2.175                                             0.1760788969732472                                0.17607889697324722                               0.9999999999999987
2.175                                             0.1935921528270364                                0.19359215282703643                               0.9999999999999976
2.175                                             0.19359216027499687                               0.19359216027499687                               1.0000000000000016
2.175                                             0.1972443497325057                                0.1972443497325057                                0.9999999999999996
2.175                                             0.19724435120652428                               0.19724435120652428                               0.999999999999999
2.175                                             0.2205077817144025                                0.22050778171440252                               1.0000000000000002
2.175                                             0.2205077821053601                                0.2205077821053601                                0.9999999999999986
2.2                                               0.08452633985913376                               0.08452633985913376                               0.9999999999999991
2.2                                               0.08567107990716566                               0.08567107990716566                               0.9999999999999987
2.2                                               0.08567108038174058                               0.0856710803817406                                0.9999999999999986
2.2                                               0.08910238695504315                               0.08910238695504315                               0.9999999999999971
2.2                                               0.08910269234434587                               0.08910269234434587                               0.9999999999999994
2.2                                               0.09481325707274298                               0.09481325707274299                               0.9999999999999989
2.2                                               0.09481325742534556                               0.09481325742534558                               1.0000000000000007
2.2                                               0.10279205593498122                               0.10279205593498124                               0.9999999999999992
2.2                                               0.10279206247354744                               0.10279206247354744                               1.0000000000000002
2.2                                               0.11302430916893579                               0.11302430916893579                               0.9999999999999999
2.2                                               0.1130243093183311                                0.11302430931833111                               0.9999999999999997
2.2                                               0.12549196949201122                               0.12549196949201125                               1.0000000000000013
2.2                                               0.12549197018699904                               0.12549197018699904                               1.0000000000000007
2.2                                               0.14017373684024614                               0.14017373684024614                               0.9999999999999994
2.2                                               0.14017373731973648                               0.14017373731973648                               1.0000000000000002
2.2                                               0.1457043436870501                                0.14570434368705013                               1.0000000000000007
2.2                                               0.15127196796447295                               0.15127196796447295                               0.9999999999999982
2.2                                               0.15127197169451684                               0.15127197169451684                               0.9999999999999986
2.2                                               0.15704519293298141                               0.15704519293298141                               1.000000000000001
2.2                                               0.15704519360922697                               0.15704519360922697                               0.9999999999999994
2.2                                               0.16508056618827316                               0.16508056618827316                               1.0000000000000018
2.2                                               0.17048139808611007                               0.17048139808611007                               0.9999999999999997
2.2                                               0.17607889656663228                               0.1760788965666323                                0.9999999999999989
2.2                                               0.17607889703040702                               0.17607889703040705                               0.9999999999999999
2.2                                               0.19427145747297153                               0.19427145747297153                               1.0000000000000004
2.2                                               0.19427146528283074                               0.19427146528283074                               0.9999999999999999
2.2                                               0.1972443497519829                                0.1972443497519829                                0.9999999999999999
2.2                                               0.19724435122605694                               0.19724435122605696                               1.0000000000000009
2.2                                               0.22050778172087382                               0.22050778172087382                               1.0000000000000018
2.2                                               0.22050778211182376                               0.22050778211182379                               1
2.225                                             0.08452641525417091                               0.08452641525417091                               0.9999999999999993
2.225                                             0.08567114231301981                               0.08567114231301982                               0.9999999999999993
2.225                                             0.08567114278773609                               0.08567114278773609                               1.000000000000002
2.225                                             0.08910240767269324                               0.08910240767269324                               0.9999999999999991
2.225                                             0.08910274653286887                               0.08910274653286887                               1.0000000000000004
2.225                                             0.09481327521315143                               0.09481327521315144                               0.9999999999999994
2.225                                             0.09481327556573885                               0.09481327556573885                               1.0000000000000002
2.225                                             0.10279206330007071                               0.10279206330007072                               0.9999999999999998
2.225                                             0.10279207060831014                               0.10279207060831014                               1.0000000000000016
2.225                                             0.11302431226829755                               0.11302431226829755                               0.9999999999999992
2.225                                             0.11302431241771356                               0.11302431241771356                               1.0000000000000018
2.225                                             0.12549197068914614                               0.12549197068914614                               0.9999999999999986
2.225                                             0.12549197138585363                               0.12549197138585363                               1.0000000000000004
2.225                                             0.14017373729036248                               0.14017373729036248                               0.9999999999999978
2.225                                             0.14017373776986128                               0.14017373776986128                               0.9999999999999997
2.225                                             0.14637488652128477                               0.14637488652128477                               1.000000000000002
2.225                                             0.15192062253389216                               0.15192062253389216                               0.9999999999999988
2.225                                             0.15192062418369148                               0.15192062418369148                               1
2.225                                             0.15704519309750833                               0.15704519309750833                               0.9999999999999983
2.225                                             0.15704519377366966                               0.15704519377366966                               0.999999999999998
2.225                                             0.16542182792991103                               0.16542182792991103                               1.0000000000000016
2.225                                             0.17148189125917507                               0.17148189125917507                               1.0000000000000007
2.225                                             0.17607889662487902                               0.17607889662487902                               0.9999999999999994
2.225                                             0.1760788970886527                                0.1760788970886527                                0.9999999999999994
2.225                                             0.19494363613007162                               0.19494363613007165                               1.000000000000001
2.225                                             0.1949436425145394                                0.1949436425145394                                0.9999999999999982
2.225                                             0.19724434977211608                               0.1972443497721161                                1.0000000000000004
2.225                                             0.19724435124628686                               0.19724435124628686                               1.0000000000000013
2.225                                             0.22050778172779645                               0.22050778172779645                               0.9999999999999996
2.225                                             0.2205077821187446                                0.2205077821187446                                1.000000000000001
2.25                                              0.08452648783052559                               0.08452648783052559                               0.9999999999999997
2.25                                              0.08567120251320717                               0.08567120251320717                               0.9999999999999974
2.25                                              0.08567120298792019                               0.08567120298792019                               1.0000000000000002
2.25                                              0.0891024276793724                                0.0891024276793724                                0.9999999999999974
2.25                                              0.08910279914639814                               0.08910279914639815                               1.0000000000000002
2.25                                              0.09481329290156242                               0.09481329290156243                               0.9999999999999984
2.25                                              0.09481329325416815                               0.09481329325416817                               0.9999999999999999
2.25                                              0.1027920705258104                                0.1027920705258104                                1.0000000000000002
2.25                                              0.1027920785822282                                0.1027920785822282                                0.9999999999999998
2.25                                              0.11302431532594381                               0.11302431532594381                               0.9999999999999998
2.25                                              0.11302431547534272                               0.11302431547534274                               0.9999999999999984
2.25                                              0.1254919718777888                                0.1254919718777888                                0.999999999999998
2.25                                              0.12549197257715333                               0.12549197257715333                               1.0000000000000004
2.25                                              0.14017373774080547                               0.14017373774080547                               0.9999999999999988
2.25                                              0.14017373822030038                               0.14017373822030038                               1.0000000000000004
2.25                                              0.1470273969653425                                0.1470273969653425                                0.9999999999999996
2.25                                              0.15255005533717814                               0.15255005533717814                               1.000000000000001
2.25                                              0.15255005660934814                               0.15255005660934814                               0.9999999999999987
2.25                                              0.1570451932633939                                0.1570451932633939                                0.9999999999999999
2.25                                              0.15704519393927008                               0.15704519393927008                               0.9999999999999993
2.25                                              0.1657520933242718                                0.1657520933242718                                1.0000000000000002
2.25                                              0.17246681848555964                               0.17246681848555967                               1.0000000000000004
2.25                                              0.1760788966838745                                0.17607889668387453                               0.9999999999999998
2.25                                              0.17607889714765082                               0.17607889714765085                               1.0000000000000022
2.25                                              0.1956087102316813                                0.1956087102316813                                0.999999999999998
2.25                                              0.195608717409611                                 0.19560871740961103                               0.9999999999999994
2.25                                              0.19724434979267502                               0.19724434979267505                               0.9999999999999999
2.25                                              0.19724435126664708                               0.1972443512666471                                1
2.25                                              0.22050778173473823                               0.22050778173473826                               1.0000000000000016
2.25                                              0.2205077821256909                                0.2205077821256909                                1.0000000000000013
2.2750000000000004                                0.08452655774226006                               0.08452655774226006                               1.000000000000002
2.2750000000000004                                0.08567126062142885                               0.08567126062142885                               0.999999999999998
2.2750000000000004                                0.08567126109616548                               0.08567126109616549                               0.9999999999999974
2.2750000000000004                                0.08910244700606722                               0.08910244700606722                               1.0000000000000004
2.2750000000000004                                0.08910285025532877                               0.08910285025532877                               0.999999999999998
2.2750000000000004                                0.0948133101543834                                0.0948133101543834                                0.9999999999999979
2.2750000000000004                                0.09481331050696318                               0.09481331050696318                               1.0000000000000002
2.2750000000000004                                0.10279207761760865                               0.10279207761760865                               1.0000000000000033
2.2750000000000004                                0.10279208639848736                               0.10279208639848737                               0.9999999999999992
2.2750000000000004                                0.1130243183426328                                0.1130243183426328                                0.9999999999999983
2.2750000000000004                                0.11302431849203498                               0.11302431849203498                               1.0000000000000002
2.2750000000000004                                0.12549197305812482                               0.12549197305812482                               0.9999999999999981
2.2750000000000004                                0.1254919737607259                                0.1254919737607259                                0.9999999999999991
2.2750000000000004                                0.14017373819158319                               0.14017373819158319                               0.9999999999999989
2.2750000000000004                                0.14017373867107716                               0.14017373867107716                               0.9999999999999977
2.2750000000000004                                0.1476622564784494                                0.1476622564784494                                0.9999999999999992
2.2750000000000004                                0.15316069824637418                               0.15316069824637418                               0.9999999999999988
2.2750000000000004                                0.15316069952441153                               0.15316069952441155                               0.9999999999999988
2.2750000000000004                                0.15704519343055523                               0.15704519343055523                               0.9999999999999987
2.2750000000000004                                0.15704519410635837                               0.15704519410635837                               1.0000000000000004
2.2750000000000004                                0.16607173962181526                               0.16607173962181526                               1.0000000000000002
2.2750000000000004                                0.173436287169426                                 0.17343628716942602                               0.9999999999999998
2.2750000000000004                                0.17607889674380767                               0.17607889674380767                               1.0000000000000013
2.2750000000000004                                0.17607889720758277                               0.1760788972075828                                0.9999999999999997
2.2750000000000004                                0.19626672544958393                               0.19626672544958393                               1.000000000000001
2.2750000000000004                                0.19626673414205342                               0.19626673414205342                               1.0000000000000022
2.2750000000000004                                0.19724434981355554                               0.19724434981355554                               1.0000000000000007
2.2750000000000004                                0.19724435128761267                               0.19724435128761267                               0.9999999999999996
2.2750000000000004                                0.2205077817418617                                0.22050778174186172                               1.0000000000000016
2.2750000000000004                                0.22050778213280697                               0.22050778213280697                               1
2.3                                               0.08452662513233088                               0.08452662513233088                               1.0000000000000016
2.3                                               0.08567131674366436                               0.08567131674366436                               1.0000000000000009
2.3                                               0.0856713172184285                                0.0856713172184285                                0.9999999999999994
2.3                                               0.08910246568164336                               0.08910246568164336                               1.000000000000001
2.3                                               0.08910289992591451                               0.08910289992591451                               1
2.3                                               0.09481332698703816                               0.09481332698703816                               0.9999999999999999
2.3                                               0.09481332733958697                               0.09481332733958697                               1.0000000000000009
2.3                                               0.10279208458059133                               0.10279208458059133                               0.9999999999999994
2.3                                               0.1027920940600589                                0.1027920940600589                                1.000000000000001
2.3                                               0.11302432131904536                               0.11302432131904536                               1
2.3                                               0.11302432146844524                               0.11302432146844525                               0.9999999999999999
2.3                                               0.1254919742298151                                0.1254919742298151                                1.0000000000000002
2.3                                               0.125491974936511                                 0.125491974936511                                 0.9999999999999997
2.3                                               0.1401737386423652                                0.1401737386423652                                1.0000000000000013
2.3                                               0.1401737391218641                                0.1401737391218641                                1
2.3                                               0.14827985356281015                               0.14827985356281018                               0.9999999999999991
2.3                                               0.15375299233345974                               0.15375299233345974                               0.9999999999999997
2.3                                               0.15375299345037113                               0.15375299345037113                               1
2.3                                               0.15704519359875355                               0.15704519359875355                               1.0000000000000016
2.3                                               0.15704519427460303                               0.15704519427460303                               0.9999999999999998
2.3                                               0.16638111993671872                               0.16638111993671872                               1.0000000000000024
2.3                                               0.17439043293741546                               0.17439043293741546                               0.9999999999999999
2.3                                               0.17607889680448963                               0.17607889680448965                               1.0000000000000013
2.3                                               0.1760788972682374                                0.17607889726823742                               1.000000000000001
2.3                                               0.19691771924996782                               0.19691771924996782                               0.9999999999999998
2.3                                               0.19691772885385825                               0.19691772885385828                               1.0000000000000009
2.3                                               0.19724434983473385                               0.19724434983473385                               1.0000000000000013
2.3                                               0.19724435130898405                               0.19724435130898407                               1.0000000000000013
2.3                                               0.22050778174912625                               0.22050778174912625                               1.000000000000002
2.3                                               0.22050778214007016                               0.2205077821400702                                1.0000000000000018
2.325                                             0.08452669012997718                               0.08452669012997718                               1.0000000000000002
2.325                                             0.08567137097769817                               0.08567137097769818                               0.9999999999999988
2.325                                             0.08567137144863307                               0.08567137144863309                               1.000000000000001
2.325                                             0.08910248373013095                               0.08910248373013097                               0.9999999999999996
2.325                                             0.08910294821989923                               0.08910294821989923                               0.9999999999999998
2.325                                             0.09481334341241819                               0.0948133434124182                                1.0000000000000009
2.325                                             0.09481334376632823                               0.09481334376632823                               1.0000000000000009
2.325                                             0.1027920914182674                                0.10279209141826741                               1.0000000000000007
2.325                                             0.1027921015698225                                0.1027921015698225                                1.000000000000002
2.325                                             0.11302432425545268                               0.11302432425545268                               1.0000000000000013
2.325                                             0.11302432440476298                               0.11302432440476298                               0.9999999999999992
2.325                                             0.12549197539262136                               0.12549197539262136                               0.9999999999999993
2.325                                             0.12549197610401697                               0.12549197610401697                               0.9999999999999971
2.325                                             0.14017373909285774                               0.14017373909285774                               1
2.325                                             0.14017373957238238                               0.14017373957238238                               1.0000000000000004
2.325                                             0.1488805338564871                                0.1488805338564871                                0.9999999999999988
2.325                                             0.15432730099952888                               0.15432730099952888                               0.9999999999999992
2.325                                             0.1543273753762928                                0.1543273753762928                                1.0000000000000009
2.325                                             0.15704519376797393                               0.15704519376797393                               1
2.325                                             0.1570451944437904                                0.1570451944437904                                0.9999999999999987
2.325                                             0.1666805254459092                                0.1666805254459092                                1.0000000000000029
2.325                                             0.1753293624102478                                0.17532936241024782                               1.0000000000000004
2.325                                             0.17607889686591127                               0.1760788968659113                                1.0000000000000004
2.325                                             0.17607889732963927                               0.17607889732963927                               1.000000000000002
2.325                                             0.19724434985646466                               0.19724434985646466                               1.0000000000000004
2.325                                             0.1972443513306198                                0.19724435133061982                               1.0000000000000002
2.325                                             0.19756166427838306                               0.1975616642783831                                0.9999999999999998
2.325                                             0.197561704738117                                 0.197561704738117                                 1.000000000000002
2.325                                             0.22050778175656904                               0.22050778175656907                               1.0000000000000007
2.325                                             0.22050778214756311                               0.22050778214756311                               1.0000000000000004
2.35                                              0.08452675286591176                               0.08452675286591176                               1.0000000000000004
2.35                                              0.08567142341810086                               0.08567142341810086                               1.0000000000000004
2.35                                              0.0856714238891687                                0.0856714238891687                                1.0000000000000007
2.35                                              0.08910250118516458                               0.08910250118516459                               1.0000000000000004
2.35                                              0.08910299519627006                               0.08910299519627006                               0.999999999999998
2.35                                              0.0948133594481961                                0.0948133594481961                                0.9999999999999992
2.35                                              0.09481335980216263                               0.09481335980216263                               0.9999999999999982
2.35                                              0.10279209813728261                               0.10279209813728263                               0.9999999999999986
2.35                                              0.10279210893131227                               0.10279210893131228                               0.9999999999999996
2.35                                              0.11302432715337478                               0.11302432715337478                               1.0000000000000002
2.35                                              0.1130243273026901                                0.11302432730269012                               1
2.35                                              0.12549197654718647                               0.12549197654718647                               0.9999999999999989
2.35                                              0.12549197726390882                               0.12549197726390884                               0.999999999999999
2.35                                              0.14017373954351073                               0.14017373954351073                               1
2.35                                              0.1401737400229675                                0.1401737400229675                                1.0000000000000013
2.35                                              0.1494647591302129                                0.1494647591302129                                1.0000000000000013
2.35                                              0.1548842223817949                                0.1548842223817949                                1.0000000000000013
2.35                                              0.15488429707088275                               0.15488429707088275                               1.000000000000002
2.35                                              0.15704519393830782                               0.15704519393830782                               0.9999999999999989
2.35                                              0.15704519461432329                               0.15704519461432329                               1.0000000000000009
2.35                                              0.16697041740996038                               0.16697041740996038                               1.0000000000000009
2.35                                              0.1760788969281765                                0.1760788969281765                                1.0000000000000013
2.35                                              0.17607889739193494                               0.17607889739193494                               1.0000000000000024
2.35                                              0.17625322307219726                               0.1762532230721973                                1.0000000000000004
2.35                                              0.19724434987851924                               0.19724434987851924                               0.9999999999999996
2.35                                              0.19724435135280094                               0.19724435135280094                               1.000000000000001
2.35                                              0.19819866400347658                               0.19819866400347658                               0.9999999999999996
2.35                                              0.198198707951748                                 0.19819870795174802                               0.9999999999999996
2.35                                              0.2205077817642147                                0.22050778176421473                               0.9999999999999993
2.35                                              0.22050778215519978                               0.22050778215519978                               0.9999999999999984
2.375                                             0.08452681345146859                               0.0845268134514686                                1.0000000000000016
2.375                                             0.08567147414998359                               0.08567147414998359                               1.000000000000001
2.375                                             0.08567147462122025                               0.08567147462122025                               0.9999999999999997
2.375                                             0.08910251806749578                               0.08910251806749578                               0.9999999999999992
2.375                                             0.0891030409098068                                0.0891030409098068                                0.9999999999999978
2.375                                             0.09481337510585625                               0.09481337510585626                               1
2.375                                             0.09481337545979837                               0.09481337545979837                               0.9999999999999992
2.375                                             0.10279210474061845                               0.10279210474061845                               0.9999999999999982
2.375                                             0.10279211614715539                               0.1027921161471554                                1.000000000000002
2.375                                             0.11302433001300934                               0.11302433001300935                               1.0000000000000002
2.375                                             0.11302433016229466                               0.11302433016229467                               1
2.375                                             0.12549197769309867                               0.12549197769309867                               0.9999999999999999
2.375                                             0.12549197841574736                               0.12549197841574736                               0.9999999999999984
2.375                                             0.14017373999385654                               0.14017373999385654                               0.9999999999999989
2.375                                             0.1401737404733175                                0.1401737404733175                                1.0000000000000009
2.375                                             0.15003287474611307                               0.15003287474611307                               1.0000000000000013
2.375                                             0.15542412466330705                               0.15542412466330705                               0.9999999999999986
2.375                                             0.1554241981441448                                0.1554241981441448                                0.9999999999999986
2.375                                             0.15704519410963608                               0.15704519410963608                               1.000000000000002
2.375                                             0.15704519478584353                               0.15704519478584353                               1.0000000000000016
2.375                                             0.16725105415256974                               0.16725105415256974                               0.9999999999999967
2.375                                             0.17607889699123333                               0.17607889699123336                               0.9999999999999998
2.375                                             0.17607889745495237                               0.1760788974549524                                1.0000000000000009
2.375                                             0.17716214114409234                               0.17716214114409234                               0.9999999999999997
2.375                                             0.19724434990101963                               0.19724434990101966                               0.9999999999999991
2.375                                             0.19724435137533433                               0.19724435137533433                               1
2.375                                             0.19882867707263457                               0.1988286770726346                                0.9999999999999992
2.375                                             0.19882871902571989                               0.19882871902571989                               1.0000000000000007
2.375                                             0.2205077817720273                                0.2205077817720273                                1.0000000000000007
2.375                                             0.2205077821630202                                0.2205077821630202                                1.0000000000000004
2.4000000000000004                                0.08452687199403744                               0.08452687199403744                               0.9999999999999999
2.4000000000000004                                0.08567152325432108                               0.08567152325432108                               1.000000000000001
2.4000000000000004                                0.08567152372573755                               0.08567152372573755                               1.0000000000000002
2.4000000000000004                                0.08910253440084444                               0.08910253440084445                               1.0000000000000002
2.4000000000000004                                0.08910308541252882                               0.08910308541252883                               1.0000000000000018
2.4000000000000004                                0.09481339039824324                               0.09481339039824324                               1.0000000000000022
2.4000000000000004                                0.09481339075217671                               0.09481339075217672                               1.0000000000000013
2.4000000000000004                                0.10279211123228015                               0.10279211123228015                               1.0000000000000002
2.4000000000000004                                0.10279212322040644                               0.10279212322040644                               1.0000000000000016
2.4000000000000004                                0.1130243328350127                                0.1130243328350127                                1.0000000000000009
2.4000000000000004                                0.1130243329843432                                0.1130243329843432                                0.9999999999999979
2.4000000000000004                                0.1254919788304266                                0.1254919788304266                                1.000000000000001
2.4000000000000004                                0.12549197955956992                               0.12549197955956995                               1.0000000000000016
2.4000000000000004                                0.14017374044396017                               0.1401737404439602                                1.0000000000000009
2.4000000000000004                                0.14017374092338358                               0.14017374092338358                               0.9999999999999978
2.4000000000000004                                0.15058526512570128                               0.15058526512570128                               1.000000000000001
2.4000000000000004                                0.15594745453714692                               0.15594745453714695                               0.9999999999999998
2.4000000000000004                                0.15594752778084675                               0.15594752778084675                               0.9999999999999993
2.4000000000000004                                0.15704519428201524                               0.15704519428201527                               0.9999999999999993
2.4000000000000004                                0.15704519495843144                               0.15704519495843144                               1.0000000000000024
2.4000000000000004                                0.16752275413915307                               0.16752275413915307                               0.999999999999999
2.4000000000000004                                0.17607889705513816                               0.17607889705513816                               1.0000000000000009
2.4000000000000004                                0.1760788975188482                                0.1760788975188482                                0.9999999999999991
2.4000000000000004                                0.17805626285946158                               0.17805626285946158                               0.9999999999999998
2.4000000000000004                                0.19724434992398973                               0.19724434992398973                               0.9999999999999994
2.4000000000000004                                0.19724435139840443                               0.19724435139840443                               1.0000000000000018
2.4000000000000004                                0.19945171071160966                               0.19945171071160966                               1.0000000000000002
2.4000000000000004                                0.19945174960569634                               0.19945174960569637                               0.9999999999999979
2.4000000000000004                                0.22050778178011238                               0.22050778178011238                               1.0000000000000029
2.4000000000000004                                0.22050778217109107                               0.2205077821710911                                1.0000000000000002
2.425                                             0.08452692859369836                               0.08452692859369836                               0.9999999999999986
2.425                                             0.08567157080680123                               0.08567157080680123                               1.0000000000000002
2.425                                             0.08567157127831121                               0.08567157127831122                               1.0000000000000009
2.425                                             0.08910255020731976                               0.08910255020731978                               1.0000000000000004
2.425                                             0.08910312875338568                               0.08910312875338568                               1.0000000000000013
2.425                                             0.09481340533746394                               0.09481340533746394                               1.0000000000000004
2.425                                             0.0948134056913519                                0.0948134056913519                                1.0000000000000007
2.425                                             0.1027921176159166                                0.1027921176159166                                1.0000000000000013
2.425                                             0.10279213015385971                               0.10279213015385971                               0.9999999999999989
2.425                                             0.11302433561995368                               0.11302433561995368                               1.0000000000000042
2.425                                             0.11302433576928694                               0.11302433576928696                               1.0000000000000009
2.425                                             0.1254919799589647                                0.1254919799589647                                1.0000000000000007
2.425                                             0.1254919806951863                                0.1254919806951863                                0.9999999999999961
2.425                                             0.14017374089345058                               0.14017374089345058                               1.000000000000001
2.425                                             0.14017374137288818                               0.1401737413728882                                0.9999999999999986
2.425                                             0.15112231136772963                               0.15112231136772963                               0.9999999999999989
2.425                                             0.15645465736967998                               0.15645465736967998                               1.000000000000002
2.425                                             0.15645472944787722                               0.15645472944787725                               1.000000000000001
2.425                                             0.15704519445514797                               0.15704519445514797                               0.9999999999999996
2.425                                             0.1570451951317622                                0.1570451951317622                                1.0000000000000002
2.425                                             0.16778581890750388                               0.16778581890750388                               1.0000000000000007
2.425                                             0.17607889711964958                               0.17607889711964958                               0.9999999999999982
2.425                                             0.17607889758334802                               0.17607889758334802                               1
2.425                                             0.1789357329288005                                0.1789357329288005                                1.0000000000000009
2.425                                             0.1972443499473116                                0.19724434994731163                               1.0000000000000007
2.425                                             0.1972443514217257                                0.1972443514217257                                0.9999999999999979
2.425                                             0.20006775641694546                               0.2000677564169455                                0.9999999999999973
2.425                                             0.200067790567796                                 0.200067790567796                                 0.9999999999999977
2.425                                             0.2205077817883223                                0.22050778178832234                               1.0000000000000004
2.425                                             0.2205077821792693                                0.2205077821792693                                1.000000000000001
2.45                                              0.08452698334421835                               0.08452698334421835                               1
2.45                                              0.08567161687845591                               0.08567161687845591                               1.0000000000000007
2.45                                              0.0856716173502118                                0.0856716173502118                                1.0000000000000009
2.45                                              0.0891025655082148                                0.08910256550821481                               0.999999999999999
2.45                                              0.08910317097861883                               0.08910317097861885                               1.0000000000000022
2.45                                              0.09481341993513746                               0.09481341993513746                               0.9999999999999998
2.45                                              0.09481342028898856                               0.09481342028898856                               1.0000000000000004
2.45                                              0.10279212389498166                               0.10279212389498166                               1.0000000000000013
2.45                                              0.10279213695045464                               0.10279213695045464                               0.9999999999999988
2.45                                              0.1130243383684687                                0.11302433836846872                               0.9999999999999989
2.45                                              0.1130243385177936                                0.11302433851779362                               1.0000000000000002
2.45                                              0.12549198107880372                               0.12549198107880372                               0.9999999999999999
2.45                                              0.12549198182264676                               0.12549198182264676                               1.0000000000000013
2.45                                              0.14017374134237717                               0.14017374134237717                               0.9999999999999996
2.45                                              0.14017374182185588                               0.14017374182185588                               1.0000000000000007
2.45                                              0.15164439325311524                               0.15164439325311524                               0.9999999999999989
2.45                                              0.15694617660419394                               0.15694617660419394                               1
2.45                                              0.15694624754224154                               0.15694624754224154                               1.0000000000000009
2.45                                              0.15704519462909802                               0.15704519462909802                               1.0000000000000004
2.45                                              0.15704519530594963                               0.15704519530594963                               0.9999999999999987
2.45                                              0.1680405433365634                                0.1680405433365634                                1.0000000000000013
2.45                                              0.1760788971848814                                0.17607889718488143                               1.0000000000000009
2.45                                              0.17607889764857004                               0.17607889764857007                               1.0000000000000022
2.45                                              0.17980070161018907                               0.1798007016101891                                0.9999999999999999
2.45                                              0.19724434997105905                               0.19724434997105905                               0.9999999999999996
2.45                                              0.19724435144543231                               0.19724435144543231                               0.9999999999999996
2.45                                              0.20067680332174007                               0.2006768033217401                                1.0000000000000022
2.45                                              0.20067683832465866                               0.20067683832465869                               0.9999999999999973
2.45                                              0.2205077817967265                                0.2205077817967265                                0.9999999999999993
2.45                                              0.22050778218763412                               0.22050778218763414                               0.9999999999999994
2.475                                             0.0845270363335414                                0.0845270363335414                                1.0000000000000002
2.475                                             0.0856716615363635                                0.0856716615363635                                0.9999999999999996
2.475                                             0.08567166200835878                               0.08567166200835878                               1.0000000000000009
2.475                                             0.08910258032365545                               0.08910258032365545                               0.9999999999999987
2.475                                             0.08910321213233752                               0.08910321213233752                               0.9999999999999989
2.475                                             0.09481343420251427                               0.09481343420251429                               0.9999999999999994
2.475                                             0.0948134345562664                                0.09481343455626641                               1
2.475                                             0.10279213007287927                               0.10279213007287928                               1.0000000000000002
2.475                                             0.10279214361298837                               0.10279214361298837                               0.9999999999999999
2.475                                             0.11302434108113477                               0.11302434108113478                               0.9999999999999989
2.475                                             0.11302434123047138                               0.11302434123047138                               1.000000000000004
2.475                                             0.12549198218987556                               0.12549198218987556                               1.0000000000000029
2.475                                             0.12549198294196628                               0.12549198294196628                               0.9999999999999993
2.475                                             0.14017374179068587                               0.14017374179068587                               0.999999999999999
2.475                                             0.14017374227013826                               0.14017374227013826                               0.9999999999999982
2.475                                             0.15215188831899934                               0.15215188831899934                               1.0000000000000007
2.475                                             0.1570451948038291                                0.1570451948038291                                0.9999999999999989
2.475                                             0.1570451954809018                                0.1570451954809018                                0.9999999999999989
2.475                                             0.157422455044932                                 0.157422455044932                                 0.999999999999999
2.475                                             0.15742252282414015                               0.15742252282414015                               1.0000000000000009
2.475                                             0.1682872109552857                                0.16828721095528573                               1.0000000000000004
2.475                                             0.1760788972508035                                0.1760788972508035                                0.9999999999999993
2.475                                             0.17607889771449722                               0.17607889771449722                               1.000000000000001
2.475                                             0.1806513311795357                                0.1806513311795357                                0.9999999999999981
2.475                                             0.1972443499951786                                0.19724434999517862                               1.0000000000000002
2.475                                             0.19724435146956276                               0.19724435146956276                               0.9999999999999969
2.475                                             0.2012788523334496                                0.2012788523334496                                1.0000000000000009
2.475                                             0.20127888414322748                               0.2012788841432275                                0.9999999999999983
2.475                                             0.2205077818052883                                0.22050778180528832                               1.0000000000000009
2.475                                             0.22050778219621964                               0.22050778219621964                               0.9999999999999993
2.5                                               0.0845270876437908                                0.0845270876437908                                0.9999999999999967
2.5                                               0.08567170484326983                               0.08567170484326984                               1.0000000000000009
2.5                                               0.08567170531547653                               0.08567170531547655                               0.9999999999999982
2.5                                               0.08910259467288303                               0.08910259467288303                               1.0000000000000013
2.5                                               0.08910325225583529                               0.0891032522558353                                1.0000000000000018
2.5                                               0.09481344815021875                               0.09481344815021876                               0.9999999999999999
2.5                                               0.09481344850385887                               0.09481344850385887                               1.0000000000000007
2.5                                               0.10279213615271121                               0.10279213615271121                               0.9999999999999982
2.5                                               0.10279215014433131                               0.10279215014433132                               0.9999999999999992
2.5                                               0.11302434375858549                               0.11302434375858549                               0.9999999999999989
2.5                                               0.11302434390793047                               0.11302434390793048                               1.0000000000000002
2.5                                               0.12549198329227013                               0.12549198329227013                               0.9999999999999998
2.5                                               0.12549198405316533                               0.12549198405316533                               1.000000000000003
2.5                                               0.140173742238336                                 0.140173742238336                                 1.0000000000000004
2.5                                               0.14017374271779426                               0.14017374271779426                               1.0000000000000002
2.5                                               0.15264516975688408                               0.15264516975688408                               1.000000000000002
2.5                                               0.15704519497936248                               0.15704519497936248                               0.9999999999999996
2.5                                               0.15704519565672545                               0.15704519565672545                               0.9999999999999986
2.5                                               0.15788392992729536                               0.15788392992729536                               1.0000000000000016
2.5                                               0.15788399252397659                               0.15788399252397659                               1.0000000000000018
2.5                                               0.16852609914426403                               0.16852609914426403                               1.0000000000000007
2.5                                               0.17607889731751666                               0.1760788973175167                                1.0000000000000007
2.5                                               0.1760788977812447                                0.1760788977812447                                0.9999999999999988
2.5                                               0.1814877771397957                                0.1814877771397957                                1.0000000000000002
2.5                                               0.19724435001981674                               0.19724435001981674                               1.0000000000000016
2.5                                               0.19724435149419978                               0.1972443514941998                                0.9999999999999991
2.5                                               0.20187388868506595                               0.20187388868506595                               0.9999999999999973
2.5                                               0.20187391845414543                               0.20187391845414546                               0.9999999999999997
2.5                                               0.2205077818141593                                0.2205077818141593                                0.9999999999999994
2.5                                               0.22050778220507322                               0.22050778220507322                               0.9999999999999999
2.5250000000000004                                0.08452713735198097                               0.08452713735198097                               1.0000000000000016
2.5250000000000004                                0.08567174685815479                               0.08567174685815479                               0.9999999999999999
2.5250000000000004                                0.08567174733058494                               0.08567174733058495                               1.0000000000000007
2.5250000000000004                                0.08910260857402065                               0.08910260857402066                               0.9999999999999968
2.5250000000000004                                0.08910329138826836                               0.08910329138826836                               0.9999999999999996
2.5250000000000004                                0.09481346178834411                               0.09481346178834413                               1.000000000000002
2.5250000000000004                                0.09481346214189142                               0.09481346214189142                               0.9999999999999987
2.5250000000000004                                0.10279214213742333                               0.10279214213742334                               0.9999999999999994
2.5250000000000004                                0.10279215654709097                               0.10279215654709098                               1.0000000000000002
2.5250000000000004                                0.11302434640127301                               0.11302434640127301                               0.999999999999998
2.5250000000000004                                0.113024346550616                                 0.113024346550616                                 0.999999999999999
2.5250000000000004                                0.12549198438577683                               0.12549198438577683                               1.000000000000001
2.5250000000000004                                0.12549198515608226                               0.12549198515608226                               1.0000000000000013
2.5250000000000004                                0.14017374268502136                               0.14017374268502136                               0.9999999999999983
2.5250000000000004                                0.1401737431644803                                0.1401737431644803                                0.9999999999999966
2.5250000000000004                                0.15312460483622437                               0.15312460483622437                               0.9999999999999983
2.5250000000000004                                0.15704519515543858                               0.15704519515543858                               1.0000000000000016
2.5250000000000004                                0.15704519583301424                               0.15704519583301424                               0.9999999999999994
2.5250000000000004                                0.15833103010931893                               0.15833103010931893                               1.0000000000000022
2.5250000000000004                                0.15833108818333178                               0.15833108818333178                               0.9999999999999994
2.5250000000000004                                0.1687574712704823                                0.1687574712704823                                0.9999999999999996
2.5250000000000004                                0.17607889738476679                               0.1760788973847668                                0.9999999999999999
2.5250000000000004                                0.17607889784847539                               0.17607889784847539                               1.0000000000000009
2.5250000000000004                                0.18231019853794403                               0.18231019853794406                               1.0000000000000016
2.5250000000000004                                0.1972443500446866                                0.19724435004468663                               0.9999999999999996
2.5250000000000004                                0.19724435151913122                               0.19724435151913125                               0.9999999999999979
2.5250000000000004                                0.2024618955271562                                0.2024618955271562                                0.9999999999999981
2.5250000000000004                                0.20246192412850578                               0.20246192412850578                               1.0000000000000013
2.5250000000000004                                0.22050778182313308                               0.2205077818231331                                0.9999999999999998
2.5250000000000004                                0.22050778221401007                               0.2205077822140101                                0.9999999999999994
2.55                                              0.08452718553040849                               0.08452718553040849                               0.9999999999999996
2.55                                              0.08567178763659682                               0.08567178763659682                               1.0000000000000002
2.55                                              0.08567178810925628                               0.0856717881092563                                0.999999999999999
2.55                                              0.08910262204445449                               0.0891026220444545                                0.9999999999999976
2.55                                              0.0891033295666975                                0.0891033295666975                                1
2.55                                              0.09481347512658893                               0.09481347512658893                               0.9999999999999993
2.55                                              0.09481347548016592                               0.09481347548016592                               0.999999999999999
2.55                                              0.10279214802983065                               0.10279214802983065                               0.9999999999999991
2.55                                              0.10279216282401175                               0.10279216282401177                               0.9999999999999986
2.55                                              0.11302434900978431                               0.11302434900978431                               1.0000000000000013
2.55                                              0.11302434915913347                               0.11302434915913347                               1.0000000000000013
2.55                                              0.1254919854704238                                0.1254919854704238                                1.0000000000000002
2.55                                              0.12549198625081912                               0.12549198625081912                               1.0000000000000016
2.55                                              0.140173743130753                                 0.140173743130753                                 1.0000000000000002
2.55                                              0.14017374361022633                               0.14017374361022633                               1.0000000000000002
2.55                                              0.1535905582854354                                0.1535905582854354                                0.9999999999999997
2.55                                              0.15704519533207723                               0.15704519533207725                               1.0000000000000024
2.55                                              0.15704519600989159                               0.15704519600989159                               1.000000000000001
2.55                                              0.15876418195546035                               0.15876418195546035                               1.0000000000000009
2.55                                              0.158764237086932                                 0.158764237086932                                 0.9999999999999992
2.55                                              0.1689815843082424                                0.1689815843082424                                0.999999999999999
2.55                                              0.1760788974526408                                0.1760788974526408                                1.0000000000000002
2.55                                              0.17607889791633669                               0.17607889791633669                               1.0000000000000042
2.55                                              0.18311876249441317                               0.1831187624944132                                0.9999999999999999
2.55                                              0.1972443500699524                                0.1972443500699524                                1.0000000000000007
2.55                                              0.1972443515444537                                0.1972443515444537                                0.9999999999999983
2.55                                              0.20304286305775893                               0.20304286305775893                               1.000000000000002
2.55                                              0.20304289226205077                               0.20304289226205077                               0.999999999999999
2.55                                              0.2205077818322645                                0.22050778183226452                               0.9999999999999993
2.55                                              0.22050778222321696                               0.22050778222321699                               0.9999999999999994
2.575                                             0.08452723224886496                               0.08452723224886496                               1.0000000000000013
2.575                                             0.08567182723148575                               0.08567182723148575                               1.0000000000000004
2.575                                             0.08567182770632666                               0.08567182770632667                               1.000000000000001
2.575                                             0.08910263510203674                               0.08910263510203674                               1.0000000000000022
2.575                                             0.08910336682649456                               0.08910336682649456                               0.9999999999999999
2.575                                             0.09481348817501696                               0.09481348817501696                               0.9999999999999984
2.575                                             0.0948134885277008                                0.0948134885277008                                1.0000000000000004
2.575                                             0.10279215383278768                               0.1027921538327877                                0.9999999999999999
2.575                                             0.10279216897742725                               0.10279216897742725                               0.9999999999999996
2.575                                             0.11302435158450014                               0.11302435158450015                               0.9999999999999979
2.575                                             0.11302435173389308                               0.1130243517338931                                1
2.575                                             0.12549198654616042                               0.12549198654616042                               0.9999999999999987
2.575                                             0.12549198733723288                               0.12549198733723288                               1.0000000000000002
2.575                                             0.14017374357546014                               0.14017374357546014                               1
2.575                                             0.14017374405495225                               0.14017374405495225                               1.0000000000000004
2.575                                             0.15404340857307747                               0.15404340857307747                               1.0000000000000009
2.575                                             0.15704519550935525                               0.15704519550935525                               0.9999999999999996
2.575                                             0.15704519618736298                               0.15704519618736298                               1.0000000000000007
2.575                                             0.15918385092149745                               0.15918385092149745                               0.9999999999999983
2.575                                             0.1591838514732718                                0.15918385147327183                               0.9999999999999984
2.575                                             0.16919871066340908                               0.16919871066340908                               0.9999999999999993
2.575                                             0.17607889752121922                               0.17607889752121922                               1.0000000000000009
2.575                                             0.17607889798499615                               0.17607889798499618                               0.9999999999999982
2.575                                             0.18391362975144726                               0.18391362975144726                               0.999999999999999
2.575                                             0.19724435009556246                               0.19724435009556246                               0.9999999999999998
2.575                                             0.19724435157049522                               0.19724435157049525                               0.9999999999999986
2.575                                             0.20361679116416262                               0.20361679116416262                               0.9999999999999996
2.575                                             0.20361679296994156                               0.20361679296994156                               0.9999999999999977
2.575                                             0.22050778184175915                               0.22050778184175915                               1.0000000000000007
2.575                                             0.22050778223270495                               0.22050778223270495                               1
2.6                                               0.08452727756858533                               0.08452727756858533                               0.9999999999999989
2.6                                               0.08567186569212032                               0.08567186569212032                               0.9999999999999974
2.6                                               0.0856718661669468                                0.0856718661669468                                0.9999999999999997
2.6                                               0.08910264775964809                               0.0891026477596481                                0.9999999999999996
2.6                                               0.08910340320140474                               0.08910340320140474                               0.999999999999998
2.6                                               0.09481350094120437                               0.09481350094120439                               1.0000000000000022
2.6                                               0.09481350129391554                               0.09481350129391555                               0.9999999999999998
2.6                                               0.10279215954841583                               0.10279215954841583                               1.0000000000000007
2.6                                               0.10279217501044845                               0.10279217501044845                               0.9999999999999984
2.6                                               0.11302435412621027                               0.11302435412621029                               0.9999999999999993
2.6                                               0.1130243542755813                                0.1130243542755813                                0.9999999999999997
2.6                                               0.12549198761300082                               0.12549198761300082                               0.9999999999999996
2.6                                               0.12549198841552628                               0.12549198841552628                               0.9999999999999983
2.6                                               0.14017374401892102                               0.14017374401892102                               0.9999999999999992
2.6                                               0.1401737444984606                                0.1401737444984606                                1.0000000000000027
2.6                                               0.15448347107745755                               0.15448347107745755                               1.0000000000000009
2.6                                               0.157045195686901                                 0.157045195686901                                 1.0000000000000002
2.6                                               0.1570451963649523                                0.1570451963649523                                1.0000000000000002
2.6                                               0.1595903562025255                                0.1595903562025255                                1.0000000000000002
2.6                                               0.1595903576006723                                0.1595903576006723                                0.9999999999999989
2.6                                               0.16940903050546996                               0.16940903050547                                  1.0000000000000002
2.6                                               0.1760788975900355                                0.17607889759003553                               1.0000000000000004
2.6                                               0.1760788980538432                                0.17607889805384322                               1.000000000000001
2.6                                               0.18469498231230647                               0.18469498231230647                               0.9999999999999973
2.6                                               0.19724435012132802                               0.19724435012132804                               1.0000000000000004
2.6                                               0.1972443515963394                                0.19724435159633943                               1.0000000000000018
2.6                                               0.20418363434785314                               0.20418363434785314                               0.999999999999998
2.6                                               0.20418363635781395                               0.20418363635781397                               0.9999999999999978
2.6                                               0.2205077818510866                                0.22050778185108663                               1.000000000000002
2.6                                               0.22050778224202522                               0.22050778224202522                               0.9999999999999989
2.625                                             0.08452732155134919                               0.08452732155134919                               1.0000000000000002
2.625                                             0.08567190306551999                               0.08567190306551999                               1.000000000000002
2.625                                             0.08567190354040102                               0.08567190354040102                               1.0000000000000007
2.625                                             0.08910266003461159                               0.08910266003461159                               1.0000000000000009
2.625                                             0.08910343872318485                               0.08910343872318485                               1
2.625                                             0.09481351343500695                               0.09481351343500696                               0.9999999999999992
2.625                                             0.09481351378763618                               0.09481351378763618                               1
2.625                                             0.10279216517967868                               0.1027921651796787                                0.9999999999999993
2.625                                             0.10279218092583513                               0.10279218092583513                               0.9999999999999998
2.625                                             0.11302435663555686                               0.11302435663555686                               0.9999999999999988
2.625                                             0.11302435678496642                               0.11302435678496642                               0.9999999999999976
2.625                                             0.12549198867117228                               0.12549198867117228                               1.0000000000000007
2.625                                             0.12549198948600515                               0.12549198948600515                               0.9999999999999999
2.625                                             0.1401737444616044                                0.14017374446160444                               0.9999999999999997
2.625                                             0.14017374494111218                               0.1401737449411122                                0.9999999999999989
2.625                                             0.15491111740970354                               0.15491111740970354                               0.9999999999999996
2.625                                             0.15704519586518573                               0.15704519586518573                               0.9999999999999983
2.625                                             0.15704519654352006                               0.15704519654352006                               0.9999999999999972
2.625                                             0.15998415815612327                               0.15998415815612327                               1.0000000000000002
2.625                                             0.15998416051192166                               0.15998416051192166                               1.0000000000000002
2.625                                             0.16961282226261132                               0.16961282226261132                               1.000000000000001
2.625                                             0.17607889765993842                               0.17607889765993842                               0.9999999999999987
2.625                                             0.17607889812369487                               0.17607889812369487                               0.9999999999999996
2.625                                             0.1854629947719261                                0.1854629947719261                                0.999999999999997
2.625                                             0.1972443501477873                                0.1972443501477873                                1.0000000000000004
2.625                                             0.19724435162315493                               0.19724435162315493                               1.0000000000000002
2.625                                             0.20474342764757847                               0.20474342764757847                               1.0000000000000007
2.625                                             0.20474343199478956                               0.20474343199478956                               0.9999999999999978
2.625                                             0.22050778186100636                               0.22050778186100636                               0.999999999999998
2.625                                             0.22050778225193468                               0.22050778225193468                               1
2.6500000000000004                                0.08452736425424776                               0.08452736425424776                               0.9999999999999994
2.6500000000000004                                0.08567193939594092                               0.08567193939594092                               0.9999999999999993
2.6500000000000004                                0.08567193987085281                               0.08567193987085282                               1
2.6500000000000004                                0.08910267194044075                               0.08910267194044075                               0.9999999999999994
2.6500000000000004                                0.08910347342208236                               0.08910347342208236                               1.0000000000000002
2.6500000000000004                                0.09481352566404155                               0.09481352566404157                               0.9999999999999993
2.6500000000000004                                0.09481352601666723                               0.09481352601666723                               0.9999999999999977
2.6500000000000004                                0.1027921707285555                                0.10279217072855551                               0.9999999999999992
2.6500000000000004                                0.10279218672554973                               0.10279218672554974                               0.9999999999999977
2.6500000000000004                                0.11302435911275353                               0.11302435911275353                               0.9999999999999996
2.6500000000000004                                0.11302435926215092                               0.11302435926215092                               0.9999999999999999
2.6500000000000004                                0.12549198972035322                               0.12549198972035322                               1.0000000000000027
2.6500000000000004                                0.1254919905482322                                0.1254919905482322                                0.9999999999999991
2.6500000000000004                                0.14017374490287143                               0.14017374490287143                               1.0000000000000009
2.6500000000000004                                0.14017374538237262                               0.14017374538237262                               0.9999999999999991
2.6500000000000004                                0.15532668569604702                               0.15532668569604702                               0.9999999999999993
2.6500000000000004                                0.15704519604370976                               0.15704519604370976                               1.0000000000000002
2.6500000000000004                                0.15704519672217448                               0.15704519672217448                               0.9999999999999997
2.6500000000000004                                0.1603656474894311                                0.1603656474894311                                1
2.6500000000000004                                0.16036564940802722                               0.16036564940802722                               0.9999999999999991
2.6500000000000004                                0.16981029067733883                               0.16981029067733883                               0.9999999999999989
2.6500000000000004                                0.17607889773012897                               0.17607889773012897                               1.0000000000000018
2.6500000000000004                                0.17607889819386696                               0.17607889819386696                               0.9999999999999996
2.6500000000000004                                0.1862178304680211                                0.1862178304680211                                1.000000000000001
2.6500000000000004                                0.19724435017440706                               0.19724435017440706                               1.0000000000000004
2.6500000000000004                                0.19724435165004026                               0.19724435165004026                               1
2.6500000000000004                                0.20529613687332787                               0.2052961368733279                                0.9999999999999996
2.6500000000000004                                0.2052961393554268                                0.20529613935542682                               0.9999999999999967
2.6500000000000004                                0.22050778187087974                               0.22050778187087974                               1.0000000000000016
2.6500000000000004                                0.2205077822617852                                0.2205077822617852                                0.9999999999999987
2.675                                             0.08452740573124207                               0.08452740573124207                               1.0000000000000018
2.675                                             0.08567197472557658                               0.0856719747255766                                0.9999999999999996
2.675                                             0.08567197520063993                               0.08567197520063995                               0.9999999999999994
2.675                                             0.08910268349165336                               0.08910268349165336                               0.999999999999999
2.675                                             0.08910350732726986                               0.08910350732726986                               0.9999999999999989
2.675                                             0.09481353763695029                               0.09481353763695029                               1.000000000000002
2.675                                             0.09481353798948909                               0.09481353798948909                               1.0000000000000013
2.675                                             0.10279217619772887                               0.10279217619772887                               0.9999999999999983
2.675                                             0.10279219241260731                               0.10279219241260733                               0.9999999999999978
2.675                                             0.11302436155868721                               0.11302436155868723                               0.9999999999999994
2.675                                             0.11302436170809069                               0.11302436170809069                               1.0000000000000004
2.675                                             0.12549199076101705                               0.12549199076101705                               0.9999999999999993
2.675                                             0.12549199160270008                               0.12549199160270008                               1.000000000000001
2.675                                             0.14017374534328353                               0.14017374534328353                               1.0000000000000013
2.675                                             0.14017374582277628                               0.14017374582277628                               1.0000000000000013
2.675                                             0.1557305225780193                                0.1557305225780193                                1.0000000000000016
2.675                                             0.1570451962232707                                0.1570451962232707                                1.0000000000000013
2.675                                             0.15704519690153418                               0.15704519690153418                               1.0000000000000007
2.675                                             0.16073522482460895                               0.16073522482460895                               1.0000000000000018
2.675                                             0.16073522691842312                               0.16073522691842312                               1.000000000000004
2.675                                             0.17000167014865517                               0.17000167014865517                               1.0000000000000002
2.675                                             0.1760788978014288                                0.17607889780142882                               1.000000000000001
2.675                                             0.1760788982651793                                0.1760788982651793                                1
2.675                                             0.18695968154154602                               0.18695968154154602                               0.9999999999999998
2.675                                             0.19724435020206005                               0.19724435020206005                               0.9999999999999991
2.675                                             0.19724435167777724                               0.19724435167777726                               1.0000000000000013
2.675                                             0.20584178420501276                               0.20584178420501276                               0.9999999999999979
2.675                                             0.2058417910948775                                0.2058417910948775                                1.0000000000000004
2.675                                             0.2205077818814224                                0.2205077818814224                                1
2.675                                             0.22050778227233658                               0.2205077822723366                                1.0000000000000018
2.7                                               0.08452744603223747                               0.08452744603223747                               0.9999999999999999
2.7                                               0.08567200909333687                               0.08567200909333687                               1.0000000000000007
2.7                                               0.08567200956824195                               0.08567200956824195                               0.9999999999999983
2.7                                               0.08910269469998178                               0.08910269469998179                               1.0000000000000009
2.7                                               0.08910354046525236                               0.08910354046525237                               0.9999999999999974
2.7                                               0.09481354936021413                               0.09481354936021413                               1.0000000000000007
2.7                                               0.09481354971282703                               0.09481354971282703                               0.999999999999999
2.7                                               0.10279218158863583                               0.10279218158863583                               0.9999999999999992
2.7                                               0.10279219798863967                               0.10279219798863967                               0.9999999999999987
2.7                                               0.11302436397326925                               0.11302436397326925                               0.9999999999999984
2.7                                               0.11302436412268435                               0.11302436412268435                               1.0000000000000018
2.7                                               0.1254919917923674                                0.1254919917923674                                0.999999999999999
2.7                                               0.1254919926488639                                0.1254919926488639                                0.9999999999999994
2.7                                               0.14017374578186875                               0.14017374578186875                               1.0000000000000004
2.7                                               0.14017374626132295                               0.14017374626132295                               1.0000000000000002
2.7                                               0.15612294130832768                               0.15612294130832768                               0.9999999999999982
2.7                                               0.15704519640245423                               0.15704519640245423                               1.0000000000000007
2.7                                               0.15704519708066955                               0.15704519708066955                               1.0000000000000007
2.7                                               0.1610932511783914                                0.1610932511783914                                1.0000000000000016
2.7                                               0.16109325153043236                               0.16109325153043236                               0.9999999999999991
2.7                                               0.17018713528787224                               0.17018713528787227                               0.9999999999999981
2.7                                               0.176078897872607                                 0.176078897872607                                 1.0000000000000004
2.7                                               0.1760788983363673                                0.17607889833636733                               1.0000000000000009
2.7                                               0.18768869785029524                               0.18768869785029524                               1.0000000000000002
2.7                                               0.19724435022934017                               0.1972443502293402                                0.9999999999999998
2.7                                               0.19724435170541335                               0.19724435170541335                               1.0000000000000033
2.7                                               0.20638032217781466                               0.20638032217781468                               0.9999999999999998
2.7                                               0.2063803274760347                                0.2063803274760347                                1.0000000000000002
2.7                                               0.22050778189160775                               0.22050778189160775                               1.0000000000000002
2.7                                               0.2205077822825612                                0.22050778228256124                               1.0000000000000004
2.725                                             0.08452748520592374                               0.08452748520592375                               0.9999999999999993
2.725                                             0.08567204253727123                               0.08567204253727123                               1.0000000000000007
2.725                                             0.08567204301230356                               0.08567204301230358                               1.0000000000000016
2.725                                             0.08910270557881275                               0.08910270557881275                               1.0000000000000029
2.725                                             0.08910357286278953                               0.08910357286278954                               0.9999999999999982
2.725                                             0.09481356084189088                               0.09481356084189088                               0.9999999999999981
2.725                                             0.09481356119452311                               0.09481356119452312                               1.0000000000000013
2.725                                             0.10279218690378508                               0.1027921869037851                                0.9999999999999983
2.725                                             0.10279220345640615                               0.10279220345640615                               0.9999999999999978
2.725                                             0.11302436635732582                               0.11302436635732584                               1.0000000000000004
2.725                                             0.11302436650676081                               0.11302436650676081                               1
2.725                                             0.1254919928148875                                0.1254919928148875                                0.9999999999999989
2.725                                             0.12549199368707736                               0.12549199368707736                               1.0000000000000007
2.725                                             0.14017374621905238                               0.14017374621905238                               1.0000000000000009
2.725                                             0.14017374669853047                               0.14017374669853047                               1.0000000000000016
2.725                                             0.15650427760443655                               0.15650427760443655                               0.9999999999999971
2.725                                             0.1570451965819668                                0.1570451965819668                                1.0000000000000007
2.725                                             0.1570451972601104                                0.15704519726011043                               0.9999999999999999
2.725                                             0.16144010976714024                               0.16144010976714024                               0.9999999999999999
2.725                                             0.16144011097785416                               0.16144011097785416                               1.0000000000000018
2.725                                             0.17036690564179435                               0.17036690564179435                               1
2.725                                             0.1760788979443276                                0.1760788979443276                                0.9999999999999997
2.725                                             0.1760788984081112                                0.1760788984081112                                1
2.725                                             0.18840507537916434                               0.18840507537916437                               1.0000000000000016
2.725                                             0.19724435025697118                               0.19724435025697118                               1
2.725                                             0.19724435173353522                               0.19724435173353524                               1
2.725                                             0.20691177877542832                               0.20691177877542832                               1
2.725                                             0.20691178312356245                               0.20691178312356245                               0.9999999999999988
2.725                                             0.22050778190200704                               0.22050778190200707                               0.9999999999999998
2.725                                             0.22050778229298154                               0.22050778229298154                               1.0000000000000007
2.75                                              0.08452752329759637                               0.08452752329759637                               1.0000000000000024
2.75                                              0.0856720750931964                                0.0856720750931964                                0.9999999999999991
2.75                                              0.08567207556816915                               0.08567207556816916                               1.0000000000000013
2.75                                              0.08910271614002253                               0.08910271614002255                               0.9999999999999996
2.75                                              0.08910360454475111                               0.08910360454475111                               1.0000000000000009
2.75                                              0.09481357208891958                               0.09481357208891958                               0.9999999999999986
2.75                                              0.0948135724416376                                0.09481357244163761                               1.0000000000000004
2.75                                              0.102792192145032                                 0.102792192145032                                 0.9999999999999991
2.75                                              0.1027922088182812                                0.1027922088182812                                1.0000000000000002
2.75                                              0.11302436871137209                               0.11302436871137209                               1.0000000000000004
2.75                                              0.1130243688608028                                0.1130243688608028                                0.9999999999999994
2.75                                              0.12549199382854126                               0.12549199382854126                               0.9999999999999996
2.75                                              0.12549199471756167                               0.12549199471756167                               1.0000000000000016
2.75                                              0.14017374665492355                               0.14017374665492355                               0.9999999999999999
2.75                                              0.1401737471344074                                0.1401737471344074                                1
2.75                                              0.15687484516256828                               0.15687484516256828                               0.9999999999999993
2.75                                              0.15704519676176387                               0.15704519676176387                               0.9999999999999993
2.75                                              0.1570451974404609                                0.1570451974404609                                0.9999999999999994
2.75                                              0.16177616196933997                               0.16177616196933997                               1.0000000000000004
2.75                                              0.16177616303868225                               0.16177616303868225                               0.9999999999999993
2.75                                              0.1705411729011569                                0.17054117290115692                               1
2.75                                              0.17607889801671736                               0.17607889801671736                               1.0000000000000024
2.75                                              0.17607889848050334                               0.17607889848050334                               0.9999999999999998
2.75                                              0.18910898644293916                               0.18910898644293916                               0.9999999999999973
2.75                                              0.1972443502849947                                0.19724435028499473                               1.0000000000000007
2.75                                              0.1972443517623466                                0.1972443517623466                                1.0000000000000009
2.75                                              0.20743615459518802                               0.20743615459518802                               1.0000000000000007
2.75                                              0.20743615760792367                               0.2074361576079237                                1.0000000000000002
2.75                                              0.22050778191270604                               0.22050778191270606                               1.0000000000000018
2.75                                              0.22050778230368073                               0.22050778230368076                               1.0000000000000002
2.7750000000000004                                0.08452756035030277                               0.08452756035030277                               0.9999999999999987
2.7750000000000004                                0.08567210679487458                               0.08567210679487458                               0.9999999999999981
2.7750000000000004                                0.0856721072698519                                0.08567210726985192                               0.9999999999999996
2.7750000000000004                                0.08910272639499067                               0.08910272639499069                               1.0000000000000004
2.7750000000000004                                0.08910363553497176                               0.08910363553497178                               1.0000000000000004
2.7750000000000004                                0.09481358310814929                               0.09481358310814929                               1.0000000000000002
2.7750000000000004                                0.09481358346086635                               0.09481358346086635                               0.9999999999999998
2.7750000000000004                                0.10279219731426581                               0.10279219731426582                               1.0000000000000002
2.7750000000000004                                0.10279221407648588                               0.10279221407648588                               1.0000000000000009
2.7750000000000004                                0.11302437103580214                               0.11302437103580215                               0.9999999999999997
2.7750000000000004                                0.11302437118523008                               0.11302437118523008                               0.999999999999999
2.7750000000000004                                0.12549199483324855                               0.12549199483324855                               0.999999999999999
2.7750000000000004                                0.12549199574017458                               0.12549199574017458                               0.9999999999999987
2.7750000000000004                                0.1401737470892155                                0.1401737470892155                                0.999999999999998
2.7750000000000004                                0.140173747568701                                 0.140173747568701                                 0.9999999999999988
2.7750000000000004                                0.15704519694162933                               0.15704519694162933                               0.9999999999999992
2.7750000000000004                                0.15704519761876587                               0.15704519761876587                               0.999999999999999
2.7750000000000004                                0.15723495643125981                               0.15723495643125981                               0.9999999999999981
2.7750000000000004                                0.16210176197428866                               0.16210176197428866                               0.9999999999999996
2.7750000000000004                                0.16210176342593186                               0.16210176342593186                               0.999999999999999
2.7750000000000004                                0.17071012297301572                               0.17071012297301572                               0.9999999999999991
2.7750000000000004                                0.17607889808951832                               0.17607889808951835                               1.0000000000000009
2.7750000000000004                                0.17607889855330383                               0.17607889855330383                               0.9999999999999989
2.7750000000000004                                0.1898006164702078                                0.1898006164702078                                1
2.7750000000000004                                0.19724435031327667                               0.19724435031327667                               1.0000000000000004
2.7750000000000004                                0.1972443517916302                                0.1972443517916302                                1.0000000000000018
2.7750000000000004                                0.20795345957429967                               0.20795345957429967                               0.9999999999999982
2.7750000000000004                                0.20795346204803422                               0.20795346204803425                               0.999999999999999
2.7750000000000004                                0.22050778192355647                               0.22050778192355647                               0.9999999999999994
2.7750000000000004                                0.22050778231452162                               0.22050778231452164                               1.0000000000000004
2.8                                               0.08452759640472031                               0.08452759640472032                               0.9999999999999996
2.8                                               0.08567213767449432                               0.08567213767449433                               1.0000000000000018
2.8                                               0.08567213814943668                               0.0856721381494367                                0.9999999999999994
2.8                                               0.08910273635476637                               0.08910273635476637                               1.0000000000000004
2.8                                               0.08910366585612134                               0.08910366585612134                               1.0000000000000002
2.8                                               0.09481359390612354                               0.09481359390612354                               0.9999999999999991
2.8                                               0.09481359425883745                               0.09481359425883747                               1.0000000000000007
2.8                                               0.10279220241333119                               0.10279220241333119                               1.0000000000000009
2.8                                               0.10279221923331376                               0.10279221923331376                               1.0000000000000016
2.8                                               0.11302437333114765                               0.11302437333114766                               1.000000000000001
2.8                                               0.1130243734805666                                0.1130243734805666                                0.9999999999999989
2.8                                               0.12549199582907153                               0.12549199582907153                               0.9999999999999993
2.8                                               0.12549199675508904                               0.12549199675508904                               1
2.8                                               0.1401737475219813                                0.14017374752198133                               0.9999999999999992
2.8                                               0.14017374800148036                               0.14017374800148039                               0.9999999999999994
2.8                                               0.157045197121655                                 0.157045197121655                                 0.9999999999999999
2.8                                               0.15704519779930545                               0.15704519779930545                               0.999999999999999
2.8                                               0.1575849136542133                                0.1575849136542133                                0.9999999999999986
2.8                                               0.16241725447861344                               0.16241725447861344                               1.0000000000000004
2.8                                               0.16241725483297229                               0.16241725483297229                               0.999999999999998
2.8                                               0.170873938324135                                 0.170873938324135                                 1.0000000000000029
2.8                                               0.17607889816282923                               0.17607889816282923                               0.9999999999999984
2.8                                               0.17607889862662124                               0.17607889862662127                               1.0000000000000013
2.8                                               0.19048014345148967                               0.19048014345148967                               0.9999999999999973
2.8                                               0.19724435034188226                               0.19724435034188229                               1.0000000000000022
2.8                                               0.19724435182157585                               0.19724435182157585                               1.0000000000000002
2.8                                               0.2084637089872185                                0.2084637089872185                                0.999999999999999
2.8                                               0.20846370989447677                               0.20846370989447677                               1.0000000000000016
2.8                                               0.2205077819346204                                0.22050778193462042                               0.9999999999999988
2.8                                               0.22050778232558055                               0.22050778232558058                               0.9999999999999976
2.825                                             0.08452763149953582                               0.08452763149953582                               0.9999999999999993
2.825                                             0.08567216776264998                               0.08567216776264999                               1.0000000000000024
2.825                                             0.08567216823750554                               0.08567216823750554                               1.0000000000000002
2.825                                             0.08910274602982815                               0.08910274602982816                               0.999999999999999
2.825                                             0.08910369552986279                               0.0891036955298628                                1
2.825                                             0.09481360448912239                               0.09481360448912239                               1.0000000000000004
2.825                                             0.09481360484183445                               0.09481360484183446                               1.0000000000000004
2.825                                             0.10279220744397358                               0.10279220744397359                               1.0000000000000007
2.825                                             0.10279222429095325                               0.10279222429095326                               1.000000000000001
2.825                                             0.113024375597883                                 0.113024375597883                                 0.9999999999999994
2.825                                             0.11302437574728792                               0.11302437574728794                               0.9999999999999978
2.825                                             0.12549199681603576                               0.12549199681603576                               0.9999999999999984
2.825                                             0.12549199776239528                               0.12549199776239528                               0.9999999999999989
2.825                                             0.14017374795319953                               0.14017374795319953                               0.999999999999998
2.825                                             0.14017374843274555                               0.14017374843274555                               1.0000000000000002
2.825                                             0.15704519730193545                               0.15704519730193547                               0.9999999999999989
2.825                                             0.1570451979795761                                0.1570451979795761                                0.999999999999998
2.825                                             0.157925016068581                                 0.157925016068581                                 0.9999999999999983
2.825                                             0.16272297417879417                               0.16272297417879417                               1.000000000000001
2.825                                             0.16272297545113729                               0.16272297545113729                               0.9999999999999986
2.825                                             0.17103279250501796                               0.171032792505018                                 1.000000000000002
2.825                                             0.17607889823674377                               0.17607889823674377                               0.9999999999999981
2.825                                             0.17607889870047877                               0.17607889870047877                               0.9999999999999987
2.825                                             0.1911477486170587                                0.1911477486170587                                0.9999999999999984
2.825                                             0.19724435037089566                               0.19724435037089566                               0.999999999999999
2.825                                             0.1972443518523595                                0.1972443518523595                                1.0000000000000002
2.825                                             0.20896691401707906                               0.2089669140170791                                1.0000000000000002
2.825                                             0.20896691702146009                               0.20896691702146009                               0.9999999999999999
2.825                                             0.22050778194597231                               0.22050778194597231                               1.0000000000000004
2.825                                             0.2205077823369498                                0.2205077823369498                                0.9999999999999993
2.85                                              0.0845276656712928                                0.0845276656712928                                1.0000000000000016
2.85                                              0.08567219708826618                               0.08567219708826618                               1.000000000000003
2.85                                              0.08567219756307361                               0.08567219756307361                               1.000000000000001
2.85                                              0.08910275543015805                               0.08910275543015807                               0.9999999999999993
2.85                                              0.08910372457682321                               0.08910372457682322                               0.9999999999999988
2.85                                              0.09481361486314996                               0.09481361486314996                               1.0000000000000004
2.85                                              0.09481361521583151                               0.09481361521583152                               1.0000000000000018
2.85                                              0.10279221240779335                               0.10279221240779335                               1.0000000000000009
2.85                                              0.1027922292514771                                0.10279222925147712                               1.0000000000000024
2.85                                              0.11302437783638569                               0.11302437783638569                               1.0000000000000004
2.85                                              0.11302437798578857                               0.11302437798578857                               0.9999999999999982
2.85                                              0.12549199779404197                               0.12549199779404197                               1.0000000000000004
2.85                                              0.125491998762119                                 0.125491998762119                                 1.0000000000000002
2.85                                              0.14017374838280308                               0.14017374838280308                               0.9999999999999997
2.85                                              0.14017374886231548                               0.14017374886231548                               1.0000000000000016
2.85                                              0.157045197482307                                 0.15704519748230703                               1.000000000000001
2.85                                              0.15704519815982929                               0.15704519815982929                               0.9999999999999977
2.85                                              0.1582555530395181                                0.15825555303951813                               1.0000000000000022
2.85                                              0.163019247958206                                 0.163019247958206                                 1.0000000000000002
2.85                                              0.16301924953089703                               0.16301924953089705                               1.0000000000000018
2.85                                              0.1711868550544977                                0.1711868550544977                                1.000000000000001
2.85                                              0.17607889831111148                               0.17607889831111148                               1.0000000000000004
2.85                                              0.17607889877485713                               0.17607889877485713                               1.0000000000000002
2.85                                              0.19180361248409372                               0.19180361248409372                               1.0000000000000009
2.85                                              0.19724435040028465                               0.19724435040028468                               1.0000000000000009
2.85                                              0.19724435188404532                               0.19724435188404535                               1.000000000000001
2.85                                              0.2094630988707577                                0.2094630988707577                                1.000000000000001
2.85                                              0.2094631019596557                                0.2094631019596557                                1.0000000000000013
2.85                                              0.2205077819575979                                0.22050778195759793                               1.0000000000000002
2.85                                              0.22050778234856516                               0.2205077823485652                                0.9999999999999992
2.875                                             0.08452769895433367                               0.08452769895433367                               1
2.875                                             0.08567222567885116                               0.08567222567885116                               0.9999999999999982
2.875                                             0.08567222615296936                               0.08567222615296936                               1.0000000000000007
2.875                                             0.08910276456445956                               0.08910276456445956                               1.0000000000000002
2.875                                             0.089103753016757                                 0.089103753016757                                 1.0000000000000004
2.875                                             0.0948136250335599                                0.09481362503355992                               1.0000000000000007
2.875                                             0.09481362538632418                               0.09481362538632418                               1.0000000000000013
2.875                                             0.1027922173059021                                0.10279221730590211                               0.9999999999999998
2.875                                             0.10279223411681232                               0.10279223411681233                               1.0000000000000013
2.875                                             0.11302438004686713                               0.11302438004686713                               0.9999999999999991
2.875                                             0.1130243801962178                                0.1130243801962178                                1.0000000000000004
2.875                                             0.125491998762991                                 0.125491998762991                                 0.9999999999999994
2.875                                             0.12549199975403139                               0.12549199975403139                               1.000000000000001
2.875                                             0.14017374881043604                               0.14017374881043604                               1.000000000000002
2.875                                             0.14017374929018356                               0.14017374929018356                               0.9999999999999997
2.875                                             0.15704519766255692                               0.15704519766255692                               1.0000000000000018
2.875                                             0.1570451983401075                                0.1570451983401075                                0.9999999999999997
2.875                                             0.15857679593662938                               0.15857679593662938                               1.0000000000000004
2.875                                             0.16330636713914934                               0.16330636713914934                               1.0000000000000009
2.875                                             0.16330638821275464                               0.16330638821275464                               1.0000000000000004
2.875                                             0.17133626414440206                               0.17133626414440206                               1.0000000000000007
2.875                                             0.17607889838596996                               0.17607889838596996                               1.000000000000002
2.875                                             0.1760788988496814                                0.1760788988496814                                0.9999999999999988
2.875                                             0.19244790792842573                               0.19244790792842573                               0.9999999999999998
2.875                                             0.1972443504301193                                0.1972443504301193                                1.0000000000000009
2.875                                             0.19724435191685175                               0.19724435191685177                               1
2.875                                             0.20995226283576068                               0.20995226283576068                               0.9999999999999982
2.875                                             0.20995227241783987                               0.20995227241783987                               1.0000000000000013
2.875                                             0.22050778196950832                               0.22050778196950835                               1.0000000000000002
2.875                                             0.22050778236051888                               0.22050778236051888                               1.0000000000000002
2.9000000000000004                                0.08452773138306427                               0.08452773138306427                               0.9999999999999999
2.9000000000000004                                0.08567225356129403                               0.08567225356129404                               0.999999999999999
2.9000000000000004                                0.08567225403549344                               0.08567225403549346                               0.9999999999999984
2.9000000000000004                                0.08910277344374787                               0.08910277344374787                               0.9999999999999992
2.9000000000000004                                0.08910378086892679                               0.08910378086892679                               0.999999999999999
2.9000000000000004                                0.09481363500686639                               0.09481363500686639                               1.000000000000001
2.9000000000000004                                0.0948136353597009                                0.0948136353597009                                0.9999999999999998
2.9000000000000004                                0.10279222214076182                               0.10279222214076182                               0.9999999999999998
2.9000000000000004                                0.10279223888941869                               0.10279223888941869                               1.0000000000000013
2.9000000000000004                                0.11302438223025814                               0.11302438223025814                               1.0000000000000022
2.9000000000000004                                0.1130243823796241                                0.11302438237962412                               0.9999999999999977
2.9000000000000004                                0.1254919997232466                                0.1254919997232466                                0.9999999999999996
2.9000000000000004                                0.1254920007386873                                0.1254920007386873                                1.0000000000000018
2.9000000000000004                                0.14017374923656875                               0.14017374923656875                               0.9999999999999992
2.9000000000000004                                0.14017374971629273                               0.14017374971629273                               1.0000000000000009
2.9000000000000004                                0.15704519784285131                               0.15704519784285131                               1.0000000000000009
2.9000000000000004                                0.15704519852030813                               0.15704519852030813                               1.0000000000000004
2.9000000000000004                                0.1588890410433894                                0.1588890410433894                                0.9999999999999962
2.9000000000000004                                0.16358468384556907                               0.16358468384556907                               1.0000000000000013
2.9000000000000004                                0.16358470243593431                               0.16358470243593431                               1.0000000000000018
2.9000000000000004                                0.17148121439766295                               0.17148121439766295                               1.000000000000001
2.9000000000000004                                0.1760788984611239                                0.17607889846112393                               0.9999999999999993
2.9000000000000004                                0.1760788989249551                                0.1760788989249551                                1.0000000000000004
2.9000000000000004                                0.19308082285504463                               0.19308082285504463                               0.999999999999999
2.9000000000000004                                0.1972443504600927                                0.1972443504600927                                0.999999999999998
2.9000000000000004                                0.19724435195112666                               0.1972443519511267                                0.9999999999999982
2.9000000000000004                                0.21043446581664754                               0.21043446581664754                               0.9999999999999998
2.9000000000000004                                0.21043447082273403                               0.21043447082273403                               1
2.9000000000000004                                0.22050778198158133                               0.22050778198158133                               1.0000000000000002
2.9000000000000004                                0.22050778237255797                               0.220507782372558                                 1.0000000000000007
2.925                                             0.0845277629881857                                0.08452776298818572                               1.0000000000000013
2.925                                             0.08567228076036833                               0.08567228076036834                               0.9999999999999986
2.925                                             0.08567228123464937                               0.08567228123464939                               1
2.925                                             0.08910278207592244                               0.08910278207592244                               1.000000000000004
2.925                                             0.08910380815124264                               0.08910380815124265                               1.0000000000000004
2.925                                             0.0948136447880809                                0.0948136447880809                                0.9999999999999991
2.925                                             0.09481364514090083                               0.09481364514090085                               0.999999999999997
2.925                                             0.10279222691339161                               0.10279222691339163                               0.9999999999999978
2.925                                             0.1027922435710731                                0.1027922435710731                                1.0000000000000004
2.925                                             0.11302438438674262                               0.11302438438674263                               0.9999999999999994
2.925                                             0.11302438453612193                               0.11302438453612193                               1.0000000000000009
2.925                                             0.1254920006746133                                0.1254920006746133                                0.9999999999999994
2.925                                             0.1254920017159262                                0.1254920017159262                                0.9999999999999999
2.925                                             0.1401737496608691                                0.1401737496608691                                0.999999999999999
2.925                                             0.14017375014058547                               0.1401737501405855                                1.0000000000000004
2.925                                             0.15704519802302142                               0.15704519802302142                               1.0000000000000004
2.925                                             0.15704519870035769                               0.15704519870035769                               0.9999999999999992
2.925                                             0.15919254412317596                               0.15919254412317596                               1.0000000000000007
2.925                                             0.16385446853222657                               0.16385446853222657                               1.0000000000000004
2.925                                             0.16385448645162828                               0.16385448645162828                               1.0000000000000007
2.925                                             0.17162183606652967                               0.17162183606652967                               1.0000000000000007
2.925                                             0.1760788985366576                                0.1760788985366576                                1.0000000000000004
2.925                                             0.1760788990005075                                0.1760788990005075                                0.9999999999999992
2.925                                             0.19370252920226727                               0.19370252920226727                               0.9999999999999991
2.925                                             0.1972443504902478                                0.1972443504902478                                0.9999999999999996
2.925                                             0.19724435198746276                               0.19724435198746276                               1.0000000000000007
2.925                                             0.21090971450890533                               0.21090971450890536                               1.0000000000000004
2.925                                             0.21090972161683885                               0.21090972161683888                               0.9999999999999994
2.925                                             0.22050778199379312                               0.22050778199379314                               1.0000000000000002
2.925                                             0.22050778238476398                               0.220507782384764                                 1.0000000000000007
2.95                                              0.08452779379951908                               0.08452779379951908                               1.0000000000000009
2.95                                              0.08567230730002161                               0.08567230730002161                               1.0000000000000009
2.95                                              0.08567230777417692                               0.08567230777417693                               0.9999999999999999
2.95                                              0.08910279046938427                               0.08910279046938427                               1.0000000000000009
2.95                                              0.08910383488109364                               0.08910383488109365                               0.9999999999999999
2.95                                              0.09481365438242165                               0.09481365438242165                               1.0000000000000009
2.95                                              0.09481365473518032                               0.09481365473518033                               1.000000000000002
2.95                                              0.10279223162525843                               0.10279223162525843                               0.9999999999999982
2.95                                              0.10279224816371904                               0.10279224816371904                               0.9999999999999987
2.95                                              0.11302438651671816                               0.11302438651671816                               1.0000000000000007
2.95                                              0.11302438666615873                               0.11302438666615874                               1.0000000000000007
2.95                                              0.12549200161711876                               0.12549200161711876                               0.9999999999999987
2.95                                              0.12549200268580096                               0.12549200268580096                               1.000000000000001
2.95                                              0.14017375008334795                               0.14017375008334795                               1.0000000000000007
2.95                                              0.14017375056299886                               0.14017375056299886                               0.9999999999999979
2.95                                              0.15704519820306195                               0.15704519820306195                               0.9999999999999989
2.95                                              0.15704519888027044                               0.15704519888027044                               1.0000000000000018
2.95                                              0.1594875675156254                                0.1594875675156254                                0.9999999999999982
2.95                                              0.16411601008799512                               0.16411601008799512                               0.9999999999999994
2.95                                              0.16411602856650487                               0.1641160285665049                                0.9999999999999997
2.95                                              0.17175827516728837                               0.1717582751672884                                1.0000000000000027
2.95                                              0.17607889861259385                               0.17607889861259388                               1
2.95                                              0.17607889907642843                               0.17607889907642843                               0.9999999999999991
2.95                                              0.1943132085841628                                0.19431320858416282                               0.9999999999999984
2.95                                              0.19724435052070932                               0.19724435052070935                               0.9999999999999993
2.95                                              0.19724435202705604                               0.19724435202705606                               1.0000000000000004
2.95                                              0.2113780510064176                                0.21137805100641763                               0.9999999999999998
2.95                                              0.21137805766748946                               0.21137805766748946                               0.999999999999998
2.95                                              0.22050778200626878                               0.2205077820062688                                0.9999999999999994
2.95                                              0.22050778239722213                               0.22050778239722216                               0.9999999999999989
2.975                                             0.0845278238459112                                0.08452782384591122                               0.9999999999999979
2.975                                             0.08567233320316328                               0.08567233320316328                               1.0000000000000007
2.975                                             0.0856723336773878                                0.08567233367738782                               1.0000000000000004
2.975                                             0.08910279863231188                               0.0891027986323119                                0.9999999999999989
2.975                                             0.08910386107539886                               0.08910386107539887                               0.9999999999999999
2.975                                             0.09481366379494935                               0.09481366379494936                               1.000000000000001
2.975                                             0.09481366414771114                               0.09481366414771114                               1
2.975                                             0.10279223627774436                               0.10279223627774436                               1.000000000000001
2.975                                             0.10279225266937443                               0.10279225266937443                               0.9999999999999993
2.975                                             0.11302438862073642                               0.11302438862073642                               1.000000000000002
2.975                                             0.11302438877019498                               0.113024388770195                                 1.000000000000001
2.975                                             0.12549200255089185                               0.12549200255089185                               1.0000000000000004
2.975                                             0.1254920036485874                                0.1254920036485874                                0.9999999999999976
2.975                                             0.14017375050412395                               0.14017375050412395                               0.9999999999999993
2.975                                             0.1401737509837817                                0.1401737509837817                                1.0000000000000016
2.975                                             0.15704519838316178                               0.1570451983831618                                0.9999999999999993
2.975                                             0.1570451990603045                                0.1570451990603045                                1
2.975                                             0.15977436887909924                               0.15977436887909927                               0.9999999999999989
2.975                                             0.16436959131229495                               0.16436959131229498                               1.0000000000000018
2.975                                             0.16436960752446156                               0.16436960752446156                               0.9999999999999988
2.975                                             0.17189067129113428                               0.1718906712911343                                0.9999999999999987
2.975                                             0.17607889868911059                               0.1760788986891106                                1.0000000000000009
2.975                                             0.17607889915301955                               0.17607889915301958                               0.9999999999999998
2.975                                             0.19491304415434485                               0.19491304415434485                               1.0000000000000013
2.975                                             0.19724435055169892                               0.19724435055169892                               1.0000000000000013
2.975                                             0.19724435207240681                               0.19724435207240681                               1.0000000000000007
2.975                                             0.21183951435028525                               0.21183951435028525                               0.9999999999999992
2.975                                             0.2118395191638889                                0.2118395191638889                                1.0000000000000002
2.975                                             0.22050778201916704                               0.22050778201916704                               1.0000000000000002
2.975                                             0.22050778241014551                               0.22050778241014551                               1.0000000000000022
3                                                 0.08452785315428402                               0.08452785315428402                               1.0000000000000002
3                                                 0.08567235849148983                               0.08567235849148983                               0.9999999999999986
3                                                 0.08567235896572424                               0.08567235896572425                               1.0000000000000007
3                                                 0.08910280657242915                               0.08910280657242915                               1.000000000000001
3                                                 0.08910388674984998                               0.08910388674984998                               1.0000000000000029
3                                                 0.0948136730304219                                0.0948136730304219                                1
3                                                 0.09481367338323492                               0.09481367338323493                               0.9999999999999992
3                                                 0.10279224087209762                               0.10279224087209762                               1.0000000000000002
3                                                 0.10279225708980634                               0.10279225708980635                               0.9999999999999999
3                                                 0.11302439069906862                               0.11302439069906862                               1.0000000000000009
3                                                 0.11302439084851804                               0.11302439084851805                               0.9999999999999974
3                                                 0.12549200347578954                               0.12549200347578957                               1.0000000000000009
3                                                 0.1254920046040938                                0.1254920046040938                                0.9999999999999998
3                                                 0.14017375092286907                               0.14017375092286907                               0.9999999999999998
3                                                 0.14017375140257285                               0.14017375140257285                               1.000000000000001
3                                                 0.15704519856296145                               0.15704519856296145                               1.000000000000001
3                                                 0.15704519923999785                               0.15704519923999785                               0.9999999999999996
3                                                 0.16005319344178198                               0.16005319344178198                               1.0000000000000033
3                                                 0.1646154789948542                                0.16461547899485424                               0.9999999999999978
3                                                 0.164615491794289                                 0.164615491794289                                 0.9999999999999987
3                                                 0.1720191593539454                                0.17201915935394543                               0.999999999999999
3                                                 0.17607889876592753                               0.17607889876592753                               0.999999999999999
3                                                 0.1760788992297722                                0.1760788992297722                                1.0000000000000018
3                                                 0.19550220341286734                               0.19550220341286734                               1.0000000000000002
3                                                 0.19724435058299966                               0.1972443505829997                                0.9999999999999997
3                                                 0.19724435212833855                               0.19724435212833857                               1
3                                                 0.21229413338841957                               0.2122941333884196                                1.000000000000002
3                                                 0.21229414094866841                               0.21229414094866844                               1.0000000000000029
3                                                 0.22050778203229857                               0.2205077820322986                                1.0000000000000007
3                                                 0.22050778242320002                               0.22050778242320004                               1.0000000000000004
