% Model:              Untitled.mph
% Version:            COMSOL 5.6.0.280
% Date:               Jul 28 2026, 12:28
% Table:              Tabla 10 - Valor propio 1
% a (nm)                                          lambda                                            Energía propia (eV)                               Probabilidad total (1)
6                                                 0.05133900919378212                               0.05133900919378212                               1.0000000000000016
6                                                 0.061281454697278866                              0.061281454697278866                              0.9999999999999983
6                                                 0.06128154167805807                               0.06128154167805808                               0.9999999999999988
6                                                 0.08453669835789084                               0.08453669835789084                               0.9999999999999998
6                                                 0.08568342693573115                               0.08568342693573115                               0.9999999999999997
6                                                 0.08568342764696879                               0.08568342764696879                               0.9999999999999982
6                                                 0.08599737304956592                               0.08599737304956592                               1.0000000000000004
6                                                 0.08894991499195191                               0.08894991499195193                               1.0000000000000027
6                                                 0.08916788531198297                               0.08916788531198297                               1.0000000000000002
6                                                 0.09044155633423491                               0.09044155633423491                               1.0000000000000013
6                                                 0.09480986442075545                               0.09480986442075545                               1.000000000000001
6                                                 0.09480986500817606                               0.09480986500817608                               0.9999999999999989
6                                                 0.10279134034269947                               0.10279134034269949                               1.0000000000000013
6                                                 0.10279134513051022                               0.10279134513051022                               0.9999999999999997
6                                                 0.11302413086421606                               0.11302413086421607                               1.0000000000000013
6                                                 0.1130241314832142                                0.11302413148321422                               0.9999999999999991
6                                                 0.1254919362928121                                0.1254919362928121                                0.9999999999999999
6                                                 0.12549193808707695                               0.12549193808707695                               1.0000000000000004
6                                                 0.12781971181563126                               0.12781971181563126                               0.9999999999999998
6                                                 0.12781974641329397                               0.12781974641329397                               1.0000000000000027
6                                                 0.14017375020100037                               0.14017375020100037                               0.9999999999999988
6                                                 0.14017375081591105                               0.14017375081591107                               1.0000000000000007
6                                                 0.1570452250562804                                0.1570452250562804                                1.0000000000000004
6                                                 0.15704522697671652                               0.15704522697671652                               1.0000000000000018
6                                                 0.1760789425661533                                0.17607894256615333                               1.000000000000001
6                                                 0.17607894393537804                               0.17607894393537804                               1.000000000000003
6                                                 0.1766800735647987                                0.1766800735647987                                0.9999999999999981
6                                                 0.17678471457005385                               0.17678471457005385                               1.0000000000000013
6                                                 0.19041633238861488                               0.19041633238861488                               0.9999999999999987
6                                                 0.19724441195660125                               0.19724441195660125                               0.9999999999999998
6.25                                              0.0535874109294054                                0.0535874109294054                                0.9999999999999993
6.25                                              0.06315992311054938                               0.06315992311054938                               1
6.25                                              0.06318514972678702                               0.06318514972678702                               0.9999999999999992
6.25                                              0.08453756217171651                               0.08453756217171651                               1.0000000000000013
6.25                                              0.08568452666646051                               0.08568452666646051                               0.9999999999999993
6.25                                              0.08568454073372127                               0.08568454073372127                               0.999999999999999
6.25                                              0.08684793646963633                               0.08684793646963633                               1.0000000000000016
6.25                                              0.08903219864598975                               0.08903219864598975                               0.9999999999999999
6.25                                              0.0891928107180395                                0.08919281071803951                               1.0000000000000009
6.25                                              0.09200513757889792                               0.09200513757889793                               0.999999999999998
6.25                                              0.09480993967996279                               0.0948099396799628                                0.9999999999999986
6.25                                              0.09480994191081454                               0.09480994191081456                               1.0000000000000004
6.25                                              0.10279134282155658                               0.10279134282155658                               0.9999999999999996
6.25                                              0.10279135040012653                               0.10279135040012653                               0.9999999999999999
6.25                                              0.11302413119908952                               0.11302413119908952                               1.0000000000000004
6.25                                              0.11302413181344892                               0.11302413181344893                               1.0000000000000009
6.25                                              0.12549193631552566                               0.12549193631552566                               1.0000000000000007
6.25                                              0.12549193814127932                               0.12549193814127932                               1.0000000000000007
6.25                                              0.12850809320733889                               0.12850809320733889                               0.9999999999999987
6.25                                              0.12852191443215935                               0.12852191443215935                               1.0000000000000018
6.25                                              0.14017375020591966                               0.14017375020591966                               1.0000000000000016
6.25                                              0.1401737508207346                                0.1401737508207346                                0.9999999999999999
6.25                                              0.15704522505667304                               0.15704522505667304                               0.9999999999999986
6.25                                              0.15704522697741152                               0.15704522697741152                               0.999999999999999
6.25                                              0.17607894256622567                               0.17607894256622567                               1.0000000000000002
6.25                                              0.17607894393545226                               0.17607894393545226                               1.0000000000000013
6.25                                              0.1770136210087938                                0.17701362100879384                               0.9999999999999999
6.25                                              0.1771228404579906                                0.1771228404579906                                1.0000000000000004
6.25                                              0.19630236319305663                               0.19630236319305663                               1.0000000000000002
6.25                                              0.19724441195661416                               0.19724441195661419                               0.9999999999999992
6.499999999999999                                 0.055935501138540955                              0.05593550113854096                               1.000000000000003
6.499999999999999                                 0.06517158333856884                               0.06517158333856884                               0.9999999999999978
6.499999999999999                                 0.065196979618277                                 0.065196979618277                                 0.9999999999999953
6.499999999999999                                 0.08453855829695672                               0.08453855829695674                               0.9999999999999999
6.499999999999999                                 0.08568588278581003                               0.08568588278581003                               1.000000000000002
6.499999999999999                                 0.08568589933140211                               0.08568589933140211                               1.0000000000000004
6.499999999999999                                 0.08777482909194008                               0.08777482909194008                               1.0000000000000013
6.499999999999999                                 0.0890592492021368                                0.0890592492021368                                1.0000000000000002
6.499999999999999                                 0.08925621541805802                               0.08925621541805802                               0.9999999999999998
6.499999999999999                                 0.09380416075460679                               0.09380416075460679                               1.0000000000000029
6.499999999999999                                 0.09481002949067205                               0.09481002949067206                               0.9999999999999989
6.499999999999999                                 0.09481003197190077                               0.09481003197190077                               1.0000000000000009
6.499999999999999                                 0.10279134613867907                               0.10279134613867907                               0.9999999999999998
6.499999999999999                                 0.10279135739445452                               0.10279135739445452                               1.0000000000000016
6.499999999999999                                 0.11302413168129115                               0.11302413168129115                               1.0000000000000002
6.499999999999999                                 0.11302413229387247                               0.11302413229387247                               0.9999999999999992
6.499999999999999                                 0.12549193635132977                               0.12549193635132977                               0.9999999999999996
6.499999999999999                                 0.12549193822732221                               0.12549193822732221                               0.9999999999999999
6.499999999999999                                 0.12933807336850897                               0.129338073368509                                 0.9999999999999999
6.499999999999999                                 0.1293538740501962                                0.1293538740501962                                1.0000000000000002
6.499999999999999                                 0.14017375021443484                               0.14017375021443484                               1
6.499999999999999                                 0.14017375082915795                               0.14017375082915795                               1
6.499999999999999                                 0.15704522505738552                               0.15704522505738552                               1.0000000000000004
6.499999999999999                                 0.1570452269786444                                0.1570452269786444                                0.9999999999999999
6.499999999999999                                 0.17607894256635104                               0.17607894256635107                               0.9999999999999996
6.499999999999999                                 0.17607894393560142                               0.17607894393560145                               0.9999999999999999
6.499999999999999                                 0.177310917258152                                 0.177310917258152                                 0.9999999999999998
6.499999999999999                                 0.17764208742656892                               0.17764208742656892                               1.0000000000000002
6.499999999999999                                 0.19724441195663367                               0.19724441195663367                               0.9999999999999991
6.499999999999999                                 0.1972444133572102                                0.1972444133572102                                1.0000000000000016
6.749999999999999                                 0.05839130711471075                               0.05839130711471076                               0.9999999999999992
6.749999999999999                                 0.06732169428143407                               0.06732169428143407                               1.0000000000000024
6.749999999999999                                 0.0673217885671135                                0.06732178856711352                               0.9999999999999981
6.749999999999999                                 0.08453973802929528                               0.08453973802929528                               1.0000000000000018
6.749999999999999                                 0.08568760950931813                               0.08568760950931813                               1.0000000000000002
6.749999999999999                                 0.0856876102156895                                0.0856876102156895                                0.9999999999999999
6.749999999999999                                 0.08861858093839924                               0.08861858093839924                               0.9999999999999994
6.749999999999999                                 0.08907235199465995                               0.08907235199465995                               1.0000000000000009
6.749999999999999                                 0.08952488923751556                               0.08952488923751556                               1.0000000000000024
6.749999999999999                                 0.09481013517089285                               0.09481013517089285                               1.0000000000000007
6.749999999999999                                 0.09481013576084998                               0.09481013576084998                               1.0000000000000007
6.749999999999999                                 0.09580637919345346                               0.09580637919345346                               1.0000000000000009
6.749999999999999                                 0.10279135050725931                               0.10279135050725931                               1.0000000000000007
6.749999999999999                                 0.10279136651177531                               0.10279136651177531                               1
6.749999999999999                                 0.11302413236112449                               0.1130241323611245                                1.0000000000000002
6.749999999999999                                 0.11302413298013697                               0.11302413298013698                               1.0000000000000007
6.749999999999999                                 0.1254919364067244                                0.1254919364067244                                0.9999999999999996
6.749999999999999                                 0.12549193836089378                               0.12549193836089378                               1.0000000000000022
6.749999999999999                                 0.13032739253219003                               0.13032739253219003                               1.000000000000001
6.749999999999999                                 0.13032745117226574                               0.13032745117226574                               0.999999999999998
6.749999999999999                                 0.14017375022876383                               0.14017375022876383                               1.0000000000000004
6.749999999999999                                 0.14017375084370332                               0.14017375084370332                               0.999999999999999
6.749999999999999                                 0.1570452250585575                                0.1570452250585575                                0.9999999999999993
6.749999999999999                                 0.1570452269807864                                0.1570452269807864                                1.0000000000000016
6.749999999999999                                 0.17607894256663975                               0.17607894256663975                               0.9999999999999988
6.749999999999999                                 0.17607894393587675                               0.17607894393587675                               0.9999999999999997
6.749999999999999                                 0.17769060447044643                               0.17769060447044646                               1.0000000000000007
6.749999999999999                                 0.1782735953925103                                0.1782735953925103                                1.0000000000000009
6.749999999999999                                 0.19724441195669457                               0.19724441195669457                               1.0000000000000027
6.749999999999999                                 0.19724441335725257                               0.19724441335725257                               0.9999999999999993
7                                                 0.06100590786615009                               0.06100590786615009                               1.0000000000000007
7                                                 0.06961567545730979                               0.06961567545730979                               1.0000000000000033
7                                                 0.06964228270077169                               0.06964228270077169                               1.000000000000001
7                                                 0.0845412024914771                                0.0845412024914771                                0.9999999999999993
7                                                 0.08568990264939559                               0.0856899026493956                                1.0000000000000007
7                                                 0.08568992965212176                               0.08568992965212176                               1.0000000000000007
7                                                 0.08894917695261473                               0.08894917695261473                               1
7                                                 0.0890802197666166                                0.08908021976661662                               1.0000000000000018
7                                                 0.09043640395579353                               0.09043640395579353                               1.000000000000003
7                                                 0.09481025825912362                               0.09481025825912363                               1.0000000000000013
7                                                 0.09481026139905793                               0.09481026139905793                               0.9999999999999998
7                                                 0.09808537142414427                               0.09808537142414427                               1.000000000000001
7                                                 0.10279135619206384                               0.10279135619206384                               0.9999999999999998
7                                                 0.10279137890977313                               0.10279137890977313                               0.9999999999999982
7                                                 0.11302413337047343                               0.11302413337047343                               0.9999999999999992
7                                                 0.11302413397782252                               0.11302413397782252                               0.9999999999999999
7                                                 0.12549193649419216                               0.12549193649419216                               1.0000000000000004
7                                                 0.1254919385857591                                0.1254919385857591                                1.000000000000002
7                                                 0.13149491984679587                               0.13149491984679587                               1.0000000000000004
7                                                 0.13151587751188987                               0.13151587751188987                               0.9999999999999999
7                                                 0.14017375025634268                               0.14017375025634268                               0.9999999999999992
7                                                 0.1401737508707037                                0.1401737508707037                                1.0000000000000007
7                                                 0.15704522506084037                               0.15704522506084037                               1
7                                                 0.15704522698473478                               0.1570452269847348                                1.000000000000001
7                                                 0.17607894256716813                               0.17607894256716813                               1
7                                                 0.1760789439364058                                0.1760789439364058                                1.0000000000000022
7                                                 0.1781687531379641                                0.1781687531379641                                0.999999999999999
7                                                 0.17907619727389001                               0.17907619727389001                               0.9999999999999979
7                                                 0.19724441195678588                               0.19724441195678588                               0.9999999999999992
7                                                 0.1972444133572882                                0.19724441335728823                               0.9999999999999988
7.249999999999999                                 0.06374383750855633                               0.06374383750855633                               0.999999999999999
7.249999999999999                                 0.07205884065145066                               0.07205884065145066                               1.0000000000000013
7.249999999999999                                 0.07208530707931725                               0.07208530707931725                               0.9999999999999983
7.249999999999999                                 0.08454306514857904                               0.08454306514857904                               0.9999999999999989
7.249999999999999                                 0.08569312156936405                               0.08569312156936405                               1.0000000000000009
7.249999999999999                                 0.08569315842715494                               0.08569315842715494                               1.0000000000000016
7.249999999999999                                 0.0890250062401471                                0.0890250062401471                                1.0000000000000002
7.249999999999999                                 0.08908530518178684                               0.08908530518178684                               0.9999999999999996
7.249999999999999                                 0.09173985726044276                               0.09173985726044276                               1.0000000000000007
7.249999999999999                                 0.09481040013773026                               0.09481040013773026                               0.999999999999998
7.249999999999999                                 0.09481040360406241                               0.09481040360406243                               1.0000000000000002
7.249999999999999                                 0.10058269977482655                               0.10058269977482656                               1.000000000000003
7.249999999999999                                 0.10279136344858718                               0.10279136344858718                               1.0000000000000007
7.249999999999999                                 0.10279139473837677                               0.10279139473837678                               0.9999999999999994
7.249999999999999                                 0.11302413476040112                               0.11302413476040112                               1.000000000000001
7.249999999999999                                 0.11302413536407718                               0.1130241353640772                                1.0000000000000013
7.249999999999999                                 0.12549193662526423                               0.12549193662526423                               1.0000000000000009
7.249999999999999                                 0.12549193893325977                               0.12549193893325977                               1.0000000000000002
7.249999999999999                                 0.13285954929883534                               0.13285954929883534                               0.9999999999999991
7.249999999999999                                 0.13288288867722287                               0.13288288867722287                               1.0000000000000013
7.249999999999999                                 0.14017375030477736                               0.14017375030477738                               0.999999999999999
7.249999999999999                                 0.14017375091868514                               0.14017375091868514                               1.0000000000000002
7.249999999999999                                 0.15704522506458415                               0.15704522506458415                               1
7.249999999999999                                 0.15704522699130014                               0.15704522699130014                               1.0000000000000007
7.249999999999999                                 0.1760789425681506                                0.1760789425681506                                1.0000000000000002
7.249999999999999                                 0.1760789439374097                                0.1760789439374097                                0.9999999999999999
7.249999999999999                                 0.1787608114154917                                0.1787608114154917                                1.000000000000001
7.249999999999999                                 0.18005311793801415                               0.18005311793801418                               0.999999999999998
7.249999999999999                                 0.19724441195702797                               0.197244411957028                                 0.9999999999999997
7.249999999999999                                 0.19724441335740234                               0.19724441335740234                               0.9999999999999994
7.5                                               0.06661351651159425                               0.06661351651159425                               1.000000000000001
7.5                                               0.0746561803149648                                0.0746561803149648                                1
7.5                                               0.0746562783265805                                0.0746562783265805                                1.0000000000000016
7.5                                               0.0845455536039142                                0.0845455536039142                                1.000000000000001
7.5                                               0.08569801667442745                               0.08569801667442746                               0.9999999999999988
7.5                                               0.08569801737641457                               0.08569801737641457                               0.9999999999999989
7.5                                               0.08905316584265846                               0.08905316584265847                               1.0000000000000018
7.5                                               0.0890888593588117                                0.0890888593588117                                0.9999999999999994
7.5                                               0.09323606089880715                               0.09323606089880715                               1.0000000000000002
7.5                                               0.09481056307503967                               0.09481056307503968                               1.0000000000000009
7.5                                               0.09481056366901987                               0.09481056366901987                               0.9999999999999996
7.5                                               0.10279137258068419                               0.1027913725806842                                1.0000000000000007
7.5                                               0.10279141470604342                               0.10279141470604342                               0.9999999999999989
7.5                                               0.10330825682106873                               0.10330825682106873                               0.9999999999999997
7.5                                               0.11302413664510932                               0.11302413664510932                               0.9999999999999988
7.5                                               0.11302413726410332                               0.11302413726410332                               1.0000000000000013
7.5                                               0.1254919368188636                                0.1254919368188636                                1.0000000000000009
7.5                                               0.12549193946724155                               0.12549193946724155                               1.0000000000000002
7.5                                               0.13444143594021515                               0.13444143594021515                               0.9999999999999992
7.5                                               0.13444153160263286                               0.13444153160263286                               0.9999999999999984
7.5                                               0.1401737503934139                                0.14017375039341393                               1.0000000000000002
7.5                                               0.1401737510083454                                0.1401737510083454                                0.9999999999999988
7.5                                               0.1570452250705941                                0.1570452250705941                                0.9999999999999992
7.5                                               0.1570452270017226                                0.1570452270017226                                1.0000000000000002
7.5                                               0.17607894256987333                               0.17607894256987336                               1.0000000000000002
7.5                                               0.17607894393910326                               0.17607894393910326                               1.0000000000000002
7.5                                               0.17948414091044457                               0.1794841409104446                                0.9999999999999996
7.5                                               0.18122762012451393                               0.18122762012451393                               1.0000000000000007
7.5                                               0.19724441195750786                               0.1972444119575079                                0.9999999999999981
7.5                                               0.19724441335757087                               0.19724441335757087                               1.0000000000000007
7.749999999999999                                 0.06966691810828553                               0.06966691810828553                               0.9999999999999999
7.749999999999999                                 0.07741151301203636                               0.07741151301203636                               0.9999999999999994
7.749999999999999                                 0.07743834623148697                               0.07743834623148697                               1.0000000000000018
7.749999999999999                                 0.08454915923770893                               0.08454915923770893                               1.0000000000000004
7.749999999999999                                 0.08570644810816844                               0.08570644810816844                               1.0000000000000002
7.749999999999999                                 0.08570654943540806                               0.08570654943540806                               1.0000000000000004
7.749999999999999                                 0.08906746556992051                               0.08906746556992053                               1.0000000000000002
7.749999999999999                                 0.08909155061588807                               0.08909155061588807                               1
7.749999999999999                                 0.09481075120048342                               0.09481075120048342                               0.9999999999999997
7.749999999999999                                 0.09481075565325768                               0.09481075565325768                               1.0000000000000004
7.749999999999999                                 0.09489953662139357                               0.09489953662139357                               1.0000000000000016
7.749999999999999                                 0.10279138393975744                               0.10279138393975744                               0.9999999999999998
7.749999999999999                                 0.10279144100601653                               0.10279144100601653                               0.9999999999999988
7.749999999999999                                 0.10635937490795218                               0.10635937490795219                               1.000000000000003
7.749999999999999                                 0.1130241393171488                                0.1130241393171488                                1.0000000000000024
7.749999999999999                                 0.11302413991117553                               0.11302413991117553                               1.0000000000000022
7.749999999999999                                 0.12549193710675355                               0.12549193710675358                               0.9999999999999986
7.749999999999999                                 0.12549194036259523                               0.12549194036259523                               0.9999999999999997
7.749999999999999                                 0.13626186432808046                               0.13626186432808046                               1.0000000000000004
7.749999999999999                                 0.13629134589167768                               0.13629134589167768                               1.0000000000000009
7.749999999999999                                 0.1401737505984076                                0.1401737505984076                                1.0000000000000002
7.749999999999999                                 0.14017375120930975                               0.14017375120930975                               0.9999999999999986
7.749999999999999                                 0.15704522508125354                               0.15704522508125354                               1.0000000000000009
7.749999999999999                                 0.1570452270199651                                0.1570452270199651                                0.9999999999999998
7.749999999999999                                 0.17607894257313222                               0.17607894257313225                               0.9999999999999999
7.749999999999999                                 0.17607894394246365                               0.17607894394246365                               1.0000000000000013
7.749999999999999                                 0.18035760748511442                               0.18035760748511442                               0.9999999999999971
7.749999999999999                                 0.1826803349611535                                0.1826803349611535                                0.9999999999999986
7.749999999999999                                 0.1972444119584367                                0.1972444119584367                                1.0000000000000002
7.749999999999999                                 0.19724441335796272                               0.19724441335796275                               0.9999999999999986
7.999999999999999                                 0.07286657235396657                               0.07286657235396657                               1.0000000000000013
7.999999999999999                                 0.08032405704975655                               0.08032405704975656                               0.999999999999998
7.999999999999999                                 0.0803501834543005                                0.0803501834543005                                0.9999999999999987
7.999999999999999                                 0.08455484656744092                               0.08455484656744092                               0.9999999999999993
7.999999999999999                                 0.08572460172249202                               0.08572460172249204                               0.9999999999999997
7.999999999999999                                 0.08572484033742497                               0.08572484033742497                               1.0000000000000009
7.999999999999999                                 0.08907604266273336                               0.08907604266273336                               0.9999999999999988
7.999999999999999                                 0.08909360510859195                               0.08909360510859195                               1.0000000000000002
7.999999999999999                                 0.09481097230085787                               0.09481097230085787                               1.0000000000000013
7.999999999999999                                 0.09481097741105705                               0.09481097741105707                               1.0000000000000024
7.999999999999999                                 0.09673067985051553                               0.09673067985051553                               0.9999999999999992
7.999999999999999                                 0.10279139785091594                               0.10279139785091596                               1.0000000000000004
7.999999999999999                                 0.10279147399207061                               0.10279147399207063                               0.9999999999999998
7.999999999999999                                 0.10966784281812683                               0.10966784281812683                               1.0000000000000022
7.999999999999999                                 0.1130241428864735                                0.1130241428864735                                1.0000000000000007
7.999999999999999                                 0.11302414347463809                               0.11302414347463809                               1
7.999999999999999                                 0.1254919375205707                                0.1254919375205707                                1.0000000000000009
7.999999999999999                                 0.12549194181056156                               0.12549194181056156                               1.0000000000000004
7.999999999999999                                 0.13834231322488155                               0.13834231322488155                               0.9999999999999982
7.999999999999999                                 0.13837444838264112                               0.13837444838264112                               0.9999999999999987
7.999999999999999                                 0.14017375128291282                               0.14017375128291282                               1.0000000000000004
7.999999999999999                                 0.14017375188318473                               0.14017375188318473                               0.9999999999999998
7.999999999999999                                 0.1570452250978177                                0.1570452250978177                                1.0000000000000007
7.999999999999999                                 0.1570452270482749                                0.1570452270482749                                0.9999999999999996
7.999999999999999                                 0.17607894257861834                               0.17607894257861834                               1
7.999999999999999                                 0.17607894394813078                               0.1760789439481308                                1.0000000000000004
7.999999999999999                                 0.18139922099642314                               0.18139922099642317                               0.9999999999999988
7.999999999999999                                 0.18439366324951872                               0.18439366324951872                               1.000000000000001
7.999999999999999                                 0.19724441196014075                               0.19724441196014075                               0.9999999999999991
7.999999999999999                                 0.19724441335868792                               0.19724441335868792                               1
8.25                                              0.0762183518439439                                0.0762183518439439                                1.0000000000000007
8.25                                              0.08335972134834406                               0.08335972134834406                               1.0000000000000007
8.25                                              0.0833598126449436                                0.0833598126449436                                0.9999999999999989
8.25                                              0.08456533692993574                               0.08456533692993574                               0.9999999999999997
8.25                                              0.08579168840531506                               0.08579168840531508                               0.9999999999999999
8.25                                              0.08579169284719759                               0.08579169284719759                               1.0000000000000004
8.25                                              0.08908173573238351                               0.08908173573238351                               1.0000000000000022
8.25                                              0.08909522912640419                               0.08909522912640419                               1.000000000000001
8.25                                              0.09481124507341052                               0.09481124507341053                               1.0000000000000002
8.25                                              0.09481124567532725                               0.09481124567532725                               1.0000000000000004
8.25                                              0.09873577874122458                               0.09873577874122459                               0.9999999999999987
8.25                                              0.10279141467597995                               0.10279141467597996                               0.9999999999999979
8.25                                              0.1027915154045646                                0.1027915154045646                                0.9999999999999989
8.25                                              0.11302414761678913                               0.11302414761678914                               1.0000000000000004
8.25                                              0.11302414823580247                               0.11302414823580248                               1.0000000000000007
8.25                                              0.11324655218284184                               0.11324655218284184                               0.9999999999999982
8.25                                              0.1254919381084765                                0.1254919381084765                                1.0000000000000007
8.25                                              0.12549194429591168                               0.12549194429591168                               0.9999999999999996
8.25                                              0.14017374616859965                               0.14017374616859965                               0.999999999999999
8.25                                              0.1401737467828245                                0.1401737467828245                                0.9999999999999994
8.25                                              0.14070534974290208                               0.14070534974290208                               1.0000000000000004
8.25                                              0.14070548142171024                               0.14070548142171024                               0.9999999999999991
8.25                                              0.15704522512299848                               0.15704522512299848                               0.9999999999999982
8.25                                              0.15704522709041185                               0.15704522709041188                               0.9999999999999998
8.25                                              0.1760789425876179                                0.17607894258761791                               0.9999999999999984
8.25                                              0.1760789439568227                                0.1760789439568227                                1.0000000000000004
8.25                                              0.18262840368164307                               0.1826284036816431                                1.0000000000000002
8.25                                              0.18639252871824225                               0.18639252871824227                               0.9999999999999998
8.25                                              0.19724441196290066                               0.19724441196290068                               1.0000000000000007
8.25                                              0.1972444133598328                                0.1972444133598328                                1.0000000000000016
8.499999999999998                                 0.0797620884119632                                0.07976208841196321                               0.9999999999999998
8.499999999999998                                 0.08459215473712327                               0.08459215473712327                               1.0000000000000002
8.499999999999998                                 0.08546304874511573                               0.08546304874511575                               0.9999999999999992
8.499999999999998                                 0.08546662990505899                               0.08546662990505899                               0.9999999999999992
8.499999999999998                                 0.08696787554152903                               0.08696787554152903                               1.0000000000000004
8.499999999999998                                 0.08698981156275963                               0.08698981156275964                               0.9999999999999979
8.499999999999998                                 0.08908578071715258                               0.08908578071715258                               1.0000000000000009
8.499999999999998                                 0.08909658139174399                               0.089096581391744                                 1.0000000000000009
8.499999999999998                                 0.0948116234179388                                0.0948116234179388                                0.9999999999999998
8.499999999999998                                 0.09481163197840635                               0.09481163197840636                               1.0000000000000016
8.499999999999998                                 0.10092331916307383                               0.10092331916307383                               0.9999999999999967
8.499999999999998                                 0.10279143479244338                               0.10279143479244339                               0.9999999999999993
8.499999999999998                                 0.10279157020237609                               0.1027915702023761                                0.9999999999999992
8.499999999999998                                 0.1130241540010231                                0.1130241540010231                                1.000000000000002
8.499999999999998                                 0.11302415472182822                               0.11302415472182824                               1.000000000000001
8.499999999999998                                 0.11720705825386499                               0.11720705825386499                               0.9999999999999984
8.499999999999998                                 0.12549193882484147                               0.1254919388248415                                0.9999999999999988
8.499999999999998                                 0.12549194947716552                               0.12549194947716552                               1.0000000000000016
8.499999999999998                                 0.14017374956824796                               0.14017374956824796                               1.0000000000000024
8.499999999999998                                 0.14017375010062388                               0.1401737501006239                                0.9999999999999979
8.499999999999998                                 0.14337420969310505                               0.14337420969310505                               1.0000000000000009
8.499999999999998                                 0.14341295740828433                               0.14341295740828433                               1.0000000000000002
8.499999999999998                                 0.15704522507706076                               0.15704522507706076                               1.0000000000000009
8.499999999999998                                 0.15704522696737938                               0.15704522696737938                               0.9999999999999992
8.499999999999998                                 0.17607894238044697                               0.17607894238044697                               1.0000000000000022
8.499999999999998                                 0.17607894388072393                               0.17607894388072393                               1.0000000000000018
8.499999999999998                                 0.18406553362154304                               0.18406553362154304                               0.9999999999999996
8.499999999999998                                 0.18878870838640718                               0.18878870838640718                               1.000000000000001
8.499999999999998                                 0.19724441175891638                               0.1972444117589164                                1.0000000000000018
8.499999999999998                                 0.19724441322124975                               0.19724441322124975                               1.0000000000000009
8.75                                              0.08331970308231268                               0.08331970308231268                               1.0000000000000022
8.75                                              0.08477595858550406                               0.08477595858550407                               0.9999999999999996
8.75                                              0.08561482437818234                               0.08561482437818235                               1.000000000000001
8.75                                              0.08561515297377593                               0.08561515297377595                               1.0000000000000016
8.75                                              0.08908879926451442                               0.08908879926451442                               0.9999999999999972
8.75                                              0.08909770021803427                               0.08909770021803427                               0.9999999999999991
8.75                                              0.09027639110432031                               0.09027639110432031                               1.0000000000000016
8.75                                              0.09030039256500703                               0.09030039256500705                               0.9999999999999974
8.75                                              0.09481233752673021                               0.09481233752673023                               0.9999999999999992
8.75                                              0.0948123535359876                                0.0948123535359876                                0.9999999999999981
8.75                                              0.10279145860719957                               0.10279145860719957                               1.0000000000000029
8.75                                              0.10279164224306751                               0.10279164224306751                               1.0000000000000002
8.75                                              0.10330279210457693                               0.10330279210457695                               1.0000000000000013
8.75                                              0.1130241628779069                                0.1130241628779069                                0.9999999999999986
8.75                                              0.11302416352230364                               0.11302416352230366                               1.0000000000000013
8.75                                              0.12146861971813544                               0.12146861971813545                               1.0000000000000004
8.75                                              0.12549194007753617                               0.12549194007753617                               1.0000000000000018
8.75                                              0.12549196591540418                               0.12549196591540418                               0.9999999999999991
8.75                                              0.14017375020614775                               0.14017375020614775                               0.9999999999999998
8.75                                              0.14017375087895076                               0.14017375087895076                               1.0000000000000009
8.75                                              0.14637172234120316                               0.14637172234120316                               0.9999999999999996
8.75                                              0.14641302501161546                               0.14641302501161546                               1.0000000000000018
8.75                                              0.15704522528054876                               0.15704522528054876                               0.9999999999999988
8.75                                              0.15704522735388649                               0.15704522735388649                               1.0000000000000018
8.75                                              0.17607894271900115                               0.17607894271900115                               0.9999999999999999
8.75                                              0.17607894411704594                               0.17607894411704597                               1.0000000000000004
8.75                                              0.18573007602142608                               0.1857300760214261                                1
8.75                                              0.191538969511854                                 0.19153896951185403                               1
8.75                                              0.1972444120537791                                0.1972444120537791                                0.999999999999998
8.75                                              0.1972444135701275                                0.1972444135701275                                1.0000000000000013
9                                                 0.08443251621170354                               0.08443251621170354                               1
9                                                 0.08564109861927441                               0.08564109861927441                               1
9                                                 0.08564109941329434                               0.08564109941329436                               0.9999999999999991
9                                                 0.08758307040890471                               0.08758307040890473                               0.9999999999999986
9                                                 0.08909113720996555                               0.08909113720996556                               0.9999999999999973
9                                                 0.08909864588535407                               0.08909864588535407                               1.0000000000000013
9                                                 0.09389112015762412                               0.09389112015762412                               1.0000000000000022
9                                                 0.09389120993801292                               0.09389120993801292                               1.0000000000000013
9                                                 0.09481737923697484                               0.09481737923697484                               0.9999999999999981
9                                                 0.09481738038514555                               0.09481738038514556                               1.0000000000000009
9                                                 0.10279148644406703                               0.10279148644406703                               0.9999999999999989
9                                                 0.10279174148815486                               0.10279174148815486                               0.9999999999999997
9                                                 0.10588473075703989                               0.10588473075703989                               0.999999999999999
9                                                 0.11302417470661993                               0.11302417470661995                               1.0000000000000002
9                                                 0.11302417540275851                               0.11302417540275851                               1.0000000000000004
9                                                 0.12549172074878778                               0.12549172074878778                               0.9999999999999998
9                                                 0.12549194174636288                               0.12549194174636288                               1.0000000000000022
9                                                 0.12604435540125367                               0.12604435540125367                               1.0000000000000024
9                                                 0.1401737506824998                                0.1401737506824998                                1.0000000000000018
9                                                 0.14017375134528137                               0.1401737513452814                                1.0000000000000002
9                                                 0.14972051513594187                               0.14972051513594187                               0.9999999999999983
9                                                 0.14972069247309788                               0.14972069247309788                               0.9999999999999986
9                                                 0.15704522538199536                               0.1570452253819954                                1.0000000000000004
9                                                 0.15704522754846184                               0.15704522754846184                               0.9999999999999974
9                                                 0.17607894279152528                               0.17607894279152528                               1.0000000000000004
9                                                 0.1760789441860402                                0.17607894418604023                               1.0000000000000009
9                                                 0.1876425959541091                                0.18764259595410912                               0.999999999999999
9                                                 0.19466912453788054                               0.19466912453788054                               0.9999999999999989
9                                                 0.19724441220540107                               0.1972444122054011                                1.0000000000000009
9                                                 0.19724441350519248                               0.1972444135051925                                1.0000000000000002
9.249999999999998                                 0.08448856692972907                               0.08448856692972907                               1.0000000000000002
9.249999999999998                                 0.08565181109014744                               0.08565181109014744                               0.9999999999999983
9.249999999999998                                 0.08565186229480086                               0.08565186229480087                               0.999999999999998
9.249999999999998                                 0.0890930023437098                                0.0890930023437098                                1.0000000000000016
9.249999999999998                                 0.08909947847717889                               0.0890994784771789                                0.9999999999999991
9.249999999999998                                 0.09167189024130712                               0.09167189024130712                               0.9999999999999996
9.249999999999998                                 0.09480956931533953                               0.09480956931533954                               0.9999999999999989
9.249999999999998                                 0.0948095756254586                                0.0948095756254586                                0.9999999999999981
9.249999999999998                                 0.09772293657142862                               0.09772293657142862                               0.9999999999999974
9.249999999999998                                 0.09774489994144984                               0.09774489994144986                               1.0000000000000018
9.249999999999998                                 0.10279151846924495                               0.10279151846924496                               1
9.249999999999998                                 0.10279189996405645                               0.10279189996405647                               0.9999999999999987
9.249999999999998                                 0.10868045146368682                               0.10868045146368682                               1.0000000000000002
9.249999999999998                                 0.11302419174800724                               0.11302419174800724                               0.9999999999999993
9.249999999999998                                 0.1130241922640651                                0.11302419226406511                               0.9999999999999991
9.249999999999998                                 0.1254919174567722                                0.1254919174567722                                0.9999999999999994
9.249999999999998                                 0.1254919438358287                                0.1254919438358287                                1.0000000000000018
9.249999999999998                                 0.13105177620961173                               0.13105177620961173                               1.0000000000000007
9.249999999999998                                 0.14017375106710764                               0.14017375106710764                               1.0000000000000002
9.249999999999998                                 0.14017375158734274                               0.14017375158734274                               0.9999999999999992
9.249999999999998                                 0.15344175146551706                               0.15344175146551706                               1.0000000000000004
9.249999999999998                                 0.15348885804343332                               0.15348885804343332                               1.0000000000000013
9.249999999999998                                 0.15704522523029638                               0.15704522523029638                               1.0000000000000013
9.249999999999998                                 0.15704522749264047                               0.15704522749264047                               1
9.249999999999998                                 0.17607894243527297                               0.17607894243527297                               0.9999999999999987
9.249999999999998                                 0.17607894398680501                               0.17607894398680504                               1.0000000000000007
9.249999999999998                                 0.18982390831817153                               0.18982390831817156                               0.9999999999999981
9.249999999999998                                 0.19724441166560808                               0.1972444116656081                                0.9999999999999998
9.249999999999998                                 0.19724441325817554                               0.19724441325817557                               0.9999999999999997
9.249999999999998                                 0.19832138225373452                               0.19832138225373455                               1
9.5                                               0.08450446948890951                               0.08450446948890952                               0.9999999999999994
9.5                                               0.08565765886181013                               0.08565765886181013                               0.9999999999999996
9.5                                               0.08565768805867485                               0.08565768805867485                               1.000000000000001
9.5                                               0.08909452677914842                               0.08909452677914843                               0.9999999999999998
9.5                                               0.08910020409540478                               0.08910020409540478                               1.0000000000000004
9.5                                               0.0948108860018094                                0.09481088600180941                               1.0000000000000002
9.5                                               0.09481088649141475                               0.09481088649141475                               1.0000000000000016
9.5                                               0.09598885017442124                               0.09598885017442124                               1.0000000000000013
9.5                                               0.10174273727525128                               0.1017427372752513                                0.9999999999999998
9.5                                               0.10176291679836873                               0.10176291679836873                               0.9999999999999997
9.5                                               0.10279155534265545                               0.10279155534265545                               1.0000000000000002
9.5                                               0.10279221641513427                               0.10279221641513427                               1.0000000000000002
9.5                                               0.11170189140423317                               0.11170189140423317                               1.0000000000000013
9.5                                               0.11302421799463326                               0.11302421799463327                               1.0000000000000007
9.5                                               0.11302421856061964                               0.11302421856061966                               0.9999999999999998
9.5                                               0.12549193086665375                               0.12549193086665375                               1.0000000000000022
9.5                                               0.12549194721553497                               0.12549194721553497                               0.9999999999999998
9.5                                               0.13639586468865017                               0.13639586468865017                               1.0000000000000004
9.5                                               0.14017375188708608                               0.14017375188708608                               1
9.5                                               0.14017375252115388                               0.1401737525211539                                1.0000000000000007
9.5                                               0.15704522564246884                               0.15704522564246884                               1.0000000000000002
9.5                                               0.15704522791717218                               0.1570452279171722                                0.9999999999999984
9.5                                               0.15755363103611625                               0.15755363103611625                               0.9999999999999996
9.5                                               0.15760229497454356                               0.15760229497454356                               1.000000000000001
9.5                                               0.17607894275019192                               0.17607894275019192                               1.0000000000000004
9.5                                               0.17607894424472728                               0.17607894424472728                               1.0000000000000009
9.5                                               0.19229413994476297                               0.19229413994476297                               1.0000000000000009
9.5                                               0.197244411895388                                 0.19724441189538802                               0.9999999999999998
9.5                                               0.19724441350684335                               0.19724441350684335                               1.0000000000000009
9.5                                               0.20241743912343296                               0.20241743912343296                               0.9999999999999978
9.75                                              0.08451201124794788                               0.08451201124794788                               0.9999999999999994
9.75                                              0.08566137028292341                               0.08566137028292342                               1.0000000000000007
9.75                                              0.08566137105428642                               0.08566137105428642                               1.0000000000000007
9.75                                              0.08909579791191617                               0.08909579791191617                               1.0000000000000024
9.75                                              0.08910084629811738                               0.08910084629811739                               1
9.75                                              0.094811396807835                                 0.09481139680783501                               0.9999999999999993
9.75                                              0.0948113973771141                                0.0948113973771141                                1.0000000000000016
9.75                                              0.10050747890518742                               0.10050747890518742                               1.0000000000000018
9.75                                              0.10279159725436562                               0.10279159725436562                               1.0000000000000004
9.75                                              0.10279361896225123                               0.10279361896225123                               1.0000000000000004
9.75                                              0.10596162861499922                               0.10596162861499923                               0.9999999999999987
9.75                                              0.10596170359418275                               0.10596170359418275                               1.0000000000000022
9.75                                              0.11302426675338256                               0.11302426675338256                               1.0000000000000024
9.75                                              0.11302426756840919                               0.11302426756840919                               1.0000000000000013
9.75                                              0.1149617185216121                                0.1149617185216121                                0.999999999999997
9.75                                              0.12549193847027057                               0.1254919384702706                                1.000000000000001
9.75                                              0.1254919520274652                                0.1254919520274652                                1.0000000000000018
9.75                                              0.140173752962657                                 0.140173752962657                                 0.9999999999999991
9.75                                              0.1401737536368442                                0.1401737536368442                                1.0000000000000007
9.75                                              0.14208320893231327                               0.14208320893231327                               0.9999999999999989
9.75                                              0.15704522597517534                               0.15704522597517534                               1.0000000000000009
9.75                                              0.15704522852847644                               0.15704522852847644                               1.0000000000000009
9.75                                              0.16207033511017152                               0.16207033511017152                               0.9999999999999998
9.75                                              0.16207055248140118                               0.16207055248140118                               1.0000000000000024
9.75                                              0.17607894302720195                               0.17607894302720195                               0.9999999999999992
9.75                                              0.17607894455013223                               0.17607894455013226                               1.0000000000000002
9.75                                              0.19507364128825708                               0.19507364128825708                               1.0000000000000007
9.75                                              0.19724441207008275                               0.19724441207008275                               1.0000000000000009
9.75                                              0.1972444137076137                                0.1972444137076137                                1.0000000000000018
9.75                                              0.20697519754632968                               0.2069751975463297                                1.0000000000000022
9.999999999999998                                 0.08451648622907541                               0.08451648622907543                               1.0000000000000009
9.999999999999998                                 0.08566395834601975                               0.08566395834601975                               1.0000000000000009
9.999999999999998                                 0.08566397181798856                               0.08566397181798856                               1.0000000000000018
9.999999999999998                                 0.08909687663867985                               0.08909687663867986                               1.000000000000001
9.999999999999998                                 0.08910143514379051                               0.08910143514379051                               1.0000000000000004
9.999999999999998                                 0.09481174778179445                               0.09481174778179446                               1.0000000000000002
9.999999999999998                                 0.0948117487783075                                0.0948117487783075                                0.9999999999999974
9.999999999999998                                 0.1027897838703994                                0.10278978387039941                               1.0000000000000016
9.999999999999998                                 0.10279164433359314                               0.10279164433359314                               1.0000000000000004
9.999999999999998                                 0.10526715751738104                               0.10526715751738104                               1.0000000000000018
9.999999999999998                                 0.11038260444562721                               0.11038260444562721                               0.9999999999999991
9.999999999999998                                 0.11039925648148124                               0.11039925648148124                               1.0000000000000016
9.999999999999998                                 0.11302444674391456                               0.11302444674391457                               1.000000000000001
9.999999999999998                                 0.1130244493885365                                0.1130244493885365                                1.0000000000000004
9.999999999999998                                 0.11847333648536082                               0.11847333648536082                               1.0000000000000029
9.999999999999998                                 0.12549194552341103                               0.12549194552341103                               1.0000000000000007
9.999999999999998                                 0.12549196003026322                               0.12549196003026322                               0.9999999999999992
9.999999999999998                                 0.14017375447814928                               0.14017375447814928                               0.9999999999999996
9.999999999999998                                 0.1401737551288489                                0.1401737551288489                                1.0000000000000004
9.999999999999998                                 0.14822356806028025                               0.14822356806028028                               0.9999999999999986
9.999999999999998                                 0.15704522649459315                               0.15704522649459315                               0.9999999999999996
9.999999999999998                                 0.1570452292657017                                0.1570452292657017                                0.9999999999999993
9.999999999999998                                 0.1670004974914047                                0.1670004974914047                                0.9999999999999997
9.999999999999998                                 0.1670517236252113                                0.1670517236252113                                1.0000000000000016
9.999999999999998                                 0.1760789435118842                                0.17607894351188422                               1.0000000000000016
9.999999999999998                                 0.1760789448787186                                0.1760789448787186                                0.9999999999999994
9.999999999999998                                 0.19724441228105832                               0.19724441228105835                               1.0000000000000013
9.999999999999998                                 0.1972444138447112                                0.1972444138447112                                1.0000000000000002
9.999999999999998                                 0.19818263832310828                               0.19818263832310828                               0.9999999999999994
9.999999999999998                                 0.2121497558699299                                0.2121497558699299                                1.0000000000000007
10.25                                             0.08451945573295075                               0.08451945573295075                               1.0000000000000018
10.25                                             0.08566588273566636                               0.08566588273566637                               0.9999999999999998
10.25                                             0.08566589260540888                               0.08566589260540888                               0.9999999999999987
10.25                                             0.08909780588684994                               0.08909780588684994                               0.9999999999999977
10.25                                             0.08910196883449593                               0.08910196883449595                               1.0000000000000002
10.25                                             0.09481204102525458                               0.09481204102525458                               1.0000000000000009
10.25                                             0.0948120422300381                                0.0948120422300381                                0.999999999999999
10.25                                             0.10279110747647786                               0.10279110747647788                               1.0000000000000016
10.25                                             0.10279169685895984                               0.10279169685895984                               1.0000000000000002
10.25                                             0.11022358861889792                               0.11022358861889792                               1.0000000000000004
10.25                                             0.11302385454283624                               0.11302385454283626                               0.9999999999999993
10.25                                             0.11302385562276572                               0.11302385562276573                               1.0000000000000004
10.25                                             0.11501188912198017                               0.11501188912198017                               0.9999999999999989
10.25                                             0.11502625490342211                               0.11502625490342212                               0.9999999999999982
10.25                                             0.12225052831569919                               0.1222505283156992                                0.9999999999999998
10.25                                             0.12549195322003168                               0.12549195322003168                               1
10.25                                             0.12549198006647158                               0.12549198006647158                               1.0000000000000016
10.25                                             0.14017375641403446                               0.14017375641403446                               0.9999999999999998
10.25                                             0.14017375702028315                               0.14017375702028315                               1.0000000000000018
10.25                                             0.15470277625379505                               0.15470277625379505                               1.0000000000000029
10.25                                             0.15704522701680765                               0.15704522701680765                               1.0000000000000009
10.25                                             0.15704523018849878                               0.15704523018849878                               1.000000000000001
10.25                                             0.1723451107598633                                0.1723451107598633                                1.0000000000000024
10.25                                             0.172395090153517                                 0.17239509015351703                               1
10.25                                             0.17607894440150457                               0.17607894440150457                               1.0000000000000009
10.25                                             0.17607894556894757                               0.1760789455689476                                1
10.25                                             0.19724441250292968                               0.19724441250292968                               0.9999999999999997
10.25                                             0.19724441374578727                               0.1972444137457873                                0.9999999999999991
10.25                                             0.2016399072760608                                0.20163990727606082                               1.0000000000000004
10.25                                             0.21780732943377518                               0.21780732943377518                               1.0000000000000018
10.5                                              0.08452159394262009                               0.08452159394262009                               0.9999999999999983
10.5                                              0.08566738387751306                               0.08566738387751306                               1.0000000000000009
10.5                                              0.08566738468101229                               0.08566738468101229                               0.999999999999998
10.5                                              0.0890986174805251                                0.0890986174805251                                1.0000000000000009
10.5                                              0.08910245890988844                               0.08910245890988844                               1.0000000000000013
10.5                                              0.09481230772776235                               0.09481230772776235                               1.0000000000000018
10.5                                              0.09481230820674873                               0.09481230820674874                               1.0000000000000009
10.5                                              0.10279144520200618                               0.10279144520200618                               0.9999999999999997
10.5                                              0.10279175514799742                               0.10279175514799742                               0.9999999999999998
10.5                                              0.11302412354732529                               0.1130241235473253                                0.9999999999999994
10.5                                              0.11302412416551823                               0.11302412416551824                               1.0000000000000016
10.5                                              0.11538922120809307                               0.11538922120809308                               1
10.5                                              0.11985517535013496                               0.11985517535013496                               1.0000000000000004
10.5                                              0.1198552183156098                                0.11985521831560982                               1.0000000000000013
10.5                                              0.12549184359435597                               0.12549184359435597                               1.0000000000000013
10.5                                              0.1254919626425298                                0.1254919626425298                                0.9999999999999993
10.5                                              0.1263078034709092                                0.1263078034709092                                0.9999999999999974
10.5                                              0.14017375924365127                               0.14017375924365127                               1.0000000000000009
10.5                                              0.14017375976805044                               0.14017375976805047                               1.000000000000003
10.5                                              0.1570452279169562                                0.1570452279169562                                0.9999999999999978
10.5                                              0.1570452317834962                                0.1570452317834962                                1.0000000000000024
10.5                                              0.16151350935403574                               0.16151350935403574                               0.9999999999999992
10.5                                              0.176078942180233                                 0.17607894218023304                               0.9999999999999998
10.5                                              0.17607894345298364                               0.17607894345298364                               1.0000000000000016
10.5                                              0.1780969283476681                                0.17809692834766813                               0.9999999999999974
10.5                                              0.17809712172961784                               0.17809712172961784                               1.000000000000001
10.5                                              0.19724441298377304                               0.19724441298377304                               0.9999999999999999
10.5                                              0.19724441416053817                               0.19724441416053817                               0.9999999999999996
10.5                                              0.20546336424335399                               0.205463364243354                                 1.0000000000000009
10.5                                              0.22050786647174836                               0.22050786647174836                               0.9999999999999998
10.749999999999998                                0.08452323753760556                               0.08452323753760556                               1.0000000000000007
10.749999999999998                                0.08566860055227837                               0.08566860055227837                               1.000000000000001
10.749999999999998                                0.0856686067127379                                0.0856686067127379                                1.0000000000000002
10.749999999999998                                0.0890993347949967                                0.08909933479499671                               1.0000000000000009
10.749999999999998                                0.0891029236449635                                0.0891029236449635                                1
10.749999999999998                                0.09481256051619984                               0.09481256051619985                               0.9999999999999999
10.749999999999998                                0.09481256206712917                               0.09481256206712918                               0.9999999999999993
10.749999999999998                                0.10279164544756078                               0.10279164544756078                               1.0000000000000004
10.749999999999998                                0.10279181931394019                               0.1027918193139402                                0.9999999999999996
10.749999999999998                                0.11302419327904298                               0.11302419327904298                               1.0000000000000007
10.749999999999998                                0.11302419393998879                               0.1130241939399888                                0.9999999999999986
10.749999999999998                                0.1207924937585054                                0.1207924937585054                                0.9999999999999989
10.749999999999998                                0.12492293285245723                               0.12492293285245724                               1.0000000000000013
10.749999999999998                                0.12493335808759407                               0.12493335808759407                               0.999999999999999
10.749999999999998                                0.12549194690849083                               0.12549194690849086                               0.9999999999999999
10.749999999999998                                0.12549197435544357                               0.12549197435544357                               0.9999999999999994
10.749999999999998                                0.13065946134584394                               0.13065946134584394                               0.9999999999999972
10.749999999999998                                0.14017376288656566                               0.14017376288656566                               0.9999999999999997
10.749999999999998                                0.14017376343836424                               0.14017376343836424                               1.0000000000000013
10.749999999999998                                0.15704522903453197                               0.15704522903453197                               0.9999999999999982
10.749999999999998                                0.15704523372880821                               0.15704523372880824                               1.0000000000000004
10.749999999999998                                0.16873371917271637                               0.16873371917271637                               1.0000000000000004
10.749999999999998                                0.1760789440456046                                0.1760789440456046                                1.0000000000000002
10.749999999999998                                0.17607894544146996                               0.17607894544146996                               1.0000000000000009
10.749999999999998                                0.18423981241588416                               0.18423981241588416                               0.9999999999999993
10.749999999999998                                0.18428602728226212                               0.18428602728226212                               1.0000000000000004
10.749999999999998                                0.19724441344303711                               0.19724441344303714                               0.9999999999999984
10.749999999999998                                0.19724441434055945                               0.19724441434055945                               1.0000000000000009
10.749999999999998                                0.20966917502399107                               0.20966917502399107                               0.9999999999999984
10.749999999999998                                0.22050786624546304                               0.22050786624546306                               1.0000000000000007
11                                                0.08452454542665931                               0.08452454542665931                               0.9999999999999982
11                                                0.08566961609514007                               0.08566961609514007                               0.9999999999999996
11                                                0.08566962114778347                               0.08566962114778348                               1
11                                                0.0890999760249475                                0.08909997602494751                               0.999999999999999
11                                                0.08910335940146925                               0.08910335940146927                               0.9999999999999998
11                                                0.09481280546890174                               0.09481280546890175                               1.0000000000000018
11                                                0.09481280719370587                               0.09481280719370588                               0.9999999999999984
11                                                0.10279180526523826                               0.10279180526523826                               1.0000000000000029
11                                                0.10279188952087477                               0.10279188952087477                               0.9999999999999998
11                                                0.11302424256469679                               0.11302424256469679                               0.9999999999999978
11                                                0.11302424317923321                               0.11302424317923321                               1.0000000000000016
11                                                0.1254919647321862                                0.1254919647321862                                0.9999999999999984
11                                                0.12549198877532436                               0.12549198877532436                               0.9999999999999999
11                                                0.12641261149418523                               0.12641261149418523                               0.9999999999999983
11                                                0.13022632354017993                               0.13022632354017993                               0.9999999999999992
11                                                0.13023473034389382                               0.13023473034389385                               0.9999999999999991
11                                                0.13532044413952415                               0.13532044413952415                               1.0000000000000013
11                                                0.14017376780745006                               0.14017376780745006                               0.9999999999999999
11                                                0.1401737683732384                                0.14017376837323842                               0.9999999999999997
11                                                0.15704523043909938                               0.15704523043909938                               0.9999999999999986
11                                                0.15704523650991428                               0.15704523650991428                               1.0000000000000004
11                                                0.17607894505401755                               0.17607894505401755                               0.9999999999999993
11                                                0.17607894653084438                               0.1760789465308444                                0.9999999999999984
11                                                0.17623522971289038                               0.1762352297128904                                0.9999999999999993
11                                                0.19074861470326088                               0.1907486147032609                                0.9999999999999992
11                                                0.1907904094778259                                0.19079040947782594                               1.0000000000000013
11                                                0.19724441437917586                               0.19724441437917586                               1.0000000000000016
11                                                0.1972444145261814                                0.19724441452618144                               0.9999999999999986
11                                                0.21427009044140027                               0.21427009044140027                               0.9999999999999976
11                                                0.2205078665265892                                0.22050786652658924                               0.9999999999999996
11.25                                             0.08452562394112256                               0.08452562394112258                               0.999999999999999
11.25                                             0.08567048553609613                               0.08567048553609614                               1.000000000000002
11.25                                             0.0856704863884542                                0.0856704863884542                                1.0000000000000002
11.25                                             0.089100555004827                                 0.08910055500482701                               0.9999999999999989
11.25                                             0.08910377286554097                               0.08910377286554097                               1.0000000000000004
11.25                                             0.09481304617074802                               0.09481304617074804                               1.0000000000000002
11.25                                             0.09481304671357026                               0.09481304671357026                               0.999999999999999
11.25                                             0.10279195107580573                               0.10279195107580574                               0.9999999999999998
11.25                                             0.10279196598663386                               0.10279196598663386                               1.0000000000000002
11.25                                             0.11302428874596843                               0.11302428874596843                               0.9999999999999997
11.25                                             0.11302428943433018                               0.1130242894343302                                0.9999999999999993
11.25                                             0.1254919793117247                                0.1254919793117247                                1.000000000000002
11.25                                             0.12549200632058397                               0.12549200632058397                               1
11.25                                             0.1322600682311326                                0.1322600682311326                                0.9999999999999997
11.25                                             0.13577855969415092                               0.13577855969415092                               0.9999999999999982
11.25                                             0.1357785812625184                                0.13577858126251843                               0.9999999999999998
11.25                                             0.1401737748299071                                0.1401737748299071                                1.0000000000000013
11.25                                             0.1401737754249084                                0.1401737754249084                                1.000000000000002
11.25                                             0.14030519876342365                               0.14030519876342365                               0.9999999999999991
11.25                                             0.15704523213189053                               0.15704523213189053                               1.0000000000000007
11.25                                             0.15704524013840704                               0.15704524013840704                               1.0000000000000016
11.25                                             0.1760789461479244                                0.1760789461479244                                1.0000000000000002
11.25                                             0.17607894754556946                               0.17607894754556946                               1.000000000000001
11.25                                             0.18399089321866732                               0.18399089321866735                               0.9999999999999999
11.25                                             0.19724441463086925                               0.19724441463086928                               1.0000000000000022
11.25                                             0.19724441575716012                               0.19724441575716012                               1.0000000000000004
11.25                                             0.19759087786873203                               0.19759087786873203                               0.9999999999999998
11.25                                             0.19759101703730442                               0.19759101703730444                               0.9999999999999998
11.25                                             0.2192751199568256                                0.2192751199568256                                1
11.25                                             0.22050786632639058                               0.2205078663263906                                1.0000000000000009
11.499999999999998                                0.08452654670754108                               0.08452654670754108                               1.000000000000002
11.499999999999998                                0.08567124808917063                               0.08567124808917063                               1.0000000000000007
11.499999999999998                                0.08567125194541601                               0.08567125194541603                               0.9999999999999997
11.499999999999998                                0.08910108319712011                               0.08910108319712012                               1.0000000000000004
11.499999999999998                                0.08910417742309745                               0.08910417742309747                               1.0000000000000002
11.499999999999998                                0.09481328531032487                               0.09481328531032487                               1
11.499999999999998                                0.09481328735520196                               0.09481328735520196                               0.9999999999999997
11.499999999999998                                0.10279204895574598                               0.10279204895574598                               0.9999999999999987
11.499999999999998                                0.10279209613992957                               0.10279209613992957                               1.0000000000000009
11.499999999999998                                0.1130243379687905                                0.1130243379687905                                0.9999999999999992
11.499999999999998                                0.11302433845444247                               0.11302433845444249                               0.9999999999999987
11.499999999999998                                0.12549199524272145                               0.12549199524272145                               0.9999999999999996
11.499999999999998                                0.12549202868927706                               0.12549202868927706                               0.9999999999999984
11.499999999999998                                0.1383584873192282                                0.1383584873192282                                0.9999999999999984
11.499999999999998                                0.1401737736307503                                0.1401737736307503                                1.0000000000000004
11.499999999999998                                0.1401737741970494                                0.1401737741970494                                1.0000000000000004
11.499999999999998                                0.14159426755993174                               0.14159426755993176                               0.999999999999998
11.499999999999998                                0.1415995779162056                                0.1415995779162056                                1.0000000000000022
11.499999999999998                                0.14562777676459732                               0.14562777676459732                               0.9999999999999999
11.499999999999998                                0.15704523487319313                               0.15704523487319316                               1.0000000000000002
11.499999999999998                                0.15704524566711953                               0.15704524566711953                               1.0000000000000002
11.499999999999998                                0.1760789480326074                                0.1760789480326074                                1.0000000000000007
11.499999999999998                                0.17607894942365288                               0.1760789494236529                                1.0000000000000016
11.499999999999998                                0.19203201474139323                               0.19203201474139323                               0.9999999999999993
11.499999999999998                                0.19724441532848375                               0.19724441532848377                               0.9999999999999996
11.499999999999998                                0.19724442137925458                               0.19724442137925458                               0.9999999999999999
11.499999999999998                                0.20472846728892044                               0.20472846728892047                               0.9999999999999999
11.499999999999998                                0.20476102304934551                               0.20476102304934551                               1
11.499999999999998                                0.22050786708625303                               0.22050786708625303                               1.0000000000000002
11.499999999999998                                0.22050786915094234                               0.22050786915094234                               1.0000000000000002
