% Model:              Untitled.mph
% Version:            COMSOL 5.6.0.280
% Date:               Jul 28 2026, 13:19
% Table:              Tabla 10 - Valor propio 1
% a (nm)                                          lambda                                            Energía propia (eV)                               Probabilidad total (1)
6                                                 0.06583086113680746                               0.06583086113680746                               1.0000000000000002
6                                                 0.07400309891047695                               0.07400309891047696                               1.0000000000000016
6                                                 0.07400310076537993                               0.07400310076537993                               1.000000000000001
6                                                 0.08454508962160505                               0.08454508962160505                               0.9999999999999994
6                                                 0.08569707203775986                               0.08569707203775986                               1.0000000000000002
6                                                 0.085697072758608                                 0.085697072758608                                 1.0000000000000007
6                                                 0.08907766903848709                               0.0890776690384871                                1.0000000000000002
6                                                 0.08907767095898679                               0.0890776709589868                                1.0000000000000022
6                                                 0.09481036676322767                               0.09481036676322768                               1.0000000000000004
6                                                 0.09481036734780182                               0.09481036734780182                               1.0000000000000009
6                                                 0.09723321331088716                               0.09723321331088718                               1
6                                                 0.09723321577886461                               0.09723321577886462                               0.9999999999999988
6                                                 0.1027913746244005                                0.1027913746244005                                1
6                                                 0.10279137607166693                               0.10279137607166693                               1.0000000000000007
6                                                 0.11302413407378349                               0.11302413407378349                               0.9999999999999991
6                                                 0.11302413469283483                               0.11302413469283483                               1.0000000000000002
6                                                 0.1254919366783654                                0.1254919366783654                                1.0000000000000018
6                                                 0.12549193843129483                               0.12549193843129483                               1.0000000000000009
6                                                 0.13322415361220669                               0.13322415361220669                               0.9999999999999992
6                                                 0.13322415523914413                               0.13322415523914413                               1.0000000000000027
6                                                 0.1401737502457047                                0.1401737502457047                                0.9999999999999992
6                                                 0.14017375086065206                               0.14017375086065206                               1.0000000000000018
6                                                 0.15704522506218038                               0.15704522506218038                               0.9999999999999988
6                                                 0.15704522698230614                               0.15704522698230614                               0.9999999999999982
6                                                 0.17607894256687806                               0.17607894256687806                               0.9999999999999998
6                                                 0.17607894393611545                               0.17607894393611548                               0.9999999999999984
6                                                 0.17981775173045628                               0.17981775173045628                               1.0000000000000009
6                                                 0.17981775368731207                               0.1798177536873121                                1.0000000000000004
6                                                 0.19724441195666909                               0.19724441195666909                               0.9999999999999987
6                                                 0.19724441335730108                               0.1972444133573011                                0.9999999999999997
6.25                                              0.0696488319718172                                0.0696488319718172                                0.9999999999999996
6.25                                              0.07751752935875876                               0.07751752935875876                               1.0000000000000022
6.25                                              0.0775175309533057                                0.0775175309533057                                0.9999999999999988
6.25                                              0.08454956030484527                               0.08454956030484528                               1.000000000000001
6.25                                              0.08570774820986488                               0.08570774820986488                               0.9999999999999964
6.25                                              0.08570774893076365                               0.08570774893076365                               0.9999999999999999
6.25                                              0.08908429415722102                               0.08908429415722104                               1.0000000000000016
6.25                                              0.08908429608646332                               0.08908429608646333                               1.0000000000000004
6.25                                              0.09481053596301837                               0.09481053596301837                               1.0000000000000016
6.25                                              0.09481053654744809                               0.0948105365474481                                1.0000000000000013
6.25                                              0.10004764078844793                               0.10004764078844794                               0.9999999999999989
6.25                                              0.1000476427626244                                0.10004764276262441                               1.0000000000000024
6.25                                              0.10279139044837463                               0.10279139044837463                               1
6.25                                              0.10279139189562608                               0.1027913918956261                                1.0000000000000002
6.25                                              0.11302413606077732                               0.11302413606077734                               1.0000000000000002
6.25                                              0.11302413667983156                               0.11302413667983156                               1.0000000000000009
6.25                                              0.12549193695682148                               0.12549193695682148                               0.9999999999999999
6.25                                              0.12549193870975187                               0.12549193870975187                               1.0000000000000007
6.25                                              0.13520667934216488                               0.13520667934216488                               0.9999999999999983
6.25                                              0.13520668103203481                               0.13520668103203481                               0.9999999999999982
6.25                                              0.140173750286491                                 0.140173750286491                                 1.0000000000000038
6.25                                              0.1401737509014326                                0.1401737509014326                                0.9999999999999987
6.25                                              0.1570452250681446                                0.1570452250681446                                0.9999999999999994
6.25                                              0.15704522698828652                               0.15704522698828655                               0.9999999999999994
6.25                                              0.17607894256765544                               0.17607894256765547                               0.9999999999999988
6.25                                              0.17607894393687784                               0.17607894393687784                               1.0000000000000016
6.25                                              0.1810479769420389                                0.1810479769420389                                0.9999999999999999
6.25                                              0.18104798236417327                               0.18104798236417327                               0.9999999999999993
6.25                                              0.197244411956681                                 0.197244411956681                                 1.0000000000000004
6.25                                              0.1972444133573032                                0.19724441335730322                               0.9999999999999989
6.499999999999999                                 0.07375982273293302                               0.07375982273293302                               1.0000000000000002
6.499999999999999                                 0.08132931262415768                               0.08132931262415768                               0.9999999999999983
6.499999999999999                                 0.08132931405361758                               0.0813293140536176                                1.0000000000000002
6.499999999999999                                 0.08455772352133908                               0.08455772352133908                               0.999999999999999
6.499999999999999                                 0.08573848792513337                               0.08573848792513337                               1.0000000000000007
6.499999999999999                                 0.08573848864958941                               0.08573848864958941                               0.9999999999999998
6.499999999999999                                 0.08908864449327056                               0.08908864449327057                               0.9999999999999994
6.499999999999999                                 0.08908864642489311                               0.08908864642489311                               1.0000000000000002
6.499999999999999                                 0.09481072221374186                               0.09481072221374186                               1
6.499999999999999                                 0.09481072279822905                               0.09481072279822905                               0.9999999999999986
6.499999999999999                                 0.10279141073087968                               0.10279141073087968                               0.9999999999999994
6.499999999999999                                 0.10279141217814843                               0.10279141217814843                               1.0000000000000002
6.499999999999999                                 0.10321057720317271                               0.10321057720317271                               1.0000000000000016
6.499999999999999                                 0.10321057949208565                               0.10321057949208565                               1.0000000000000013
6.499999999999999                                 0.11302413889362774                               0.11302413889362775                               0.9999999999999987
6.499999999999999                                 0.11302413951268134                               0.11302413951268134                               0.9999999999999986
6.499999999999999                                 0.12549193739240416                               0.12549193739240416                               1.0000000000000002
6.499999999999999                                 0.12549193914533507                               0.12549193914533507                               1.0000000000000013
6.499999999999999                                 0.13753431217923356                               0.13753431217923356                               1.0000000000000002
6.499999999999999                                 0.13753431387349602                               0.13753431387349604                               1.0000000000000004
6.499999999999999                                 0.14017375035634522                               0.14017375035634522                               0.9999999999999999
6.499999999999999                                 0.14017375097127943                               0.14017375097127943                               0.9999999999999999
6.499999999999999                                 0.15704522507965343                               0.15704522507965343                               1.0000000000000018
6.499999999999999                                 0.15704522699979886                               0.1570452269997989                                1.0000000000000007
6.499999999999999                                 0.1760789425696656                                0.17607894256966564                               0.9999999999999988
6.499999999999999                                 0.17607894393889711                               0.17607894393889714                               0.9999999999999991
6.499999999999999                                 0.18257750211182966                               0.1825775021118297                                1.0000000000000016
6.499999999999999                                 0.1825775031323819                                0.18257750313238194                               0.9999999999999998
6.499999999999999                                 0.19724441195710885                               0.19724441195710887                               1.000000000000001
6.499999999999999                                 0.19724441335774637                               0.19724441335774637                               0.9999999999999991
6.749999999999999                                 0.07818636805511806                               0.07818636805511806                               0.9999999999999997
6.749999999999999                                 0.08457800862183915                               0.08457800862183915                               0.9999999999999988
6.749999999999999                                 0.08509374274141275                               0.08509374274141275                               0.9999999999999988
6.749999999999999                                 0.08509374391047768                               0.08509374391047768                               1.000000000000001
6.749999999999999                                 0.08616315091107471                               0.08616315091107471                               0.9999999999999992
6.749999999999999                                 0.08616315197885585                               0.08616315197885586                               0.9999999999999988
6.749999999999999                                 0.08909171736660701                               0.08909171736660701                               0.9999999999999989
6.749999999999999                                 0.08909171929986638                               0.08909171929986638                               0.999999999999999
6.749999999999999                                 0.09481092367758268                               0.09481092367758268                               1.0000000000000004
6.749999999999999                                 0.09481092426209985                               0.09481092426209985                               1.0000000000000013
6.749999999999999                                 0.10279143622287425                               0.10279143622287425                               1.0000000000000013
6.749999999999999                                 0.10279143767012662                               0.10279143767012663                               0.9999999999999984
6.749999999999999                                 0.10675025598975807                               0.10675025598975807                               1.0000000000000004
6.749999999999999                                 0.10675025799781694                               0.10675025799781694                               0.9999999999999992
6.749999999999999                                 0.11302414284743735                               0.11302414284743735                               1.000000000000003
6.749999999999999                                 0.11302414346650677                               0.11302414346650677                               0.9999999999999986
6.749999999999999                                 0.1254919380574524                                0.1254919380574524                                1.0000000000000024
6.749999999999999                                 0.1254919398103885                                0.1254919398103885                                0.9999999999999971
6.749999999999999                                 0.14017375047191077                               0.14017375047191077                               1.0000000000000007
6.749999999999999                                 0.14017375108686742                               0.14017375108686742                               1.0000000000000002
6.749999999999999                                 0.14024206080314355                               0.14024206080314358                               1.0000000000000007
6.749999999999999                                 0.1402420622540537                                0.1402420622540537                                0.9999999999999998
6.749999999999999                                 0.15704522509988889                               0.1570452250998889                                1.0000000000000013
6.749999999999999                                 0.1570452270200149                                0.1570452270200149                                1.0000000000000007
6.749999999999999                                 0.17607894257311552                               0.17607894257311552                               1.0000000000000009
6.749999999999999                                 0.176078943942338                                 0.176078943942338                                 0.9999999999999997
6.749999999999999                                 0.18444969669056566                               0.18444969669056566                               0.9999999999999974
6.749999999999999                                 0.1844496997917779                                0.1844496997917779                                1.000000000000001
6.749999999999999                                 0.19724441195762263                               0.19724441195762263                               1
6.749999999999999                                 0.1972444133582122                                0.19724441335821222                               0.9999999999999991
7                                                 0.0828582669935111                                0.0828582669935111                                1
7                                                 0.08471471282371196                               0.08471471282371197                               1.0000000000000004
7                                                 0.08561100193774171                               0.08561100193774171                               1.0000000000000016
7                                                 0.08561100265309053                               0.08561100265309053                               0.9999999999999993
7                                                 0.08909400554324758                               0.08909400554324758                               1
7                                                 0.08909400747677024                               0.08909400747677024                               1.000000000000002
7                                                 0.09021409055772457                               0.09021409055772459                               1.0000000000000013
7                                                 0.09021409665996254                               0.09021409665996254                               0.9999999999999998
7                                                 0.0948111382768479                                0.0948111382768479                                0.9999999999999997
7                                                 0.09481113886128742                               0.09481113886128742                               1.0000000000000016
7                                                 0.10279146767891406                               0.10279146767891408                               1.0000000000000007
7                                                 0.10279146912607862                               0.10279146912607863                               0.9999999999999999
7                                                 0.11069850448218443                               0.11069850448218443                               1.0000000000000024
7                                                 0.11069850605228425                               0.11069850605228426                               0.9999999999999996
7                                                 0.11302414825745237                               0.11302414825745237                               1.0000000000000013
7                                                 0.11302414887650414                               0.11302414887650414                               1
7                                                 0.12549193905152564                               0.12549193905152564                               1.0000000000000007
7                                                 0.1254919408044693                                0.1254919408044693                                1.0000000000000004
7                                                 0.14017375065947457                               0.14017375065947457                               0.9999999999999983
7                                                 0.14017375127444548                               0.14017375127444548                               1.0000000000000016
7                                                 0.1433670926526005                                0.1433670926526005                                0.9999999999999997
7                                                 0.143367095803266                                 0.143367095803266                                 0.9999999999999981
7                                                 0.15704522513557273                               0.15704522513557273                               0.9999999999999994
7                                                 0.15704522705571533                               0.15704522705571533                               0.9999999999999996
7                                                 0.1760789425799664                                0.1760789425799664                                0.9999999999999992
7                                                 0.17607894394912615                               0.17607894394912615                               1.0000000000000004
7                                                 0.18670999919584297                               0.18670999919584297                               0.9999999999999986
7                                                 0.18671000283172157                               0.18671000283172157                               0.9999999999999996
7                                                 0.19724441195894526                               0.19724441195894526                               0.9999999999999997
7                                                 0.19724441335956003                               0.19724441335956003                               1.0000000000000018
7.249999999999999                                 0.08444818963122809                               0.08444818963122809                               1.0000000000000018
7.249999999999999                                 0.08564381424836699                               0.08564381424836699                               0.9999999999999993
7.249999999999999                                 0.08564381496890974                               0.08564381496890974                               1.0000000000000009
7.249999999999999                                 0.08833258843757304                               0.08833258843757305                               1.0000000000000027
7.249999999999999                                 0.08909577987402766                               0.08909577987402766                               1
7.249999999999999                                 0.08909578180901427                               0.08909578180901427                               1.0000000000000009
7.249999999999999                                 0.09481136386689566                               0.09481136386689568                               0.9999999999999982
7.249999999999999                                 0.09481136445136505                               0.09481136445136507                               1.0000000000000004
7.249999999999999                                 0.09516469002401444                               0.09516469002401444                               0.9999999999999994
7.249999999999999                                 0.09516469177198518                               0.09516469177198518                               1.000000000000001
7.249999999999999                                 0.10279150583254376                               0.10279150583254376                               0.9999999999999983
7.249999999999999                                 0.10279150727976809                               0.1027915072797681                                0.9999999999999987
7.249999999999999                                 0.11302415552253633                               0.11302415552253633                               0.9999999999999981
7.249999999999999                                 0.11302415614159599                               0.113024156141596                                 1.000000000000002
7.249999999999999                                 0.11509074257266447                               0.11509074257266448                               1.0000000000000018
7.249999999999999                                 0.11509074529799992                               0.11509074529799992                               0.9999999999999993
7.249999999999999                                 0.12549194050736898                               0.12549194050736898                               1.0000000000000009
7.249999999999999                                 0.12549194226029545                               0.12549194226029545                               0.9999999999999999
7.249999999999999                                 0.14017375095711243                               0.14017375095711243                               0.9999999999999994
7.249999999999999                                 0.1401737515720447                                0.1401737515720447                                1.0000000000000002
7.249999999999999                                 0.14694905316945062                               0.14694905316945062                               1.0000000000000004
7.249999999999999                                 0.14694905457570748                               0.14694905457570748                               1.0000000000000009
7.249999999999999                                 0.15704522519681788                               0.15704522519681788                               1.0000000000000013
7.249999999999999                                 0.15704522711697272                               0.15704522711697275                               1.0000000000000007
7.249999999999999                                 0.1760789425927088                                0.1760789425927088                                1.0000000000000013
7.249999999999999                                 0.17607894396190404                               0.17607894396190407                               1.0000000000000002
7.249999999999999                                 0.18940577006940823                               0.18940577006940823                               0.9999999999999979
7.249999999999999                                 0.18940577086877303                               0.18940577086877303                               1.0000000000000013
7.249999999999999                                 0.19724441196179657                               0.19724441196179657                               1.0000000000000013
7.249999999999999                                 0.19724441336240717                               0.19724441336240717                               1.0000000000000004
7.5                                               0.08449690178672381                               0.08449690178672381                               0.9999999999999994
7.5                                               0.08565489944866408                               0.08565489944866408                               1
7.5                                               0.08565490016908182                               0.08565490016908184                               1.0000000000000009
7.5                                               0.08909720127145994                               0.08909720127145995                               1.0000000000000004
7.5                                               0.08909720320695204                               0.08909720320695205                               1.0000000000000016
7.5                                               0.09393165505801047                               0.09393165505801047                               0.9999999999999996
7.5                                               0.0948115983784172                                0.09481159837841721                               1
7.5                                               0.09481159896292035                               0.09481159896292035                               0.9999999999999999
7.5                                               0.10059188932187452                               0.10059188932187452                               0.9999999999999993
7.5                                               0.10059189187480594                               0.10059189187480594                               0.9999999999999987
7.5                                               0.10279155137050457                               0.10279155137050458                               0.9999999999999992
7.5                                               0.10279155281774392                               0.10279155281774392                               1.0000000000000004
7.5                                               0.11302416510507461                               0.11302416510507461                               1.0000000000000004
7.5                                               0.1130241657241398                                0.11302416572413981                               0.9999999999999998
7.5                                               0.11996590271805721                               0.11996590271805721                               0.9999999999999997
7.5                                               0.11996590576154652                               0.11996590576154652                               1.0000000000000007
7.5                                               0.1254919425972126                                0.1254919425972126                                0.9999999999999983
7.5                                               0.125491944350152                                 0.125491944350152                                 1.0000000000000002
7.5                                               0.14017375141838734                               0.14017375141838734                               1
7.5                                               0.14017375203334498                               0.14017375203334498                               0.9999999999999994
7.5                                               0.15103007947821726                               0.15103007947821726                               0.9999999999999991
7.5                                               0.1510300809958937                                0.1510300809958937                                0.9999999999999993
7.5                                               0.15704522529838055                               0.15704522529838055                               0.9999999999999992
7.5                                               0.15704522721850928                               0.15704522721850928                               1.0000000000000007
7.5                                               0.17607894261456336                               0.1760789426145634                                1.0000000000000009
7.5                                               0.17607894398379564                               0.17607894398379564                               1.000000000000001
7.5                                               0.19258591909550943                               0.19258591909550943                               1.0000000000000029
7.5                                               0.19258592400009517                               0.19258592400009517                               0.9999999999999987
7.5                                               0.19724441196611053                               0.19724441196611053                               0.9999999999999987
7.5                                               0.19724441336670256                               0.1972444133667026                                0.9999999999999998
7.749999999999999                                 0.08451010888019637                               0.08451010888019637                               0.9999999999999987
7.749999999999999                                 0.08566052009095829                               0.0856605200909583                                1.0000000000000018
7.749999999999999                                 0.08566052081111843                               0.08566052081111843                               0.9999999999999988
7.749999999999999                                 0.08909837126455766                               0.08909837126455768                               1.0000000000000016
7.749999999999999                                 0.08909837320042722                               0.08909837320042722                               0.9999999999999992
7.749999999999999                                 0.09481183995726289                               0.0948118399572629                                1.0000000000000004
7.749999999999999                                 0.094811840541735                                 0.09481184054173501                               1.0000000000000018
7.749999999999999                                 0.10005038682403608                               0.1000503868240361                                1.0000000000000018
7.749999999999999                                 0.1027916049233043                                0.1027916049233043                                1.0000000000000009
7.749999999999999                                 0.102791606370517                                 0.102791606370517                                 1
7.749999999999999                                 0.10652271142166259                               0.10652271142166259                               0.9999999999999992
7.749999999999999                                 0.1065227140506288                                0.10652271405062881                               1.0000000000000009
7.749999999999999                                 0.11302417753380747                               0.11302417753380747                               0.9999999999999993
7.749999999999999                                 0.11302417815287302                               0.11302417815287304                               1.0000000000000002
7.749999999999999                                 0.1253665607756919                                0.1253665607756919                                1
7.749999999999999                                 0.125366565368063                                 0.125366565368063                                 1.0000000000000004
7.749999999999999                                 0.12549194554235507                               0.12549194554235507                               1.0000000000000013
7.749999999999999                                 0.12549194729529295                               0.12549194729529295                               0.9999999999999998
7.749999999999999                                 0.14017375211970812                               0.14017375211970812                               0.999999999999998
7.749999999999999                                 0.14017375273465896                               0.14017375273465896                               0.9999999999999989
7.749999999999999                                 0.15565519586820575                               0.15565519586820575                               0.999999999999998
7.749999999999999                                 0.1556551960695394                                0.1556551960695394                                0.9999999999999976
7.749999999999999                                 0.15704522546476654                               0.15704522546476654                               0.999999999999999
7.749999999999999                                 0.15704522738487164                               0.15704522738487164                               1.000000000000001
7.749999999999999                                 0.1760789426538337                                0.1760789426538337                                0.9999999999999994
7.749999999999999                                 0.17607894402306262                               0.17607894402306262                               0.9999999999999988
7.749999999999999                                 0.19630128517155032                               0.19630128517155032                               1.000000000000003
7.749999999999999                                 0.19630129015137648                               0.19630129015137648                               0.9999999999999997
7.749999999999999                                 0.19724441197546                                  0.19724441197546003                               0.9999999999999977
7.749999999999999                                 0.1972444133760804                                0.1972444133760804                                1.0000000000000018
7.999999999999999                                 0.08451632361014645                               0.08451632361014645                               0.9999999999999986
7.999999999999999                                 0.085663959586615                                 0.085663959586615                                 0.9999999999999988
7.999999999999999                                 0.08566396030684315                               0.08566396030684315                               1.000000000000001
7.999999999999999                                 0.08909935701773311                               0.08909935701773312                               1.0000000000000002
7.999999999999999                                 0.0890993589542734                                0.08909935895427341                               0.9999999999999991
7.999999999999999                                 0.09481208703857881                               0.09481208703857881                               1.0000000000000022
7.999999999999999                                 0.0948120876231089                                0.09481208762310891                               1.000000000000001
7.999999999999999                                 0.1027916670525514                                0.10279166705255141                               0.9999999999999984
7.999999999999999                                 0.10279166849976035                               0.10279166849976035                               0.9999999999999989
7.999999999999999                                 0.10670741015601952                               0.10670741015601952                               0.9999999999999977
7.999999999999999                                 0.11300032946011888                               0.11300032946011888                               0.9999999999999972
7.999999999999999                                 0.11300033470103656                               0.11300033470103656                               1.0000000000000004
7.999999999999999                                 0.11302419340095163                               0.11302419340095163                               0.9999999999999994
7.999999999999999                                 0.1130241940199862                                0.1130241940199862                                0.9999999999999981
7.999999999999999                                 0.1254919496212157                                0.1254919496212157                                1.0000000000000013
7.999999999999999                                 0.12549195137415053                               0.12549195137415053                               0.9999999999999978
7.999999999999999                                 0.13133849391471356                               0.13133849391471356                               0.9999999999999986
7.999999999999999                                 0.1313384962410445                                0.13133849624104452                               0.9999999999999996
7.999999999999999                                 0.1401737531657473                                0.1401737531657473                                1.0000000000000009
7.999999999999999                                 0.1401737537806928                                0.1401737537806928                                1.000000000000001
7.999999999999999                                 0.15704522573082358                               0.15704522573082358                               0.9999999999999994
7.999999999999999                                 0.15704522765099183                               0.15704522765099183                               0.9999999999999997
7.999999999999999                                 0.16087185280577257                               0.16087185280577257                               0.9999999999999981
7.999999999999999                                 0.1608718568242673                                0.16087185682426733                               1.0000000000000016
7.999999999999999                                 0.17607894272081165                               0.17607894272081165                               1.0000000000000013
7.999999999999999                                 0.17607894408999347                               0.17607894408999347                               0.9999999999999994
7.999999999999999                                 0.19724441199213916                               0.19724441199213916                               1.0000000000000004
7.999999999999999                                 0.1972444133927138                                0.1972444133927138                                0.9999999999999998
7.999999999999999                                 0.20060378058953998                               0.20060378058954                                  1.0000000000000002
7.999999999999999                                 0.20060378479129998                               0.20060378479129998                               1.0000000000000004
8.25                                              0.08451999036763023                               0.08451999036763025                               0.9999999999999998
8.25                                              0.08566631252379944                               0.08566631252379944                               1.0000000000000016
8.25                                              0.08566631324350987                               0.08566631324350987                               1.0000000000000016
8.25                                              0.08910020474353961                               0.08910020474353961                               0.9999999999999997
8.25                                              0.08910020668023087                               0.08910020668023089                               0.9999999999999997
8.25                                              0.09481233839867913                               0.09481233839867914                               0.999999999999998
8.25                                              0.09481233898312864                               0.09481233898312866                               1.0000000000000002
8.25                                              0.10279173825105734                               0.10279173825105735                               1.0000000000000009
8.25                                              0.10279173969821953                               0.10279173969821953                               0.9999999999999983
8.25                                              0.11302421335736668                               0.11302421335736669                               1.000000000000001
8.25                                              0.11302421397641874                               0.11302421397641874                               0.9999999999999993
8.25                                              0.11394764553500408                               0.11394764553500408                               1
8.25                                              0.12007256859765975                               0.12007256859765975                               0.9999999999999982
8.25                                              0.12007256994734858                               0.12007256994734858                               1.0000000000000009
8.25                                              0.12549195517622097                               0.12549195517622097                               1.0000000000000013
8.25                                              0.1254919569291819                                0.1254919569291819                                1.0000000000000016
8.25                                              0.1379299798061931                                0.1379299798061931                                0.9999999999999966
8.25                                              0.13792998188483452                               0.13792998188483452                               1.0000000000000007
8.25                                              0.14017375469705512                               0.14017375469705512                               1.0000000000000002
8.25                                              0.14017375531203763                               0.14017375531203763                               0.9999999999999988
8.25                                              0.15704522614767025                               0.15704522614767025                               1.0000000000000018
8.25                                              0.15704522806781285                               0.15704522806781285                               1.0000000000000013
8.25                                              0.16672929045408738                               0.16672929045408738                               1.0000000000000016
8.25                                              0.16672929440856554                               0.16672929440856554                               1.0000000000000027
8.25                                              0.17607894283257902                               0.17607894283257905                               0.9999999999999993
8.25                                              0.17607894420179243                               0.17607894420179246                               0.9999999999999982
8.25                                              0.19724441202153137                               0.19724441202153137                               0.9999999999999998
8.25                                              0.19724441342214272                               0.19724441342214274                               1.0000000000000007
8.25                                              0.20554549306468312                               0.20554549306468314                               1.000000000000002
8.25                                              0.20554550058693333                               0.20554550058693336                               1
8.499999999999998                                 0.08452244842446645                               0.08452244842446645                               0.9999999999999997
8.499999999999998                                 0.08566804788283626                               0.08566804788283626                               1.0000000000000007
8.499999999999998                                 0.08566804860255953                               0.08566804860255954                               1.000000000000002
8.499999999999998                                 0.08910094733415992                               0.08910094733415992                               0.9999999999999997
8.499999999999998                                 0.08910094927085696                               0.08910094927085696                               1.0000000000000013
8.499999999999998                                 0.09481259318599887                               0.09481259318599887                               1.000000000000001
8.499999999999998                                 0.09481259377046278                               0.09481259377046279                               1.000000000000001
8.499999999999998                                 0.10279181895677347                               0.10279181895677349                               0.9999999999999992
8.499999999999998                                 0.10279182040394842                               0.10279182040394842                               0.9999999999999981
8.499999999999998                                 0.11302423811066634                               0.11302423811066634                               0.9999999999999996
8.499999999999998                                 0.11302423872973175                               0.11302423872973176                               0.9999999999999997
8.499999999999998                                 0.12181992481777135                               0.12181992481777135                               1.0000000000000002
8.499999999999998                                 0.12549196262261317                               0.1254919626226132                                1
8.499999999999998                                 0.1254919643755501                                0.12549196437555013                               0.9999999999999998
8.499999999999998                                 0.12778898358985796                               0.12778898358985796                               1.000000000000003
8.499999999999998                                 0.1277889869087531                                0.1277889869087531                                1.0000000000000002
8.499999999999998                                 0.14017375689911168                               0.14017375689911168                               1.0000000000000004
8.499999999999998                                 0.1401737575140762                                0.1401737575140762                                0.9999999999999994
8.499999999999998                                 0.14519059511115587                               0.14519059511115587                               1
8.499999999999998                                 0.14519059934959022                               0.14519059934959022                               1.0000000000000013
8.499999999999998                                 0.1570452267876192                                0.15704522678761923                               1
8.499999999999998                                 0.1570452287077333                                0.1570452287077333                                0.9999999999999988
8.499999999999998                                 0.17327743888550104                               0.17327743888550104                               0.9999999999999998
8.499999999999998                                 0.17327743918121252                               0.17327743918121252                               1.0000000000000027
8.499999999999998                                 0.17607894301532567                               0.17607894301532567                               0.9999999999999966
8.499999999999998                                 0.1760789443845426                                0.17607894438454263                               1.0000000000000004
8.499999999999998                                 0.19724441207309595                               0.19724441207309598                               0.9999999999999982
8.499999999999998                                 0.197244413473466                                 0.19724441347346602                               0.9999999999999992
8.499999999999998                                 0.21117732966744596                               0.21117732966744598                               1.000000000000001
8.499999999999998                                 0.21117734054156367                               0.2111773405415637                                0.9999999999999991
8.75                                              0.08452424033585533                               0.08452424033585533                               1
8.75                                              0.08566940030060853                               0.08566940030060853                               0.9999999999999989
8.75                                              0.08566940102028231                               0.08566940102028231                               1.0000000000000027
8.75                                              0.08910160888794158                               0.08910160888794158                               0.9999999999999993
8.75                                              0.08910161082497928                               0.08910161082497928                               0.9999999999999992
8.75                                              0.09481285090924926                               0.09481285090924928                               0.9999999999999994
8.75                                              0.09481285149369792                               0.09481285149369792                               1
8.75                                              0.10279190956522807                               0.10279190956522807                               1.0000000000000007
8.75                                              0.10279191101239811                               0.10279191101239812                               1.0000000000000018
8.75                                              0.11302426842084094                               0.11302426842084094                               1.0000000000000009
8.75                                              0.1130242690398801                                0.11302426903988011                               0.9999999999999999
8.75                                              0.12549197245888172                               0.12549197245888172                               1.0000000000000009
8.75                                              0.12549197421182393                               0.12549197421182393                               0.9999999999999997
8.75                                              0.1303720853707668                                0.1303720853707668                                1.0000000000000024
8.75                                              0.13619789381017766                               0.1361978938101777                                1.0000000000000009
8.75                                              0.13619789765354837                               0.1361978976535484                                0.9999999999999987
8.75                                              0.14017376001672532                               0.14017376001672532                               1.0000000000000022
8.75                                              0.14017376063166614                               0.14017376063166614                               1.0000000000000009
8.75                                              0.15316845378290694                               0.15316845378290694                               0.9999999999999978
8.75                                              0.15316845393430778                               0.15316845393430778                               1.000000000000003
8.75                                              0.1570452277549983                                0.1570452277549983                                0.9999999999999976
8.75                                              0.15704522967515844                               0.15704522967515844                               1
8.75                                              0.17607894330947568                               0.1760789433094757                                0.9999999999999992
8.75                                              0.17607894467871038                               0.17607894467871038                               1.0000000000000013
8.75                                              0.1805637611102414                                0.1805637611102414                                1.0000000000000009
8.75                                              0.18056376387868184                               0.18056376387868187                               1
8.75                                              0.1972444121605635                                0.19724441216056351                               1.0000000000000009
8.75                                              0.19724441356117384                               0.19724441356117384                               0.9999999999999997
8.75                                              0.21754482524222413                               0.21754482524222413                               0.9999999999999987
8.75                                              0.21754484824707165                               0.21754484824707165                               1.0000000000000022
9                                                 0.08452562799973548                               0.08452562799973548                               0.9999999999999997
9                                                 0.08567050046150236                               0.08567050046150236                               1.0000000000000004
9                                                 0.08567050118112166                               0.08567050118112166                               1.0000000000000002
9                                                 0.08910220757311038                               0.0891022075731104                                1.0000000000000009
9                                                 0.08910220951029721                               0.08910220951029721                               0.9999999999999973
9                                                 0.09481311144585904                               0.09481311144585904                               0.9999999999999998
9                                                 0.0948131120302734                                0.0948131120302734                                0.9999999999999998
9                                                 0.10279201046464395                               0.10279201046464395                               1.000000000000001
9                                                 0.10279201191176328                               0.10279201191176328                               0.9999999999999992
9                                                 0.11302430509924913                               0.11302430509924914                               0.9999999999999994
9                                                 0.11302430571830421                               0.11302430571830421                               0.999999999999999
9                                                 0.12549198526980215                               0.12549198526980215                               1.0000000000000009
9                                                 0.12549198702276973                               0.12549198702276973                               1.0000000000000016
9                                                 0.13964663660731033                               0.13964663660731036                               1.0000000000000009
9                                                 0.14017376435928808                               0.14017376435928808                               1
9                                                 0.1401737649742561                                0.1401737649742561                                1.0000000000000024
9                                                 0.14534263128805788                               0.14534263128805788                               1.0000000000000007
9                                                 0.14534263568980563                               0.14534263568980565                               1.000000000000001
9                                                 0.15704522919024377                               0.15704522919024377                               1.000000000000001
9                                                 0.15704523111035715                               0.15704523111035715                               0.9999999999999998
9                                                 0.161906823874659                                 0.161906823874659                                 1.0000000000000027
9                                                 0.16190682588325345                               0.16190682588325347                               0.9999999999999978
9                                                 0.1760789437732916                                0.1760789437732916                                1
9                                                 0.17607894514247552                               0.17607894514247555                               0.9999999999999991
9                                                 0.18862988845367723                               0.18862988845367726                               1.0000000000000013
9                                                 0.18862989273907532                               0.18862989273907535                               0.9999999999999993
9                                                 0.19724441230752893                               0.19724441230752893                               1.000000000000001
9                                                 0.19724441370817938                               0.19724441370817938                               1.0000000000000007
9                                                 0.22050786567332442                               0.22050786567332442                               0.9999999999999998
9                                                 0.22050786749764528                               0.22050786749764528                               1
9.249999999999998                                 0.08452675370093932                               0.08452675370093932                               0.9999999999999988
9.249999999999998                                 0.08567142719107759                               0.0856714271910776                                0.9999999999999989
9.249999999999998                                 0.08567142791070909                               0.08567142791070909                               0.9999999999999999
9.249999999999998                                 0.08910275744069537                               0.08910275744069539                               0.999999999999999
9.249999999999998                                 0.0891027593779439                                0.0891027593779439                                1.0000000000000016
9.249999999999998                                 0.09481337501355214                               0.09481337501355214                               0.9999999999999999
9.249999999999998                                 0.09481337559794303                               0.09481337559794303                               0.9999999999999986
9.249999999999998                                 0.10279212206200095                               0.10279212206200096                               0.9999999999999999
9.249999999999998                                 0.10279212350908801                               0.10279212350908802                               1.0000000000000004
9.249999999999998                                 0.11302434900912349                               0.11302434900912349                               1.0000000000000009
9.249999999999998                                 0.11302434962825708                               0.1130243496282571                                0.9999999999999993
9.249999999999998                                 0.12549200173659714                               0.12549200173659714                               0.9999999999999988
9.249999999999998                                 0.12549200348957285                               0.12549200348957285                               0.9999999999999998
9.249999999999998                                 0.14017377031746248                               0.14017377031746248                               0.9999999999999989
9.249999999999998                                 0.14017377093238936                               0.14017377093238936                               0.9999999999999996
9.249999999999998                                 0.149674110846611                                 0.149674110846611                                 0.9999999999999991
9.249999999999998                                 0.15525513083143855                               0.15525513083143855                               0.9999999999999997
9.249999999999998                                 0.15525513581072362                               0.15525513581072362                               1.0000000000000009
9.249999999999998                                 0.15704523128276843                               0.15704523128276843                               0.9999999999999977
9.249999999999998                                 0.1570452332029207                                0.1570452332029207                                1.000000000000001
9.249999999999998                                 0.17143749322578167                               0.1714374932257817                                0.9999999999999994
9.249999999999998                                 0.1714374959898714                                0.1714374959898714                                1.000000000000001
9.249999999999998                                 0.1760789444886671                                0.1760789444886671                                0.9999999999999979
9.249999999999998                                 0.17607894585789374                               0.17607894585789377                               1.0000000000000007
9.249999999999998                                 0.19724441254583963                               0.19724441254583963                               0.9999999999999991
9.249999999999998                                 0.1972444139464622                                0.19724441394646222                               1.0000000000000007
9.249999999999998                                 0.19750387202631337                               0.19750387202631337                               0.9999999999999967
9.249999999999998                                 0.19750387673206724                               0.19750387673206726                               1
9.249999999999998                                 0.22050786575059883                               0.22050786575059886                               0.9999999999999994
9.249999999999998                                 0.2205078675748654                                0.2205078675748654                                1.0000000000000007
9.5                                               0.08452770177343212                               0.08452770177343212                               1.0000000000000036
9.5                                               0.08567223115734833                               0.08567223115734834                               1.000000000000001
9.5                                               0.085672231876954                                 0.085672231876954                                 0.9999999999999999
9.5                                               0.08910326967251579                               0.0891032696725158                                0.9999999999999994
9.5                                               0.08910327160988843                               0.08910327160988843                               0.9999999999999984
9.5                                               0.09481364217483312                               0.09481364217483314                               0.9999999999999989
9.5                                               0.09481364275924037                               0.09481364275924037                               0.9999999999999992
9.5                                               0.10279224483425455                               0.10279224483425455                               1.0000000000000009
9.5                                               0.10279224628131704                               0.10279224628131704                               0.9999999999999994
9.5                                               0.11302440108018638                               0.11302440108018638                               1.0000000000000009
9.5                                               0.11302440169924433                               0.11302440169924434                               1.0000000000000002
9.5                                               0.12549202265093284                               0.12549202265093284                               1.0000000000000002
9.5                                               0.1254920244039285                                0.1254920244039285                                1.0000000000000013
9.5                                               0.14017377838327932                               0.14017377838327932                               0.9999999999999996
9.5                                               0.14017377899824288                               0.14017377899824288                               0.9999999999999989
9.5                                               0.15704523429240122                               0.15704523429240125                               1.0000000000000002
9.5                                               0.15704523621254804                               0.15704523621254804                               0.9999999999999999
9.5                                               0.16046380530282242                               0.16046380530282242                               1.0000000000000022
9.5                                               0.16594708762254565                               0.16594708762254565                               0.9999999999999984
9.5                                               0.16594709261653712                               0.16594709261653712                               0.999999999999998
9.5                                               0.17607894558003437                               0.17607894558003437                               1.0000000000000002
9.5                                               0.17607894694925977                               0.1760789469492598                                1.000000000000001
9.5                                               0.1817718411542801                                0.18177184115428013                               0.9999999999999983
9.5                                               0.18177184542273975                               0.18177184542273975                               0.9999999999999984
9.5                                               0.19724441293155845                               0.19724441293155848                               1.0000000000000018
9.5                                               0.19724441433219164                               0.19724441433219164                               0.9999999999999991
9.5                                               0.20718984444038838                               0.20718984444038838                               0.9999999999999993
9.5                                               0.2071898488365007                                0.20718984883650074                               0.9999999999999983
9.5                                               0.22050786588376636                               0.22050786588376636                               1.0000000000000007
9.5                                               0.22050786770802477                               0.22050786770802477                               1.0000000000000002
9.75                                              0.08452852574903902                               0.08452852574903903                               0.9999999999999993
9.75                                              0.08567294671392554                               0.08567294671392556                               0.9999999999999998
9.75                                              0.08567294743351923                               0.08567294743351923                               1.0000000000000004
9.75                                              0.08910375342137045                               0.08910375342137046                               1
9.75                                              0.08910375535875217                               0.08910375535875217                               0.9999999999999987
9.75                                              0.09481391382281501                               0.09481391382281501                               0.9999999999999987
9.75                                              0.09481391440719494                               0.09481391440719494                               1
9.75                                              0.10279237936685093                               0.10279237936685093                               1.0000000000000004
9.75                                              0.10279238081394601                               0.10279238081394601                               1.000000000000002
9.75                                              0.11302446231677589                               0.1130244623167759                                0.9999999999999983
9.75                                              0.11302446293564292                               0.11302446293564292                               0.9999999999999999
9.75                                              0.12549204891832202                               0.12549204891832202                               1.0000000000000004
9.75                                              0.12549205067134594                               0.12549205067134594                               1.000000000000002
9.75                                              0.14017378915710915                               0.14017378915710915                               0.9999999999999979
9.75                                              0.14017378977197187                               0.14017378977197187                               1.0000000000000007
9.75                                              0.15704523855396924                               0.15704523855396924                               1.0000000000000004
9.75                                              0.15704524047431453                               0.15704524047431453                               0.9999999999999993
9.75                                              0.1719897524672988                                0.1719897524672988                                0.9999999999999974
9.75                                              0.17607894721433903                               0.17607894721433906                               0.9999999999999999
9.75                                              0.17607894858354262                               0.17607894858354262                               0.9999999999999998
9.75                                              0.17739640071786092                               0.17739640071786092                               1.0000000000000022
9.75                                              0.1773964076688501                                0.1773964076688501                                1.0000000000000009
9.75                                              0.1928863737133478                                0.19288637371334783                               0.9999999999999991
9.75                                              0.19288638186228765                               0.19288638186228768                               1.0000000000000002
9.75                                              0.19724441354117325                               0.19724441354117325                               1.0000000000000009
9.75                                              0.19724441494195277                               0.1972444149419528                                1.0000000000000004
9.75                                              0.2176491064292622                                0.21764910642926222                               1.0000000000000004
9.75                                              0.21764910775391488                               0.21764910775391488                               1.0000000000000002
9.75                                              0.22050786610553386                               0.22050786610553388                               0.9999999999999993
9.75                                              0.2205078679298931                                0.22050786792989313                               1.0000000000000013
9.999999999999998                                 0.08452926164546595                               0.08452926164546595                               0.9999999999999987
9.999999999999998                                 0.08567359831454965                               0.08567359831454965                               0.9999999999999999
9.999999999999998                                 0.08567359903416437                               0.08567359903416438                               1.0000000000000002
9.999999999999998                                 0.089104216433088                                 0.089104216433088                                 0.9999999999999977
9.999999999999998                                 0.08910421837065208                               0.08910421837065208                               1.0000000000000009
9.999999999999998                                 0.09481419119724743                               0.09481419119724745                               1.0000000000000009
9.999999999999998                                 0.09481419178162837                               0.09481419178162837                               0.9999999999999998
9.999999999999998                                 0.1027925264137234                                0.1027925264137234                                1.0000000000000009
9.999999999999998                                 0.1027925278607062                                0.1027925278607062                                1.0000000000000004
9.999999999999998                                 0.11302453382855733                               0.11302453382855733                               0.9999999999999992
9.999999999999998                                 0.1130245344476272                                0.11302453444762721                               1.0000000000000007
9.999999999999998                                 0.12549208157973196                               0.12549208157973196                               0.9999999999999981
9.999999999999998                                 0.12549208333276868                               0.12549208333276868                               1.0000000000000013
9.999999999999998                                 0.14017380337320973                               0.14017380337320973                               1.0000000000000002
9.999999999999998                                 0.1401738039881377                                0.1401738039881377                                1.0000000000000002
9.999999999999998                                 0.15704524450482307                               0.15704524450482307                               1.0000000000000007
9.999999999999998                                 0.15704524642494516                               0.15704524642494516                               0.9999999999999986
9.999999999999998                                 0.1760789496237754                                0.1760789496237754                                0.9999999999999992
9.999999999999998                                 0.17607895099300022                               0.17607895099300022                               0.999999999999998
9.999999999999998                                 0.1841713725883649                                0.1841713725883649                                1.0000000000000013
9.999999999999998                                 0.18952853651090845                               0.18952853651090845                               0.9999999999999984
9.999999999999998                                 0.18952854296182514                               0.18952854296182514                               1.0000000000000013
9.999999999999998                                 0.19724441448850133                               0.19724441448850133                               1.0000000000000013
9.999999999999998                                 0.19724441588909403                               0.19724441588909405                               1.0000000000000009
9.999999999999998                                 0.20470188000965944                               0.20470188000965944                               1.0000000000000004
9.999999999999998                                 0.2047018924076846                                0.20470189240768463                               0.9999999999999994
9.999999999999998                                 0.22050786646802545                               0.22050786646802548                               0.9999999999999996
9.999999999999998                                 0.22050786829226254                               0.22050786829226254                               1.000000000000001
9.999999999999998                                 0.22876827766256821                               0.22876827766256821                               1.0000000000000013
9.999999999999998                                 0.22876828582005868                               0.22876828582005868                               0.9999999999999993
10.25                                             0.0845299350188483                                0.0845299350188483                                0.9999999999999998
10.25                                             0.08567420420791584                               0.08567420420791586                               0.999999999999999
10.25                                             0.08567420492750837                               0.08567420492750838                               0.9999999999999986
10.25                                             0.08910466551224151                               0.08910466551224151                               0.9999999999999982
10.25                                             0.08910466744988603                               0.08910466744988604                               1.0000000000000007
10.25                                             0.09481447591287934                               0.09481447591287934                               0.9999999999999999
10.25                                             0.0948144764973123                                0.09481447649731231                               0.9999999999999989
10.25                                             0.10279268696242963                               0.10279268696242963                               0.9999999999999982
10.25                                             0.10279268840940516                               0.10279268840940516                               0.9999999999999987
10.25                                             0.11302461687091166                               0.11302461687091166                               0.9999999999999999
10.25                                             0.11302461748998366                               0.11302461748998367                               0.9999999999999988
10.25                                             0.1254921218349243                                0.1254921218349243                                0.9999999999999999
10.25                                             0.12549212358798986                               0.12549212358798986                               0.9999999999999991
10.25                                             0.14017382192344285                               0.14017382192344285                               0.9999999999999972
10.25                                             0.14017382253846447                               0.14017382253846447                               0.9999999999999996
10.25                                             0.15704525270707698                               0.15704525270707698                               0.9999999999999978
10.25                                             0.15704525462727364                               0.15704525462727367                               1.0000000000000022
10.25                                             0.17607895312540936                               0.17607895312540936                               1.0000000000000013
10.25                                             0.17607895449465186                               0.17607895449465186                               1.0000000000000009
10.25                                             0.19684725949675774                               0.19684725949675774                               0.9999999999999999
10.25                                             0.19724441593820213                               0.19724441593820213                               1.0000000000000009
10.25                                             0.1972444173383177                                0.1972444173383177                                1.0000000000000002
10.25                                             0.20219087814449171                               0.20219087814449174                               0.9999999999999989
10.25                                             0.20219088648897235                               0.20219088648897238                               0.9999999999999992
10.25                                             0.21705108889745275                               0.21705108889745275                               1.000000000000002
10.25                                             0.21705113535905804                               0.21705113535905804                               1.0000000000000002
10.25                                             0.22050786705153375                               0.22050786705153377                               0.999999999999999
10.25                                             0.2205078688758127                                0.2205078688758127                                1.0000000000000002
10.25                                             0.24029233597051555                               0.24029233597051555                               1.0000000000000009
10.25                                             0.24029233876031367                               0.24029233876031367                               1.0000000000000009
10.5                                              0.08453056498031922                               0.08453056498031922                               1.0000000000000007
10.5                                              0.08567477869706336                               0.08567477869706336                               1.0000000000000007
10.5                                              0.08567477941667932                               0.08567477941667932                               0.9999999999999983
10.5                                              0.08910510688801446                               0.08910510688801446                               1.0000000000000018
10.5                                              0.08910510882569866                               0.08910510882569866                               0.9999999999999996
10.5                                              0.09481477000135602                               0.09481477000135602                               0.9999999999999989
10.5                                              0.09481477058574334                               0.09481477058574335                               1.000000000000001
10.5                                              0.10279286230572587                               0.10279286230572589                               1
10.5                                              0.10279286375266204                               0.10279286375266204                               0.9999999999999996
10.5                                              0.11302471289552565                               0.11302471289552567                               1.0000000000000016
10.5                                              0.1130247135146035                                0.1130247135146035                                0.9999999999999984
10.5                                              0.12549217107533148                               0.12549217107533148                               0.9999999999999997
10.5                                              0.12549217282841543                               0.12549217282841543                               0.9999999999999988
10.5                                              0.1401738458866442                                0.1401738458866442                                1.0000000000000004
10.5                                              0.1401738465016226                                0.1401738465016226                                1.0000000000000016
10.5                                              0.15704526387700068                               0.1570452638770007                                1.0000000000000004
10.5                                              0.15704526579750394                               0.15704526579750397                               0.9999999999999984
10.5                                              0.17607895814428026                               0.17607895814428026                               1.0000000000000004
10.5                                              0.17607895951355484                               0.17607895951355487                               1.0000000000000002
10.5                                              0.1972444181211404                                0.1972444181211404                                1
10.5                                              0.19724441952173288                               0.1972444195217329                                0.9999999999999993
10.5                                              0.20974176173097256                               0.20974176173097256                               1.0000000000000007
10.5                                              0.21511792070885832                               0.21511792070885832                               1.0000000000000002
10.5                                              0.21511792783413802                               0.21511792783413802                               0.9999999999999994
10.5                                              0.22050786797362226                               0.2205078679736223                                1.0000000000000007
10.5                                              0.22050786979788778                               0.2205078697978878                                1.0000000000000002
10.5                                              0.22962237821493964                               0.22962237821493964                               0.9999999999999993
10.5                                              0.22962264965877527                               0.22962264965877527                               1.0000000000000016
10.5                                              0.24583173263456568                               0.2458317326345657                                0.9999999999999999
10.5                                              0.2458317347404517                                0.2458317347404517                                0.9999999999999992
10.749999999999998                                0.08453116664452773                               0.08453116664452773                               0.9999999999999994
10.749999999999998                                0.08567533362017868                               0.08567533362017868                               1.0000000000000002
10.749999999999998                                0.08567533433974513                               0.08567533433974513                               0.9999999999999989
10.749999999999998                                0.08910554654744594                               0.08910554654744594                               0.9999999999999989
10.749999999999998                                0.08910554848526817                               0.08910554848526818                               1
10.749999999999998                                0.09481507600231533                               0.09481507600231533                               1.0000000000000007
10.749999999999998                                0.09481507658669433                               0.09481507658669433                               1.000000000000002
10.749999999999998                                0.10279305414883559                               0.10279305414883559                               1.0000000000000004
10.749999999999998                                0.1027930555957026                                0.1027930555957026                                1.0000000000000002
10.749999999999998                                0.11302482363468294                               0.11302482363468294                               1.0000000000000009
10.749999999999998                                0.11302482425375474                               0.11302482425375474                               0.9999999999999984
10.749999999999998                                0.12549223093866968                               0.12549223093866968                               1.0000000000000004
10.749999999999998                                0.12549223269180232                               0.12549223269180235                               1.0000000000000002
10.749999999999998                                0.1401738765717851                                0.1401738765717851                                1.0000000000000004
10.749999999999998                                0.14017387718669516                               0.14017387718669516                               0.9999999999999973
10.749999999999998                                0.15704527892518158                               0.15704527892518158                               1.0000000000000007
10.749999999999998                                0.15704528084535246                               0.15704528084535246                               0.9999999999999989
10.749999999999998                                0.17607896524990205                               0.17607896524990205                               1.0000000000000009
10.749999999999998                                0.1760789666191515                                0.1760789666191515                                1.0000000000000016
10.749999999999998                                0.1972444213668933                                0.1972444213668933                                1
10.749999999999998                                0.19724442276751014                               0.19724442276751014                               1.0000000000000004
10.749999999999998                                0.2205078694128173                                0.22050786941281733                               0.9999999999999999
10.749999999999998                                0.22050787123707769                               0.22050787123707769                               0.9999999999999984
10.749999999999998                                0.22242649040204288                               0.22242649040204288                               0.9999999999999991
10.749999999999998                                0.22788149251899956                               0.22788149251899956                               1
10.749999999999998                                0.22788149821676743                               0.22788149821676743                               0.9999999999999998
10.749999999999998                                0.24183449998872592                               0.24183449998872594                               1.0000000000000016
10.749999999999998                                0.2418368363124179                                0.24183683631241792                               0.9999999999999978
10.749999999999998                                0.24583173325565047                               0.24583173325565047                               1.0000000000000007
10.749999999999998                                0.24583173536149855                               0.24583173536149858                               0.9999999999999998
11                                                0.08453175272464718                               0.08453175272464718                               1.0000000000000007
11                                                0.08567587937980975                               0.08567587937980975                               0.9999999999999994
11                                                0.08567588009938254                               0.08567588009938254                               1.0000000000000013
11                                                0.0891059905312199                                0.08910599053121991                               0.9999999999999991
11                                                0.08910599246912249                               0.08910599246912249                               0.9999999999999994
11                                                0.09481539706784085                               0.09481539706784085                               1.000000000000001
11                                                0.09481539765221414                               0.09481539765221415                               1.0000000000000007
11                                                0.1027932647225211                                0.1027932647225211                                0.9999999999999988
11                                                0.10279326616934475                               0.10279326616934475                               1
11                                                0.11302495119780827                               0.11302495119780827                               0.9999999999999994
11                                                0.11302495181698641                               0.11302495181698641                               0.9999999999999989
11                                                0.12549230337714037                               0.12549230337714037                               0.9999999999999996
11                                                0.1254923051303272                                0.1254923051303272                                1.000000000000001
11                                                0.14017391556885572                               0.14017391556885572                               1.0000000000000013
11                                                0.14017391618387562                               0.14017391618387562                               0.9999999999999998
11                                                0.15704529899569836                               0.15704529899569836                               1.000000000000001
11                                                0.15704530091588625                               0.15704530091588625                               0.9999999999999997
11                                                0.17607897518641336                               0.17607897518641338                               1.0000000000000013
11                                                0.1760789765556734                                0.17607897655567342                               0.9999999999999994
11                                                0.19724442612039036                               0.19724442612039036                               0.9999999999999987
11                                                0.19724442752135807                               0.1972444275213581                                1.0000000000000027
11                                                0.2205078716176314                                0.2205078716176314                                1.0000000000000022
11                                                0.2205078734418811                                0.2205078734418811                                1.0000000000000022
11                                                0.23427971174990403                               0.23427971174990403                               0.9999999999999991
11                                                0.239795453201005                                 0.23979545320100504                               0.9999999999999999
11                                                0.23979545826162516                               0.23979545826162518                               1.0000000000000002
11                                                0.2458317342493463                                0.24583173424934632                               0.999999999999999
11                                                0.2458317363552068                                0.2458317363552068                                1
11                                                0.25245568732309626                               0.25245568732309626                               1.0000000000000004
11                                                0.2524795249242222                                0.2524795249242222                                0.9999999999999988
11.25                                             0.0845323346809631                                0.08453233468096312                               1.0000000000000002
11.25                                             0.08567642575355618                               0.08567642575355618                               1.0000000000000009
11.25                                             0.08567642647314769                               0.08567642647314769                               1.0000000000000002
11.25                                             0.08910644527172218                               0.08910644527172218                               1.0000000000000004
11.25                                             0.08910644720964046                               0.08910644720964046                               1.0000000000000002
11.25                                             0.09481573715269828                               0.0948157371526983                                1.0000000000000004
11.25                                             0.09481573773706146                               0.09481573773706146                               0.9999999999999999
11.25                                             0.10279349696854792                               0.10279349696854792                               1.0000000000000007
11.25                                             0.10279349841480974                               0.10279349841480975                               0.9999999999999986
11.25                                             0.11302509823203727                               0.11302509823203728                               1.0000000000000007
11.25                                             0.11302509885111708                               0.11302509885111708                               0.9999999999999993
11.25                                             0.12549239077920335                               0.12549239077920338                               1.0000000000000007
11.25                                             0.12549239253251965                               0.12549239253251965                               0.9999999999999993
11.25                                             0.1401739648454185                                0.1401739648454185                                0.9999999999999987
11.25                                             0.140173965460463                                 0.140173965460463                                 0.9999999999999984
11.25                                             0.1570453255514139                                0.15704532555141393                               1
11.25                                             0.15704532747122593                               0.15704532747122593                               1.0000000000000024
11.25                                             0.17607898894719326                               0.17607898894719326                               1
11.25                                             0.1760789903164629                                0.1760789903164629                                1.000000000000001
11.25                                             0.19724443300798106                               0.19724443300798108                               0.9999999999999994
11.25                                             0.19724443440869377                               0.19724443440869377                               1.0000000000000022
11.25                                             0.22050787495858987                               0.22050787495858987                               0.9999999999999997
11.25                                             0.2205078767828436                                0.2205078767828436                                0.9999999999999998
11.25                                             0.24445407871419392                               0.24445407871419392                               1.0000000000000004
11.25                                             0.2458317358238061                                0.2458317358238061                                1.0000000000000013
11.25                                             0.24583173793013552                               0.24583173793013555                               0.9999999999999988
11.25                                             0.2496890276548705                                0.2496890276548705                                1.000000000000001
11.25                                             0.24968903253433444                               0.24968903253433444                               1.0000000000000013
11.25                                             0.2590656469654883                                0.2590656469654883                                1.0000000000000002
11.25                                             0.2591548620968136                                0.2591548620968136                                0.9999999999999998
11.499999999999998                                0.08453292363953463                               0.08453292363953463                               1.0000000000000007
11.499999999999998                                0.08567698259606223                               0.08567698259606223                               0.9999999999999993
11.499999999999998                                0.08567698331565292                               0.08567698331565292                               0.9999999999999998
11.499999999999998                                0.08910691796701964                               0.08910691796701964                               1
11.499999999999998                                0.08910691990520213                               0.08910691990520213                               0.9999999999999993
11.499999999999998                                0.09481610125983629                               0.0948161012598363                                1.000000000000001
11.499999999999998                                0.0948161018441747                                0.0948161018441747                                1.0000000000000007
11.499999999999998                                0.10279375476511293                               0.10279375476511295                               0.9999999999999986
11.499999999999998                                0.10279375621178752                               0.10279375621178752                               1.0000000000000004
11.499999999999998                                0.11302526811847045                               0.11302526811847047                               1.0000000000000013
11.499999999999998                                0.1130252687375653                                0.1130252687375653                                0.9999999999999994
11.499999999999998                                0.12549249611888094                               0.12549249611888094                               1
11.499999999999998                                0.12549249787215824                               0.12549249787215827                               0.9999999999999986
11.499999999999998                                0.14017402685331995                               0.14017402685331995                               1.0000000000000009
11.499999999999998                                0.14017402746840096                               0.14017402746840096                               0.9999999999999999
11.499999999999998                                0.15704536044945996                               0.15704536044945996                               1.0000000000000002
11.499999999999998                                0.15704536236974698                               0.15704536236974698                               1.0000000000000009
11.499999999999998                                0.17607900783029856                               0.17607900783029856                               1.0000000000000007
11.499999999999998                                0.1760790091995877                                0.17607900919958772                               1.0000000000000002
11.499999999999998                                0.19724444287355644                               0.19724444287355644                               1.0000000000000007
11.499999999999998                                0.19724444427425086                               0.1972444442742509                                0.9999999999999989
11.499999999999998                                0.2205078799517009                                0.2205078799517009                                1.0000000000000018
11.499999999999998                                0.22050788177596153                               0.22050788177596153                               1.0000000000000002
11.499999999999998                                0.2458317382778676                                0.2458317382778676                                1.0000000000000029
11.499999999999998                                0.24583174038363323                               0.24583174038363323                               1.0000000000000013
11.499999999999998                                0.25191885379156265                               0.25191885379156265                               1.0000000000000009
11.499999999999998                                0.2558836749807002                                0.2558836749807002                                0.9999999999999999
11.499999999999998                                0.2558836777507816                                0.25588367775078164                               0.9999999999999988
11.499999999999998                                0.26139110914926567                               0.26139110914926567                               0.9999999999999994
11.499999999999998                                0.2614305375140256                                0.2614305375140256                                1.0000000000000007
