% Model:              PROYECTO.mph
% Version:            COMSOL 5.6.0.280
% Date:               Jul 21 2026, 22:04
% Table:              Tabla 8 - Valor propio
% B (T)                                           lambda                                            Energía propia (eV)                               Probabilidad total (1)
0                                                 0.014056748058353344                              0.014056748058353346                              0.9999999999999992
0                                                 0.04085928503665539                               0.04085928503665539                               0.9999999999999981
0                                                 0.04399013845984003                               0.04399013845984003                               0.9999999999999998
0                                                 0.06796677279404047                               0.06796677279404047                               1.0000000000000016
0                                                 0.07106788995150806                               0.07106788995150806                               1.0000000000000007
0                                                 0.07770325045302426                               0.07770325045302426                               1.000000000000001
0                                                 0.08045420010011939                               0.08045420010011939                               0.9999999999999998
0                                                 0.08116830329820318                               0.08116830329820318                               0.9999999999999994
0                                                 0.08402402977256064                               0.08402402977256064                               0.9999999999999993
0                                                 0.08403377604105672                               0.08403377604105672                               0.9999999999999984
0                                                 0.08963276850880558                               0.0896327685088056                                1.0000000000000016
0                                                 0.08963794019950407                               0.08963794019950407                               0.999999999999999
0                                                 0.09759540433392686                               0.09759540433392687                               1.000000000000002
0                                                 0.09759645598696799                               0.097596455986968                                 1.0000000000000027
0                                                 0.10782156068136474                               0.10782156068136474                               0.9999999999999978
0                                                 0.10782287837081692                               0.10782287837081692                               0.9999999999999997
0                                                 0.108284723906772                                 0.108284723906772                                 0.9999999999999996
0                                                 0.112886682764596                                 0.112886682764596                                 1.0000000000000004
0                                                 0.12029235673890862                               0.12029235673890862                               1.0000000000000007
0                                                 0.12029241094953812                               0.12029241094953813                               1.0000000000000007
0                                                 0.1349804587479067                                0.1349804587479067                                0.9999999999999996
0                                                 0.13498047669091406                               0.13498047669091406                               0.9999999999999967
0                                                 0.14903175668066992                               0.14903175668066992                               0.9999999999999983
0                                                 0.15186127184409348                               0.15186127184409348                               0.9999999999999998
0                                                 0.15186127631267016                               0.15186127631267016                               0.9999999999999981
0                                                 0.1616297587360844                                0.1616297587360844                                1
0                                                 0.16254973591365884                               0.16254973591365884                               0.9999999999999984
0                                                 0.1709066551588993                                0.1709066551588993                                1
0                                                 0.17090665657318588                               0.17090665657318588                               0.9999999999999982
0                                                 0.1726563192671654                                0.17265631926716543                               1.0000000000000027
0.2                                               0.014056959595613011+1.7596562691284007E-18i      0.014056959595613013+1.7596562691284007E-18i      0.9999999999999982
0.2                                               0.04085490190411448                               0.04085490190411448                               0.9999999999999982
0.2                                               0.04399682507478244                               0.04399682507478244                               0.9999999999999999
0.2                                               0.06793331382376791                               0.06793331382376791                               1
0.2                                               0.07110345237855056                               0.07110345237855056                               0.9999999999999987
0.2                                               0.07770358174050059                               0.07770358174050059                               0.9999999999999992
0.2                                               0.08043915635753869                               0.08043915635753869                               1.000000000000001
0.2                                               0.08120137861804717                               0.08120137861804717                               1.0000000000000013
0.2                                               0.0837019399700282                                0.0837019399700282                                1.0000000000000002
0.2                                               0.0843704859005919                                0.08437048590059192                               1.0000000000000018
0.2                                               0.08912730786244674                               0.08912730786244674                               0.999999999999999
0.2                                               0.09015704432071615                               0.09015704432071615                               0.9999999999999997
0.2                                               0.09691303243113444                               0.09691303243113444                               0.9999999999999989
0.2                                               0.09829233053981618                               0.09829233053981619                               0.9999999999999994
0.2                                               0.10696613923345774                               0.10696613923345775                               1.0000000000000004
0.2                                               0.10823018654106574                               0.10823018654106575                               1.0000000000000016
0.2                                               0.10869316127923605                               0.10869316127923605                               1.0000000000000007
0.2                                               0.11294209845079113                               0.11294209845079113                               0.9999999999999992
0.2                                               0.11926286654274781                               0.11926286654274781                               0.999999999999999
0.2                                               0.12133541640487687                               0.12133541640487688                               0.9999999999999999
0.2                                               0.13377801788547436                               0.13377801788547436                               0.9999999999999993
0.2                                               0.13619647480954747                               0.13619647480954747                               1.0000000000000004
0.2                                               0.14902722780101768                               0.14902722780101768                               1.0000000000000004
0.2                                               0.15048597380870815                               0.15048597380870815                               1
0.2                                               0.15325018734726242                               0.15325018734726245                               1
0.2                                               0.1613207820456606                                0.1613207820456606                                1.0000000000000009
0.2                                               0.1628659713362801                                0.1628659713362801                                1.0000000000000009
0.2                                               0.16935853877349988                               0.1693585387734999                                0.9999999999999971
0.2                                               0.17246844379239595+5.56671381865095E-15i         0.17246844379239595+5.56671381865095E-15i         0.9999999999999999
0.2                                               0.17264965842199081-2.167312246610423E-14i        0.17264965842199081-2.167312246610423E-14i        0.9999999999999998
0.4                                               0.01405759415062656                               0.014057594150626561                              0.9999999999999976
0.4                                               0.040841869943314                                 0.040841869943314006                              1.000000000000003
0.4                                               0.04401676714676805                               0.04401676714676805                               1.0000000000000002
0.4                                               0.06783717999533004                               0.06783717999533004                               1.0000000000000016
0.4                                               0.07120589604827854                               0.07120589604827854                               0.9999999999999998
0.4                                               0.07770454119647402                               0.07770454119647402                               1.0000000000000018
0.4                                               0.08040203498818402                               0.08040203498818402                               0.9999999999999987
0.4                                               0.0812925806163791                                0.0812925806163791                                1.000000000000001
0.4                                               0.08338987188214786                               0.08338987188214786                               1.000000000000002
0.4                                               0.08472645841145443                               0.08472645841145444                               0.9999999999999992
0.4                                               0.08863294169287816                               0.08863294169287816                               1.000000000000002
0.4                                               0.09069234387086111                               0.09069234387086111                               1.0000000000000004
0.4                                               0.09624364418171116                               0.09624364418171116                               1.0000000000000004
0.4                                               0.09900222711756475                               0.09900222711756475                               0.9999999999999986
0.4                                               0.10612328638828432                               0.10612328638828432                               1.0000000000000013
0.4                                               0.10807802730680004                               0.10807802730680004                               1.0000000000000002
0.4                                               0.10957618617053023                               0.10957618617053025                               0.9999999999999987
0.4                                               0.11310130465981241                               0.11310130465981243                               1.0000000000000004
0.4                                               0.11824686531296699                               0.118246865312967                                 0.999999999999999
0.4                                               0.12239196332854942                               0.12239196332854942                               0.9999999999999984
0.4                                               0.13258912565360426                               0.13258912565360426                               1.0000000000000002
0.4                                               0.1374260386902672                                0.1374260386902672                                1.0000000000000018
0.4                                               0.14901343351688504                               0.14901343351688504                               1.0000000000000018
0.4                                               0.14912437903578138                               0.1491243790357814                                1.0000000000000004
0.4                                               0.1546527114601015                                0.15465271146010154                               0.9999999999999986
0.4                                               0.1607811819042309                                0.1607811819042309                                0.999999999999999
0.4                                               0.16342743697923207                               0.16342743697923207                               0.9999999999999978
0.4                                               0.1678240944250071                                0.1678240944250071                                0.9999999999999994
0.4                                               0.17262992430218585+2.564608758396954E-15i        0.17262992430218585+2.5646087583969545E-15i       1.0000000000000007
0.4                                               0.1740439088807948-1.3240072798534938E-15i        0.1740439088807948-1.3240072798534938E-15i        1.0000000000000013
0.6000000000000001                                0.014058651553206472                              0.014058651553206474                              1.0000000000000033
0.6000000000000001                                0.040820529502241854                              0.040820529502241854                              1.0000000000000013
0.6000000000000001                                0.04404962331695266                               0.04404962331695267                               0.9999999999999992
0.6000000000000001                                0.06768885589042731                               0.06768885589042731                               0.9999999999999996
0.6000000000000001                                0.07136473478520466                               0.07136473478520466                               1.0000000000000004
0.6000000000000001                                0.07770603281679275                               0.07770603281679277                               0.9999999999999987
0.6000000000000001                                0.08035773839814832                               0.08035773839814832                               1.0000000000000018
0.6000000000000001                                0.08142694904227321                               0.08142694904227323                               1.0000000000000024
0.6000000000000001                                0.0830929193068797                                0.0830929193068797                                0.9999999999999993
0.6000000000000001                                0.08509674075663705                               0.08509674075663706                               0.9999999999999988
0.6000000000000001                                0.08815227452860219                               0.0881522745286022                                1.0000000000000004
0.6000000000000001                                0.0912412432712513                                0.09124124327125131                               1.0000000000000016
0.6000000000000001                                0.0955877720435071                                0.0955877720435071                                0.9999999999999987
0.6000000000000001                                0.09972561438870184                               0.09972561438870185                               0.999999999999999
0.6000000000000001                                0.10529388827933349                               0.10529388827933349                               1.0000000000000002
0.6000000000000001                                0.1078435507647884                                0.10784355076478841                               0.9999999999999991
0.6000000000000001                                0.11047298396188532                               0.11047298396188532                               1
0.6000000000000001                                0.11334707882904371                               0.11334707882904371                               1.0000000000000004
0.6000000000000001                                0.1172443808869428                                0.11724438088694282                               0.9999999999999986
0.6000000000000001                                0.12346202363265742                               0.12346202363265742                               0.9999999999999989
0.6000000000000001                                0.13141379125238217                               0.13141379125238217                               1.000000000000001
0.6000000000000001                                0.13866915877292976                               0.13866915877292976                               1.000000000000001
0.6000000000000001                                0.1477761792859448                                0.1477761792859448                                1
0.6000000000000001                                0.14899033024934177                               0.14899033024934177                               1.0000000000000002
0.6000000000000001                                0.15606884560552844                               0.15606884560552847                               1
0.6000000000000001                                0.16020793209984774                               0.16020793209984774                               1
0.6000000000000001                                0.16403742675154614                               0.16403742675154614                               0.9999999999999978
0.6000000000000001                                0.16630332278837356                               0.16630332278837356                               0.9999999999999998
0.6000000000000001                                0.17259786413079187+1.0010677299434163E-15i       0.17259786413079187+1.0010677299434165E-15i       0.9999999999999999
0.6000000000000001                                0.1756330432586975-4.0394986589946864E-15i        0.17563304325869752-4.0394986589946864E-15i       0.9999999999999978
0.8                                               0.014060131520126876                              0.014060131520126877                              1
0.8                                               0.04079141069048209                               0.04079141069048209                               0.9999999999999988
0.8                                               0.04409486178171645                               0.044094861781716455                              1.0000000000000024
0.8                                               0.06750063015346638                               0.06750063015346638                               1.0000000000000009
0.8                                               0.07156767726605875                               0.07156767726605875                               1.0000000000000013
0.8                                               0.07770791934420616                               0.07770791934420616                               1.0000000000000007
0.8                                               0.08031759012701058                               0.08031759012701058                               1.0000000000000018
0.8                                               0.08159300426008727                               0.08159300426008727                               1.0000000000000002
0.8                                               0.0828114827788931                                0.0828114827788931                                1.0000000000000002
0.8                                               0.08548120397880861                               0.08548120397880861                               0.9999999999999972
0.8                                               0.08768534269598967                               0.08768534269598968                               0.9999999999999997
0.8                                               0.091803721389048                                 0.091803721389048                                 0.9999999999999998
0.8                                               0.0949454236340929                                0.0949454236340929                                0.9999999999999993
0.8                                               0.10046248657762348                               0.10046248657762348                               0.9999999999999993
0.8                                               0.10447797314844808                               0.10447797314844808                               1
0.8                                               0.10754683179483297                               0.10754683179483297                               0.9999999999999982
0.8                                               0.11138329912057607                               0.11138329912057607                               1.0000000000000004
0.8                                               0.11365957184765427                               0.11365957184765427                               1.0000000000000013
0.8                                               0.11625541392322261                               0.11625541392322261                               0.9999999999999999
0.8                                               0.12454559624269144                               0.12454559624269146                               1.0000000000000004
0.8                                               0.1302520147955674                                0.1302520147955674                                0.9999999999999997
0.8                                               0.13992583434056483                               0.13992583434056483                               0.9999999999999987
0.8                                               0.14644171181626092                               0.14644171181626095                               1.000000000000001
0.8                                               0.14895698040849803+3.0703357054561485E-17i       0.14895698040849803+3.0703357054561485E-17i       1.000000000000001
0.8                                               0.1574985890992076                                0.1574985890992076                                0.9999999999999992
0.8                                               0.15963230315863053                               0.15963230315863053                               1.0000000000000002
0.8                                               0.16466511448503668+4.714255949601723E-17i        0.16466511448503668+4.714255949601723E-17i        0.999999999999999
0.8                                               0.16479622366986724+4.648989579196068E-17i        0.16479622366986724+4.6489895791960684E-17i       1.0000000000000007
0.8                                               0.1725546178292097+9.753935235964755E-16i         0.1725546178292097+9.753935235964755E-16i         0.9999999999999997
0.8                                               0.17614350643535992+1.0739195667093852E-15i       0.17614350643535992+1.0739195667093852E-15i       0.9999999999999991
1                                                 0.014062033655675737                              0.014062033655675737                              0.9999999999999999
1                                                 0.040755186183365724                              0.040755186183365724                              1.000000000000003
1                                                 0.04415180747431891+4.993858694224341E-18i        0.04415180747431892+4.993858694224341E-18i        0.9999999999999982
1                                                 0.06728341134687738                               0.06728341134687738                               1.0000000000000002
1                                                 0.07180381112968438                               0.07180381112968438                               1.0000000000000002
1                                                 0.0777100518968277                                0.0777100518968277                                1.0000000000000002
1                                                 0.08028809585060565                               0.08028809585060565                               1.0000000000000002
1                                                 0.08178383058917632                               0.08178383058917633                               0.9999999999999992
1                                                 0.08254619254091289                               0.0825461925409129                                0.9999999999999996
1                                                 0.08587974549120898                               0.085879745491209                                 1.000000000000001
1                                                 0.08723218614308641                               0.08723218614308641                               1.0000000000000009
1                                                 0.09237976014770383                               0.09237976014770384                               0.9999999999999986
1                                                 0.09431660724201844                               0.09431660724201844                               1.000000000000001
1                                                 0.10121283787457881                               0.10121283787457881                               0.9999999999999999
1                                                 0.10367555049708616                               0.10367555049708616                               1.0000000000000004
1                                                 0.10720518273518312                               0.10720518273518312                               1.0000000000000007
1                                                 0.11230709571889551                               0.11230709571889552                               0.9999999999999994
1                                                 0.11402149586329849                               0.11402149586329849                               1.0000000000000007
1                                                 0.11527996501316941                               0.11527996501316942                               1.0000000000000007
1                                                 0.12564267998968262                               0.12564267998968262                               1.0000000000000009
1                                                 0.12910379628414323                               0.12910379628414323                               0.9999999999999972
1                                                 0.14119606453861772                               0.14119606453861772                               1.0000000000000002
1                                                 0.1451208511294681                                0.1451208511294681                                1.0000000000000007
1                                                 0.1489126497572913                                0.1489126497572913                                0.9999999999999996
1                                                 0.1589419411813303                                0.1589419411813303                                1.000000000000001
1                                                 0.1590630691116985                                0.1590630691116985                                0.9999999999999996
1                                                 0.16330279668323427                               0.16330279668323427                               0.9999999999999997
1                                                 0.16530234038542657                               0.16530234038542657                               0.9999999999999992
1                                                 0.1725016288858684+4.791091862660633E-16i         0.1725016288858684+4.791091862660633E-16i         1.0000000000000007
1                                                 0.17622532812370334+2.9646693754002914E-16i       0.17622532812370334+2.9646693754002914E-16i       1.000000000000001
1.2000000000000002                                0.014064357452556936                              0.014064357452556938                              1.0000000000000009
1.2000000000000002                                0.04071261892842458                               0.04071261892842458                               1.0000000000000013
1.2000000000000002                                0.044219694338497685                              0.044219694338497685                              0.9999999999999999
1.2000000000000002                                0.0670456466334442                                0.0670456466334442                                0.9999999999999992
1.2000000000000002                                0.07206468424452868                               0.07206468424452868                               0.9999999999999989
1.2000000000000002                                0.077712302825294                                 0.077712302825294                                 1.0000000000000029
1.2000000000000002                                0.08027263852308548                               0.08027263852308548                               1.0000000000000007
1.2000000000000002                                0.08199429389442878                               0.08199429389442878                               1
1.2000000000000002                                0.08229897208408644                               0.08229897208408644                               0.999999999999999
1.2000000000000002                                0.08629227862787885                               0.08629227862787885                               1.0000000000000024
1.2000000000000002                                0.08679285103127744                               0.08679285103127746                               0.9999999999999999
1.2000000000000002                                0.09296934264389738                               0.09296934264389739                               0.9999999999999988
1.2000000000000002                                0.09370133248110177                               0.09370133248110177                               0.9999999999999997
1.2000000000000002                                0.1019766618973314                                0.1019766618973314                                0.9999999999999996
1.2000000000000002                                0.1028866255490521                                0.10288662554905212                               0.9999999999999976
1.2000000000000002                                0.10683176759237871                               0.10683176759237871                               0.9999999999999979
1.2000000000000002                                0.11324434560252757                               0.11324434560252757                               0.9999999999999997
1.2000000000000002                                0.11431803453900569                               0.1143180345390057                                1.0000000000000004
1.2000000000000002                                0.11441970803200523                               0.11441970803200523                               1.0000000000000002
1.2000000000000002                                0.12675327360708508                               0.12675327360708508                               1
1.2000000000000002                                0.12796913560861842                               0.12796913560861842                               1.0000000000000016
1.2000000000000002                                0.14247984835486233                               0.14247984835486233                               0.9999999999999986
1.2000000000000002                                0.1438135995079205                                0.1438135995079205                                0.9999999999999994
1.2000000000000002                                0.1488562007625131                                0.1488562007625131                                1.0000000000000007
1.2000000000000002                                0.15850443048683588                               0.15850443048683588                               0.9999999999999979
1.2000000000000002                                0.1603989010323807                                0.16039890103238072                               1.0000000000000027
1.2000000000000002                                0.1618230414087249                                0.1618230414087249                                0.9999999999999994
1.2000000000000002                                0.16594566801703098                               0.16594566801703098                               1
1.2000000000000002                                0.17244055182727375-8.15421273195341E-17i         0.17244055182727375-8.15421273195341E-17i         1
1.2000000000000002                                0.1763223374210301+4.060182012945385E-16i         0.17632233742103012+4.0601820129453856E-16i       0.9999999999999989
1.4000000000000001                                0.014067102292895678                              0.014067102292895678                              0.9999999999999989
1.4000000000000001                                0.04066451276975293                               0.04066451276975293                               0.9999999999999988
1.4000000000000001                                0.04429771467767463                               0.044297714677674634                              1.0000000000000007
1.4000000000000001                                0.06679347158324317                               0.06679347158324317                               1.0000000000000018
1.4000000000000001                                0.07234415483387419                               0.07234415483387419                               0.999999999999997
1.4000000000000001                                0.07771459447463439                               0.07771459447463439                               0.9999999999999987
1.4000000000000001                                0.08027272004543583                               0.08027272004543583                               0.9999999999999998
1.4000000000000001                                0.0820571665859482                                0.0820571665859482                                1.0000000000000004
1.4000000000000001                                0.08223564552228034                               0.08223564552228034                               0.9999999999999998
1.4000000000000001                                0.08636738298990793                               0.08636738298990793                               0.9999999999999997
1.4000000000000001                                0.08671873686624054                               0.08671873686624056                               0.9999999999999996
1.4000000000000001                                0.09309960304811718                               0.09309960304811718                               1.0000000000000013
1.4000000000000001                                0.09357246009892366                               0.09357246009892367                               0.9999999999999997
1.4000000000000001                                0.10211120171363403                               0.10211120171363403                               0.9999999999999999
1.4000000000000001                                0.10275395083819651                               0.10275395083819651                               1.0000000000000002
1.4000000000000001                                0.1064360103236387                                0.1064360103236387                                0.9999999999999998
1.4000000000000001                                0.11336962335093022                               0.11336962335093023                               1.0000000000000009
1.4000000000000001                                0.11419496544235283                               0.11419496544235283                               1.0000000000000004
1.4000000000000001                                0.1148448628416057                                0.11484486284160571                               0.9999999999999999
1.4000000000000001                                0.12684803255052737                               0.1268480325505274                                1.0000000000000027
1.4000000000000001                                0.12787737572868174                               0.12787737572868174                               1.0000000000000007
1.4000000000000001                                0.14251995694858158                               0.14251995694858158                               1.0000000000000007
1.4000000000000001                                0.1437771845667781                                0.1437771845667781                                1.0000000000000002
1.4000000000000001                                0.14878620696731712+3.4488664331533346E-17i       0.14878620696731712+3.4488664331533346E-17i       1.0000000000000024
1.4000000000000001                                0.15795935222839344-2.1465016961315768E-17i       0.15795935222839344-2.1465016961315768E-17i       1.000000000000002
1.4000000000000001                                0.16035695727764598                               0.16035695727764598                               1.0000000000000018
1.4000000000000001                                0.1618694675958167                                0.1618694675958167                                1.0000000000000002
1.4000000000000001                                0.16659299828348514                               0.16659299828348514                               0.9999999999999983
1.4000000000000001                                0.17237320873323014+9.973296492574263E-17i        0.17237320873323014+9.973296492574264E-17i        1.0000000000000007
1.4000000000000001                                0.1764332800672237-1.3479607438334068E-16i        0.17643328006722372-1.3479607438334068E-16i       0.9999999999999998
1.6                                               0.014070267449590113                              0.014070267449590113                              0.9999999999999994
1.6                                               0.040611671347490885                              0.040611671347490885                              0.9999999999999984
1.6                                               0.04438506022256395                               0.04438506022256395                               1.000000000000001
1.6                                               0.06653123726295303                               0.06653123726295303                               0.9999999999999987
1.6                                               0.07263786429885549                               0.07263786429885549                               0.9999999999999992
1.6                                               0.07771691693308494                               0.07771691693308494                               1.0000000000000009
1.6                                               0.08028851016839625                               0.08028851016839625                               1.0000000000000007
1.6                                               0.08184814422520827                               0.08184814422520827                               0.9999999999999986
1.6                                               0.0824803554866016                                0.0824803554866016                                0.999999999999998
1.6                                               0.0859558546398016                                0.08595585463980161                               0.9999999999999997
1.6                                               0.08715904525951576                               0.08715904525951577                               0.999999999999996
1.6                                               0.092511441233647                                 0.092511441233647                                 0.9999999999999999
1.6                                               0.09418908719721392                               0.09418908719721392                               0.9999999999999988
1.6                                               0.10134928301214469                               0.10134928301214469                               1.0000000000000009
1.6                                               0.10354468876245987                               0.10354468876245988                               0.9999999999999991
1.6                                               0.10602452568477098                               0.106024525684771                                 0.9999999999999987
1.6                                               0.11243473151922173                               0.11243473151922173                               0.9999999999999996
1.6                                               0.11515765354145809                               0.11515765354145809                               0.9999999999999997
1.6                                               0.11529164993992522                               0.11529164993992523                               1.0000000000000022
1.6                                               0.12574048678743802                               0.12574048678743802                               0.9999999999999988
1.6                                               0.12901498488356566                               0.12901498488356566                               1.0000000000000027
1.6                                               0.1412399229883416                                0.1412399229883416                                1.0000000000000002
1.6                                               0.14508807156401712                               0.14508807156401712                               1.0000000000000007
1.6                                               0.14870094139914675                               0.14870094139914677                               1.0000000000000018
1.6                                               0.15743048305339352                               0.15743048305339352                               1.0000000000000029
1.6                                               0.1589045438050221                                0.15890454380502214                               1.0000000000000004
1.6                                               0.1633536396927387                                0.1633536396927387                                1.000000000000001
1.6                                               0.1672425408857781                                0.16724254088577814                               1.0000000000000007
1.6                                               0.17230162763174217+1.410837453774922E-16i        0.1723016276317422+1.410837453774922E-16i         1.0000000000000029
1.6                                               0.17655700572296817-3.109928792323038E-16i        0.1765570057229682-3.109928792323038E-16i         1.0000000000000009
1.8                                               0.014073852087846686                              0.014073852087846686                              0.9999999999999984
1.8                                               0.04055486759582794                               0.04055486759582794                               1.0000000000000022
1.8                                               0.04448095259298235                               0.044480952592982355                              0.9999999999999992
1.8                                               0.06626202199015423                               0.06626202199015423                               1.0000000000000004
1.8                                               0.07294272535280796                               0.07294272535280796                               0.9999999999999992
1.8                                               0.07771933026632982                               0.07771933026632982                               0.9999999999999996
1.8                                               0.080318907311888                                 0.080318907311888                                 0.9999999999999996
1.8                                               0.08165582777900007                               0.08165582777900007                               0.9999999999999989
1.8                                               0.08274551790663005                               0.08274551790663005                               1.000000000000002
1.8                                               0.08555832860976965                               0.08555832860976965                               0.9999999999999998
1.8                                               0.08761315735830554                               0.08761315735830554                               1.0000000000000002
1.8                                               0.09193685132843957                               0.09193685132843957                               0.9999999999999979
1.8                                               0.09481921856552815                               0.09481921856552816                               1.000000000000001
1.8                                               0.10060087214794154                               0.10060087214794156                               0.9999999999999994
1.8                                               0.10434881805981694                               0.10434881805981695                               1.0000000000000004
1.8                                               0.10560199937125994                               0.10560199937125994                               1.0000000000000002
1.8                                               0.11151335951865399                               0.11151335951865399                               0.9999999999999974
1.8                                               0.11574975512194575                               0.11574975512194575                               1.0000000000000009
1.8                                               0.11613808298478366                               0.11613808298478366                               0.999999999999999
1.8                                               0.12464649789249005                               0.12464649789249005                               1.0000000000000002
1.8                                               0.13016609949710542                               0.13016609949710542                               1.0000000000000024
1.8                                               0.13997349694630729                               0.13997349694630729                               1.0000000000000009
1.8                                               0.14641250646247347                               0.14641250646247347                               0.9999999999999984
1.8                                               0.14859838124640257                               0.14859838124640257                               0.9999999999999981
1.8                                               0.15692046985507335                               0.15692046985507335                               0.9999999999999989
1.8                                               0.15746580229988782                               0.15746580229988782                               1.0000000000000029
1.8                                               0.16485141585113586                               0.16485141585113589                               1.0000000000000002
1.8                                               0.1678922600472375                                0.1678922600472375                                0.9999999999999983
1.8                                               0.17222822317675995+1.3885095660095784E-16i       0.17222822317675998+1.3885095660095784E-16i       0.9999999999999998
1.8                                               0.1766925217660127-7.796949616745211E-16i         0.17669252176601272-7.796949616745211E-16i        1.0000000000000013
2                                                 0.014077855266907705                              0.014077855266907706                              1.0000000000000018
2                                                 0.04049482373453012                               0.04049482373453012                               0.9999999999999994
2                                                 0.04458466325823186                               0.04458466325823187                               0.9999999999999987
2                                                 0.06598802285837059                               0.06598802285837059                               0.9999999999999991
2                                                 0.07325653035625884                               0.07325653035625884                               0.9999999999999987
2                                                 0.07772195064777078                               0.07772195064777078                               1.0000000000000004
2                                                 0.08036114262773417                               0.08036114262773417                               1.0000000000000002
2                                                 0.08148684420175485                               0.08148684420175485                               0.9999999999999989
2                                                 0.08302711032532942                               0.08302711032532943                               0.9999999999999998
2                                                 0.08517488927378829                               0.08517488927378829                               0.9999999999999998
2                                                 0.08808102434545742                               0.08808102434545742                               1.0000000000000016
2                                                 0.09137584805915042                               0.09137584805915043                               1.000000000000002
2                                                 0.09546284021359705                               0.09546284021359705                               0.9999999999999977
2                                                 0.09986597240723841                               0.09986597240723842                               0.9999999999999979
2                                                 0.10515234981953685                               0.10515234981953686                               1.0000000000000004
2                                                 0.1051857015718597+1.567577611132151E-17i         0.1051857015718597+1.567577611132151E-17i         1.0000000000000002
2                                                 0.11060550769572136                               0.11060550769572138                               0.9999999999999997
2                                                 0.11622321739441156                               0.11622321739441158                               0.9999999999999997
2                                                 0.11712891931066255                               0.11712891931066256                               0.9999999999999996
2                                                 0.12356606534080598                               0.12356606534080598                               1.0000000000000009
2                                                 0.13133071788592052                               0.13133071788592052                               0.9999999999999979
2                                                 0.1387206779838347                                0.1387206779838347                                0.9999999999999999
2                                                 0.14775047334376556                               0.14775047334376556                               1.0000000000000013
2                                                 0.14847624884015848                               0.14847624884015848                               0.9999999999999982
2                                                 0.15604071274187098                               0.156040712741871                                 0.999999999999999
2                                                 0.15643208584030155                               0.15643208584030155                               1.000000000000002
2                                                 0.1663627940168498                                0.16636279401684984                               1.0000000000000013
2                                                 0.1685392379740575                                0.1685392379740575                                1.0000000000000009
2                                                 0.1721562660208826+1.7837651137078238E-16i        0.1721562660208826+1.7837651137078238E-16i        0.9999999999999992
2                                                 0.17549513304670805-2.7874048640956263E-16i       0.17549513304670805-2.7874048640956263E-16i       1.0000000000000013
2.2                                               0.014082275942083916                              0.014082275942083918                              0.9999999999999969
2.2                                               0.040432200196847415                              0.040432200196847415                              1.0000000000000013
2.2                                               0.044695524552584937                              0.04469552455258494                               1.0000000000000002
2.2                                               0.06571083040995598                               0.06571083040995598                               0.9999999999999968
2.2                                               0.0735776764687492                                0.0735776764687492                                0.9999999999999987
2.2                                               0.0777249239122727                                0.0777249239122727                                0.9999999999999983
2.2                                               0.08040975348756474                               0.08040975348756474                               1.0000000000000009
2.2                                               0.08134721054074795                               0.08134721054074795                               0.9999999999999989
2.2                                               0.08332435859262806                               0.08332435859262806                               1.0000000000000002
2.2                                               0.08480563540955971                               0.08480563540955971                               1.0000000000000009
2.2                                               0.08856260442618602                               0.08856260442618602                               1.0000000000000022
2.2                                               0.09082844648621485                               0.09082844648621485                               1.000000000000001
2.2                                               0.09611993944921565                               0.09611993944921567                               1
2.2                                               0.09914458714713795                               0.09914458714713795                               0.9999999999999974
2.2                                               0.10473518298248481                               0.10473518298248481                               1.0000000000000009
2.2                                               0.1059980984624282                                0.1059980984624282                                1.0000000000000016
2.2                                               0.10971117637144512                               0.10971117637144512                               0.999999999999999
2.2                                               0.11670631218475137                               0.11670631218475137                               0.9999999999999976
2.2                                               0.11813350720703306                               0.11813350720703307                               0.9999999999999992
2.2                                               0.12249918851476482                               0.12249918851476482                               1.0000000000000007
2.2                                               0.13250883825631826                               0.13250883825631826                               0.999999999999998
2.2                                               0.13748146512476103                               0.13748146512476103                               1.0000000000000002
2.2                                               0.14833195364890228                               0.14833195364890228                               0.9999999999999997
2.2                                               0.14910206934913073                               0.14910206934913073                               1.000000000000001
2.2                                               0.1546293086104757                                0.1546293086104757                                0.9999999999999977
2.2                                               0.15596815206338763                               0.15596815206338763                               1.0000000000000004
2.2                                               0.16788776994844073                               0.16788776994844076                               0.9999999999999982
2.2                                               0.16917841597703664-1.9171149427059737E-17i       0.16917841597703664-1.9171149427059737E-17i       1.000000000000001
2.2                                               0.17209105772262562+2.3236881038474406E-16i       0.17209105772262562+2.3236881038474406E-16i       1.0000000000000007
2.2                                               0.17391163981934366-1.912047340296386E-16i        0.17391163981934368-1.912047340296386E-16i        0.9999999999999992
2.4000000000000004                                0.014087112966941637                              0.014087112966941637                              1.0000000000000007
2.4000000000000004                                0.040367591370779984                              0.040367591370779984                              0.9999999999999997
2.4000000000000004                                0.04481293386770975                               0.04481293386770975                               1.0000000000000002
2.4000000000000004                                0.06543161525906781                               0.06543161525906781                               1.0000000000000009
2.4000000000000004                                0.07390497880503007                               0.07390497880503007                               0.9999999999999978
2.4000000000000004                                0.07772839297898462                               0.07772839297898462                               0.9999999999999987
2.4000000000000004                                0.08045488980793264                               0.08045488980793264                               0.9999999999999983
2.4000000000000004                                0.08124697206204505                               0.08124697206204505                               1.0000000000000004
2.4000000000000004                                0.08363681996068949                               0.0836368199606895                                0.9999999999999994
2.4000000000000004                                0.08445068719206533                               0.08445068719206533                               0.9999999999999982
2.4000000000000004                                0.08905786056871098                               0.08905786056871098                               0.9999999999999993
2.4000000000000004                                0.09029466357384203                               0.09029466357384203                               0.9999999999999998
2.4000000000000004                                0.09679050300865434                               0.09679050300865435                               0.9999999999999998
2.4000000000000004                                0.09843671997205394                               0.09843671997205396                               0.9999999999999981
2.4000000000000004                                0.10429565379855753                               0.10429565379855753                               1.0000000000000004
2.4000000000000004                                0.10684259093170097                               0.10684259093170097                               0.9999999999999999
2.4000000000000004                                0.10883036585667706                               0.10883036585667707                               0.9999999999999989
2.4000000000000004                                0.11719751557534855                               0.11719751557534856                               0.9999999999999992
2.4000000000000004                                0.11915161830544674                               0.11915161830544674                               0.9999999999999993
2.4000000000000004                                0.12144586671755293                               0.12144586671755293                               0.9999999999999986
2.4000000000000004                                0.13370045870147518                               0.13370045870147518                               0.999999999999999
2.4000000000000004                                0.1362558572642318                                0.1362558572642318                                0.9999999999999992
2.4000000000000004                                0.1481630865600761-2.9976031175467955E-17i        0.1481630865600761-2.9976031175467955E-17i        1.000000000000002
2.4000000000000004                                0.1504671302788273                                0.1504671302788273                                1.0000000000000027
2.4000000000000004                                0.1532315659414502                                0.1532315659414502                                0.9999999999999998
2.4000000000000004                                0.15553156300726428+1.983398951678341E-17i        0.15553156300726428+1.9833989516783412E-17i       0.9999999999999998
2.4000000000000004                                0.16942631129713154+6.049144635836478E-16i        0.16942631129713154+6.049144635836478E-16i        1.000000000000001
2.4000000000000004                                0.1697993773347687-3.0305989875508767E-16i        0.16979937733476871-3.0305989875508767E-16i       1.0000000000000009
2.4000000000000004                                0.17204312145754824-4.436100030865326E-14i        0.17204312145754824-4.436100030865327E-14i        1.0000000000000002
2.4000000000000004                                0.17234188282326393-6.9035641769083E-16i          0.17234188282326396-6.9035641769083E-16i          1.0000000000000007
2.6                                               0.01409236509572935                               0.01409236509572935                               0.9999999999999993
2.6                                               0.04030152606210419                               0.04030152606210419                               1.0000000000000004
2.6                                               0.04493635311258993                               0.04493635311258993                               1.0000000000000013
2.6                                               0.06515125395674504                               0.06515125395674504                               1.0000000000000004
2.6                                               0.07423754428872663                               0.07423754428872663                               1.0000000000000009
2.6                                               0.07773246654666958                               0.07773246654666958                               0.9999999999999971
2.6                                               0.08048205473282939                               0.08048205473282939                               0.9999999999999993
2.6                                               0.08120069490837326                               0.08120069490837326                               1.0000000000000007
2.6                                               0.08396411953969923                               0.08396411953969923                               1.0000000000000018
2.6                                               0.08411024838016914                               0.08411024838016914                               0.9999999999999986
2.6                                               0.08956675470647768                               0.08956675470647768                               0.9999999999999997
2.6                                               0.08977452348315021                               0.08977452348315022                               0.9999999999999979
2.6                                               0.09747451464404522                               0.09747451464404522                               1.0000000000000013
2.6                                               0.0977423758685832                                0.0977423758685832                                0.9999999999999997
2.6                                               0.10385364067601525                               0.10385364067601525                               0.9999999999999994
2.6                                               0.10770060283084516                               0.10770060283084516                               1.000000000000002
2.6                                               0.10796307648911885                               0.10796307648911886                               0.9999999999999982
2.6                                               0.11769554891487784                               0.11769554891487785                               0.9999999999999996
2.6                                               0.12018321427840636                               0.12018321427840636                               0.999999999999999
2.6                                               0.12040609922341598                               0.12040609922341598                               1.000000000000002
2.6                                               0.13490557719769314                               0.13490557719769314                               0.9999999999999978
2.6                                               0.13504385317398587                               0.13504385317398587                               1.000000000000001
2.6                                               0.14796707809229023                               0.14796707809229023                               1.0000000000000007
2.6                                               0.15184575046341714                               0.15184575046341714                               1.0000000000000018
2.6                                               0.15184748724842492                               0.15184748724842492                               1.0000000000000004
2.6                                               0.15512504488180398                               0.155125044881804                                 0.9999999999999996
2.6                                               0.17037660986187747                               0.1703766098618775                                1.0000000000000007
2.6                                               0.17078585882655095                               0.17078585882655095                               1.0000000000000004
2.6                                               0.17097858585577858                               0.1709785858557786                                0.9999999999999999
2.6                                               0.17203767213687998                               0.17203767213688                                  1.0000000000000004
2.8000000000000003                                0.014098030986009272                              0.014098030986009273                              1.000000000000002
2.8000000000000003                                0.040234470922145965                              0.040234470922145965                              0.9999999999999991
2.8000000000000003                                0.04506530519656386                               0.04506530519656386                               0.9999999999999996
2.8000000000000003                                0.06487041427528728                               0.06487041427528728                               1.0000000000000002
2.8000000000000003                                0.07457468600228745                               0.07457468600228745                               1.0000000000000007
2.8000000000000003                                0.07773719559789807                               0.07773719559789809                               0.9999999999999991
2.8000000000000003                                0.08047982046654657                               0.08047982046654657                               1.0000000000000004
2.8000000000000003                                0.08121982120759422                               0.08121982120759422                               0.9999999999999991
2.8000000000000003                                0.0837842339393137                                0.0837842339393137                                0.9999999999999997
2.8000000000000003                                0.08430627568366322                               0.08430627568366324                               0.9999999999999971
2.8000000000000003                                0.08926802576633902                               0.08926802576633902                               1.0000000000000007
2.8000000000000003                                0.09008927921293287                               0.09008927921293287                               1.000000000000001
2.8000000000000003                                0.09706155440229922                               0.09706155440229923                               1.0000000000000004
2.8000000000000003                                0.09817195912134076                               0.09817195912134076                               1.0000000000000007
2.8000000000000003                                0.10341020144719086                               0.10341020144719086                               0.9999999999999997
2.8000000000000003                                0.10710930851438578                               0.1071093085143858                                1.0000000000000009
2.8000000000000003                                0.10857207566178721                               0.10857207566178723                               1.0000000000000016
2.8000000000000003                                0.11819941428165893                               0.11819941428165895                               1.000000000000001
2.8000000000000003                                0.11937988567083976                               0.11937988567083976                               0.9999999999999996
2.8000000000000003                                0.12122828159333768                               0.12122828159333768                               0.9999999999999992
2.8000000000000003                                0.1338454515027923                                0.1338454515027923                                0.9999999999999989
2.8000000000000003                                0.13612419160266725                               0.13612419160266725                               1.0000000000000002
2.8000000000000003                                0.14774179500073586+3.053192073846867E-17i        0.14774179500073586+3.0531920738468674E-17i       0.9999999999999994
2.8000000000000003                                0.15047707151263523                               0.15047707151263523                               1.0000000000000002
2.8000000000000003                                0.15323791384900493                               0.15323791384900493                               0.9999999999999973
2.8000000000000003                                0.15475097092899967-2.0616839572423506E-17i       0.1547509709289997-2.0616839572423506E-17i        1.0000000000000004
2.8000000000000003                                0.16924356758455625+3.971166745478303E-17i        0.16924356758455625+3.971166745478303E-17i        1.0000000000000016
2.8000000000000003                                0.17084614787716895+3.687404358753173E-15i        0.17084614787716895+3.687404358753173E-15i        0.9999999999999997
2.8000000000000003                                0.17213853261942957-7.265658638580202E-14i        0.17213853261942957-7.265658638580202E-14i        1.0000000000000007
2.8000000000000003                                0.17254435243849936-5.1357547742319546E-15i       0.17254435243849936-5.1357547742319546E-15i       1.0000000000000002
3                                                 0.014104109201512227                              0.014104109201512227                              1
3                                                 0.04016683551054664                               0.04016683551054664                               0.9999999999999982
3                                                 0.04519936886357436                               0.04519936886357436                               0.9999999999999978
3                                                 0.06458961361645338                               0.06458961361645338                               1.0000000000000002
3                                                 0.07491586428749455                               0.07491586428749455                               0.9999999999999996
3                                                 0.07774256224566498                               0.07774256224566498                               0.9999999999999966
3                                                 0.08045186413023454                               0.08045186413023454                               1.0000000000000016
3                                                 0.08130065750031865                               0.08130065750031865                               1.0000000000000009
3                                                 0.08347318071582838                               0.08347318071582838                               0.9999999999999992
3                                                 0.08466277651293524                               0.08466277651293524                               0.9999999999999997
3                                                 0.08877522092937187                               0.08877522092937187                               1
3                                                 0.0906253811582406                                0.0906253811582406                                0.9999999999999999
3                                                 0.09639426573553488                               0.09639426573553488                               0.9999999999999996
3                                                 0.09888279859745323                               0.09888279859745323                               1
3                                                 0.10296614269732728                               0.10296614269732729                               1.0000000000000004
3                                                 0.10626906241444996                               0.10626906241444996                               1.0000000000000004
3                                                 0.10945699444939228                               0.10945699444939228                               1.000000000000002
3                                                 0.11836721586237053                               0.11836721586237055                               0.9999999999999999
3                                                 0.11870833479084877                               0.11870833479084877                               0.9999999999999998
3                                                 0.12228681308466252                               0.12228681308466252                               0.9999999999999991
3                                                 0.1326606507846752                                0.1326606507846752                                0.9999999999999999
3                                                 0.13735629964266768                               0.13735629964266768                               0.999999999999999
3                                                 0.1474856672489488                                0.1474856672489488                                1.0000000000000002
3                                                 0.14912031781989377                               0.14912031781989377                               1.0000000000000009
3                                                 0.15441109550993792+5.0661408380928744E-17i       0.15441109550993792+5.0661408380928744E-17i       1.0000000000000002
3                                                 0.15464363828064107                               0.15464363828064107                               0.9999999999999987
3                                                 0.1677150072705567                                0.16771500727055672                               0.9999999999999984
3                                                 0.17111080481515756+7.146759679762976E-16i        0.17111080481515759+7.146759679762976E-16i        1.0000000000000009
3                                                 0.17244209180340536+1.6237847440091829E-15i       0.17244209180340536+1.623784744009183E-15i        1.000000000000001
3                                                 0.17412371397186144-1.3510164003916147E-15i       0.17412371397186144-1.3510164003916149E-15i       1
3.2                                               0.014110598215130735-2.290861836937439E-18i       0.014110598215130735-2.290861836937439E-18i       0.9999999999999973
3.2                                               0.04009897806466056                               0.04009897806466056                               1
3.2                                               0.045338172803917984                              0.045338172803917984                              0.9999999999999987
3.2                                               0.06430925956211489                               0.06430925956211489                               0.9999999999999998
3.2                                               0.07526064550031002                               0.07526064550031002                               1.0000000000000002
3.2                                               0.07774848300750117                               0.07774848300750117                               1.0000000000000018
3.2                                               0.08041258926019602                               0.08041258926019602                               1.0000000000000009
3.2                                               0.0814287453177464                                0.0814287453177464                                0.9999999999999989
3.2                                               0.08317722499213093                               0.08317722499213093                               0.9999999999999986
3.2                                               0.0850336072844672                                0.0850336072844672                                0.9999999999999992
3.2                                               0.08829612492976813                               0.08829612492976813                               0.9999999999999999
3.2                                               0.09117504776703342                               0.09117504776703343                               0.9999999999999997
3.2                                               0.0957405125371381                                0.09574051253713811                               0.9999999999999999
3.2                                               0.09960696452436268                               0.09960696452436268                               1.0000000000000009
3.2                                               0.10252214329399414                               0.10252214329399416                               1.0000000000000004
3.2                                               0.10544233859777456                               0.10544233859777458                               0.9999999999999999
3.2                                               0.11035535161700354                               0.11035535161700355                               1.0000000000000018
3.2                                               0.11736810960636959                               0.11736810960636959                               1.0000000000000004
3.2                                               0.11922165753771269                               0.11922165753771269                               0.9999999999999998
3.2                                               0.12335880380742527                               0.12335880380742527                               0.9999999999999978
3.2                                               0.13148944943527027                               0.13148944943527027                               0.9999999999999996
3.2                                               0.13860189890482877                               0.13860189890482877                               1.0000000000000009
3.2                                               0.14719791418625744+2.109579715619447E-17i        0.14719791418625744+2.109579715619447E-17i        0.9999999999999998
3.2                                               0.1477772298799601                                0.1477772298799601                                1.0000000000000004
3.2                                               0.15410643862030754                               0.15410643862030754                               0.9999999999999998
3.2                                               0.15606286698690514                               0.15606286698690516                               0.9999999999999989
3.2                                               0.1662001755284479                                0.1662001755284479                                1.0000000000000007
3.2                                               0.17118454901519592-1.2963126460536988E-16i       0.17118454901519592-1.2963126460536988E-16i       1.0000000000000004
3.2                                               0.17293328208828604-9.481697897695805E-16i        0.17293328208828607-9.481697897695805E-16i        0.9999999999999999
3.2                                               0.1757166764904943-1.5076096140690023E-15i        0.1757166764904943-1.5076096140690025E-15i        0.9999999999999998
3.4000000000000004                                0.014117496412203792                              0.014117496412203792                              0.9999999999999983
3.4000000000000004                                0.04003121137344124                               0.04003121137344124                               0.9999999999999974
3.4000000000000004                                0.0454813896435413                                0.04548138964354131                               0.9999999999999988
3.4000000000000004                                0.06402967845226977                               0.06402967845226977                               1.0000000000000007
3.4000000000000004                                0.07560867237285976                               0.07560867237285976                               1.0000000000000009
3.4000000000000004                                0.07775482608897565                               0.07775482608897565                               0.9999999999999996
3.4000000000000004                                0.08037474450798436                               0.08037474450798436                               1.0000000000000016
3.4000000000000004                                0.08159119792913383                               0.08159119792913383                               1.000000000000001
3.4000000000000004                                0.08289674950486951                               0.08289674950486951                               1.0000000000000009
3.4000000000000004                                0.08541863098897906                               0.08541863098897907                               1.0000000000000022
3.4000000000000004                                0.08783076966073715                               0.08783076966073716                               0.9999999999999989
3.4000000000000004                                0.09173825602865601                               0.09173825602865603                               0.9999999999999989
3.4000000000000004                                0.09510030053508582                               0.09510030053508582                               1.0000000000000009
3.4000000000000004                                0.10034421259539869                               0.1003442125953987                                0.9999999999999992
3.4000000000000004                                0.10207893705594277                               0.10207893705594279                               0.9999999999999983
3.4000000000000004                                0.10462913763102341                               0.10462913763102343                               0.9999999999999998
3.4000000000000004                                0.11126714158669103                               0.11126714158669103                               1.0000000000000004
3.4000000000000004                                0.11638254909554818                               0.1163825490955482                                1.0000000000000002
3.4000000000000004                                0.11973887902762521                               0.11973887902762523                               1
3.4000000000000004                                0.12444424971346504                               0.12444424971346504                               0.9999999999999991
3.4000000000000004                                0.13033184575729573                               0.13033184575729576                               0.9999999999999986
3.4000000000000004                                0.13986098680325498                               0.13986098680325498                               1.0000000000000009
3.4000000000000004                                0.14644776026553374                               0.14644776026553374                               1.0000000000000024
3.4000000000000004                                0.14687873579934468                               0.14687873579934468                               1.0000000000000002
3.4000000000000004                                0.153836979515636                                 0.153836979515636                                 0.9999999999999989
3.4000000000000004                                0.15749564485867462                               0.15749564485867462                               0.9999999999999987
3.4000000000000004                                0.1646990702664275                                0.1646990702664275                                1.0000000000000016
3.4000000000000004                                0.17116560453429946-2.0228259374941307E-16i       0.1711656045342995-2.0228259374941307E-16i        0.9999999999999987
3.4000000000000004                                0.17351227176241757-1.3883328668194705E-15i       0.17351227176241757-1.3883328668194705E-15i       0.9999999999999999
3.4000000000000004                                0.17732323083695073-6.787334623843133E-15i        0.17732323083695076-6.787334623843134E-15i        0.9999999999999987
3.6                                               0.014124802093866434                              0.014124802093866434                              0.9999999999999989
3.6                                               0.039963808394964245                              0.039963808394964245                              0.9999999999999981
3.6                                               0.045628730168526935                              0.045628730168526935                              1.0000000000000016
3.6                                               0.06375113584085348                               0.06375113584085348                               0.9999999999999983
3.6                                               0.07595964174347197                               0.07595964174347197                               0.9999999999999993
3.6                                               0.07776143991321617                               0.07776143991321617                               1.000000000000002
3.6                                               0.08034602082668744                               0.08034602082668744                               0.9999999999999997
3.6                                               0.08177997940625245                               0.08177997940625245                               1.0000000000000009
3.6                                               0.08263232984681486                               0.08263232984681487                               1.0000000000000004
3.6                                               0.08581773779827932                               0.08581773779827932                               1.0000000000000004
3.6                                               0.08737919139569877                               0.08737919139569877                               0.9999999999999999
3.6                                               0.09231498458878608                               0.09231498458878608                               1.0000000000000013
3.6                                               0.0944736360114057                                0.0944736360114057                                1.0000000000000002
3.6                                               0.10109221381801864                               0.10109221381801864                               1.000000000000001
3.6                                               0.10163925647173223+1.1524038159362507E-17i       0.10163925647173223+1.1524038159362509E-17i       1.0000000000000002
3.6                                               0.10382946025964165                               0.10382946025964167                               1.0000000000000016
3.6                                               0.11219235950892442                               0.11219235950892442                               0.9999999999999982
3.6                                               0.11541053712051887                               0.11541053712051887                               0.9999999999999993
3.6                                               0.12025955586225211                               0.12025955586225212                               1.0000000000000002
3.6                                               0.1255431471453263                                0.12554314714532633                               1.0000000000000007
3.6                                               0.12918783794248562                               0.12918783794248562                               1.0000000000000013
3.6                                               0.1411335604936086                                0.14113356049360862                               1.0000000000000018
3.6                                               0.14513198846256525                               0.14513198846256525                               0.9999999999999978
3.6                                               0.14652914521882954+2.5404547408964112E-17i       0.14652914521882954+2.5404547408964116E-17i       1.000000000000001
3.6                                               0.15360181304433174                               0.15360181304433174                               0.9999999999999998
3.6                                               0.15894195628301036                               0.15894195628301036                               1.0000000000000013
3.6                                               0.16321168923168788                               0.16321168923168788                               1.000000000000001
3.6                                               0.17110866229578472                               0.17110866229578472                               1.0000000000000004
3.6                                               0.17412206002527653                               0.17412206002527653                               0.9999999999999986
3.6                                               0.1783930791124954+8.571967431461781E-16i         0.1783930791124954+8.571967431461781E-16i         0.9999999999999994
3.8000000000000003                                0.014132513480679329                              0.01413251348067933                               1.0000000000000022
3.8000000000000003                                0.039897007424546035+4.965322806237347E-18i       0.039897007424546035+4.965322806237348E-18i       1.0000000000000004
3.8000000000000003                                0.04577993797484213                               0.04577993797484213                               0.9999999999999993
3.8000000000000003                                0.06347385137105954                               0.06347385137105954                               0.9999999999999996
3.8000000000000003                                0.07631328602452646                               0.07631328602452646                               1
3.8000000000000003                                0.07776818847220503                               0.07776818847220503                               1.0000000000000002
3.8000000000000003                                0.08033049694009116                               0.08033049694009116                               1.000000000000002
3.8000000000000003                                0.08198980533798064                               0.08198980533798064                               1.0000000000000002
3.8000000000000003                                0.08238536549953931                               0.08238536549953933                               1.0000000000000004
3.8000000000000003                                0.08623083288614294                               0.08623083288614294                               0.9999999999999996
3.8000000000000003                                0.08694143406486039                               0.08694143406486039                               1.0000000000000002
3.8000000000000003                                0.09290521247700997                               0.09290521247700997                               1.0000000000000009
3.8000000000000003                                0.09386052607034398                               0.093860526070344                                 0.9999999999999982
3.8000000000000003                                0.10118888792866954                               0.10118888792866954                               0.999999999999999
3.8000000000000003                                0.10186552246388621                               0.10186552246388622                               0.9999999999999994
3.8000000000000003                                0.10304330752395416                               0.10304330752395416                               1.0000000000000009
3.8000000000000003                                0.11313100080776367                               0.11313100080776368                               1.0000000000000004
3.8000000000000003                                0.11445207261484795                               0.11445207261484797                               0.9999999999999992
3.8000000000000003                                0.12078330579608912                               0.12078330579608913                               0.9999999999999997
3.8000000000000003                                0.12665549260924608                               0.12665549260924608                               0.9999999999999999
3.8000000000000003                                0.12805742407508702                               0.12805742407508702                               0.9999999999999997
3.8000000000000003                                0.14241961655469834                               0.14241961655469834                               1.0000000000000007
3.8000000000000003                                0.14382985967392892                               0.14382985967392892                               0.9999999999999989
3.8000000000000003                                0.14615111347633397                               0.14615111347633397                               0.9999999999999998
3.8000000000000003                                0.15339919764898963+2.901527815085244E-17i        0.15339919764898963+2.901527815085244E-17i        0.9999999999999999
3.8000000000000003                                0.16040179821844988                               0.16040179821844988                               0.999999999999998
3.8000000000000003                                0.1617380300310831                                0.1617380300310831                                1.0000000000000002
3.8000000000000003                                0.17103468854741843+4.2131547769694576E-17i       0.17103468854741846+4.2131547769694576E-17i       1.0000000000000016
3.8000000000000003                                0.1747384479119748-9.765703780239755E-17i         0.1747384479119748-9.765703780239755E-17i         0.9999999999999996
3.8000000000000003                                0.17864875603301383+7.40110688489259E-16i         0.17864875603301383+7.401106884892591E-16i        1.0000000000000018
4                                                 0.014140628716365553+1.966316749053766E-18i       0.014140628716365553+1.966316749053766E-18i       0.9999999999999983
4                                                 0.03983101672949734                               0.03983101672949735                               1.0000000000000013
4                                                 0.04593478462292885                               0.045934784622928854                              0.9999999999999997
4                                                 0.06319800976740161                               0.06319800976740161                               0.9999999999999983
4                                                 0.07666935294559198                               0.07666935294559198                               1
4                                                 0.07777499010263438                               0.07777499010263438                               1.0000000000000013
4                                                 0.0803300861501006                                0.0803300861501006                                0.9999999999999981
4                                                 0.0821384187433144                                0.0821384187433144                                0.9999999999999994
4                                                 0.08223632983117954                               0.08223632983117955                               0.9999999999999992
4                                                 0.0865174794162031                                0.0865174794162031                                1.0000000000000009
4                                                 0.08665790346827189                               0.0866579034682719                                1.0000000000000004
4                                                 0.09326097648763759                               0.09326097648763759                               0.9999999999999999
4                                                 0.09350892017061542                               0.09350892017061542                               0.9999999999999991
4                                                 0.1007511106900644                                0.1007511106900644                                1
4                                                 0.10227068098747868                               0.10227068098747868                               1.0000000000000016
4                                                 0.10264115476987554                               0.10264115476987554                               1.0000000000000007
4                                                 0.11350715427530117                               0.11350715427530118                               1
4                                                 0.11408306099882409                               0.11408306099882409                               1.0000000000000004
4                                                 0.12130978590421745                               0.12130978590421745                               0.9999999999999996
4                                                 0.1269406021369951                                0.1269406021369951                                0.9999999999999989
4                                                 0.12778128266271443                               0.12778128266271443                               1.0000000000000016
4                                                 0.14254138026464894                               0.14254138026464894                               0.9999999999999978
4                                                 0.14371914904603214                               0.14371914904603214                               0.9999999999999982
4                                                 0.14574716723971806-3.391019926503801E-17i        0.14574716723971806-3.3910199265038016E-17i       1
4                                                 0.15322678080110697+4.8814630004884044E-17i       0.15322678080110697+4.881463000488405E-17i        0.9999999999999998
4                                                 0.16027809013471966                               0.16027809013471966                               0.9999999999999992
4                                                 0.1618751678385775                                0.1618751678385775                                1.000000000000001
4                                                 0.17095227946990152                               0.17095227946990152                               0.9999999999999987
4                                                 0.1753484286598917-1.1899348217028544E-15i        0.17534842865989173-1.1899348217028544E-15i       0.9999999999999993
4                                                 0.17892701107698555+1.952312871236981E-14i        0.17892701107698555+1.9523128712369812E-14i       1
4.2                                               0.014149145871716007                              0.014149145871716007                              1.0000000000000007
4.2                                               0.03976601863443553                               0.03976601863443554                               0.9999999999999971
4.2                                               0.046093065308526165                              0.046093065308526165                              0.9999999999999983
4.2                                               0.06292376909357675                               0.06292376909357675                               1.0000000000000027
4.2                                               0.07702756478574828                               0.07702756478574828                               1.000000000000001
4.2                                               0.07778186995368816                               0.07778186995368816                               1.0000000000000013
4.2                                               0.08034524576934732                               0.08034524576934732                               0.9999999999999999
4.2                                               0.0819364074230136                                0.0819364074230136                                1.0000000000000002
4.2                                               0.08247422383671886                               0.08247422383671886                               1.0000000000000002
4.2                                               0.08610754263918788                               0.08610754263918788                               1.0000000000000002
4.2                                               0.0870987218657315                                0.08709872186573152                               1.0000000000000013
4.2                                               0.0926750008901747                                0.0926750008901747                                0.9999999999999993
4.2                                               0.09412607841918091                               0.09412607841918091                               1.0000000000000007
4.2                                               0.10031317485245966                               0.10031317485245966                               1
4.2                                               0.10151158327409604                               0.10151158327409604                               0.9999999999999986
4.2                                               0.10343212535564991                               0.10343212535564993                               0.999999999999999
4.2                                               0.1125757807560465                                0.1125757807560465                                1
4.2                                               0.1150485355226825                                0.11504853552268252                               0.9999999999999994
4.2                                               0.1218386776427036                                0.1218386776427036                                1
4.2                                               0.1258373700236274                                0.1258373700236274                                0.999999999999998
4.2                                               0.12892051385109476                               0.12892051385109476                               1.0000000000000009
4.2                                               0.14126654862007032                               0.14126654862007032                               0.9999999999999996
4.2                                               0.14503207660599393                               0.14503207660599393                               0.9999999999999986
4.2                                               0.14532028593032106+2.580380455909044E-17i        0.14532028593032106+2.5803804559090443E-17i       0.9999999999999976
4.2                                               0.15308184880885836                               0.15308184880885836                               0.9999999999999998
4.2                                               0.1588318668775498                                0.15883186687754983                               1.0000000000000007
4.2                                               0.1633620622515376                                0.1633620622515376                                1.0000000000000016
4.2                                               0.17086547355503362                               0.17086547355503365                               1.0000000000000004
4.2                                               0.17594218523750993-8.790236467262419E-15i        0.17594218523750993-8.79023646726242E-15i         0.9999999999999997
4.2                                               0.17849921446796024+1.0846565445128605E-14i       0.17849921446796024+1.0846565445128605E-14i       1.0000000000000009
4.4                                               0.014158062948686365                              0.014158062948686365                              0.9999999999999989
4.4                                               0.03970217307988239                               0.03970217307988239                               1.0000000000000018
4.4                                               0.04625459502104614+5.71425563545131E-18i         0.04625459502104614+5.71425563545131E-18i         1.0000000000000002
4.4                                               0.0626512670652685                                0.0626512670652685                                0.9999999999999984
4.4                                               0.077387415087957                                 0.077387415087957                                 0.9999999999999997
4.4                                               0.07778916171210637                               0.07778916171210637                               0.9999999999999984
4.4                                               0.08037514196393071                               0.08037514196393072                               0.9999999999999992
4.4                                               0.08174472202462428                               0.0817447220246243                                1
4.4                                               0.08273888772127311                               0.08273888772127312                               0.999999999999999
4.4                                               0.08571155259035017                               0.08571155259035017                               0.999999999999999
4.4                                               0.08755336493752111                               0.08755336493752111                               0.999999999999999
4.4                                               0.09210260535532248                               0.09210260535532248                               1
4.4                                               0.09475665922878698                               0.09475665922878698                               1.0000000000000007
4.4                                               0.09987696545557712                               0.09987696545557712                               0.9999999999999988
4.4                                               0.1007660195856047                                0.1007660195856047                                0.9999999999999993
4.4                                               0.10423679626205429                               0.10423679626205429                               1.000000000000001
4.4                                               0.11165795060743224                               0.11165795060743224                               0.9999999999999969
4.4                                               0.11602741975370494                               0.11602741975370495                               0.9999999999999983
4.4                                               0.1223696740242709                                0.1223696740242709                                1.0000000000000013
4.4                                               0.12474772560236203                               0.12474772560236204                               0.9999999999999998
4.4                                               0.13007318267398643                               0.13007318267398643                               1.0000000000000022
4.4                                               0.14000536237627603                               0.14000536237627603                               1.0000000000000002
4.4                                               0.14487321605777034-3.4486535775079E-17i          0.14487321605777037-3.4486535775079E-17i          1.0000000000000002
4.4                                               0.14635869247731897                               0.14635869247731897                               0.9999999999999986
4.4                                               0.15296156046516596                               0.15296156046516596                               1.0000000000000004
4.4                                               0.15739935746052913                               0.15739935746052916                               0.9999999999999994
4.4                                               0.1648624784461591                                0.1648624784461591                                1.0000000000000002
4.4                                               0.1707764114464973+8.897803141502348E-17i         0.17077641144649733+8.897803141502348E-17i        1
4.4                                               0.17651053633527047-8.239107528415732E-14i        0.17651053633527047-8.239107528415732E-14i        1.0000000000000004
4.4                                               0.17689558788955645+7.6195776351389E-15i          0.17689558788955645+7.6195776351389E-15i          1.0000000000000004
4.6000000000000005                                0.014167377884544002-2.5327261469072996E-18i      0.014167377884544002-2.5327261469072996E-18i      1.0000000000000029
4.6000000000000005                                0.039639620697084085                              0.039639620697084085                              0.9999999999999997
4.6000000000000005                                0.046419205139340246                              0.046419205139340246                              0.9999999999999992
4.6000000000000005                                0.062380625968341666-1.06194026885227E-17i        0.062380625968341666-1.06194026885227E-17i        1.0000000000000004
4.6000000000000005                                0.07774071767335444+3.42313635489158E-17i         0.07774071767335444+3.42313635489158E-17i         1.0000000000000004
4.6000000000000005                                0.07780494088783668-1.2802966771747143E-17i       0.07780494088783668-1.2802966771747143E-17i       1
4.6000000000000005                                0.08041735602807917                               0.08041735602807917                               0.9999999999999988
4.6000000000000005                                0.08157569614377205                               0.08157569614377207                               1
4.6000000000000005                                0.08302028533622463                               0.08302028533622463                               1.0000000000000007
4.6000000000000005                                0.08532962091636476                               0.08532962091636477                               0.9999999999999992
4.6000000000000005                                0.08802174551128746                               0.08802174551128746                               1.0000000000000007
4.6000000000000005                                0.09154380215051477                               0.09154380215051477                               1.000000000000001
4.6000000000000005                                0.09540061055475878                               0.09540061055475878                               1.0000000000000009
4.6000000000000005                                0.09944293327141203                               0.09944293327141203                               1.0000000000000009
4.6000000000000005                                0.10003400349875238                               0.10003400349875238                               1.0000000000000009
4.6000000000000005                                0.10505496039946163                               0.10505496039946165                               1.0000000000000016
4.6000000000000005                                0.1107536623640215                                0.1107536623640215                                0.9999999999999994
4.6000000000000005                                0.1170197088433301                                0.1170197088433301                                1.0000000000000004
4.6000000000000005                                0.12290246705231356                               0.12290246705231356                               1.0000000000000009
4.6000000000000005                                0.12367166750771277                               0.12367166750771279                               0.9999999999999996
4.6000000000000005                                0.13123928555918804                               0.13123928555918804                               0.9999999999999984
4.6000000000000005                                0.13875781890807148                               0.1387578189080715                                0.9999999999999997
4.6000000000000005                                0.14440931290142175                               0.14440931290142175                               0.9999999999999986
4.6000000000000005                                0.14769864396332905                               0.14769864396332905                               1.0000000000000002
4.6000000000000005                                0.1528631315712936-2.3862511631461125E-17i        0.1528631315712936-2.3862511631461125E-17i        1.0000000000000007
4.6000000000000005                                0.15598055895174068-2.7697367788932332E-17i       0.15598055895174068-2.7697367788932332E-17i       0.9999999999999984
4.6000000000000005                                0.16637641325710267                               0.1663764132571027                                0.9999999999999976
4.6000000000000005                                0.17068634352000228+1.6196146959528335E-16i       0.17068634352000228+1.6196146959528337E-16i       0.9999999999999992
4.6000000000000005                                0.1753057494344969-4.168229197728846E-16i         0.1753057494344969-4.1682291977288463E-16i        0.9999999999999991
4.6000000000000005                                0.17704470547836726+2.272716412674444E-14i        0.1770447054783673+2.272716412674444E-14i         1.0000000000000002
4.800000000000001                                 0.014177088556255699                              0.0141770885562557                                0.9999999999999986
4.800000000000001                                 0.039578485450643464                              0.039578485450643464                              1
4.800000000000001                                 0.04658674040480047+6.342138278367856E-18i        0.04658674040480047+6.342138278367856E-18i        0.9999999999999992
4.800000000000001                                 0.06211195657302978-8.669941631168843E-18i        0.06211195657302978-8.669941631168843E-18i        0.9999999999999976
4.800000000000001                                 0.07779959815930995                               0.07779959815930995                               1.0000000000000007
4.800000000000001                                 0.07811700034329183+1.9210087410610434E-17i       0.07811700034329185+1.9210087410610434E-17i       0.999999999999999
4.800000000000001                                 0.0804670123922985                                0.0804670123922985                                1
4.800000000000001                                 0.0814349877784885                                0.0814349877784885                                0.9999999999999996
4.800000000000001                                 0.08331746032206969                               0.08331746032206969                               0.9999999999999992
4.800000000000001                                 0.08496183914905446                               0.08496183914905446                               0.999999999999998
4.800000000000001                                 0.0885038169069509                                0.0885038169069509                                1.000000000000002
4.800000000000001                                 0.09099860418466828                               0.09099860418466828                               0.999999999999999
4.800000000000001                                 0.09605782423100984                               0.09605782423100984                               1
4.800000000000001                                 0.0990113895349406                                0.0990113895349406                                0.9999999999999996
4.800000000000001                                 0.09931559411738822                               0.09931559411738822                               0.9999999999999999
4.800000000000001                                 0.10588655463376866                               0.10588655463376866                               1.0000000000000027
4.800000000000001                                 0.1098629145264293                                0.10986291452642931                               1.000000000000002
4.800000000000001                                 0.11802539764302351                               0.11802539764302353                               1.0000000000000002
4.800000000000001                                 0.12260918680235874                               0.12260918680235874                               0.9999999999999988
4.800000000000001                                 0.12343674430895943                               0.12343674430895943                               1
4.800000000000001                                 0.1324188188455248                                0.1324188188455248                                0.9999999999999994
4.800000000000001                                 0.1375239154239145                                0.13752391542391454                               0.9999999999999966
4.800000000000001                                 0.14393128541548875                               0.14393128541548877                               0.9999999999999993
4.800000000000001                                 0.1490520704484241                                0.1490520704484241                                0.9999999999999993
4.800000000000001                                 0.15278395945748713                               0.15278395945748716                               1.0000000000000007
4.800000000000001                                 0.1545754682880308                                0.1545754682880308                                0.9999999999999994
4.800000000000001                                 0.1679038632656203                                0.1679038632656203                                1
4.800000000000001                                 0.17059605887107998+3.058353086321896E-16i        0.17059605887108+3.0583530863218965E-16i          0.9999999999999994
4.800000000000001                                 0.17372969596559162-9.210550727937299E-17i        0.17372969596559162-9.2105507279373E-17i          1.000000000000002
4.800000000000001                                 0.17753759483545345+1.1827223074547294E-14i       0.17753759483545345+1.1827223074547294E-14i       1.0000000000000002
5                                                 0.014187192784919894+2.678898620307657E-18i       0.014187192784919894+2.678898620307657E-18i       0.9999999999999976
5                                                 0.03951887690182721                               0.03951887690182721                               0.9999999999999969
5                                                 0.04675705620811085                               0.04675705620811085                               0.9999999999999994
5                                                 0.061845361326230364-8.512992403034214E-18i       0.061845361326230364-8.512992403034214E-18i       1
5                                                 0.07780779681866504                               0.07780779681866504                               1.0000000000000002
5                                                 0.07848150198865708+1.6691313546194063E-17i       0.07848150198865708+1.6691313546194063E-17i       1
5                                                 0.08051525711659595                               0.08051525711659595                               0.9999999999999998
5                                                 0.08133175545358719                               0.0813317554535872                                0.999999999999998
5                                                 0.08362991766519012                               0.08362991766519012                               1.0000000000000009
5                                                 0.08460831677986622                               0.08460831677986622                               1.000000000000001
5                                                 0.08899953853543945                               0.08899953853543945                               0.9999999999999987
5                                                 0.09046702628049764                               0.09046702628049766                               1.0000000000000007
5                                                 0.09672796151892171                               0.09672796151892171                               0.9999999999999983
5                                                 0.09858076005839231                               0.09858076005839231                               1.0000000000000009
5                                                 0.09861293182732384                               0.09861293182732385                               1.0000000000000009
5                                                 0.10673154993470557                               0.10673154993470557                               0.9999999999999988
5                                                 0.10898570557642157                               0.10898570557642157                               1.0000000000000016
5                                                 0.11904448053996783                               0.11904448053996783                               0.9999999999999997
5                                                 0.12156029158178787                               0.12156029158178788                               1.0000000000000007
5                                                 0.12397215166707069                               0.1239721516670707                                0.9999999999999986
5                                                 0.1336117787652127                                0.1336117787652127                                0.9999999999999993
5                                                 0.13630364899460096                               0.13630364899460096                               0.9999999999999986
5                                                 0.14344177855725432+1.9899508209650198E-17i       0.14344177855725432+1.9899508209650198E-17i       1.000000000000002
5                                                 0.15041896027627244                               0.15041896027627244                               0.9999999999999999
5                                                 0.15272169329410687                               0.15272169329410687                               1.0000000000000013
5                                                 0.15318408228702055                               0.15318408228702055                               1.0000000000000022
5                                                 0.16944482385628085                               0.16944482385628087                               1.0000000000000009
5                                                 0.17050608813754148-1.3482116207094856E-16i       0.17050608813754148-1.348211620709486E-16i        0.9999999999999994
5                                                 0.1721674240467053                                0.1721674240467053                                1
5                                                 0.17798573977580096+1.9779446253677747E-16i       0.17798573977580098+1.9779446253677747E-16i       0.9999999999999982
5.2                                               0.014197688340333511                              0.014197688340333511                              0.9999999999999977
5.2                                               0.03946089214322921                               0.03946089214322921                               0.9999999999999991
5.2                                               0.04693001612615637                               0.04693001612615637                               0.9999999999999988
5.2                                               0.06158093703055907                               0.06158093703055907                               0.9999999999999998
5.2                                               0.07781578243500309                               0.0778157824350031                                0.9999999999999976
5.2                                               0.07884780441198243+1.7806525764474315E-17i       0.07884780441198243+1.7806525764474315E-17i       1.0000000000000013
5.2                                               0.08054862424623901                               0.08054862424623901                               1.0000000000000009
5.2                                               0.08127965219595575                               0.08127965219595575                               1.000000000000002
5.2                                               0.08395729323024063                               0.08395729323024065                               1.0000000000000013
5.2                                               0.08426920608534257                               0.08426920608534257                               0.9999999999999983
5.2                                               0.08950887192009041                               0.08950887192009041                               0.9999999999999993
5.2                                               0.08994908776957769                               0.08994908776957769                               0.9999999999999989
5.2                                               0.09740873225951142                               0.09740873225951142                               1.0000000000000004
5.2                                               0.09791855212589338                               0.09791855212589338                               0.9999999999999989
5.2                                               0.09816102108124908                               0.09816102108124909                               1.0000000000000007
5.2                                               0.1075899286942284                                0.1075899286942284                                1.0000000000000004
5.2                                               0.10812203400430223                               0.10812203400430223                               0.9999999999999978
5.2                                               0.1200769511849113                                0.12007695118491131                               1.0000000000000004
5.2                                               0.12052497298934618                               0.12052497298934618                               0.9999999999999999
5.2                                               0.12450831258815112                               0.12450831258815113                               0.9999999999999993
5.2                                               0.13481816141894792                               0.13481816141894792                               1
5.2                                               0.13509701656513917                               0.1350970165651392                                1.0000000000000027
5.2                                               0.14294320441392444                               0.14294320441392444                               1.0000000000000004
5.2                                               0.15179929294121974                               0.15179929294121974                               1.0000000000000016
5.2                                               0.15180639755879252                               0.15180639755879252                               0.9999999999999998
5.2                                               0.15267427329574035-2.2601517088649092E-17i       0.15267427329574035-2.2601517088649095E-17i       1.0000000000000004
5.2                                               0.17041679151099753-9.222887870085091E-15i        0.17041679151099753-9.222887870085093E-15i        1.0000000000000004
5.2                                               0.17061893054487387+5.107344067065583E-16i        0.1706189305448739+5.107344067065583E-16i         0.999999999999999
5.2                                               0.1709993041387543-4.96486568878865E-16i          0.1709993041387543-4.96486568878865E-16i          0.9999999999999987
5.2                                               0.17839043819892014+6.406245213595058E-15i        0.17839043819892014+6.406245213595058E-15i        0.9999999999999998
5.4                                               0.014208572945659872                              0.014208572945659874                              1.0000000000000004
5.4                                               0.03940461745099592                               0.03940461745099592                               0.9999999999999991
5.4                                               0.047105489646869565                              0.04710548964686957                               1.0000000000000007
5.4                                               0.061318777168497804-8.672639603560437E-18i       0.061318777168497804-8.672639603560439E-18i       0.9999999999999999
5.4                                               0.07782411747394716                               0.07782411747394717                               1.0000000000000004
5.4                                               0.07921500705201515+1.2275176779406065E-17i       0.07921500705201516+1.2275176779406065E-17i       1.0000000000000002
5.4                                               0.0805550254437815                                0.0805550254437815                                1.000000000000001
5.4                                               0.08129098455607392                               0.08129098455607392                               1.0000000000000013
5.4                                               0.08394451031918546                               0.08394451031918546                               0.9999999999999987
5.4                                               0.08429948246862232                               0.08429948246862232                               0.9999999999999998
5.4                                               0.08944479111447828                               0.0894447911144783                                0.9999999999999964
5.4                                               0.09003180160424239                               0.09003180160424239                               1.0000000000000007
5.4                                               0.097240772788277                                 0.097240772788277                                 0.9999999999999983
5.4                                               0.09771953846106997                               0.09771953846106997                               0.9999999999999991
5.4                                               0.09812468163228387                               0.09812468163228387                               0.9999999999999994
5.4                                               0.10727189819648696                               0.10727189819648696                               0.9999999999999997
5.4                                               0.10846167804631773                               0.10846167804631773                               0.999999999999999
5.4                                               0.11950322916397017                               0.11950322916397017                               0.9999999999999988
5.4                                               0.12112280201518517                               0.12112280201518519                               1.000000000000001
5.4                                               0.12504478614054612                               0.12504478614054612                               1.0000000000000009
5.4                                               0.13390401495993012                               0.13390401495993012                               0.9999999999999998
5.4                                               0.13603796272524518                               0.13603796272524518                               1.0000000000000002
5.4                                               0.14243776467603375-2.313661515859179E-17i        0.14243776467603375-2.3136615158591793E-17i       1.0000000000000004
5.4                                               0.15044241074128095                               0.15044241074128095                               0.999999999999998
5.4                                               0.1526397510093472                                0.1526397510093472                                1.0000000000000004
5.4                                               0.15319321268502673                               0.15319321268502673                               0.9999999999999988
5.4                                               0.16908421032001156                               0.16908421032001156                               0.9999999999999992
5.4                                               0.17032846894878256-4.27373427996731E-17i         0.17032846894878256-4.2737342799673106E-17i       1.0000000000000024
5.4                                               0.17256727565005572                               0.17256727565005572                               1.0000000000000004
5.4                                               0.17875697747408692+4.41720229381817E-16i         0.17875697747408692+4.4172022938181706E-16i       0.9999999999999994
5.6000000000000005                                0.014219844282179261                              0.014219844282179263                              0.9999999999999983
5.6000000000000005                                0.039350129695747346                              0.039350129695747346                              1.0000000000000004
5.6000000000000005                                0.04728335002122322                               0.04728335002122322                               0.9999999999999997
5.6000000000000005                                0.06105897399620609-1.0750915663299184E-17i       0.06105897399620609-1.0750915663299184E-17i       1.0000000000000016
5.6000000000000005                                0.07783288598963659                               0.07783288598963659                               1.000000000000001
5.6000000000000005                                0.07958229259692612+1.7003016074749618E-17i       0.07958229259692612+1.7003016074749618E-17i       0.9999999999999994
5.6000000000000005                                0.08053591867397517                               0.08053591867397518                               1.0000000000000018
5.6000000000000005                                0.08136478637519985                               0.08136478637519987                               0.9999999999999983
5.6000000000000005                                0.08363467199322469                               0.08363467199322469                               1.0000000000000004
5.6000000000000005                                0.08465603333504809                               0.08465603333504809                               0.9999999999999984
5.6000000000000005                                0.08895418349704773                               0.08895418349704774                               1.0000000000000016
5.6000000000000005                                0.09056827337077797                               0.09056827337077797                               1.0000000000000002
5.6000000000000005                                0.0965764233589473                                0.09657642335894731                               0.9999999999999998
5.6000000000000005                                0.09730829278374158                               0.09730829278374158                               0.9999999999999993
5.6000000000000005                                0.09882724492699857                               0.09882724492699857                               0.9999999999999994
5.6000000000000005                                0.10643529676548386                               0.10643529676548386                               0.9999999999999986
5.6000000000000005                                0.10934678698395603                               0.10934678698395604                               1.0000000000000022
5.6000000000000005                                0.11849505743316666                               0.11849505743316667                               1.0000000000000013
5.6000000000000005                                0.12218202322667943                               0.12218202322667943                               1.0000000000000024
5.6000000000000005                                0.12558105179250414                               0.12558105179250414                               0.9999999999999989
5.6000000000000005                                0.13272464089022357                               0.13272464089022357                               1.0000000000000007
5.6000000000000005                                0.13727117826183832                               0.13727117826183832                               0.9999999999999984
5.6000000000000005                                0.14192749199277                                  0.14192749199277                                  1.0000000000000013
5.6000000000000005                                0.14909211820755253                               0.14909211820755253                               0.9999999999999998
5.6000000000000005                                0.15261686304078795+3.339505083683011E-17i        0.15261686304078795+3.3395050836830115E-17i       1.0000000000000002
5.6000000000000005                                0.15460043637513726                               0.15460043637513726                               0.9999999999999986
5.6000000000000005                                0.16756326124765217                               0.16756326124765217                               0.9999999999999996
5.6000000000000005                                0.17024130867841097-5.3150803303576676E-17i       0.170241308678411-5.315080330357668E-17i          1.0000000000000013
5.6000000000000005                                0.1741487517276744-6.4211842338913E-17i           0.1741487517276744-6.4211842338913E-17i           1.0000000000000022
5.6000000000000005                                0.17909255293308451+2.424898504752791E-14i        0.17909255293308454+2.4248985047527914E-14i       0.9999999999999996
5.800000000000001                                 0.014231499994113217                              0.014231499994113217                              0.9999999999999987
5.800000000000001                                 0.03929749754805979                               0.0392974975480598                                1.0000000000000004
5.800000000000001                                 0.04746347218207861                               0.047463472182078616                              1.0000000000000016
5.800000000000001                                 0.06080162050935689                               0.0608016205093569                                0.999999999999998
5.800000000000001                                 0.07784204573179077                               0.07784204573179078                               0.9999999999999997
5.800000000000001                                 0.07994746797469651                               0.07994746797469651                               0.9999999999999993
5.800000000000001                                 0.08050628830949626                               0.08050628830949626                               0.9999999999999997
5.800000000000001                                 0.08148793816571472                               0.08148793816571472                               1
5.800000000000001                                 0.08333979611548034                               0.08333979611548034                               1.0000000000000002
5.800000000000001                                 0.0850269231931314                                0.08502692319313142                               1.0000000000000016
5.800000000000001                                 0.08847727571028216                               0.08847727571028217                               1.000000000000001
5.800000000000001                                 0.09111827535380898                               0.09111827535380898                               1
5.800000000000001                                 0.09592558574327228                               0.09592558574327228                               1
5.800000000000001                                 0.09689326128507897                               0.09689326128507897                               1.0000000000000016
5.800000000000001                                 0.09955063387888344                               0.09955063387888344                               1.0000000000000007
5.800000000000001                                 0.10561222817461187                               0.10561222817461188                               0.9999999999999973
5.800000000000001                                 0.11024524560514108                               0.1102452456051411                                0.9999999999999982
5.800000000000001                                 0.11750045495524661                               0.11750045495524662                               1.0000000000000016
5.800000000000001                                 0.12325460062651514                               0.12325460062651515                               1.000000000000001
5.800000000000001                                 0.12611647846902552                               0.12611647846902552                               0.9999999999999968
5.800000000000001                                 0.13155889095745346                               0.13155889095745346                               1.0000000000000029
5.800000000000001                                 0.13851780255652815                               0.13851780255652815                               0.9999999999999998
5.800000000000001                                 0.1414143082863154                                0.1414143082863154                                1.000000000000001
5.800000000000001                                 0.147755516254622                                 0.147755516254622                                 0.9999999999999987
5.800000000000001                                 0.15260410940765093                               0.15260410940765093                               1.000000000000001
5.800000000000001                                 0.15602114861312003                               0.15602114861312005                               1.0000000000000018
5.800000000000001                                 0.16605607871155187                               0.16605607871155187                               1.0000000000000009
5.800000000000001                                 0.17015547553495963-2.944466373265274E-17i        0.17015547553495963-2.944466373265274E-17i        0.9999999999999992
5.800000000000001                                 0.17574372461246562-2.11182237042824E-16i         0.17574372461246562-2.11182237042824E-16i         1.0000000000000004
5.800000000000001                                 0.17940432449008245+2.213231905885586E-14i        0.17940432449008248+2.213231905885586E-14i        1.0000000000000007
6                                                 0.01424353769352256                               0.014243537693522561                              1.0000000000000007
6                                                 0.039246782509454306                              0.039246782509454306                              1
6                                                 0.047645730668550074                              0.04764573066855008                               0.9999999999999991
6                                                 0.06054681236995298                               0.06054681236995299                               0.999999999999999
6                                                 0.07785148846350161                               0.07785148846350161                               1.000000000000001
6                                                 0.08029271601438268+2.1375156547647997E-17i       0.08029271601438268+2.1375156547648E-17i          1.0000000000000007
6                                                 0.08049677239427355-1.072900601075604E-17i        0.08049677239427355-1.072900601075604E-17i        1.0000000000000024
6                                                 0.08164719925195328                               0.08164719925195328                               0.9999999999999987
6                                                 0.08306023309766306                               0.08306023309766306                               0.9999999999999992
6                                                 0.0854119955725241                                0.0854119955725241                                1.0000000000000018
6                                                 0.08801409823746113                               0.08801409823746115                               1.0000000000000016
6                                                 0.09168178215964043                               0.09168178215964043                               0.9999999999999998
6                                                 0.0952882806173691                                0.0952882806173691                                0.9999999999999992
6                                                 0.09648138269455468                               0.09648138269455468                               1.0000000000000016
6                                                 0.10028819508234023                               0.10028819508234024                               1.000000000000001
6                                                 0.10480269099786314                               0.10480269099786314                               1.0000000000000009
6                                                 0.11115704427926701                               0.11115704427926701                               1.0000000000000004
6                                                 0.1165194188056059                                0.11651941880560591                               1.0000000000000004
6                                                 0.12434051003330407                               0.12434051003330408                               1.0000000000000013
6                                                 0.1266502848726901                                0.12665028487269012                               1.0000000000000004
6                                                 0.1304067616688727                                0.1304067616688727                                0.9999999999999996
6                                                 0.13977782162842128                               0.13977782162842128                               0.9999999999999989
6                                                 0.1409001052484591+2.4550681629189632E-17i        0.1409001052484591+2.4550681629189635E-17i        0.9999999999999986
6                                                 0.1464326010517554                                0.1464326010517554                                0.9999999999999997
6                                                 0.15260041533594423                               0.15260041533594423                               0.9999999999999998
6                                                 0.15745531120121978                               0.15745531120121978                               1.0000000000000016
6                                                 0.164562658657123                                 0.164562658657123                                 0.9999999999999972
6                                                 0.17007109702321216+3.163366979120557E-17i        0.17007109702321216+3.163366979120557E-17i        1.0000000000000004
6                                                 0.17735218826418464-5.78521209898981E-16i         0.17735218826418464-5.78521209898981E-16i         0.9999999999999999
6                                                 0.17969837219904478+5.320364556484341E-15i        0.1796983721990448+5.320364556484341E-15i         1.0000000000000004
6.2                                               0.014255954965242873                              0.014255954965242873                              0.9999999999999982
6.2                                               0.039198039795328925                              0.039198039795328925                              1.000000000000002
6.2                                               0.047829997491466845                              0.047829997491466845                              1.0000000000000018
6.2                                               0.06029464987650323                               0.06029464987650323                               0.9999999999999988
6.2                                               0.07786107721743211                               0.07786107721743213                               1.0000000000000016
6.2                                               0.08041326532328474+1.6297634885052062E-17i       0.08041326532328474+1.6297634885052062E-17i       0.9999999999999988
6.2                                               0.08072014338282274                               0.08072014338282274                               1.0000000000000007
6.2                                               0.08183394070595124                               0.08183394070595124                               1.0000000000000004
6.2                                               0.08279647412487867                               0.08279647412487867                               1.000000000000001
6.2                                               0.08581113268315477                               0.08581113268315477                               1.000000000000001
6.2                                               0.08756468476586347                               0.08756468476586347                               0.999999999999998
6.2                                               0.09225877184206813                               0.09225877184206813                               1.0000000000000027
6.2                                               0.094664517636642                                 0.09466451763664202                               0.9999999999999997
6.2                                               0.09607355152728056                               0.09607355152728056                               1.0000000000000004
6.2                                               0.10103937689459956                               0.10103937689459956                               1.0000000000000004
6.2                                               0.10400668387030111                               0.10400668387030113                               0.9999999999999997
6.2                                               0.11208217336137571                               0.11208217336137571                               0.9999999999999987
6.2                                               0.11555194598619238                               0.11555194598619238                               0.9999999999999981
6.2                                               0.12543970012921046                               0.12543970012921046                               1.0000000000000016
6.2                                               0.12718149192626155                               0.12718149192626155                               0.9999999999999976
6.2                                               0.12926824950595855                               0.12926824950595855                               0.999999999999999
6.2                                               0.14038672328874907                               0.14038672328874907                               0.9999999999999973
6.2                                               0.14105132598665648                               0.14105132598665648                               1.0000000000000004
6.2                                               0.14512336864555997                               0.14512336864555997                               1.0000000000000007
6.2                                               0.15260484942992156                               0.15260484942992156                               0.9999999999999992
6.2                                               0.15890291692837463                               0.15890291692837463                               0.9999999999999981
6.2                                               0.1630829968772029                                0.1630829968772029                                1.0000000000000002
6.2                                               0.169988275354922+2.3570845930072738E-17i         0.16998827535492203+2.3570845930072738E-17i       0.9999999999999984
6.2                                               0.17897412742891466-4.411000339185034E-15i        0.17897412742891466-4.411000339185034E-15i        0.9999999999999989
6.2                                               0.17997943845331466+1.8435602919545453E-14i       0.17997943845331468+1.8435602919545453E-14i       1.000000000000002
6.4                                               0.01426874937186945                               0.014268749371869451                              1.000000000000002
6.4                                               0.039151319092287105                              0.039151319092287105                              0.9999999999999987
6.4                                               0.04801613986971823                               0.04801613986971823                               0.9999999999999996
6.4                                               0.060045240059174464                              0.06004524005917447                               0.9999999999999984
6.4                                               0.07787068241116019                               0.07787068241116019                               0.9999999999999996
6.4                                               0.08041166105187184                               0.08041166105187184                               0.9999999999999998
6.4                                               0.08107799513791694                               0.08107799513791694                               1.000000000000001
6.4                                               0.08204278778599719                               0.08204278778599719                               0.9999999999999991
6.4                                               0.08254952056184064                               0.08254952056184064                               0.9999999999999984
6.4                                               0.08622423438722082                               0.08622423438722082                               1.0000000000000004
6.4                                               0.08712907553018738                               0.0871290755301874                                1.0000000000000009
6.4                                               0.09284922413282028                               0.09284922413282029                               1
6.4                                               0.0940543042136782                                0.0940543042136782                                0.9999999999999991
6.4                                               0.09567031859103661                               0.09567031859103663                               1.0000000000000027
6.4                                               0.10180403427766192                               0.10180403427766192                               0.9999999999999999
6.4                                               0.10322420551745645                               0.10322420551745647                               1.0000000000000009
6.4                                               0.1130206229362079                                0.1130206229362079                                0.9999999999999997
6.4                                               0.11459803343563466                               0.11459803343563467                               1.000000000000002
6.4                                               0.1265520207324043                                0.1265520207324043                                1.0000000000000002
6.4                                               0.12770889821642403                               0.12770889821642403                               0.9999999999999987
6.4                                               0.1281433524931881                                0.1281433524931881                                1.0000000000000024
6.4                                               0.1398764528134214                                0.1398764528134214                                1.0000000000000009
6.4                                               0.14233812913190394                               0.14233812913190394                               1.0000000000000027
6.4                                               0.143827814963466                                 0.143827814963466                                 0.9999999999999994
6.4                                               0.1526166269130801-2.2615172698126378E-17i        0.15261662691308012-2.2615172698126378E-17i       0.9999999999999987
6.4                                               0.16036396070019088                               0.16036396070019088                               0.9999999999999996
6.4                                               0.16161708903021                                  0.16161708903021                                  1.0000000000000009
6.4                                               0.16990709333248766                               0.16990709333248769                               1
6.4                                               0.18025087825906128-2.2491848082589448E-17i       0.1802508782590613-2.2491848082589448E-17i        0.9999999999999992
6.4                                               0.1806096939307379                                0.1806096939307379                                1.0000000000000002
6.6000000000000005                                0.014281918458764059                              0.014281918458764059                              0.9999999999999992
6.6000000000000005                                0.03910666520889958                               0.03910666520889958                               1
6.6000000000000005                                0.04820401775833206                               0.04820401775833206                               1.0000000000000009
6.6000000000000005                                0.05979869898625658                               0.05979869898625658                               1
6.6000000000000005                                0.07788021486276929                               0.0778802148627693                                0.9999999999999981
6.6000000000000005                                0.08041635640586128                               0.0804163564058613                                1.0000000000000016
6.6000000000000005                                0.08144358437275373                               0.08144358437275373                               0.9999999999999999
6.6000000000000005                                0.08225667148697376                               0.08225667148697376                               0.9999999999999999
6.6000000000000005                                0.0823343530163094                                0.0823343530163094                                1
6.6000000000000005                                0.08665110401356499                               0.08665110401356499                               1
6.6000000000000005                                0.0867074279152647                                0.0867074279152647                                0.9999999999999991
6.6000000000000005                                0.09345296997458143+1.2360798791494808E-17i       0.09345296997458143+1.236079879149481E-17i        1
6.6000000000000005                                0.09345779744145102                               0.09345779744145104                               1.0000000000000004
6.6000000000000005                                0.09527222699579188                               0.09527222699579188                               1.000000000000001
6.6000000000000005                                0.10245525433442985                               0.10245525433442987                               0.9999999999999982
6.6000000000000005                                0.10258210906150828                               0.10258210906150828                               1.0000000000000009
6.6000000000000005                                0.1136576780030773                                0.1136576780030773                                1.0000000000000007
6.6000000000000005                                0.11397238263731259                               0.11397238263731259                               0.9999999999999979
6.6000000000000005                                0.12703205897216213                               0.12703205897216213                               1.0000000000000002
6.6000000000000005                                0.12767666724334628                               0.1276766672433463                                1.000000000000002
6.6000000000000005                                0.12823150486568954                               0.12823150486568954                               1.0000000000000018
6.6000000000000005                                0.13937161443057078-1.601218944309077E-17i        0.13937161443057078-1.601218944309077E-17i        1.0000000000000004
6.6000000000000005                                0.14254593581958583                               0.14254593581958586                               0.999999999999998
6.6000000000000005                                0.14363835135980516                               0.14363835135980516                               1.0000000000000002
6.6000000000000005                                0.1526350888615933                                0.1526350888615933                                0.9999999999999993
6.6000000000000005                                0.16016493064347403                               0.16016493064347403                               1.0000000000000002
6.6000000000000005                                0.16183843778218487                               0.16183843778218487                               1.0000000000000004
6.6000000000000005                                0.16982761836128157                               0.1698276183612816                                1
6.6000000000000005                                0.17985167921920908+1.0259491778530031E-16i       0.17985167921920908+1.0259491778530031E-16i       0.9999999999999991
6.6000000000000005                                0.1805155625827813+1.1372741723363359E-15i        0.18051556258278134+1.137274172336336E-15i        1.0000000000000004
6.800000000000001                                 0.014295459759075063                              0.014295459759075063                              0.9999999999999981
6.800000000000001                                 0.03906411863594416                               0.03906411863594416                               0.9999999999999986
6.800000000000001                                 0.04839348107606024                               0.048393481076060244                              1.0000000000000007
6.800000000000001                                 0.0595551543783411                                0.0595551543783411                                0.9999999999999989
6.800000000000001                                 0.07788964955428804                               0.07788964955428804                               0.999999999999999
6.800000000000001                                 0.08043501744192358                               0.08043501744192358                               1.0000000000000002
6.800000000000001                                 0.08180890806768565                               0.08180890806768565                               1
6.800000000000001                                 0.08210114468795261                               0.08210114468795261                               1
6.800000000000001                                 0.08252518858901506                               0.08252518858901506                               1.0000000000000013
6.800000000000001                                 0.08629942370654542                               0.08629942370654543                               1.0000000000000004
6.800000000000001                                 0.0870920394917422                                0.0870920394917422                                1.0000000000000004
6.800000000000001                                 0.0928745521066898                                0.09287455210668981                               0.9999999999999976
6.800000000000001                                 0.09407044174890022                               0.09407044174890022                               0.9999999999999999
6.800000000000001                                 0.09487989510214234                               0.09487989510214234                               0.9999999999999993
6.800000000000001                                 0.1016998304242956                                0.10169983042429562                               0.9999999999999993
6.800000000000001                                 0.10337356919107056                               0.10337356919107056                               1.0000000000000004
6.800000000000001                                 0.11273087659453736                               0.11273087659453737                               0.9999999999999998
6.800000000000001                                 0.11493744129230499                               0.114937441292305                                 1
6.800000000000001                                 0.12593437522467038                               0.12593437522467038                               1.0000000000000007
6.800000000000001                                 0.12872466137062505                               0.12872466137062505                               0.9999999999999991
6.800000000000001                                 0.1288357902539388                                0.1288357902539388                                0.9999999999999996
6.800000000000001                                 0.1388752501572626                                0.1388752501572626                                1.000000000000001
6.800000000000001                                 0.14127772692903467                               0.14127772692903467                               0.9999999999999992
6.800000000000001                                 0.1449519644629064                                0.14495196446290642                               1.0000000000000004
6.800000000000001                                 0.15265968325539633                               0.15265968325539633                               0.9999999999999982
6.800000000000001                                 0.15872651711503621                               0.15872651711503621                               0.9999999999999964
6.800000000000001                                 0.1633263434626025                                0.1633263434626025                                0.999999999999998
6.800000000000001                                 0.16974990526707565-3.4613525855055453E-17i       0.16974990526707567-3.4613525855055453E-17i       0.9999999999999999
6.800000000000001                                 0.1782433890406663-6.521009704066956E-16i         0.1782433890406663-6.521009704066956E-16i         0.9999999999999983
6.800000000000001                                 0.18077500634687999-7.423114793085286E-15i        0.18077500634688-7.423114793085286E-15i           1.0000000000000013
7                                                 0.014309370798757451                              0.014309370798757453                              1.0000000000000033
7                                                 0.03902371602968005                               0.03902371602968005                               0.9999999999999976
7                                                 0.04858436652224621                               0.04858436652224621                               1.0000000000000002
7                                                 0.05931474864282309                               0.05931474864282309                               1.0000000000000004
7                                                 0.07789903473843383                               0.07789903473843383                               1.0000000000000002
7                                                 0.08046828958670171                               0.08046828958670171                               0.9999999999999994
7                                                 0.0819061150553343                                0.0819061150553343                                1.0000000000000002
7                                                 0.08217580523392488                               0.08217580523392488                               1.000000000000002
7                                                 0.08278884189635313                               0.08278884189635313                               0.9999999999999994
7                                                 0.08590551973561762                               0.08590551973561762                               0.9999999999999993
7                                                 0.08754658217213288                               0.08754658217213289                               0.9999999999999972
7                                                 0.09230503099135932                               0.09230503099135932                               1.0000000000000002
7                                                 0.09449399676293592                               0.09449399676293592                               0.9999999999999991
7                                                 0.09470122863056298                               0.09470122863056298                               0.9999999999999969
7                                                 0.10095793183547673                               0.10095793183547674                               1.000000000000001
7                                                 0.10417839598978326                               0.10417839598978328                               1
7                                                 0.11181762593433076                               0.11181762593433076                               1.0000000000000004
7                                                 0.11591578692136635                               0.11591578692136635                               0.9999999999999991
7                                                 0.12485029247717189                               0.12485029247717189                               0.9999999999999991
7                                                 0.12924021148919268                               0.12924021148919268                               0.9999999999999993
7                                                 0.1299740456006868                                0.1299740456006868                                0.999999999999998
7                                                 0.13839130689026244                               0.13839130689026244                               0.9999999999999988
7                                                 0.14002318395877977                               0.14002318395877977                               1.0000000000000022
7                                                 0.14627896128748707                               0.14627896128748707                               0.9999999999999991
7                                                 0.15268994888710885                               0.15268994888710885                               1.0000000000000007
7                                                 0.1573018437152664                                0.1573018437152664                                1.0000000000000013
7                                                 0.16482767293915615                               0.16482767293915615                               1.0000000000000016
7                                                 0.16967399829955798                               0.16967399829955798                               0.9999999999999983
7                                                 0.17664892253923248-1.5847147603914102E-16i       0.17664892253923248-1.5847147603914102E-16i       1.000000000000001
7                                                 0.18103045431266215-5.0926510926801425E-15i       0.18103045431266215-5.092651092680143E-15i        1.0000000000000002
7.2                                               0.014323649101578573                              0.014323649101578573                              1.0000000000000013
7.2                                               0.03898549062958185                               0.03898549062958185                               1.0000000000000007
7.2                                               0.04877649384839865-6.2366267373161374E-18i       0.04877649384839865-6.236626737316138E-18i        1.0000000000000022
7.2                                               0.05907764246437435                               0.05907764246437436                               1.000000000000001
7.2                                               0.07790848425721801                               0.07790848425721802                               0.9999999999999998
7.2                                               0.08051462694879263                               0.08051462694879263                               0.9999999999999988
7.2                                               0.0817351980447839                                0.08173519804478391                               0.9999999999999993
7.2                                               0.08253681534700652                               0.08253681534700652                               1
7.2                                               0.08306965294763034                               0.08306965294763034                               0.9999999999999973
7.2                                               0.08552564450870023                               0.08552564450870023                               0.9999999999999989
7.2                                               0.08801482061561874                               0.08801482061561874                               1.0000000000000007
7.2                                               0.09174909133134977                               0.09174909133134979                               0.9999999999999998
7.2                                               0.09411556672404471                               0.09411556672404472                               0.9999999999999999
7.2                                               0.09534532940513699                               0.095345329405137                                 1.000000000000001
7.2                                               0.1002295581808694                                0.1002295581808694                                0.9999999999999977
7.2                                               0.10499657464116627                               0.10499657464116628                               0.9999999999999999
7.2                                               0.11091792279355438                               0.11091792279355438                               1.000000000000002
7.2                                               0.1169074062039718                                0.11690740620397182                               1.0000000000000002
7.2                                               0.12377980693682133                               0.12377980693682133                               1.0000000000000004
7.2                                               0.12972533786097998                               0.12972533786097998                               1.0000000000000004
7.2                                               0.131139201603906                                 0.131139201603906                                 0.9999999999999994
7.2                                               0.13792519754951524                               0.13792519754951524                               0.9999999999999972
7.2                                               0.13878230284925097                               0.13878230284925097                               1.0000000000000009
7.2                                               0.1476193356604538                                0.1476193356604538                                0.9999999999999986
7.2                                               0.1527255020788803                                0.1527255020788803                                1.0000000000000022
7.2                                               0.15589090558904342                               0.15589090558904342                               1.0000000000000018
7.2                                               0.16634242121275852                               0.16634242121275852                               1.0000000000000016
7.2                                               0.16959993259241468                               0.16959993259241468                               0.9999999999999988
7.2                                               0.1750682745611741-5.636346898176141E-17i         0.1750682745611741-5.636346898176141E-17i         1.0000000000000004
7.2                                               0.1812826016023101+5.068559516385405E-15i         0.1812826016023101+5.068559516385406E-15i         0.999999999999999
7.4                                               0.014338292194102459                              0.014338292194102459                              0.9999999999999984
7.4                                               0.03894947262016011                               0.03894947262016011                               1.0000000000000022
7.4                                               0.04896966141766063                               0.04896966141766064                               1.0000000000000007
7.4                                               0.05884401911849192                               0.05884401911849193                               1.0000000000000002
7.4                                               0.07791815517783478                               0.07791815517783478                               0.9999999999999997
7.4                                               0.08057018657605532                               0.08057018657605532                               1
7.4                                               0.08158959180530727                               0.08158959180530728                               1.0000000000000016
7.4                                               0.08289450783979221+1.397985081623603E-17i        0.08289450783979221+1.397985081623603E-17i        1.0000000000000009
7.4                                               0.08336635794511722                               0.08336635794511724                               0.9999999999999979
7.4                                               0.08515988676870678                               0.0851598867687068                                1.0000000000000004
7.4                                               0.08849670358606639                               0.0884967035860664                                1.0000000000000007
7.4                                               0.09120674422103206                               0.09120674422103206                               0.999999999999999
7.4                                               0.09374560489582262                               0.09374560489582263                               1.0000000000000018
7.4                                               0.09600284272295119                               0.09600284272295119                               1.0000000000000009
7.4                                               0.09951470898735149                               0.0995147089873515                                0.9999999999999996
7.4                                               0.10582809337207517                               0.10582809337207519                               1
7.4                                               0.11003176390205668                               0.11003176390205668                               0.999999999999999
7.4                                               0.11791228415146796                               0.11791228415146797                               0.9999999999999994
7.4                                               0.12272291443137348                               0.12272291443137348                               1.0000000000000007
7.4                                               0.1301855240300166                                0.1301855240300166                                0.9999999999999991
7.4                                               0.1323183620879118                                0.1323183620879118                                1.0000000000000007
7.4                                               0.13748461182728489                               0.13748461182728489                               0.9999999999999982
7.4                                               0.13755510181153746                               0.1375551018115375                                0.9999999999999997
7.4                                               0.14897308057224692                               0.14897308057224692                               1.0000000000000018
7.4                                               0.15276602621224727                               0.15276602621224727                               1.0000000000000018
7.4                                               0.15449369776220662                               0.15449369776220662                               0.9999999999999996
7.4                                               0.16787058258810394                               0.16787058258810394                               0.9999999999999999
7.4                                               0.16952773558421597                               0.16952773558421597                               0.9999999999999987
7.4                                               0.1735014398129284-2.216225947978324E-17i         0.1735014398129284-2.216225947978324E-17i         0.9999999999999992
7.4                                               0.18153166500358292+1.2618613925433038E-15i       0.18153166500358292+1.2618613925433038E-15i       0.9999999999999989
7.6000000000000005                                0.014353297610628007                              0.014353297610628007                              0.9999999999999996
7.6000000000000005                                0.03891568944500155                               0.03891568944500155                               0.9999999999999977
7.6000000000000005                                0.04916364084326351                               0.049163640843263516                              0.9999999999999969
7.6000000000000005                                0.058614089716821055                              0.058614089716821055                              1
7.6000000000000005                                0.07792821640642843                               0.07792821640642843                               0.9999999999999991
7.6000000000000005                                0.08062753617480002                               0.08062753617480002                               1.0000000000000004
7.6000000000000005                                0.08147763092431676                               0.08147763092431677                               1
7.6000000000000005                                0.0832468709319081                                0.0832468709319081                                0.999999999999998
7.6000000000000005                                0.08367839822601474                               0.08367839822601474                               0.9999999999999996
7.6000000000000005                                0.08480835220959718                               0.08480835220959718                               1.000000000000002
7.6000000000000005                                0.08899218704550281                               0.08899218704550282                               1.0000000000000016
7.6000000000000005                                0.09067800244529495                               0.09067800244529495                               0.999999999999999
7.6000000000000005                                0.09338553822875947                               0.09338553822875949                               1.0000000000000018
7.6000000000000005                                0.09667372705876044                               0.09667372705876046                               0.9999999999999976
7.6000000000000005                                0.09881338404534509                               0.0988133840453451                                1.0000000000000013
7.6000000000000005                                0.1066729419587945                                0.1066729419587945                                0.9999999999999983
7.6000000000000005                                0.10915914597406194                               0.10915914597406194                               1.0000000000000009
7.6000000000000005                                0.11893040348129956                               0.11893040348129957                               1.0000000000000013
7.6000000000000005                                0.12167961066369107                               0.12167961066369107                               0.9999999999999996
7.6000000000000005                                0.1306102681494382                                0.1306102681494382                                0.9999999999999993
7.6000000000000005                                0.1335110365487862                                0.1335110365487862                                1.0000000000000009
7.6000000000000005                                0.13634149856214087                               0.1363414985621409                                1.0000000000000016
7.6000000000000005                                0.1370808644863087                                0.1370808644863087                                0.9999999999999994
7.6000000000000005                                0.15034018516572192-1.760398018645665E-17i        0.15034018516572192-1.760398018645665E-17i        0.9999999999999992
7.6000000000000005                                0.15281126529052375-2.2278400222605106E-17i       0.15281126529052377-2.227840022260511E-17i        0.9999999999999998
7.6000000000000005                                0.15311021529434302                               0.15311021529434304                               0.9999999999999979
7.6000000000000005                                0.16941204690008418+4.709036778021754E-16i        0.16941204690008418+4.709036778021754E-16i        1.0000000000000004
7.6000000000000005                                0.16945753135845149+3.6358682209403323E-16i       0.16945753135845149+3.6358682209403323E-16i       0.9999999999999987
7.6000000000000005                                0.17194841287178309                               0.17194841287178309                               0.9999999999999997
7.6000000000000005                                0.18177729707218976-7.055809485235624E-15i        0.18177729707218976-7.055809485235625E-15i        0.9999999999999973
7.800000000000001                                 0.014368662898074244                              0.014368662898074246                              0.999999999999998
7.800000000000001                                 0.03888416607989918                               0.03888416607989918                               0.9999999999999989
7.800000000000001                                 0.04935817044283869                               0.04935817044283869                               0.9999999999999991
7.800000000000001                                 0.058388099646875524                              0.05838809964687553                               0.999999999999999
7.800000000000001                                 0.07793881566201494                               0.07793881566201494                               0.9999999999999993
7.800000000000001                                 0.08067415877660816                               0.08067415877660816                               1.0000000000000022
7.800000000000001                                 0.08141200841415544                               0.08141200841415544                               1.0000000000000004
7.800000000000001                                 0.08359204086118219                               0.08359204086118219                               0.999999999999999
7.800000000000001                                 0.08400539085321129                               0.08400539085321129                               1.0000000000000004
7.800000000000001                                 0.08447118191054541                               0.08447118191054541                               1.0000000000000016
7.800000000000001                                 0.08950123048524433                               0.08950123048524435                               1.0000000000000004
7.800000000000001                                 0.0901628819604741                                0.09016288196047412                               1.0000000000000024
7.800000000000001                                 0.09303714409594127                               0.09303714409594127                               0.9999999999999991
7.800000000000001                                 0.09735796819366477                               0.09735796819366477                               1.0000000000000004
7.800000000000001                                 0.09812558353322832                               0.09812558353322834                               0.9999999999999999
7.800000000000001                                 0.10753111109915277                               0.10753111109915277                               0.9999999999999977
7.800000000000001                                 0.1083000657235211                                0.10830006572352112                               1.0000000000000007
7.800000000000001                                 0.11996174368650439                               0.1199617436865044                                1.0000000000000022
7.800000000000001                                 0.12064989124522135                               0.12064989124522137                               0.9999999999999992
7.800000000000001                                 0.13098355610868526                               0.13098355610868526                               0.9999999999999998
7.800000000000001                                 0.1347171051332817                                0.1347171051332817                                0.9999999999999993
7.800000000000001                                 0.1351415729090911                                0.1351415729090911                                1.0000000000000016
7.800000000000001                                 0.1367302027423453                                0.13673020274234532                               0.9999999999999992
7.800000000000001                                 0.15172061218696647                               0.15172061218696647                               0.9999999999999998
7.800000000000001                                 0.15174045228207095                               0.15174045228207095                               1.0000000000000027
7.800000000000001                                 0.15286104008437576-3.1193196686947084E-17i       0.15286104008437576-3.1193196686947084E-17i       0.9999999999999989
7.800000000000001                                 0.16938900412046703-6.511129749069366E-17i        0.16938900412046706-6.511129749069366E-17i        0.9999999999999988
7.800000000000001                                 0.1704091881979109-1.1461528547166367E-16i        0.1704091881979109-1.1461528547166367E-16i        1
7.800000000000001                                 0.17096713628809757+1.4134485263924456E-16i       0.1709671362880976+1.4134485263924456E-16i        0.9999999999999989
7.800000000000001                                 0.1820183057553996-1.132268743362643E-15i         0.1820183057553996-1.132268743362643E-15i         1.0000000000000013
8                                                 0.01438438562082174                               0.01438438562082174                               1.000000000000003
8                                                 0.038854925270890156                              0.038854925270890156                              1.0000000000000004
8                                                 0.04955294717681333                               0.049552947176813335                              0.9999999999999994
8                                                 0.058166336537268805                              0.05816633653726881                               0.9999999999999993
8                                                 0.07795005188107847                               0.07795005188107848                               0.999999999999997
8                                                 0.08069544589002264                               0.08069544589002264                               1.0000000000000022
8                                                 0.08140736712458667                               0.08140736712458667                               1.0000000000000013
8                                                 0.08392762778174993                               0.08392762778174993                               0.9999999999999984
8                                                 0.08414848985987458                               0.08414848985987458                               1.0000000000000002
8                                                 0.08434719029987821                               0.08434719029987821                               0.9999999999999996
8                                                 0.08966138482800275                               0.08966138482800275                               1
8                                                 0.0900238132023484                                0.0900238132023484                                0.9999999999999979
8                                                 0.09270269513389758                               0.09270269513389758                               1.0000000000000007
8                                                 0.09745130709624575                               0.09745130709624575                               0.9999999999999989
8                                                 0.0980555544011488                                0.09805555440114881                               1.0000000000000013
8                                                 0.10745451983353108                               0.10745451983353109                               1.0000000000000009
8                                                 0.1084025921061794                                0.1084025921061794                                0.9999999999999997
8                                                 0.1196337516840172                                0.1196337516840172                                0.9999999999999993
8                                                 0.12100627956015247                               0.12100627956015247                               1.0000000000000002
8                                                 0.13128298484629558                               0.13128298484629558                               0.9999999999999993
8                                                 0.1339552882702081                                0.13395528827020814                               0.9999999999999972
8                                                 0.13593643053992993-1.5910383078233658E-17i       0.13593643053992993-1.5910383078233658E-17i       1.0000000000000002
8                                                 0.13645535669632003                               0.13645535669632003                               0.9999999999999984
8                                                 0.1503844042057274                                0.1503844042057274                                0.9999999999999992
8                                                 0.15291435577891438                               0.1529143557789144                                1.0000000000000002
8                                                 0.1531151821104014-1.8940745630020043E-17i        0.1531151821104014-1.8940745630020043E-17i        1.0000000000000002
8                                                 0.16888375994300153+2.128866367326418E-17i        0.16888375994300153+2.128866367326418E-17i        1.0000000000000009
8                                                 0.1693224948519327+6.383055853919708E-17i         0.16932249485193274+6.383055853919709E-17i        1.0000000000000013
8                                                 0.17253550871160495+2.78971880401135E-17i         0.17253550871160495+2.78971880401135E-17i         0.9999999999999972
8                                                 0.18225193701051995-2.3203307724194565E-14i       0.18225193701051995-2.3203307724194565E-14i       0.9999999999999983
8.200000000000001                                 0.014400463365413646-2.201784295167603E-18i       0.014400463365413648-2.201784295167603E-18i       1.0000000000000009
8.200000000000001                                 0.03882798774206957                               0.03882798774206957                               1.0000000000000024
8.200000000000001                                 0.04974761665428821                               0.04974761665428821                               1.0000000000000029
8.200000000000001                                 0.057949140164181734                              0.057949140164181734                              1.0000000000000013
8.200000000000001                                 0.077961958358858                                 0.077961958358858                                 0.9999999999999998
8.200000000000001                                 0.08068693691401836                               0.08068693691401836                               1.0000000000000009
8.200000000000001                                 0.081468142716476                                 0.081468142716476                                 1
8.200000000000001                                 0.08384024478220131                               0.08384024478220133                               0.9999999999999983
8.200000000000001                                 0.08425119806162096-1.2500926979000249E-17i       0.08425119806162096-1.250092697900025E-17i        1.0000000000000002
8.200000000000001                                 0.08470330753139195                               0.08470330753139196                               1
8.200000000000001                                 0.08917355937428961                               0.08917355937428963                               1.000000000000001
8.200000000000001                                 0.09055987308580508                               0.09055987308580508                               1.0000000000000009
8.200000000000001                                 0.09238511265992051                               0.09238511265992051                               1.0000000000000018
8.200000000000001                                 0.09679055697545513                               0.09679055697545515                               0.9999999999999997
8.200000000000001                                 0.09876647245415399                               0.098766472454154                                 1.0000000000000004
8.200000000000001                                 0.10662250509056313                               0.10662250509056313                               0.9999999999999999
8.200000000000001                                 0.10928737657776817                               0.10928737657776819                               1.0000000000000018
8.200000000000001                                 0.11863118744802066                               0.11863118744802068                               1.0000000000000007
8.200000000000001                                 0.12206397854422228                               0.12206397854422228                               1.000000000000001
8.200000000000001                                 0.13148130059115426                               0.13148130059115426                               0.9999999999999994
8.200000000000001                                 0.13278264062691225                               0.13278264062691225                               1.0000000000000007
8.200000000000001                                 0.136283228996334                                 0.136283228996334                                 1.0000000000000016
8.200000000000001                                 0.13716948816320665                               0.13716948816320665                               0.9999999999999998
8.200000000000001                                 0.14904206523596525                               0.14904206523596525                               0.9999999999999988
8.200000000000001                                 0.1529731333330529                                0.1529731333330529                                1.0000000000000009
8.200000000000001                                 0.1545218398666476                                0.1545218398666476                                0.9999999999999988
8.200000000000001                                 0.1673721226478558                                0.1673721226478558                                0.9999999999999981
8.200000000000001                                 0.1692578831606872                                0.1692578831606872                                1.0000000000000004
8.200000000000001                                 0.17411727509316616                               0.17411727509316616                               1.0000000000000007
8.200000000000001                                 0.18247198003758663-2.3788758850473452E-14i       0.18247198003758663-2.3788758850473452E-14i       1.0000000000000002
8.4                                               0.01441689374525068                               0.01441689374525068                               0.9999999999999986
8.4                                               0.038803372377464264                              0.038803372377464264                              1.0000000000000033
8.4                                               0.04994176068938536                               0.04994176068938536                               1.0000000000000007
8.4                                               0.057736914815517584                              0.057736914815517584                              1.000000000000001
8.4                                               0.07797449950907369                               0.07797449950907369                               1.0000000000000013
8.4                                               0.08065961353196721                               0.08065961353196721                               1.0000000000000007
8.4                                               0.0815832852543922                                0.0815832852543922                                1.0000000000000002
8.4                                               0.08354717298171369                               0.08354717298171369                               1.0000000000000002
8.4                                               0.08455831096855967                               0.08455831096855969                               1.0000000000000002
8.4                                               0.08507377395835267                               0.08507377395835267                               1
8.4                                               0.08869940810469723                               0.08869940810469723                               0.9999999999999994
8.4                                               0.0911093936718321                                0.0911093936718321                                0.9999999999999999
8.4                                               0.09208815576135897                               0.09208815576135897                               1.0000000000000002
8.4                                               0.09614333358970506                               0.09614333358970506                               1.000000000000001
8.4                                               0.09949071189994659                               0.0994907118999466                                1.0000000000000009
8.4                                               0.10580401823482077                               0.10580401823482077                               0.9999999999999971
8.4                                               0.110185456427608                                 0.110185456427608                                 0.9999999999999992
8.4                                               0.11764219389887179                               0.1176421938988718                                1.0000000000000009
8.4                                               0.1231347959087811                                0.1231347959087811                                0.9999999999999992
8.4                                               0.13155401693564528                               0.13155401693564528                               1.0000000000000018
8.4                                               0.13162365049064167                               0.13162365049064167                               0.9999999999999973
8.4                                               0.1362391119120856                                0.1362391119120856                                0.9999999999999988
8.4                                               0.13841554719557567                               0.13841554719557567                               0.9999999999999996
8.4                                               0.1477134298030945                                0.14771342980309451                               1.0000000000000004
8.4                                               0.1530355140849946                                0.1530355140849946                                1.0000000000000009
8.4                                               0.15594234515301328                               0.1559423451530133                                0.9999999999999983
8.4                                               0.16587427012508632                               0.16587427012508632                               1.0000000000000002
8.4                                               0.16919515823344553                               0.16919515823344553                               1
8.4                                               0.17571242884946825+4.484476818262199E-17i        0.17571242884946825+4.484476818262199E-17i        0.9999999999999981
8.4                                               0.18266319636614908-7.313272090764141E-14i        0.1826631963661491-7.313272090764141E-14i         1
8.6                                               0.014433674405109273                              0.014433674405109273                              0.9999999999999982
8.6                                               0.03878109638039846                               0.03878109638039846                               1.0000000000000004
8.6                                               0.05013488177973245                               0.05013488177973245                               0.9999999999999997
8.6                                               0.057530144740036114                              0.05753014474003612                               1.0000000000000002
8.6                                               0.077987581574748                                 0.07798758157474801                               0.9999999999999984
8.6                                               0.08062808411677605                               0.08062808411677605                               0.9999999999999984
8.6                                               0.0817380525650229                                0.0817380525650229                                1.0000000000000009
8.6                                               0.08326927322141402                               0.08326927322141403                               0.9999999999999989
8.6                                               0.08484455125017318                               0.08484455125017318                               0.9999999999999989
8.6                                               0.08545840524992099                               0.08545840524992099                               1
8.6                                               0.08823896133866577                               0.08823896133866577                               0.9999999999999984
8.6                                               0.09167215401253392                               0.09167215401253392                               0.9999999999999986
8.6                                               0.09181679815143658                               0.09181679815143658                               1.000000000000002
8.6                                               0.09550963894461167                               0.09550963894461169                               0.9999999999999992
8.6                                               0.10022826162976993                               0.10022826162976994                               1.0000000000000009
8.6                                               0.1049990560890595                                0.1049990560890595                                0.999999999999999
8.6                                               0.11109682368221845                               0.11109682368221845                               1.0000000000000016
8.6                                               0.11666676634264583                               0.11666676634264585                               1
8.6                                               0.12421866443735917                               0.12421866443735918                               0.9999999999999992
8.6                                               0.13047822920234428                               0.13047822920234428                               0.9999999999999966
8.6                                               0.13149204682195154                               0.13149204682195154                               1.0000000000000016
8.6                                               0.13633190604131254                               0.13633190604131254                               1.0000000000000002
8.6                                               0.13967496627881298                               0.13967496627881298                               1.000000000000001
8.6                                               0.14639849220462717                               0.14639849220462717                               1.0000000000000007
8.6                                               0.1531019148867947                                0.1531019148867947                                1
8.6                                               0.1573762151274415                                0.1573762151274415                                1.0000000000000004
8.6                                               0.16439019637488472                               0.16439019637488472                               0.9999999999999977
8.6                                               0.1691342990624371                                0.1691342990624371                                0.999999999999999
8.6                                               0.17732096368649217                               0.1773209636864922                                1.0000000000000009
8.6                                               0.18278350125861725                               0.18278350125861725                               0.9999999999999996
8.8                                               0.014450803025590306                              0.014450803025590308                              1.000000000000003
8.8                                               0.03876117541347739                               0.03876117541347739                               1.0000000000000002
8.8                                               0.05032638377341625                               0.05032638377341625                               0.9999999999999987
8.8                                               0.05732941341461537                               0.05732941341461537                               0.9999999999999996
8.8                                               0.0780010751489618                                0.0780010751489618                                1.0000000000000004
8.8                                               0.08060237428093622                               0.08060237428093622                               0.9999999999999998
8.8                                               0.08192214941025841                               0.08192214941025842                               0.999999999999999
8.8                                               0.08300701514899202                               0.08300701514899202                               1.0000000000000027
8.8                                               0.08510393449376047                               0.08510393449376047                               0.9999999999999982
8.8                                               0.08585707825772328                               0.08585707825772329                               1.0000000000000002
8.8                                               0.0877922504424521                                0.0877922504424521                                0.9999999999999996
8.8                                               0.09157628637086887                               0.09157628637086888                               1.0000000000000007
8.8                                               0.09224886430553335                               0.09224886430553336                               0.9999999999999989
8.8                                               0.09488947555392717                               0.09488947555392717                               0.9999999999999989
8.8                                               0.10097911098524134                               0.10097911098524136                               0.9999999999999992
8.8                                               0.10420761554066903                               0.10420761554066903                               0.9999999999999992
8.8                                               0.11202147045180018                               0.11202147045180019                               1.0000000000000007
8.8                                               0.11570490002236213                               0.11570490002236213                               1.0000000000000002
8.8                                               0.12531546965651222                               0.12531546965651222                               0.9999999999999993
8.8                                               0.1293464599249513                                0.1293464599249513                                1.0000000000000013
8.8                                               0.13130749575131503                               0.13130749575131503                               1
8.8                                               0.136549566308325                                 0.13654956630832502                               1.0000000000000013
8.8                                               0.1409476996120428                                0.1409476996120428                                0.9999999999999998
8.8                                               0.14509724662040122                               0.14509724662040122                               0.9999999999999982
8.8                                               0.15317232404776515                               0.15317232404776515                               0.9999999999999997
8.8                                               0.15882342673283023                               0.15882342673283023                               0.9999999999999993
8.8                                               0.16291989522544387                               0.1629198952254439                                0.9999999999999981
8.8                                               0.16907527404740774                               0.16907527404740777                               1
8.8                                               0.17894287248547408                               0.1789428724854741                                0.999999999999998
8.8                                               0.18272396071879765                               0.18272396071879765                               1.0000000000000016
9                                                 0.01446827732740226                               0.014468277327402261                              1
9                                                 0.03874362372167597                               0.038743623721675974                              1.0000000000000027
9                                                 0.05051554792802714                               0.05051554792802714                               1.0000000000000009
9                                                 0.05713542742510762                               0.057135427425107625                              0.9999999999999992
9                                                 0.07801484507132089                               0.07801484507132089                               0.9999999999999988
9                                                 0.08058802464109764                               0.08058802464109764                               1.0000000000000007
9                                                 0.08212940259408284                               0.08212940259408284                               0.9999999999999986
9                                                 0.08276116175473475                               0.08276116175473476                               1.0000000000000009
9                                                 0.08532930094656721                               0.08532930094656721                               1.0000000000000016
9                                                 0.08626968757099958                               0.08626968757099958                               0.9999999999999999
9                                                 0.08735931283055527                               0.08735931283055527                               1.000000000000001
9                                                 0.09137469837362262                               0.09137469837362264                               0.9999999999999999
9                                                 0.09283862661630159                               0.0928386266163016                                1.0000000000000018
9                                                 0.0942828467153286                                0.0942828467153286                                0.9999999999999973
9                                                 0.10174324958368086                               0.10174324958368088                               0.999999999999998
9                                                 0.10342969356771066                               0.10342969356771066                               1.000000000000001
9                                                 0.11295938887598461                               0.11295938887598461                               0.9999999999999997
9                                                 0.11475659012471101                               0.11475659012471101                               1.0000000000000009
9                                                 0.12642497728590654                               0.12642497728590654                               1.000000000000001
9                                                 0.1282283051965279                                0.1282283051965279                                1.0000000000000018
9                                                 0.13102624728487103                               0.13102624728487103                               0.9999999999999982
9                                                 0.1368664453877621                                0.1368664453877621                                1.0000000000000022
9                                                 0.14223373376518023                               0.14223373376518023                               1.0000000000000004
9                                                 0.14380968711584297                               0.14380968711584297                               1.0000000000000024
9                                                 0.15324674698203966-2.0616095128076955E-17i       0.15324674698203966-2.0616095128076958E-17i       0.9999999999999981
9                                                 0.16028397010394846                               0.16028397010394846                               0.9999999999999993
9                                                 0.16146336038195433                               0.16146336038195433                               0.9999999999999984
9                                                 0.16901803921772224-3.147382540398481E-17i        0.16901803921772224-3.1473825403984814E-17i       1
9                                                 0.18057814324608756                               0.18057814324608756                               0.9999999999999998
9                                                 0.18114841231425977                               0.18114841231425977                               1.0000000000000022
9.200000000000001                                 0.014486095075507618                              0.01448609507550762                               1.0000000000000002
9.200000000000001                                 0.038728454240814746                              0.038728454240814746                              0.9999999999999996
9.200000000000001                                 0.05070150362442953                               0.05070150362442953                               0.999999999999999
9.200000000000001                                 0.056949045697644904                              0.056949045697644904                              1
9.200000000000001                                 0.0780287814651669                                0.0780287814651669                                1.0000000000000004
9.200000000000001                                 0.08058781248547014                               0.08058781248547014                               0.9999999999999981
9.200000000000001                                 0.08235332248186915                               0.08235332248186915                               1.0000000000000033
9.200000000000001                                 0.08253547761886751                               0.08253547761886752                               1.0000000000000002
9.200000000000001                                 0.08551260388468414                               0.08551260388468414                               0.9999999999999994
9.200000000000001                                 0.08669612562650851                               0.08669612562650852                               0.9999999999999994
9.200000000000001                                 0.08694020900619606                               0.08694020900619608                               1.0000000000000004
9.200000000000001                                 0.09121978621480889                               0.09121978621480889                               0.9999999999999991
9.200000000000001                                 0.0934417823119053                                0.0934417823119053                                0.999999999999998
9.200000000000001                                 0.09368975844035554                               0.09368975844035554                               0.9999999999999999
9.200000000000001                                 0.10252066701967573                               0.10252066701967573                               1
9.200000000000001                                 0.10266528750851522                               0.10266528750851524                               0.9999999999999989
9.200000000000001                                 0.11382183176811522                               0.11382183176811524                               0.9999999999999987
9.200000000000001                                 0.11391057109683209                               0.1139105710968321                                1.0000000000000018
9.200000000000001                                 0.1271237598665331                                0.1271237598665331                                1.0000000000000004
9.200000000000001                                 0.12754654793191658                               0.12754654793191658                               0.9999999999999977
9.200000000000001                                 0.13067580404548457                               0.13067580404548457                               0.9999999999999996
9.200000000000001                                 0.13725561354015128                               0.1372556135401513                                1.0000000000000018
9.200000000000001                                 0.142535807643947                                 0.142535807643947                                 1.0000000000000022
9.200000000000001                                 0.1435330592063                                   0.1435330592063                                   1.0000000000000013
9.200000000000001                                 0.15332521683947076                               0.15332521683947076                               1.0000000000000009
9.200000000000001                                 0.16002058543035702                               0.16002058543035702                               1.0000000000000024
9.200000000000001                                 0.16175783772653882                               0.16175783772653882                               0.9999999999999984
9.200000000000001                                 0.16896253580760734+3.4354112061668913E-17i       0.16896253580760737+3.4354112061668913E-17i       1
9.200000000000001                                 0.179537222408277                                 0.179537222408277                                 0.9999999999999987
9.200000000000001                                 0.18182477056646085-2.736993342576526E-17i        0.18182477056646085-2.736993342576526E-17i        1.0000000000000002
9.4                                               0.014504254083157211                              0.014504254083157211                              0.9999999999999993
9.4                                               0.038715678693301975                              0.038715678693301975                              0.9999999999999992
9.4                                               0.05088319332876249                               0.05088319332876249                               1.000000000000001
9.4                                               0.05677131448625321                               0.056771314486253215                              0.9999999999999996
9.4                                               0.07804282496336856                               0.07804282496336856                               1.0000000000000007
9.4                                               0.08060281303263406                               0.08060281303263407                               1.0000000000000024
9.4                                               0.0823138517597464                                0.0823138517597464                                0.9999999999999997
9.4                                               0.08260888469144273                               0.08260888469144273                               1.0000000000000009
9.4                                               0.08564577226992648                               0.08564577226992648                               0.9999999999999996
9.4                                               0.08653491174716749                               0.08653491174716749                               0.9999999999999994
9.4                                               0.08713639457404798                               0.08713639457404798                               0.9999999999999999
9.4                                               0.09111974176797524+1.1350980874457686E-17i       0.09111974176797526+1.1350980874457686E-17i       1.0000000000000007
9.4                                               0.09311020769302439                               0.0931102076930244                                1.0000000000000009
9.4                                               0.09405830338176223                               0.09405830338176224                               0.9999999999999997
9.4                                               0.10191439369263289                               0.10191439369263289                               1.0000000000000009
9.4                                               0.10331135421994506                               0.10331135421994506                               0.9999999999999996
9.4                                               0.11290062009617574                               0.11290062009617574                               0.9999999999999989
9.4                                               0.11487500912627836                               0.11487500912627838                               1.0000000000000007
9.4                                               0.12603281837955596                               0.12603281837955596                               1.0000000000000002
9.4                                               0.12867717928532502                               0.12867717928532502                               0.9999999999999996
9.4                                               0.13028066289838816                               0.13028066289838816                               1.000000000000002
9.4                                               0.13769547622790698                               0.13769547622790698                               0.9999999999999999
9.4                                               0.14127560204720108                               0.1412756020472011                                1.000000000000001
9.4                                               0.14484566726961975                               0.14484566726961975                               1.0000000000000002
9.4                                               0.15340779678233157+2.764060838552061E-17i        0.1534077967823316+2.764060838552061E-17i         0.9999999999999992
9.4                                               0.15859156383932033                               0.15859156383932033                               0.9999999999999989
9.4                                               0.16324502267664442                               0.16324502267664442                               1.0000000000000004
9.4                                               0.1689086869904295                                0.1689086869904295                                1
9.4                                               0.1779398737589705                                0.1779398737589705                                0.9999999999999999
9.4                                               0.18119499861669344                               0.18119499861669347                               0.9999999999999997
9.600000000000001                                 0.014522752215725895                              0.014522752215725895                              1.0000000000000004
9.600000000000001                                 0.038705307672730185                              0.03870530767273019                               1.0000000000000009
9.600000000000001                                 0.051059332268928684                              0.05105933226892869                               0.9999999999999999
9.600000000000001                                 0.05660350764988519                               0.05660350764988519                               1.0000000000000029
9.600000000000001                                 0.07805698012749512                               0.07805698012749512                               0.999999999999999
9.600000000000001                                 0.08063281525058752                               0.08063281525058753                               1.000000000000002
9.600000000000001                                 0.08212271704515492                               0.08212271704515492                               0.9999999999999999
9.600000000000001                                 0.08286965717213454                               0.08286965717213454                               1.0000000000000007
9.600000000000001                                 0.08572218207959134                               0.08572218207959134                               1.0000000000000027
9.600000000000001                                 0.08614360766652424                               0.08614360766652424                               1.0000000000000002
9.600000000000001                                 0.08759031838294976                               0.08759031838294976                               0.999999999999999
9.600000000000001                                 0.09108134145006541                               0.09108134145006541                               0.9999999999999993
9.600000000000001                                 0.0925442104873654                                0.0925442104873654                                0.9999999999999987
9.600000000000001                                 0.0946881588727492                                0.0946881588727492                                1.0000000000000013
9.600000000000001                                 0.10117701045964073                               0.10117701045964073                               1.0000000000000004
9.600000000000001                                 0.10411530041872082                               0.10411530041872083                               1.0000000000000004
9.600000000000001                                 0.11199295011786616                               0.11199295011786616                               0.9999999999999992
9.600000000000001                                 0.11585269495791142                               0.11585269495791142                               1.0000000000000009
9.600000000000001                                 0.12495547491476598                               0.12495547491476598                               1.0000000000000007
9.600000000000001                                 0.12969784032846557                               0.1296978403284656                                1.0000000000000007
9.600000000000001                                 0.1299750872426042                                0.12997508724260423                               0.9999999999999984
9.600000000000001                                 0.13817066685058055                               0.13817066685058058                               0.9999999999999989
9.600000000000001                                 0.14002906405933147                               0.14002906405933147                               1.0000000000000002
9.600000000000001                                 0.14617154922365982                               0.14617154922365982                               1.0000000000000018
9.600000000000001                                 0.1534945817744455                                0.15349458177444553                               1.0000000000000009
9.600000000000001                                 0.15717628896213875                               0.15717628896213878                               1.0000000000000004
9.600000000000001                                 0.16474551809941995                               0.16474551809941995                               0.9999999999999992
9.600000000000001                                 0.1688563935173682+2.8887079022178436E-17i        0.1688563935173682+2.8887079022178436E-17i        1.0000000000000002
9.600000000000001                                 0.1763563593033764-2.9790305184188304E-16i        0.17635635930337643-2.9790305184188304E-16i       0.999999999999999
9.600000000000001                                 0.18053447957622454+7.389362552589991E-14i        0.18053447957622454+7.389362552589991E-14i        1.0000000000000002
9.8                                               0.014541587394362024                              0.014541587394362024                              1.0000000000000007
9.8                                               0.03869735071872988                               0.03869735071872988                               1.0000000000000009
9.8                                               0.05122836514712114                               0.051228365147121147                              1.0000000000000004
9.8                                               0.0564471698968014                                0.0564471698968014                                0.9999999999999986
9.8                                               0.07807131379482635                               0.07807131379482635                               1.000000000000001
9.8                                               0.08067627994205609                               0.08067627994205609                               1.0000000000000022
9.8                                               0.08195118117636285                               0.08195118117636285                               1.0000000000000004
9.8                                               0.08314766032778756                               0.08314766032778757                               0.9999999999999994
9.8                                               0.08573736417457041                               0.08573736417457041                               1.000000000000001
9.8                                               0.08576739101643908-1.8240956810850163E-17i       0.08576739101643908-1.8240956810850166E-17i       0.9999999999999998
9.8                                               0.08805788822923923                               0.08805788822923923                               1.0000000000000022
9.8                                               0.09110826323830887                               0.09110826323830887                               0.9999999999999996
9.8                                               0.09199177016892057                               0.09199177016892057                               1.0000000000000004
9.8                                               0.09533133495158505                               0.09533133495158506                               0.9999999999999999
9.8                                               0.10045313500435135                               0.10045313500435137                               1.0000000000000009
9.8                                               0.10493249631405631                               0.10493249631405632                               1.0000000000000009
9.8                                               0.1110988168776642                                0.1110988168776642                                1.0000000000000007
9.8                                               0.11684362032578913                               0.11684362032578914                               1.000000000000003
9.8                                               0.12389172360919842                               0.12389172360919844                               0.9999999999999991
9.8                                               0.12936508542038497                               0.12936508542038497                               0.9999999999999983
9.8                                               0.13101281916200605                               0.13101281916200605                               1.0000000000000009
9.8                                               0.138670718496078                                 0.138670718496078                                 0.999999999999998
9.8                                               0.1387961873169725                                0.1387961873169725                                0.9999999999999993
9.8                                               0.14751069551302537                               0.14751069551302537                               0.9999999999999994
9.8                                               0.1535857010426841-3.3436746701362595E-17i        0.15358570104268413-3.3436746701362595E-17i       1.000000000000001
9.8                                               0.1557747540399292                                0.15577475403992921                               0.9999999999999997
9.8                                               0.16625931676617833                               0.16625931676617833                               0.9999999999999998
9.8                                               0.16880552801973847                               0.16880552801973847                               1.0000000000000002
9.8                                               0.17478667184821006-1.3407626749266649E-16i       0.17478667184821006-1.3407626749266649E-16i       0.9999999999999984
9.8                                               0.1798614167223374+1.0438426616035532E-14i        0.1798614167223374+1.0438426616035532E-14i        1.0000000000000009
10                                                0.014560757599464527                              0.014560757599464527                              1.0000000000000018
10                                                0.03869181638330251                               0.03869181638330252                               0.9999999999999999
10                                                0.05138842567060263                               0.05138842567060264                               1.0000000000000004
10                                                0.056304157213650466                              0.05630415721365047                               0.9999999999999998
10                                                0.0780859388934349                                0.0780859388934349                                1.0000000000000016
10                                                0.08072983810075093                               0.08072983810075093                               1
10                                                0.08180430182143862                               0.08180430182143864                               1.0000000000000007
10                                                0.08344048903175655                               0.08344048903175655                               0.9999999999999988
10                                                0.08540273099719908                               0.08540273099719908                               0.9999999999999982
10                                                0.08569598611392036                               0.08569598611392037                               0.9999999999999971
10                                                0.08853904715230419                               0.0885390471523042                                1.0000000000000002
10                                                0.09119997191304098                               0.091199971913041                                 1.0000000000000007
10                                                0.09145289923917593                               0.09145289923917593                               1.0000000000000022
10                                                0.09598781467292283                               0.09598781467292283                               1.000000000000001
10                                                0.09974276511876996                               0.09974276511876996                               0.9999999999999983
10                                                0.10576293233496518                               0.10576293233496518                               0.9999999999999989
10                                                0.11021821538621465                               0.11021821538621465                               0.9999999999999993
10                                                0.11784777665186055                               0.11784777665186057                               1.0000000000000027
10                                                0.12284155849692649                               0.1228415584969265                                1
10                                                0.1288976624217295                                0.1288976624217295                                0.9999999999999999
10                                                0.13218198973448128                               0.13218198973448128                               1.0000000000000007
10                                                0.13757696530808483                               0.13757696530808483                               0.9999999999999988
10                                                0.13918854298921252                               0.13918854298921252                               0.9999999999999982
10                                                0.1488630943423305                                0.1488630943423305                                1.0000000000000004
10                                                0.15368132194949907                               0.15368132194949907                               0.9999999999999992
10                                                0.15438695222592916                               0.15438695222592916                               0.9999999999999978
10                                                0.1677864079702517                                0.1677864079702517                                0.9999999999999998
10                                                0.16875592988746588+5.682134200304133E-17i        0.1687559298874659+5.682134200304133E-17i         0.9999999999999978
10                                                0.17323080408331953-8.593771419389004E-17i        0.17323080408331956-8.593771419389004E-17i        1.0000000000000018
10                                                0.1791835195416284+8.821567111988519E-15i         0.17918351954162842+8.821567111988519E-15i        0.9999999999999988
10.200000000000001                                0.014580260874013595                              0.014580260874013597                              0.9999999999999986
10.200000000000001                                0.03868871228969699                               0.03868871228969699                               1.000000000000001
10.200000000000001                                0.0515373103935213                                0.0515373103935213                                1.0000000000000009
10.200000000000001                                0.05617666298605125                               0.05617666298605125                               1
10.200000000000001                                0.07810098788422161                               0.07810098788422161                               1.0000000000000007
10.200000000000001                                0.08078719515689115                               0.08078719515689115                               1.000000000000001
10.200000000000001                                0.08168867844627567                               0.08168867844627567                               1.0000000000000004
10.200000000000001                                0.0837465245034887                                0.0837465245034887                                1.0000000000000027
10.200000000000001                                0.08505364703908562                               0.08505364703908562                               1.0000000000000009
10.200000000000001                                0.08559977889488872                               0.08559977889488873                               1.0000000000000027
10.200000000000001                                0.08903374736449869                               0.08903374736449869                               0.9999999999999982
10.200000000000001                                0.09092758926061646                               0.09092758926061646                               0.9999999999999999
10.200000000000001                                0.09135190408998106                               0.09135190408998106                               1.0000000000000004
10.200000000000001                                0.0966575822227266                                0.0966575822227266                                1
10.200000000000001                                0.09904589885420079                               0.09904589885420079                               0.9999999999999983
10.200000000000001                                0.10660659899894764                               0.10660659899894766                               0.9999999999999987
10.200000000000001                                0.10935114064505104                               0.10935114064505105                               1.0000000000000029
10.200000000000001                                0.11886515478573895                               0.11886515478573896                               0.9999999999999979
10.200000000000001                                0.1218049735281352                                0.12180497352813521                               0.9999999999999996
10.200000000000001                                0.12841516347475296                               0.12841516347475296                               1.0000000000000018
10.200000000000001                                0.13336760589678065                               0.13336760589678065                               1.0000000000000016
10.200000000000001                                0.1363713914866983                                0.1363713914866983                                1.0000000000000016
10.200000000000001                                0.13971928971896322                               0.13971928971896322                               1.0000000000000022
10.200000000000001                                0.15022872750709484                               0.15022872750709484                               0.9999999999999986
10.200000000000001                                0.1530128763478768-3.5834523062532293E-17i        0.1530128763478768-3.5834523062532293E-17i        1.0000000000000007
10.200000000000001                                0.15378165767915575                               0.15378165767915575                               0.9999999999999991
10.200000000000001                                0.16870735030862025-1.2543759835567536E-16i       0.16870735030862025-1.2543759835567536E-16i       0.9999999999999979
10.200000000000001                                0.16932682119619852                               0.16932682119619855                               0.9999999999999978
10.200000000000001                                0.17168874858538588-9.500480890802283E-17i        0.17168874858538588-9.500480890802284E-17i        1.000000000000001
10.200000000000001                                0.17850465052694736+4.641816809240654E-15i        0.17850465052694736+4.641816809240654E-15i        0.9999999999999994
10.4                                              0.014600095326613216                              0.014600095326613218                              0.9999999999999994
10.4                                              0.03868804518461162                               0.03868804518461162                               1.0000000000000004
10.4                                              0.05167248638189232                               0.05167248638189232                               0.9999999999999981
10.4                                              0.056067210297907455                              0.056067210297907455                              1.0000000000000002
10.4                                              0.07811658225193853                               0.07811658225193853                               1.000000000000001
10.4                                              0.08083777247698079                               0.08083777247698079                               0.9999999999999998
10.4                                              0.08161489794095665                               0.08161489794095665                               0.9999999999999979
10.4                                              0.08406283821187698                               0.08406283821187699                               0.999999999999999
10.4                                              0.08471880526375333                               0.08471880526375333                               1.0000000000000004
10.4                                              0.08546015589562364                               0.08546015589562365                               1
10.4                                              0.08954194578267909                               0.0895419457826791                                1.0000000000000004
10.4                                              0.09041588136988271                               0.09041588136988273                               1.0000000000000004
10.4                                              0.09155672651523458                               0.09155672651523458                               0.9999999999999984
10.4                                              0.09734062249483774                               0.09734062249483776                               1.0000000000000009
10.4                                              0.09836253461472343                               0.09836253461472343                               1
10.4                                              0.1074634868822269                                0.10746348688222691                               1
10.4                                              0.10849758766043671                               0.10849758766043673                               1.0000000000000007
10.4                                              0.11989574448358717                               0.11989574448358718                               0.999999999999999
10.4                                              0.12078196257480785                               0.12078196257480786                               1.0000000000000016
10.4                                              0.1279238269791427                                0.1279238269791427                                0.9999999999999972
10.4                                              0.13456648887805822                               0.13456648887805822                               0.9999999999999983
10.4                                              0.13517945915652052                               0.13517945915652052                               1.0000000000000018
10.4                                              0.14025960129389342                               0.14025960129389342                               0.9999999999999996
10.4                                              0.15160755236742082                               0.15160755236742082                               1.0000000000000013
10.4                                              0.151652519613383                                 0.15165251961338302                               1
10.4                                              0.15388698869368447                               0.15388698869368447                               1.0000000000000018
10.4                                              0.16865958170663722-7.066022804573161E-17i        0.16865958170663722-7.066022804573161E-17i        0.9999999999999997
10.4                                              0.17016049782195206+2.627800795144394E-16i        0.17016049782195208+2.627800795144394E-16i        0.9999999999999996
10.4                                              0.17088048090315155                               0.17088048090315155                               0.9999999999999993
10.4                                              0.17782707393220992+2.122448386675264E-15i        0.17782707393220992+2.122448386675264E-15i        0.999999999999998
10.600000000000001                                0.014620259134391855                              0.014620259134391857                              0.9999999999999982
10.600000000000001                                0.03868982098462818                               0.038689820984628184                              0.9999999999999999
10.600000000000001                                0.051791160612795296+5.7654040530233086E-18i      0.0517911606127953+5.7654040530233086E-18i        1.0000000000000007
10.600000000000001                                0.055978582498255366                              0.05597858249825537                               1.0000000000000002
10.600000000000001                                0.07813280488996635                               0.07813280488996635                               0.9999999999999996
10.600000000000001                                0.08086807833841253                               0.08086807833841253                               0.999999999999998
10.600000000000001                                0.08159629211252147                               0.08159629211252147                               0.9999999999999988
10.600000000000001                                0.08438013030744825-1.4438815103236856E-17i       0.08438013030744826-1.4438815103236856E-17i       0.9999999999999997
10.600000000000001                                0.0843986490027034                                0.08439864900270341                               1.0000000000000007
10.600000000000001                                0.08529433850819515                               0.08529433850819515                               0.9999999999999993
10.600000000000001                                0.08991775364762018                               0.08991775364762018                               0.9999999999999992
10.600000000000001                                0.09006362614860146                               0.09006362614860147                               1.0000000000000009
10.600000000000001                                0.09180613114869363                               0.09180613114869363                               1
10.600000000000001                                0.0976926701815245                                0.0976926701815245                                1.0000000000000013
10.600000000000001                                0.09803692196378033                               0.09803692196378033                               1.0000000000000033
10.600000000000001                                0.10765755140984362                               0.10765755140984362                               1
10.600000000000001                                0.10833358664562043                               0.10833358664562043                               1.0000000000000004
10.600000000000001                                0.11977251943479941                               0.11977251943479941                               1.0000000000000009
10.600000000000001                                0.12093953313954174                               0.12093953313954175                               0.9999999999999982
10.600000000000001                                0.12742660798771016                               0.12742660798771016                               0.9999999999999982
10.600000000000001                                0.1340011615354355                                0.1340011615354355                                0.999999999999999
10.600000000000001                                0.13577764189398983                               0.13577764189398983                               0.9999999999999989
10.600000000000001                                0.1408071710773396                                0.1408071710773396                                1.0000000000000004
10.600000000000001                                0.1503058746397661                                0.15030587463976613                               0.9999999999999984
10.600000000000001                                0.1529993445880725                                0.1529993445880725                                1
10.600000000000001                                0.15399782602997678                               0.15399782602997678                               1.0000000000000024
10.600000000000001                                0.1686122155287528-2.2709735780516367E-15i        0.1686122155287528-2.2709735780516367E-15i        1.0000000000000016
10.600000000000001                                0.1686460446901858+9.887357968612815E-16i         0.1686460446901858+9.887357968612815E-16i         1.0000000000000016
10.600000000000001                                0.17244742570782967+2.6507634939913438E-17i       0.17244742570782967+2.6507634939913438E-17i       1
10.600000000000001                                0.1771523442099603+3.1949916250146937E-15i        0.1771523442099603+3.1949916250146937E-15i        1.0000000000000007
10.8                                              0.014640750545638195                              0.014640750545638195                              1.0000000000000007
10.8                                              0.0386940448174408                                0.0386940448174408                                1.0000000000000004
10.8                                              0.05189044181599587                               0.05189044181599587                               1.0000000000000013
10.8                                              0.055913661326833966                              0.05591366132683397                               1
10.8                                              0.07814968108205855                               0.07814968108205855                               0.9999999999999974
10.8                                              0.08087076364287271                               0.08087076364287271                               0.9999999999999992
10.8                                              0.08163988890280323                               0.08163988890280323                               0.9999999999999997
10.8                                              0.0840925139135466                                0.08409251391354661                               0.9999999999999997
10.8                                              0.08465015610323173-1.1278281142194802E-17i       0.08465015610323173-1.1278281142194803E-17i       1
10.8                                              0.08515948904193181+1.2888354510739216E-17i       0.08515948904193182+1.2888354510739216E-17i       1
10.8                                              0.08943327917711004                               0.08943327917711005                               0.9999999999999991
10.8                                              0.09059869967105133                               0.09059869967105133                               1.0000000000000018
10.8                                              0.09209211397786997                               0.09209211397786997                               0.9999999999999981
10.8                                              0.09703630665319089                               0.0970363066531909                                1.0000000000000004
10.8                                              0.098746464696443                                 0.098746464696443                                 0.9999999999999971
10.8                                              0.10683102700373977                               0.10683102700373978                               0.9999999999999988
10.8                                              0.10921688886857125                               0.10921688886857125                               0.9999999999999981
10.8                                              0.11877663783847325                               0.11877663783847325                               1.0000000000000009
10.8                                              0.12199650207397685                               0.12199650207397685                               1.0000000000000007
10.8                                              0.12692542845629765                               0.12692542845629765                               0.9999999999999992
10.8                                              0.13283649174417772                               0.13283649174417772                               1.0000000000000016
10.8                                              0.13700020457123815                               0.13700020457123818                               1.0000000000000013
10.8                                              0.14136053554356393                               0.14136053554356393                               0.9999999999999996
10.8                                              0.14897293414130208                               0.1489729341413021                                0.9999999999999997
10.8                                              0.15411091341496508                               0.15411091341496508                               0.9999999999999991
10.8                                              0.15440770142491153                               0.15440770142491153                               1.0000000000000002
10.8                                              0.1671453797566522                                0.1671453797566522                                1.0000000000000004
10.8                                              0.168564781938423                                 0.168564781938423                                 0.9999999999999976
10.8                                              0.1740276380074347+5.998544385844853E-17i         0.1740276380074347+5.998544385844853E-17i         1.000000000000003
10.8                                              0.17648171848951968-1.7439861310702893E-15i       0.17648171848951968-1.7439861310702895E-15i       1.0000000000000004
11                                                0.014661567882263818                              0.01466156788226382                               1.0000000000000038
11                                                0.038700721058543934                              0.038700721058543934                              0.9999999999999996
11                                                0.0519676119660757                                0.05196761196607571                               0.9999999999999989
11                                                0.05587515539007923                               0.05587515539007923                               1.000000000000001
11                                                0.07816717172888649                               0.07816717172888649                               1
11                                                0.08085255733556368                               0.08085255733556368                               1.0000000000000002
11                                                0.0817384014290711                                0.0817384014290711                                1.0000000000000002
11                                                0.08380149575245374                               0.08380149575245374                               0.9999999999999997
11                                                0.08466040466909425                               0.08466040466909425                               0.9999999999999992
11                                                0.08527453231881581                               0.08527453231881582                               0.9999999999999997
11                                                0.0889624313053414                                0.08896243130534141                               1.000000000000002
11                                                0.09114718198085406                               0.09114718198085406                               0.9999999999999986
11                                                0.09240770702323342                               0.09240770702323343                               0.999999999999999
11                                                0.09639344204169013                               0.09639344204169015                               1.0000000000000024
11                                                0.09946923873746095                               0.09946923873746095                               0.9999999999999994
11                                                0.10601800947548948                               0.10601800947548949                               0.9999999999999991
11                                                0.11011338425809082                               0.11011338425809084                               1.0000000000000009
11                                                0.11779431145089739                               0.11779431145089739                               0.9999999999999996
11                                                0.12306661225476237                               0.12306661225476237                               1.0000000000000007
11                                                0.1264216762178025                                0.1264216762178025                                1.0000000000000007
11                                                0.13168544280869665                               0.13168544280869665                               1.000000000000001
11                                                0.13823292497694087                               0.13823292497694087                               1.0000000000000016
11                                                0.14191910963402288                               0.14191910963402288                               1.0000000000000007
11                                                0.14765369070462467                               0.1476536907046247                                0.9999999999999992
11                                                0.15423480508187412-2.012800207717744E-17i        0.15423480508187412-2.012800207717744E-17i        1
11                                                0.15582447134476476                               0.15582447134476476                               0.9999999999999997
11                                                0.1656584968794767                                0.1656584968794767                                1.0000000000000004
11                                                0.16851663503487702                               0.16851663503487702                               0.9999999999999989
11                                                0.17562101301621424+9.245670647400903E-16i        0.17562101301621424+9.245670647400903E-16i        0.9999999999999997
11                                                0.17581647998781946-2.8289788411363543E-14i       0.17581647998781946-2.8289788411363543E-14i       1.0000000000000009
11.200000000000001                                0.014682709541984348                              0.014682709541984348                              1.000000000000001
11.200000000000001                                0.03870985336379286                               0.03870985336379286                               0.9999999999999988
11.200000000000001                                0.05202048515638041                               0.05202048515638041                               1.0000000000000004
11.200000000000001                                0.055865241255683644                              0.05586524125568365                               1.0000000000000002
11.200000000000001                                0.07818518005792824                               0.07818518005792824                               0.9999999999999983
11.200000000000001                                0.08082693595054585                               0.08082693595054585                               1.0000000000000007
11.200000000000001                                0.08187734980289475                               0.08187734980289475                               0.9999999999999981
11.200000000000001                                0.08352558438810402                               0.08352558438810402                               0.999999999999999
11.200000000000001                                0.08445524239057937                               0.08445524239057937                               1.0000000000000013
11.200000000000001                                0.08560186907008017                               0.08560186907008019                               1.0000000000000002
11.200000000000001                                0.08850524675619896                               0.08850524675619897                               1.0000000000000016
11.200000000000001                                0.0917090312612482                                0.0917090312612482                                0.9999999999999983
11.200000000000001                                0.09274718786434227                               0.09274718786434227                               1.0000000000000009
11.200000000000001                                0.09576407680964141                               0.09576407680964143                               1.0000000000000018
11.200000000000001                                0.10020523057623994                               0.10020523057623994                               1.0000000000000007
11.200000000000001                                0.1052184939690361                                0.1052184939690361                                1.0000000000000004
11.200000000000001                                0.11102306346273062                               0.11102306346273064                               0.9999999999999996
11.200000000000001                                0.11682553387870176                               0.11682553387870176                               1.0000000000000007
11.200000000000001                                0.12414971229085038                               0.1241497122908504                                0.9999999999999979
11.200000000000001                                0.12591650106641747                               0.12591650106641747                               1.0000000000000004
11.200000000000001                                0.13054800766269342                               0.13054800766269342                               0.9999999999999993
11.200000000000001                                0.13947349859169872                               0.13947349859169872                               1
11.200000000000001                                0.1424836344220022                                0.1424836344220022                                0.9999999999999989
11.200000000000001                                0.14634813681147374                               0.14634813681147377                               1.0000000000000002
11.200000000000001                                0.15436350258275186                               0.15436350258275186                               0.9999999999999986
11.200000000000001                                0.1572561256326573                                0.1572561256326573                                0.9999999999999991
11.200000000000001                                0.16418538750169448                               0.16418538750169448                               0.9999999999999987
11.200000000000001                                0.16846689522973876                               0.16846689522973876                               0.9999999999999987
11.200000000000001                                0.17515758697631717+3.6617404385719876E-15i       0.17515758697631717+3.6617404385719876E-15i       0.9999999999999998
11.200000000000001                                0.17722786938402268-1.7695359640181607E-16i       0.1772278693840227-1.769535964018161E-16i         0.9999999999999994
11.4                                              0.014704174000290185+2.0651932602055465E-18i      0.014704174000290185+2.065193260205547E-18i       0.9999999999999997
11.4                                              0.038721444698324406                              0.038721444698324406                              0.9999999999999998
11.4                                              0.05204777282575223                               0.05204777282575223                               0.9999999999999998
11.4                                              0.05588519819447285                               0.05588519819447286                               0.9999999999999987
11.4                                              0.0782035705759529                                0.0782035705759529                                1.0000000000000022
11.4                                              0.08080466400080616                               0.08080466400080617                               0.9999999999999984
11.4                                              0.0820440066004628                                0.0820440066004628                                0.9999999999999971
11.4                                              0.08326518675570146                               0.08326518675570146                               0.9999999999999992
11.4                                              0.084200727947409                                 0.08420072794740902                               1.0000000000000007
11.4                                              0.08598160433716628                               0.08598160433716628                               0.9999999999999997
11.4                                              0.08806175414145258                               0.08806175414145259                               0.9999999999999999
11.4                                              0.09228422006647338                               0.09228422006647338                               0.9999999999999991
11.4                                              0.09310600791209916                               0.09310600791209918                               0.9999999999999984
11.4                                              0.09514821171430073                               0.09514821171430074                               1
11.4                                              0.10095442733320885                               0.10095442733320885                               0.9999999999999987
11.4                                              0.1044324756938137                                0.1044324756938137                                0.9999999999999982
11.4                                              0.11194591712248153                               0.11194591712248154                               0.9999999999999992
11.4                                              0.11587029867497875                               0.11587029867497875                               1.0000000000000002
11.4                                              0.12524024552582666                               0.12524024552582666                               1.0000000000000004
11.4                                              0.1254162203423712                                0.1254162203423712                                1.000000000000001
11.4                                              0.12942417915028837                               0.12942417915028837                               1.0000000000000004
11.4                                              0.1407169212436184                                0.14071692124361843                               0.9999999999999997
11.4                                              0.1430577007069945                                0.1430577007069945                                0.9999999999999996
11.4                                              0.14505626484308679                               0.14505626484308679                               0.9999999999999996
11.4                                              0.1544991162311825                                0.1544991162311825                                1
11.4                                              0.15870110673912324                               0.15870110673912324                               1
11.4                                              0.16272604355667036                               0.16272604355667036                               0.9999999999999994
11.4                                              0.16841433978897308                               0.16841433978897308                               1.0000000000000018
11.4                                              0.1745069395299388+1.5315443718064677E-16i        0.1745069395299388+1.5315443718064677E-16i        0.9999999999999971
11.4                                              0.17884784324150854-2.54240630820582E-16i         0.17884784324150854-2.54240630820582E-16i         0.9999999999999988
11.600000000000001                                0.014725959812175449+2.83209262871588E-18i        0.014725959812175449+2.83209262871588E-18i        1.0000000000000013
11.600000000000001                                0.03873549736218837                               0.03873549736218837                               1.0000000000000002
11.600000000000001                                0.05204933215430473                               0.05204933215430474                               1.0000000000000024
11.600000000000001                                0.05593515975289869                               0.0559351597528987                                0.9999999999999991
11.600000000000001                                0.07822219661779453                               0.07822219661779453                               0.9999999999999989
11.600000000000001                                0.08079211223761741                               0.08079211223761741                               0.9999999999999998
11.600000000000001                                0.08222766746368906                               0.08222766746368908                               1.0000000000000004
11.600000000000001                                0.08302095323795551                               0.08302095323795551                               1.000000000000001
11.600000000000001                                0.08393304839313016                               0.08393304839313016                               0.9999999999999992
11.600000000000001                                0.0863848507119309                                0.0863848507119309                                0.9999999999999997
11.600000000000001                                0.08763198732882205                               0.08763198732882205                               1.0000000000000009
11.600000000000001                                0.09287272251118783                               0.09287272251118783                               0.9999999999999991
11.600000000000001                                0.09348060937606315-1.075868223797673E-17i        0.09348060937606315-1.0758682237976732E-17i       0.9999999999999999
11.600000000000001                                0.09454584827871482                               0.09454584827871482                               0.9999999999999994
11.600000000000001                                0.1017168163837362                                0.1017168163837362                                1.0000000000000004
11.600000000000001                                0.10365994995370885                               0.10365994995370885                               1.000000000000002
11.600000000000001                                0.11288193584952134                               0.11288193584952134                               0.9999999999999997
11.600000000000001                                0.11492859934531438                               0.11492859934531438                               0.9999999999999984
11.600000000000001                                0.12490217606765489                               0.12490217606765489                               0.9999999999999999
11.600000000000001                                0.12635746300738965                               0.12635746300738965                               1.000000000000001
11.600000000000001                                0.12831395002911766                               0.12831395002911766                               0.9999999999999996
11.600000000000001                                0.1419501548969958                                0.1419501548969958                                1.0000000000000004
11.600000000000001                                0.143653000493995                                 0.143653000493995                                 0.9999999999999998
11.600000000000001                                0.1437780672187796                                0.14377806721877961                               0.9999999999999997
11.600000000000001                                0.15464238200033997+2.09917385607355E-17i         0.15464238200033997+2.09917385607355E-17i         1.0000000000000009
11.600000000000001                                0.16015932267225513                               0.16015932267225516                               1.0000000000000004
11.600000000000001                                0.16128045687256148                               0.1612804568725615                                1.0000000000000016
11.600000000000001                                0.16835723833737665                               0.16835723833737665                               1.0000000000000004
11.600000000000001                                0.17386640642247292+9.793713471122322E-16i        0.17386640642247292+9.793713471122322E-16i        0.9999999999999993
11.600000000000001                                0.18048105893013638-1.2117827302548189E-15i       0.18048105893013638-1.2117827302548189E-15i       0.9999999999999983
11.8                                              0.01474806561361601                               0.014748065613616012                              0.999999999999998
11.8                                              0.03875201301300241                               0.03875201301300241                               0.9999999999999967
11.8                                              0.05202619537680003                               0.05202619537680003                               1.000000000000002
11.8                                              0.05601408440715681                               0.056014084407156814                              1.0000000000000009
11.8                                              0.0782409307947329                                0.0782409307947329                                1.0000000000000033
11.8                                              0.08079259114208234                               0.08079259114208234                               0.9999999999999986
11.8                                              0.08241342522405934                               0.08241342522405935                               0.9999999999999999
11.8                                              0.08279452490698827                               0.08279452490698827                               0.9999999999999978
11.8                                              0.08367102234937565                               0.08367102234937565                               0.9999999999999999
11.8                                              0.08680553249210704                               0.08680553249210705                               1.0000000000000007
11.8                                              0.0872159938538047                                0.08721599385380471                               1.0000000000000002
11.8                                              0.09347451133045855                               0.09347451133045855                               1.0000000000000013
11.8                                              0.09386822480419023                               0.09386822480419023                               1.0000000000000007
11.8                                              0.09395699086412623                               0.09395699086412623                               1.0000000000000009
11.8                                              0.10249238522968601                               0.10249238522968601                               1.0000000000000009
11.8                                              0.10290091223563178                               0.10290091223563179                               0.9999999999999984
11.8                                              0.1138311102040085                                0.1138311102040085                                1.000000000000001
11.8                                              0.11400042936637436                               0.11400042936637436                               0.9999999999999999
11.8                                              0.12439624250860197                               0.12439624250860197                               1.0000000000000027
11.8                                              0.1272173129721621                                0.1272173129721621                                1.0000000000000009
11.8                                              0.12747996236305412                               0.12747996236305412                               1.000000000000002
11.8                                              0.1425135356472328                                0.1425135356472328                                0.9999999999999989
11.8                                              0.14313170318731203+3.621056489261342E-17i        0.14313170318731203+3.621056489261342E-17i        1.0000000000000002
11.8                                              0.1443096912930375-2.9251506422928554E-17i        0.1443096912930375-2.9251506422928554E-17i        1.0000000000000002
11.8                                              0.15479407618920155-2.464674480950489E-17i        0.15479407618920155-2.464674480950489E-17i        1.0000000000000004
11.8                                              0.15984861917611895                               0.15984861917611895                               1.0000000000000004
11.8                                              0.16163074535973332                               0.16163074535973332                               0.9999999999999984
11.8                                              0.1682930954306215                                0.1682930954306215                                0.9999999999999988
11.8                                              0.17323872779364763                               0.17323872779364763                               1.0000000000000022
11.8                                              0.17917791929161625-3.1878680949940414E-17i       0.17917791929161625-3.1878680949940414E-17i       0.9999999999999989
12                                                0.014770490122804986                              0.014770490122804986                              1.0000000000000007
12                                                0.038770992685908695                              0.038770992685908695                              1.0000000000000013
12                                                0.051980366957317774                              0.051980366957317774                              0.9999999999999993
12                                                0.056119958354785254                              0.05611995835478526                               1
12                                                0.07825969150717091                               0.07825969150717091                               0.999999999999999
12                                                0.08080746246407047                               0.08080746246407047                               0.9999999999999997
12                                                0.08253877749163904                               0.08253877749163904                               1.0000000000000024
12                                                0.08261502939332756                               0.08261502939332756                               0.9999999999999998
12                                                0.08345077583647284                               0.08345077583647284                               1.0000000000000002
12                                                0.08681375851769721                               0.08681375851769721                               1.0000000000000029
12                                                0.08724172299406924                               0.08724172299406924                               1.0000000000000013
12                                                0.09338163361952713                               0.09338163361952714                               0.999999999999999
12                                                0.09408954854604941                               0.09408954854604942                               1.0000000000000009
12                                                0.09426672087506346                               0.09426672087506348                               0.9999999999999989
12                                                0.10215535775307195                               0.10215535775307195                               1.0000000000000002
12                                                0.10328112193190636                               0.10328112193190636                               1.0000000000000018
12                                                0.11308578212388332                               0.11308578212388332                               0.9999999999999987
12                                                0.11479343075139424                               0.11479343075139424                               1.0000000000000002
12                                                0.12389064859790008                               0.12389064859790008                               1.0000000000000002
12                                                0.12613426058180707                               0.12613426058180707                               0.9999999999999996
12                                                0.12861589738646456                               0.12861589738646456                               1.000000000000001
12                                                0.1412626627267245                                0.1412626627267245                                1.0000000000000002
12                                                0.14413960790387467+2.3661666043535704E-17i       0.14413960790387467+2.3661666043535704E-17i       0.9999999999999999
12                                                0.14514834897442255-2.729497808401946E-17i        0.14514834897442255-2.729497808401946E-17i        1.0000000000000013
12                                                0.15495508222797122                               0.15495508222797122                               1.0000000000000004
12                                                0.15843052209464586                               0.15843052209464586                               1.0000000000000009
12                                                0.16311535910649305                               0.16311535910649305                               1.0000000000000009
12                                                0.1682182508578759                                0.16821825085787592                               0.9999999999999977
12                                                0.17262779130619993+5.581215261057857E-16i        0.17262779130619996+5.581215261057858E-16i        0.9999999999999981
12                                                0.17759328656830464+1.974612793768604E-16i        0.17759328656830464+1.974612793768604E-16i        0.9999999999999996
12.200000000000001                                0.014793232141142393+1.742936238891873E-18i       0.014793232141142393+1.742936238891873E-18i       0.9999999999999981
12.200000000000001                                0.03879243681105215                               0.03879243681105215                               0.9999999999999987
12.200000000000001                                0.05191447425124869                               0.05191447425124869                               1.0000000000000013
12.200000000000001                                0.05625014481720499                               0.05625014481720499                               1.0000000000000007
12.200000000000001                                0.07827845910403919                               0.07827845910403919                               0.9999999999999979
12.200000000000001                                0.0808366157096378                                0.0808366157096378                                1.000000000000001
12.200000000000001                                0.08238069133101429                               0.08238069133101429                               1.0000000000000013
12.200000000000001                                0.08261240784814533                               0.08261240784814533                               0.9999999999999992
12.200000000000001                                0.08336794957420837                               0.08336794957420839                               0.9999999999999996
12.200000000000001                                0.0864254354223973                                0.08642543542239732                               1.0000000000000013
12.200000000000001                                0.08769246539973806                               0.08769246539973806                               0.9999999999999988
12.200000000000001                                0.09281979244402425                               0.09281979244402425                               0.9999999999999993
12.200000000000001                                0.09467399914443557                               0.09467399914443557                               0.9999999999999997
12.200000000000001                                0.09471820786476404                               0.09471820786476405                               0.9999999999999981
12.200000000000001                                0.10142328265424656                               0.10142328265424658                               1.000000000000001
12.200000000000001                                0.10408301388409534                               0.10408301388409535                               0.9999999999999993
12.200000000000001                                0.11218465106738473                               0.11218465106738475                               1.000000000000001
12.200000000000001                                0.1157688879025463                                0.11576888790254632                               1.0000000000000007
12.200000000000001                                0.12338593753316363                               0.12338593753316363                               1.0000000000000024
12.200000000000001                                0.12506478538525348                               0.12506478538525348                               1.0000000000000002
12.200000000000001                                0.12976504121305193                               0.12976504121305196                               0.9999999999999997
12.200000000000001                                0.1400254402480356                                0.1400254402480356                                0.9999999999999982
12.200000000000001                                0.14488634215368174                               0.14488634215368174                               1.0000000000000009
12.200000000000001                                0.14625503258330455                               0.14625503258330455                               0.9999999999999998
12.200000000000001                                0.15512641828102797                               0.15512641828102797                               0.9999999999999981
12.200000000000001                                0.1570261571585828                                0.1570261571585828                                1.0000000000000013
12.200000000000001                                0.16461315167458906                               0.16461315167458906                               1.0000000000000013
12.200000000000001                                0.16812727981699507+2.12431730135042E-17i         0.16812727981699507+2.12431730135042E-17i         0.9999999999999998
12.200000000000001                                0.17203924485299402+2.028771415757004E-16i        0.17203924485299402+2.0287714157570043E-16i       0.9999999999999974
12.200000000000001                                0.17602247397794454                               0.17602247397794457                               1.0000000000000004
12.4                                              0.014816290553964231-1.7459302036652763E-18i      0.014816290553964233-1.7459302036652763E-18i      0.999999999999998
12.4                                              0.03881634522876881                               0.03881634522876881                               0.9999999999999987
12.4                                              0.05183139693862327                               0.05183139693862328                               1.0000000000000004
12.4                                              0.05640175456861178                               0.05640175456861178                               1
12.4                                              0.07829727751568577                               0.07829727751568577                               0.9999999999999997
12.4                                              0.08087841407767142                               0.08087841407767143                               0.9999999999999989
12.4                                              0.08220866249473788                               0.08220866249473788                               0.9999999999999992
12.4                                              0.08245444209022532-9.812151446308744E-18i        0.08245444209022532-9.812151446308745E-18i        0.9999999999999979
12.4                                              0.08348849258568716                               0.08348849258568716                               1.000000000000001
12.4                                              0.08605102915853598                               0.08605102915853599                               0.9999999999999998
12.4                                              0.08815737599859057                               0.08815737599859057                               1.0000000000000024
12.4                                              0.09227146733805171                               0.09227146733805172                               1.0000000000000009
12.4                                              0.09508966053870796                               0.09508966053870796                               0.9999999999999964
12.4                                              0.09535953532437197                               0.09535953532437197                               1.0000000000000018
12.4                                              0.10070468264020437                               0.10070468264020438                               0.9999999999999998
12.4                                              0.10489804918020018                               0.1048980491802002                                0.999999999999999
12.4                                              0.11129702956175852                               0.11129702956175852                               0.9999999999999966
12.4                                              0.11675747205371714                               0.11675747205371714                               0.9999999999999994
12.4                                              0.12288242469440236                               0.12288242469440237                               0.9999999999999996
12.4                                              0.12400887988297274                               0.12400887988297274                               1.0000000000000007
12.4                                              0.13092734499041614                               0.13092734499041614                               0.9999999999999984
12.4                                              0.13880186011276227                               0.13880186011276227                               0.9999999999999998
12.4                                              0.14549390327803788                               0.1454939032780379                                1.0000000000000009
12.4                                              0.14750614560538558-2.5175124066395327E-17i       0.14750614560538558-2.5175124066395327E-17i       0.999999999999999
12.4                                              0.15530926529049086                               0.15530926529049086                               0.9999999999999989
12.4                                              0.15563551583511792                               0.15563551583511792                               0.9999999999999993
12.4                                              0.166124111086644                                 0.166124111086644                                 1.0000000000000016
12.4                                              0.168012184277687+5.43155783278725E-17i           0.168012184277687+5.43155783278725E-17i           1
12.4                                              0.17148131495048322-3.611236784347328E-16i        0.17148131495048324-3.611236784347328E-16i        1.0000000000000002
12.4                                              0.17446547243259625+2.0143012294527347E-17i       0.17446547243259625+2.014301229452735E-17i        1.0000000000000016
12.600000000000001                                0.014839664331039726+2.0166988738458065E-18i      0.014839664331039726+2.0166988738458065E-18i      1.000000000000004
12.600000000000001                                0.03884271720264614                               0.03884271720264615                               1.0000000000000024
12.600000000000001                                0.05173396998639542                               0.05173396998639542                               0.9999999999999998
12.600000000000001                                0.05657194293298449                               0.05657194293298449                               0.9999999999999998
12.600000000000001                                0.0783162407623933                                0.0783162407623933                                0.9999999999999998
12.600000000000001                                0.08092903454732313                               0.08092903454732313                               1.0000000000000004
12.600000000000001                                0.08205188801782606                               0.08205188801782606                               1.0000000000000004
12.600000000000001                                0.08220794038286569                               0.08220794038286569                               0.999999999999999
12.600000000000001                                0.08372129163884615                               0.08372129163884616                               1.0000000000000002
12.600000000000001                                0.08569062452248218                               0.08569062452248218                               1.0000000000000022
12.600000000000001                                0.08863618496079953                               0.08863618496079953                               1.0000000000000013
12.600000000000001                                0.0917366656504564                                0.0917366656504564                                1
12.600000000000001                                0.09551186393475176                               0.09551186393475176                               0.9999999999999993
12.600000000000001                                0.09601428191978303                               0.09601428191978303                               1.0000000000000002
12.600000000000001                                0.09999955385600565                               0.09999955385600565                               0.9999999999999984
12.600000000000001                                0.10572621571032083                               0.10572621571032083                               0.9999999999999992
12.600000000000001                                0.11042291097968962                               0.11042291097968962                               0.9999999999999987
12.600000000000001                                0.11775917347146622                               0.11775917347146622                               1.0000000000000004
12.600000000000001                                0.12238036089037548                               0.12238036089037549                               1.0000000000000009
12.600000000000001                                0.12296653674340459                               0.12296653674340459                               0.9999999999999993
12.600000000000001                                0.1321027869316838                                0.1321027869316838                                1.0000000000000016
12.600000000000001                                0.13759191412468535                               0.13759191412468535                               0.9999999999999998
12.600000000000001                                0.14604815076696925                               0.14604815076696925                               1.0000000000000016
12.600000000000001                                0.14881404109132723                               0.14881404109132723                               1.0000000000000007
12.600000000000001                                0.1542585893184929                                0.1542585893184929                                0.9999999999999988
12.600000000000001                                0.15550500954921392                               0.15550500954921392                               1.0000000000000002
12.600000000000001                                0.16764819682982163                               0.16764819682982163                               1.0000000000000004
12.600000000000001                                0.16786164347080235-6.311234151120666E-16i        0.16786164347080235-6.311234151120666E-16i        1.000000000000002
12.600000000000001                                0.17096559199489358+1.5654601885730896E-15i       0.1709655919948936+1.5654601885730896E-15i        1.0000000000000002
12.600000000000001                                0.17292227275390099+5.443567405999576E-17i        0.17292227275390099+5.443567405999576E-17i        1.0000000000000022
12.8                                              0.014863352526792425                              0.014863352526792427                              0.9999999999999984
12.8                                              0.038871551430564984                              0.038871551430564984                              0.9999999999999992
12.8                                              0.05162479574242381                               0.05162479574242381                               0.9999999999999986
12.8                                              0.05675809764570212                               0.05675809764570212                               0.9999999999999997
12.8                                              0.07833546745932954                               0.07833546745932954                               1.000000000000001
12.8                                              0.08098071379182678-1.1238276451254435E-17i       0.0809807137918268-1.1238276451254435E-17i        0.9999999999999984
12.8                                              0.08186399582144528+1.680072946668281E-17i        0.08186399582144528+1.680072946668281E-17i        1.000000000000001
12.8                                              0.08199200252517781-2.0492193834846817E-17i       0.08199200252517781-2.049219383484682E-17i        1
12.8                                              0.08400210722166934                               0.08400210722166936                               0.9999999999999984
12.8                                              0.08534431466326547                               0.08534431466326547                               1.0000000000000009
12.8                                              0.0891287208006513                                0.0891287208006513                                0.9999999999999982
12.8                                              0.09121539604995331                               0.09121539604995331                               1.0000000000000007
12.8                                              0.09593993455280869                               0.0959399345528087                                1.000000000000003
12.8                                              0.09668223673791253                               0.09668223673791253                               0.9999999999999998
12.8                                              0.09930789270344324                               0.09930789270344324                               1.0000000000000013
12.8                                              0.10656750133564011                               0.10656750133564012                               1.0000000000000009
12.8                                              0.10956228869290238                               0.10956228869290238                               1.0000000000000022
12.8                                              0.11877398221219052                               0.11877398221219053                               1.000000000000001
12.8                                              0.12187995084672333                               0.12187995084672333                               0.9999999999999983
12.8                                              0.12193775973011997                               0.12193775973011999                               1.0000000000000009
12.8                                              0.13329135261606592                               0.13329135261606592                               0.9999999999999993
12.8                                              0.136395593997449                                 0.136395593997449                                 0.9999999999999993
12.8                                              0.14657452268955395                               0.14657452268955395                               1.0000000000000002
12.8                                              0.15015120847838775                               0.15015120847838775                               1.000000000000001
12.8                                              0.15289536902714765                               0.15289536902714765                               1.0000000000000002
12.8                                              0.15571532571949548                               0.1557153257194955                                1
12.8                                              0.1676610574034293+1.2682809001643965E-16i        0.1676610574034293+1.2682809001643965E-16i        0.9999999999999989
12.8                                              0.16918548334467653                               0.16918548334467653                               1.0000000000000009
12.8                                              0.1705068504734205+7.059555485831997E-15i         0.17050685047342054+7.059555485831998E-15i        1
12.8                                              0.17139286567810072-3.2147798784343125E-17i       0.17139286567810072-3.214779878434313E-17i        1.0000000000000016
13                                                0.014887354280306256                              0.014887354280306258                              1.0000000000000002
13                                                0.038902846053828787                              0.038902846053828787                              1.0000000000000002
13                                                0.05150615491615096                               0.05150615491615096                               1.0000000000000004
13                                                0.05695792782395145                               0.056957927823951454                              1.0000000000000002
13                                                0.07835506899668568                               0.07835506899668568                               0.9999999999999966
13                                                0.08101718916174554-1.1508759208054548E-17i       0.08101718916174554-1.150875920805455E-17i        1.0000000000000018
13                                                0.08159412872056294+9.539961543226588E-18i        0.08159412872056294+9.539961543226588E-18i        1.0000000000000007
13                                                0.0818945250563522                                0.0818945250563522                                1.0000000000000018
13                                                0.08431065737286154                               0.08431065737286156                               1
13                                                0.08501221386614587                               0.08501221386614588                               1.0000000000000007
13                                                0.08963486276322825                               0.08963486276322825                               0.9999999999999993
13                                                0.0907076694725325                                0.0907076694725325                                1.0000000000000004
13                                                0.09637316789109127                               0.09637316789109128                               1.0000000000000009
13                                                0.09736337368417838                               0.09736337368417838                               0.9999999999999996
13                                                0.09862969592516166                               0.09862969592516167                               1.0000000000000013
13                                                0.10742189380769002                               0.10742189380769002                               0.9999999999999999
13                                                0.10871515608517751                               0.10871515608517751                               1.0000000000000018
13                                                0.1198018874917117                                0.1198018874917117                                1.0000000000000016
13                                                0.12092250093132376                               0.12092250093132376                               0.9999999999999993
13                                                0.12138142902023125                               0.12138142902023125                               1.0000000000000004
13                                                0.13449303024686438                               0.13449303024686438                               0.999999999999998
13                                                0.1352128913569629                                0.13521289135696293                               0.9999999999999999
13                                                0.1470803273867045                                0.1470803273867045                                0.9999999999999994
13                                                0.151507762410942                                 0.151507762410942                                 0.9999999999999993
13                                                0.1515458460489607                                0.15154584604896074                               1.0000000000000018
13                                                0.155942384387883                                 0.155942384387883                                 1.0000000000000013
13                                                0.1673959091326165+5.19706776769563E-17i          0.1673959091326165+5.19706776769563E-17i          0.9999999999999991
13                                                0.16987724175868063+3.1289837175691687E-17i       0.16987724175868063+3.1289837175691687E-17i       1.0000000000000018
13                                                0.1701198183965839+2.912679766090109E-14i         0.1701198183965839+2.912679766090109E-14i         1.000000000000001
13                                                0.1707360362758149+1.2717843499139135E-16i        0.17073603627581493+1.2717843499139135E-16i       0.9999999999999996
13.200000000000001                                0.014911668815051016                              0.014911668815051017                              1
13.200000000000001                                0.038936598664419904                              0.038936598664419904                              1.0000000000000027
13.200000000000001                                0.051379986968786324                              0.051379986968786324                              0.9999999999999988
13.200000000000001                                0.05716948352206974                               0.05716948352206975                               0.9999999999999987
13.200000000000001                                0.07837511768625652                               0.07837511768625653                               0.999999999999999
13.200000000000001                                0.08099644116981344                               0.08099644116981344                               0.9999999999999998
13.200000000000001                                0.08133996759023707+1.668883207704061E-17i        0.08133996759023708+1.668883207704061E-17i        1.0000000000000004
13.200000000000001                                0.08186722601703127                               0.08186722601703128                               0.9999999999999983
13.200000000000001                                0.08463974791070449                               0.08463974791070449                               0.9999999999999978
13.200000000000001                                0.08469462523910805                               0.08469462523910805                               1.0000000000000004
13.200000000000001                                0.0901544835674557                                0.0901544835674557                                0.9999999999999988
13.200000000000001                                0.09021353600277746                               0.09021353600277746                               0.9999999999999984
13.200000000000001                                0.0968109696220685                                0.0968109696220685                                1
13.200000000000001                                0.09796495839304367                               0.09796495839304369                               1.0000000000000022
13.200000000000001                                0.09805767652817483                               0.09805767652817485                               0.9999999999999983
13.200000000000001                                0.10788150650906135                               0.10788150650906135                               1.0000000000000013
13.200000000000001                                0.10828938072773865                               0.10828938072773865                               0.9999999999999998
13.200000000000001                                0.11992079735024117                               0.11992079735024117                               1.0000000000000009
13.200000000000001                                0.12084274054174592                               0.12084274054174593                               0.9999999999999987
13.200000000000001                                0.12088506807728862                               0.12088506807728862                               0.9999999999999994
13.200000000000001                                0.13404379774336905                               0.13404379774336905                               0.9999999999999997
13.200000000000001                                0.13570780910091096                               0.13570780910091096                               1.0000000000000004
13.200000000000001                                0.14756738886236095+3.7458483719278223E-17i       0.14756738886236095+3.7458483719278223E-17i       1
13.200000000000001                                0.15021001140917764                               0.15021001140917764                               1.000000000000001
13.200000000000001                                0.152878146186119                                 0.152878146186119                                 1
13.200000000000001                                0.15618949032276908                               0.15618949032276908                               1.000000000000001
13.200000000000001                                0.1670578592879915                                0.16705785928799152                               0.9999999999999984
13.200000000000001                                0.16837539176346075                               0.16837539176346075                               1
13.200000000000001                                0.1698134976209641-3.4852820005018517E-17i        0.1698134976209641-3.4852820005018517E-17i        1
13.200000000000001                                0.17229950626930757                               0.1722995062693076                                1.0000000000000022
13.4                                              0.014936295438410019                              0.01493629543841002                               1.0000000000000027
13.4                                              0.038972806310455015                              0.038972806310455015                              1.0000000000000002
13.4                                              0.05124791040826234                               0.05124791040826235                               1.0000000000000024
13.4                                              0.05739113537544103                               0.057391135375441035                              1.0000000000000018
13.4                                              0.07839561972303617                               0.07839561972303617                               1.0000000000000007
13.4                                              0.0808275840711892-9.054236921668825E-18i         0.0808275840711892-9.054236921668825E-18i         0.9999999999999994
13.4                                              0.0812012546661085+1.791255097504226E-17i         0.0812012546661085+1.7912550975042264E-17i        1.0000000000000016
13.4                                              0.0819045097114799                                0.08190450971147992                               0.999999999999999
13.4                                              0.0843911496490691                                0.0843911496490691                                0.9999999999999982
13.4                                              0.08498694978771805                               0.08498694978771806                               0.9999999999999992
13.4                                              0.08973288892832207                               0.08973288892832207                               0.9999999999999982
13.4                                              0.09068763470228555                               0.09068763470228557                               1.000000000000002
13.4                                              0.09725282867429957                               0.09725282867429959                               0.9999999999999998
13.4                                              0.09731368765841754                               0.09731368765841755                               0.9999999999999991
13.4                                              0.09876512256073106                               0.09876512256073106                               0.9999999999999992
13.4                                              0.10706133350893952                               0.10706133350893952                               0.9999999999999996
13.4                                              0.10916994919044277                               0.10916994919044277                               1.0000000000000007
13.4                                              0.11893262385602767                               0.11893262385602768                               1.000000000000001
13.4                                              0.12039062333571751                               0.12039062333571753                               1.0000000000000002
13.4                                              0.12189696341125665                               0.12189696341125665                               0.9999999999999998
13.4                                              0.13288830461355822                               0.13288830461355822                               1.0000000000000007
13.4                                              0.13693567890990319                               0.13693567890990319                               1.0000000000000009
13.4                                              0.14803551947287452                               0.14803551947287452                               1.0000000000000013
13.4                                              0.14888785613170327                               0.14888785613170327                               0.9999999999999984
13.4                                              0.15425504880715513                               0.15425504880715513                               1.0000000000000007
13.4                                              0.15646367889986945-2.0393522511509777E-17i       0.15646367889986945-2.0393522511509777E-17i       0.9999999999999997
13.4                                              0.1666502710347385                                0.1666502710347385                                1.0000000000000024
13.4                                              0.16688730609444585                               0.16688730609444585                               1.000000000000002
13.4                                              0.1695846198463126-2.272110662478738E-17i         0.1695846198463126-2.2721106624787382E-17i        0.9999999999999998
13.4                                              0.17387615953843505                               0.17387615953843508                               1.0000000000000002
13.600000000000001                                0.014961233540913596                              0.014961233540913598                              0.9999999999999964
13.600000000000001                                0.039011465499786555                              0.03901146549978656                               1.0000000000000018
13.600000000000001                                0.05111126129316347                               0.05111126129316348                               0.9999999999999989
13.600000000000001                                0.05762153602721861                               0.05762153602721861                               0.999999999999999
13.600000000000001                                0.07841649434886484                               0.07841649434886484                               1.0000000000000002
13.600000000000001                                0.08054807917586405                               0.08054807917586407                               0.9999999999999991
13.600000000000001                                0.08114877974483543                               0.08114877974483543                               0.9999999999999987
13.600000000000001                                0.0819998480410358                                0.0819998480410358                                1.0000000000000018
13.600000000000001                                0.08410261320435986                               0.08410261320435986                               0.9999999999999996
13.600000000000001                                0.08535013821406699                               0.08535013821406699                               1
13.600000000000001                                0.08926587543270112                               0.08926587543270112                               1.000000000000003
13.600000000000001                                0.0912341298205639                                0.09123412982056392                               0.9999999999999999
13.600000000000001                                0.09667586299123959                               0.09667586299123959                               1.000000000000001
13.600000000000001                                0.09769831651469658                               0.09769831651469658                               1.0000000000000004
13.600000000000001                                0.09948570172690738                               0.09948570172690739                               1.0000000000000024
13.600000000000001                                0.10625463048170489                               0.1062546304817049                                0.9999999999999993
13.600000000000001                                0.11006358588634518                               0.11006358588634518                               0.9999999999999994
13.600000000000001                                0.11795797299069988                               0.11795797299069988                               1.0000000000000002
13.600000000000001                                0.11989870554815932                               0.11989870554815933                               0.9999999999999996
13.600000000000001                                0.12296410186923602                               0.12296410186923602                               0.9999999999999998
13.600000000000001                                0.131746403342869                                 0.131746403342869                                 1.0000000000000033
13.600000000000001                                0.13817662957233812                               0.13817662957233812                               0.9999999999999994
13.600000000000001                                0.14757937099709387                               0.1475793709970939                                0.9999999999999998
13.600000000000001                                0.1484836843836904+1.6960506288481735E-17i        0.14848368438369042+1.6960506288481735E-17i       0.9999999999999996
13.600000000000001                                0.15561144276647426                               0.15561144276647426                               0.9999999999999988
13.600000000000001                                0.1567924979280837-2.4450797575631694E-17i        0.1567924979280837-2.4450797575631694E-17i        1.000000000000001
13.600000000000001                                0.16541297475224248                               0.16541297475224248                               1.0000000000000002
13.600000000000001                                0.16618626237909445                               0.16618626237909448                               1.0000000000000007
13.600000000000001                                0.16942055732927358+1.327640841314182E-16i        0.1694205573292736+1.3276408413141823E-16i        0.9999999999999988
13.600000000000001                                0.17546592881511705                               0.17546592881511705                               0.9999999999999998
13.8                                              0.014986482595272355                              0.014986482595272355                              1.0000000000000024
13.8                                              0.03905257220177333                               0.03905257220177333                               1.000000000000001
13.8                                              0.05097113667772629                               0.05097113667772629                               1.0000000000000013
13.8                                              0.057859576604150316                              0.057859576604150316                              1.0000000000000018
13.8                                              0.07843755402600236                               0.07843755402600236                               1.0000000000000013
13.8                                              0.0802401883060472+1.6715218776434857E-17i        0.0802401883060472+1.6715218776434857E-17i        1.0000000000000013
13.8                                              0.08111438061462048-9.170072180221505E-18i        0.08111438061462048-9.170072180221505E-18i        0.9999999999999996
13.8                                              0.08214018582386447                               0.08214018582386448                               1.0000000000000002
13.8                                              0.08382905975672413                               0.08382905975672413                               1.0000000000000013
13.8                                              0.08572867997769476                               0.08572867997769477                               0.9999999999999987
13.8                                              0.08881247060847416                               0.08881247060847416                               1.0000000000000007
13.8                                              0.09179396736588226                               0.09179396736588226                               1.0000000000000004
13.8                                              0.09605149824938537                               0.09605149824938537                               0.9999999999999991
13.8                                              0.0981470256748526                                0.0981470256748526                                1.0000000000000013
13.8                                              0.10021939705314596                               0.10021939705314596                               0.9999999999999997
13.8                                              0.10546139099320812                               0.10546139099320812                               1.0000000000000013
13.8                                              0.11097027631962866                               0.11097027631962866                               1
13.8                                              0.11699683684875656                               0.11699683684875657                               1.000000000000001
13.8                                              0.11940933076410645                               0.11940933076410645                               1.0000000000000013
13.8                                              0.12404429910161846                               0.12404429910161847                               0.9999999999999994
13.8                                              0.130618085227647                                 0.130618085227647                                 0.9999999999999998
13.8                                              0.13943065099395222                               0.13943065099395222                               0.9999999999999999
13.8                                              0.14628454694445778-1.7019856685400133E-17i       0.14628454694445778-1.7019856685400133E-17i       0.9999999999999998
13.8                                              0.1489104869428366-3.812113433030719E-17i         0.14891048694283662-3.812113433030719E-17i        0.999999999999999
13.8                                              0.1567142956962812                                0.1567142956962812                                1.0000000000000009
13.8                                              0.15740978956814755-2.5371567045934086E-17i       0.15740978956814758-2.537156704593409E-17i        1.0000000000000004
13.8                                              0.16395238857315325                               0.16395238857315328                               0.9999999999999988
13.8                                              0.16568190413112763                               0.16568190413112763                               1.0000000000000016
13.8                                              0.16930575672271708+2.5964701588341248E-17i       0.16930575672271708+2.596470158834125E-17i        0.9999999999999997
13.8                                              0.17706879916727847                               0.17706879916727847                               1.0000000000000024
14                                                0.01501204215520155                               0.01501204215520155                               0.9999999999999992
14                                                0.03909612184717549                               0.03909612184717549                               0.9999999999999984
14                                                0.05082843605317883                               0.05082843605317883                               1.0000000000000018
14                                                0.05810434518418857                               0.058104345184188576                              1.0000000000000007
14                                                0.07845846505150761                               0.07845846505150761                               0.9999999999999997
14                                                0.07992459558125847                               0.07992459558125847                               0.9999999999999993
14                                                0.08108947822669564                               0.08108947822669564                               1.0000000000000009
14                                                0.08231412518443525                               0.08231412518443526                               1.000000000000001
14                                                0.08357086842646136                               0.08357086842646136                               0.9999999999999983
14                                                0.08612202801071522                               0.08612202801071522                               1.0000000000000018
14                                                0.08837270081170535                               0.08837270081170535                               1.0000000000000027
14                                                0.09236710537904336                               0.09236710537904336                               1.0000000000000024
14                                                0.09544058761960844                               0.09544058761960844                               1
14                                                0.09859859982467807                               0.09859859982467808                               0.9999999999999996
14                                                0.10096619364083304                               0.10096619364083304                               0.9999999999999994
14                                                0.1046816086707566                                0.1046816086707566                                0.9999999999999996
14                                                0.11189000389108024                               0.11189000389108025                               1.0000000000000004
14                                                0.11604920742133311                               0.11604920742133312                               0.9999999999999994
14                                                0.11892267815470726                               0.11892267815470728                               0.9999999999999977
14                                                0.12513754363937737                               0.12513754363937737                               0.9999999999999989
14                                                0.1295033414875455                                0.1295033414875455                                1.0000000000000002
14                                                0.14069773297575675                               0.14069773297575675                               0.9999999999999988
14                                                0.14500337459939958                               0.14500337459939958                               1
14                                                0.14931441974815718+2.6329778325402435E-17i       0.14931441974815718+2.6329778325402438E-17i       1.0000000000000016
14                                                0.15721603233704956                               0.15721603233704956                               0.9999999999999997
14                                                0.15866394808344964                               0.15866394808344966                               1.0000000000000016
14                                                0.1625055375380629                                0.1625055375380629                                1.0000000000000009
14                                                0.16515121626112578+2.023525413162093E-17i        0.16515121626112578+2.023525413162093E-17i        0.9999999999999993
14                                                0.16922682217042784                               0.16922682217042787                               0.999999999999998
14                                                0.17868475845882617                               0.17868475845882617                               0.9999999999999997
14.200000000000001                                0.015037911853974364                              0.015037911853974366                              1.000000000000003
14.200000000000001                                0.03914210932603397                               0.03914210932603397                               1.0000000000000009
14.200000000000001                                0.050683897801324373                              0.050683897801324373                              1.0000000000000002
14.200000000000001                                0.058355090237341076                              0.058355090237341076                              1.0000000000000004
14.200000000000001                                0.0784786184427586                                0.0784786184427586                                1.0000000000000004
14.200000000000001                                0.07960701760302899                               0.07960701760302899                               1.0000000000000022
14.200000000000001                                0.0810763409107812                                0.0810763409107812                                1.0000000000000002
14.200000000000001                                0.0825142219096204                                0.0825142219096204                                1.000000000000001
14.200000000000001                                0.08332862942301401                               0.08332862942301401                               0.9999999999999983
14.200000000000001                                0.08652981410127071                               0.08652981410127071                               0.9999999999999999
14.200000000000001                                0.08794659696397215                               0.08794659696397215                               1.0000000000000018
14.200000000000001                                0.09295350748866342                               0.09295350748866343                               0.9999999999999992
14.200000000000001                                0.09484313097653034                               0.09484313097653034                               0.9999999999999987
14.200000000000001                                0.09905269688409442                               0.09905269688409443                               0.9999999999999981
14.200000000000001                                0.101726076891561                                 0.101726076891561                                 1
14.200000000000001                                0.10391527724226274                               0.10391527724226275                               0.9999999999999993
14.200000000000001                                0.11282274727051966                               0.11282274727051966                               0.999999999999998
14.200000000000001                                0.1151150766463073                                0.1151150766463073                                0.9999999999999979
14.200000000000001                                0.11843894271849899                               0.11843894271849899                               1.0000000000000002
14.200000000000001                                0.12624382472234702                               0.12624382472234702                               0.9999999999999987
14.200000000000001                                0.1284021632679892                                0.1284021632679892                                0.9999999999999994
14.200000000000001                                0.14197786510216295                               0.14197786510216295                               0.9999999999999998
14.200000000000001                                0.14373584460020206                               0.14373584460020206                               1.0000000000000009
14.200000000000001                                0.14969401591021508                               0.14969401591021508                               1.0000000000000002
14.200000000000001                                0.15759382008768502                               0.15759382008768502                               1.0000000000000009
14.200000000000001                                0.16007842894686208                               0.16007842894686208                               1.0000000000000016
14.200000000000001                                0.16107241179755297                               0.16107241179755297                               0.9999999999999996
14.200000000000001                                0.16460480265851318                               0.16460480265851318                               0.9999999999999993
14.200000000000001                                0.16917393475317002                               0.16917393475317002                               0.9999999999999994
14.200000000000001                                0.18031379465132685                               0.18031379465132685                               1
14.4                                              0.015064091402799656                              0.015064091402799656                              1.000000000000001
14.4                                              0.03919052898346639                               0.03919052898346639                               1.000000000000001
14.4                                              0.05053812986020212                               0.050538129860202126                              1.0000000000000002
14.4                                              0.058611189836910604+6.6405970275913915E-18i      0.05861118983691061+6.6405970275913915E-18i       0.999999999999998
14.4                                              0.07849661659681033                               0.07849661659681033                               1.0000000000000002
14.4                                              0.0792906935375472                                0.0792906935375472                                1.0000000000000018
14.4                                              0.08107724469546092                               0.08107724469546092                               1.0000000000000007
14.4                                              0.08273518139149118                               0.08273518139149118                               0.9999999999999994
14.4                                              0.0831038934985282                                0.0831038934985282                                1.0000000000000007
14.4                                              0.08695177158041269                               0.08695177158041269                               1.0000000000000013
14.4                                              0.08753419846934062                               0.08753419846934063                               0.9999999999999997
14.4                                              0.09355314097825412                               0.09355314097825412                               0.9999999999999996
14.4                                              0.09425912927595943                               0.09425912927595943                               1.0000000000000016
14.4                                              0.09950898160305932                               0.09950898160305932                               1.0000000000000009
14.4                                              0.10249903238994312                               0.10249903238994312                               1.0000000000000013
14.4                                              0.10316239058737035                               0.10316239058737035                               1.000000000000001
14.4                                              0.11376847243209498                               0.113768472432095                                 0.9999999999999986
14.4                                              0.11419443643056215                               0.11419443643056217                               1.000000000000002
14.4                                              0.11795835030474476                               0.11795835030474476                               1.0000000000000016
14.4                                              0.1273145416391482                                0.1273145416391482                                1.0000000000000004
14.4                                              0.1273631315814367                                0.1273631315814367                                1.0000000000000002
14.4                                              0.14248194749281934                               0.14248194749281934                               1.0000000000000002
14.4                                              0.143271036579758                                 0.143271036579758                                 0.9999999999999982
14.4                                              0.15004794315345468                               0.1500479431534547                                1.0000000000000013
14.4                                              0.15797245338253502+2.6453861258407034E-17i       0.15797245338253502+2.6453861258407034E-17i       0.9999999999999993
14.4                                              0.15965300141020086                               0.15965300141020086                               1.0000000000000018
14.4                                              0.1615285997280257                                0.1615285997280257                                1.0000000000000016
14.4                                              0.16405049337267757                               0.16405049337267757                               0.9999999999999998
14.4                                              0.16914038092767963                               0.16914038092767963                               0.9999999999999992
14.4                                              0.17877901240541025-3.245511382827109E-17i        0.17877901240541025-3.2455113828271093E-17i       1.000000000000001
14.600000000000001                                0.015090580588975597+1.921690221244439E-18i       0.015090580588975597+1.921690221244439E-18i       0.999999999999999
14.600000000000001                                0.03924137461320394                               0.03924137461320394                               1.0000000000000027
14.600000000000001                                0.050391634864657156                              0.05039163486465716                               1.0000000000000004
14.600000000000001                                0.05887212637441552                               0.05887212637441553                               0.999999999999998
14.600000000000001                                0.07850753377216255                               0.07850753377216255                               0.9999999999999977
14.600000000000001                                0.07898142742828032                               0.07898142742828032                               0.999999999999999
14.600000000000001                                0.08109337986711695                               0.08109337986711697                               1.0000000000000007
14.600000000000001                                0.08287978016852618                               0.08287978016852618                               0.9999999999999989
14.600000000000001                                0.08299208532331635                               0.08299208532331635                               1.0000000000000002
14.600000000000001                                0.0871355058837506                                0.08713550588375062                               1.0000000000000004
14.600000000000001                                0.08738774514531322                               0.08738774514531322                               0.9999999999999991
14.600000000000001                                0.09368858049787573                               0.09368858049787573                               1.0000000000000007
14.600000000000001                                0.09416598011312419                               0.09416598011312419                               1.0000000000000004
14.600000000000001                                0.09996711304153708                               0.09996711304153708                               0.9999999999999998
14.600000000000001                                0.10242294248911159                               0.10242294248911159                               0.9999999999999983
14.600000000000001                                0.10328504611553356                               0.10328504611553356                               0.9999999999999987
14.600000000000001                                0.11328727862245276                               0.11328727862245278                               1.0000000000000016
14.600000000000001                                0.11472709968427833                               0.11472709968427833                               1.0000000000000007
14.600000000000001                                0.11748119841834281                               0.11748119841834283                               1.0000000000000004
14.600000000000001                                0.1262404676162781                                0.1262404676162781                                1.0000000000000024
14.600000000000001                                0.12849545330992376                               0.12849545330992376                               0.9999999999999998
14.600000000000001                                0.14124167374180044                               0.14124167374180044                               1.0000000000000002
14.600000000000001                                0.1445772359312244                                0.14457723593122443                               1.000000000000001
14.600000000000001                                0.15037504913779387                               0.15037504913779387                               0.9999999999999987
14.600000000000001                                0.15824729631925447                               0.15824729631925447                               0.9999999999999994
14.600000000000001                                0.1583676651678858                                0.1583676651678858                                0.9999999999999992
14.600000000000001                                0.16299519002876128                               0.16299519002876128                               0.9999999999999992
14.600000000000001                                0.1634974047903074                                0.1634974047903074                                0.9999999999999988
14.600000000000001                                0.16912168529880145-2.2261727135248205E-17i       0.16912168529880145-2.2261727135248208E-17i       1.0000000000000007
14.600000000000001                                0.17720880881082662-2.7681505077015206E-17i       0.17720880881082662-2.7681505077015206E-17i       0.9999999999999994
14.8                                              0.015117379273843268                              0.01511737927384327                               0.9999999999999978
14.8                                              0.03929463944867775                               0.03929463944867775                               1.0000000000000009
14.8                                              0.05024483045548125                               0.05024483045548125                               0.9999999999999989
14.8                                              0.059137466079729535+1.3425946992635945E-17i      0.05913746607972954+1.3425946992635945E-17i       1.0000000000000007
14.8                                              0.07847766283288071                               0.07847766283288071                               1.0000000000000016
14.8                                              0.07871346438467432-3.371672263555719E-17i        0.07871346438467432-3.3716722635557193E-17i       0.9999999999999989
14.8                                              0.08112486617406846                               0.08112486617406846                               1.0000000000000002
14.8                                              0.08269798103186593                               0.08269798103186593                               1
14.8                                              0.0832427761995216                                0.0832427761995216                                0.9999999999999997
14.8                                              0.08675065716270951                               0.08675065716270951                               1.0000000000000007
14.8                                              0.08783749394775449                               0.08783749394775449                               1.0000000000000013
14.8                                              0.09313149362639797                               0.09313149362639798                               1.0000000000000002
14.8                                              0.0947919916712369                                0.0947919916712369                                0.9999999999999998
14.8                                              0.10042673110313584                               0.10042673110313584                               0.9999999999999992
14.8                                              0.10169692746429225                               0.10169692746429225                               0.9999999999999988
14.8                                              0.10408410360269095                               0.10408410360269095                               1.0000000000000007
14.8                                              0.11239359511022429                               0.1123935951102243                                1.0000000000000007
14.8                                              0.11569825098050594-1.7138977431893344E-17i       0.11569825098050594-1.7138977431893348E-17i       0.9999999999999999
14.8                                              0.11700811852560665                               0.11700811852560665                               0.9999999999999984
14.8                                              0.12517993212790843                               0.12517993212790843                               0.9999999999999989
14.8                                              0.12964077885967734                               0.12964077885967734                               1.0000000000000009
14.8                                              0.14001501373259023                               0.14001501373259023                               0.9999999999999986
14.8                                              0.145896450285656                                 0.145896450285656                                 1.0000000000000007
14.8                                              0.1506743572760066                                0.1506743572760066                                1.0000000000000004
14.8                                              0.15685528651708894                               0.15685528651708894                               1.0000000000000018
14.8                                              0.1587828662250224+2.6047464130647974E-17i        0.1587828662250224+2.6047464130647974E-17i        1.0000000000000004
14.8                                              0.16293520278955853                               0.16293520278955853                               0.9999999999999989
14.8                                              0.16448899648774945                               0.16448899648774945                               1.0000000000000009
14.8                                              0.16911490728709755                               0.16911490728709755                               0.9999999999999999
14.8                                              0.1756523842307277                                0.17565238423072774                               1.0000000000000007
15                                                0.015144487390560887+1.8906640212426554E-18i      0.015144487390560887+1.8906640212426554E-18i      0.9999999999999991
15                                                0.03935031615140815                               0.03935031615140815                               1.0000000000000007
15                                                0.050098065556759136                              0.05009806555675914                               1.0000000000000007
15                                                0.059406842540826316+1.8770659719392148E-17i      0.059406842540826316+1.8770659719392148E-17i      1.000000000000002
15                                                0.07827216086199137-3.6150920540344847E-17i       0.07827216086199137-3.615092054034485E-17i        0.9999999999999987
15                                                0.07862205886287904                               0.07862205886287904                               1
15                                                0.08117069295399437                               0.08117069295399437                               1.0000000000000009
15                                                0.08252784139937044                               0.08252784139937044                               1.0000000000000002
15                                                0.08351863752022691                               0.08351863752022691                               1.000000000000001
15                                                0.08637964846295954                               0.08637964846295954                               1.0000000000000009
15                                                0.08830095914034206                               0.08830095914034207                               0.9999999999999993
15                                                0.09258786810487392                               0.09258786810487393                               0.9999999999999991
15                                                0.09543115517592723                               0.09543115517592723                               1.0000000000000004
15                                                0.10088743924112074-1.2505967259492356E-17i       0.10088743924112074-1.2505967259492356E-17i       1.0000000000000013
15                                                0.10098434151734083                               0.10098434151734084                               0.9999999999999981
15                                                0.10489619091999536                               0.10489619091999536                               0.9999999999999993
15                                                0.11151337772589093                               0.11151337772589094                               0.9999999999999993
15                                                0.11652610097164207                               0.11652610097164207                               1.000000000000001
15                                                0.11669523767290785                               0.11669523767290785                               1.0000000000000009
15                                                0.12413292605302866                               0.12413292605302866                               0.9999999999999996
15                                                0.13079909698212028                               0.13079909698212028                               1.000000000000001
15                                                0.13880195777334545                               0.13880195777334545                               0.9999999999999994
15                                                0.14722866337567686                               0.14722866337567686                               1.0000000000000009
15                                                0.15094501291019863+2.7063251451688277E-17i       0.15094501291019863+2.706325145168828E-17i        0.9999999999999999
15                                                0.15547696173817038                               0.15547696173817038                               1.0000000000000002
15                                                0.1592181521985487-2.2578728232094773E-17i        0.1592181521985487-2.2578728232094776E-17i        1.0000000000000002
15                                                0.16238711731718197                               0.16238711731718197                               0.9999999999999989
15                                                0.1659893128476605                                0.1659893128476605                                0.9999999999999991
15                                                0.1691182451005325+2.6550519423670016E-17i        0.1691182451005325+2.6550519423670016E-17i        0.9999999999999986
15                                                0.17410972800660063                               0.17410972800660063                               1.000000000000001
15.200000000000001                                0.015171904941688255+1.906991794258462E-18i       0.015171904941688257+1.906991794258462E-18i       0.9999999999999994
15.200000000000001                                0.039408396796412386+4.882230630773835E-18i       0.039408396796412386+4.882230630773835E-18i       1.0000000000000002
15.200000000000001                                0.049951633377280195                              0.0499516333772802                                0.9999999999999982
15.200000000000001                                0.05967994345966675+8.798858851995577E-18i        0.059679943459666755+8.798858851995577E-18i       1.0000000000000002
15.200000000000001                                0.07797405908328228-1.5614286088188143E-17i       0.07797405908328228-1.5614286088188143E-17i       0.999999999999999
15.200000000000001                                0.07862454219669827                               0.07862454219669827                               1.0000000000000004
15.200000000000001                                0.08122835370014442                               0.08122835370014443                               1.0000000000000009
15.200000000000001                                0.08238016025133471                               0.08238016025133471                               1.0000000000000007
15.200000000000001                                0.08381109150016164                               0.08381109150016164                               1.0000000000000029
15.200000000000001                                0.08602256584988796                               0.08602256584988796                               0.9999999999999997
15.200000000000001                                0.08877802585126744                               0.08877802585126744                               0.9999999999999996
15.200000000000001                                0.09205770982269941                               0.09205770982269942                               1.0000000000000009
15.200000000000001                                0.09608344673387109                               0.09608344673387109                               0.9999999999999986
15.200000000000001                                0.10028517307735596                               0.10028517307735596                               0.9999999999999992
15.200000000000001                                0.10134879520970039                               0.1013487952097004                                0.9999999999999981
15.200000000000001                                0.10572129387429105                               0.10572129387429106                               1
15.200000000000001                                0.11064661831598234                               0.11064661831598234                               1.0000000000000029
15.200000000000001                                0.11607031928529325                               0.11607031928529325                               1.0000000000000004
15.200000000000001                                0.11768325286702275                               0.11768325286702275                               1.0000000000000016
15.200000000000001                                0.12309944020749435                               0.12309944020749435                               1.0000000000000004
15.200000000000001                                0.13197039622103268                               0.1319703962210327                                0.9999999999999989
15.200000000000001                                0.13760249609664535                               0.13760249609664535                               1.0000000000000004
15.200000000000001                                0.14857384816153762                               0.14857384816153762                               1
15.200000000000001                                0.15118618738334547                               0.15118618738334547                               0.9999999999999996
15.200000000000001                                0.15411231175587048                               0.1541123117558705                                1.0000000000000002
15.200000000000001                                0.15967109279374878                               0.1596710927937488                                0.9999999999999997
15.200000000000001                                0.16184988359173033                               0.16184988359173033                               0.9999999999999981
15.200000000000001                                0.16750291338889736                               0.16750291338889736                               1.0000000000000018
15.200000000000001                                0.1691314245037859                                0.1691314245037859                                0.9999999999999998
15.200000000000001                                0.1725808294107527                                0.17258082941075273                               1.0000000000000009
15.4                                              0.015199631996604582                              0.015199631996604582                              1.0000000000000016
15.4                                              0.03946887285426192                               0.03946887285426192                               1.0000000000000002
15.4                                              0.04980578179088251                               0.04980578179088252                               0.9999999999999979
15.4                                              0.05995649997977653                               0.05995649997977653                               1.0000000000000007
15.4                                              0.07766355772447073                               0.07766355772447073                               1.0000000000000013
15.4                                              0.07864104765428667                               0.07864104765428667                               1.0000000000000007
15.4                                              0.08129298906136384                               0.08129298906136384                               1.0000000000000007
15.4                                              0.0822604886063198                                0.0822604886063198                                1.0000000000000004
15.4                                              0.08411914316108644                               0.08411914316108644                               1.0000000000000002
15.4                                              0.08567949775880807                               0.08567949775880808                               1
15.4                                              0.08926860804729027                               0.08926860804729028                               0.9999999999999993
15.4                                              0.09154102563043842                               0.09154102563043844                               1
15.4                                              0.09674884447162382                               0.09674884447162382                               0.9999999999999999
15.4                                              0.0995994237070795                                0.0995994237070795                                1
15.4                                              0.1018102655753051                                0.10181026557530512                               0.9999999999999993
15.4                                              0.1065593981130126                                0.10655939811301261                               1.0000000000000004
15.4                                              0.10979330873540313                               0.10979330873540315                               1.0000000000000004
15.4                                              0.11561002249282731                               0.11561002249282731                               0.9999999999999986
15.4                                              0.11869350189537767                               0.11869350189537768                               0.9999999999999999
15.4                                              0.12207946535070519                               0.1220794653507052                                0.9999999999999976
15.4                                              0.13315466488122424                               0.13315466488122424                               0.9999999999999996
15.4                                              0.1364166188612359                                0.1364166188612359                                0.9999999999999986
15.4                                              0.14993192334408445                               0.14993192334408445                               1.0000000000000002
15.4                                              0.1513969796750625                                0.15139697967506252                               0.9999999999999997
15.4                                              0.15276132624663935                               0.15276132624663935                               0.9999999999999991
15.4                                              0.1601315539549397-2.6458904508013987E-17i        0.1601315539549397-2.6458904508013987E-17i        1.0000000000000002
15.4                                              0.1613364145646312                                0.16133641456463121                               1.0000000000000009
15.4                                              0.16898784344140722                               0.16898784344140722                               0.999999999999999
15.4                                              0.16919455532645358-8.777278843643103E-17i        0.16919455532645358-8.777278843643103E-17i        0.9999999999999998
15.4                                              0.17106567764717143+3.390582273864903E-17i        0.17106567764717143+3.390582273864903E-17i        0.9999999999999986
15.600000000000001                                0.015227668688759965                              0.015227668688759965                              1.0000000000000002
15.600000000000001                                0.03953173516937261                               0.03953173516937261                               0.999999999999999
15.600000000000001                                0.049660721637564686                              0.049660721637564686                              1.0000000000000018
15.600000000000001                                0.060236278031346444                              0.060236278031346444                              1.0000000000000009
15.600000000000001                                0.07735105657492042                               0.07735105657492042                               0.9999999999999962
15.600000000000001                                0.07866147355914135                               0.07866147355914135                               0.9999999999999992
15.600000000000001                                0.08135600044571403                               0.08135600044571403                               1.0000000000000004
15.600000000000001                                0.08217764070465064                               0.08217764070465065                               0.9999999999999993
15.600000000000001                                0.08444226296817552                               0.08444226296817552                               1.0000000000000016
15.600000000000001                                0.08535055197566926                               0.08535055197566926                               0.9999999999999996
15.600000000000001                                0.08977263250995057                               0.08977263250995059                               0.9999999999999997
15.600000000000001                                0.0910378244009562                                0.0910378244009562                                0.9999999999999987
15.600000000000001                                0.09742732765337118                               0.09742732765337118                               1.000000000000001
15.600000000000001                                0.09892708609365786                               0.09892708609365786                               1.000000000000001
15.600000000000001                                0.10227121476677163                               0.10227121476677163                               0.9999999999999999
15.600000000000001                                0.10741048889309124                               0.10741048889309125                               1.0000000000000022
15.600000000000001                                0.10895344085990681                               0.10895344085990681                               1.000000000000001
15.600000000000001                                0.11515474546592938                               0.11515474546592938                               1
15.600000000000001                                0.11971702364561262-1.4221108633183496E-17i       0.11971702364561262-1.42211086331835E-17i         1.0000000000000002
15.600000000000001                                0.12107299218934342                               0.12107299218934342                               0.9999999999999991
15.600000000000001                                0.13435189099252604                               0.13435189099252604                               1
15.600000000000001                                0.1352443161538388                                0.1352443161538388                                1.0000000000000009
15.600000000000001                                0.1513015518708718                                0.1513015518708718                                0.9999999999999992
15.600000000000001                                0.1514239946280463                                0.1514239946280463                                1.0000000000000009
15.600000000000001                                0.1515774515780033                                0.15157745157800334                               0.9999999999999989
15.600000000000001                                0.16049242628336427                               0.1604924262833643                                1.0000000000000009
15.600000000000001                                0.16095595742896915+2.221666633444081E-17i        0.16095595742896915+2.2216666334440814E-17i       1.0000000000000009
15.600000000000001                                0.16916450407674777+4.906936942665339E-17i        0.1691645040767478+4.906936942665339E-17i         0.9999999999999998
15.600000000000001                                0.16956426185241474-4.4034984240174217E-16i       0.16956426185241474-4.403498424017422E-16i        1.0000000000000007
15.600000000000001                                0.17058632806477736+4.006661246529354E-17i        0.17058632806477736+4.006661246529354E-17i        1.0000000000000002
15.8                                              0.015256015212783844-1.923274000929749E-18i       0.015256015212783844-1.923274000929749E-18i       1.0000000000000013
15.8                                              0.039596973934018086                              0.039596973934018086                              1
15.8                                              0.0495166333822014                                0.0495166333822014                                0.999999999999999
15.8                                              0.06051907124119022                               0.06051907124119022                               0.9999999999999992
15.8                                              0.07703883770017259                               0.07703883770017259                               0.9999999999999982
15.8                                              0.07868378484331012                               0.07868378484331012                               0.9999999999999976
15.8                                              0.08140463525497842                               0.08140463525497842                               0.9999999999999993
15.8                                              0.08214443322063114                               0.08214443322063114                               0.9999999999999983
15.8                                              0.0847800549598492                                0.0847800549598492                                0.9999999999999994
15.8                                              0.08503588402400557                               0.08503588402400558                               1.000000000000001
15.8                                              0.09029003101650579                               0.09029003101650579                               1.0000000000000016
15.8                                              0.09054812180351866                               0.09054812180351866                               0.9999999999999999
15.8                                              0.09811887551773722                               0.09811887551773724                               0.999999999999999
15.8                                              0.09826815677115099                               0.09826815677115099                               0.9999999999999992
15.8                                              0.10273084750028537                               0.10273084750028537                               0.9999999999999996
15.8                                              0.1081270065012773                                0.1081270065012773                                0.9999999999999987
15.8                                              0.10827455073954113                               0.10827455073954115                               1.000000000000001
15.8                                              0.11470548043475523                               0.11470548043475524                               0.9999999999999993
15.8                                              0.12008001137938625                               0.12008001137938626                               1.0000000000000002
15.8                                              0.12075356404664726                               0.12075356404664728                               1.000000000000001
15.8                                              0.13408557799078663                               0.13408557799078663                               1.0000000000000007
15.8                                              0.13556206226110917                               0.13556206226110917                               1.000000000000001
15.8                                              0.1501003068984066                                0.1501003068984066                                1.0000000000000007
15.8                                              0.15172035764277075                               0.15172035764277075                               0.9999999999999978
15.8                                              0.15268823799776554                               0.15268823799776554                               1.0000000000000024
15.8                                              0.1602183152495088                                0.1602183152495088                                1.0000000000000007
15.8                                              0.16124612600513996-4.063767687487976E-17i        0.16124612600513996-4.063767687487976E-17i        1
15.8                                              0.16807657109605575                               0.16807657109605575                               1.0000000000000013
15.8                                              0.16919891774229293+4.15140556618428E-17i         0.16919891774229293+4.15140556618428E-17i         1
15.8                                              0.1721401976093015-2.1843710136236656E-17i        0.1721401976093015-2.1843710136236656E-17i        0.9999999999999993
16                                                0.015284671821473778                              0.01528467182147378                               1.0000000000000044
16                                                0.039664578657474955                              0.039664578657474955                              0.9999999999999989
16                                                0.04937367247779861                               0.04937367247779861                               0.9999999999999992
16                                                0.060804695040042885                              0.06080469504004289                               1
16                                                0.07672772612739095                               0.07672772612739095                               0.999999999999998
16                                                0.07870733790805509                               0.07870733790805509                               1.000000000000003
16                                                0.08142756347135388                               0.08142756347135388                               1.0000000000000002
16                                                0.08217219144229189                               0.08217219144229189                               0.9999999999999984
16                                                0.08473550186641773                               0.08473550186641775                               1.0000000000000013
16                                                0.08513238746104385                               0.08513238746104385                               1.0000000000000013
16                                                0.09007190924523281                               0.09007190924523281                               1.000000000000001
16                                                0.09082076958090478                               0.09082076958090478                               0.9999999999999978
16                                                0.09762262824149336                               0.09762262824149337                               1.0000000000000013
16                                                0.09882347244949496                               0.09882347244949498                               0.9999999999999996
16                                                0.1031881460419116                                0.10318814604191161                               1.0000000000000002
16                                                0.10731399785591236                               0.10731399785591238                               1.0000000000000022
16                                                0.10915156593919721                               0.10915156593919723                               1.0000000000000009
16                                                0.11426326200487726                               0.11426326200487727                               1.0000000000000004
16                                                0.11910051353673404                               0.11910051353673404                               1.000000000000001
16                                                0.12180305641544548                               0.12180305641544548                               1.0000000000000013
16                                                0.13294039432048538                               0.13294039432048538                               0.9999999999999993
16                                                0.13678516599929227                               0.13678516599929227                               0.9999999999999999
16                                                0.14879025208581495                               0.14879025208581495                               1.0000000000000024
16                                                0.1518302611279339                                0.1518302611279339                                0.9999999999999989
16                                                0.15408506206467074                               0.15408506206467074                               1.0000000000000016
16                                                0.15976553127579257                               0.15976553127579257                               1.0000000000000024
16                                                0.16175318229044808                               0.16175318229044808                               0.9999999999999989
16                                                0.1666025943824682                                0.1666025943824682                                1.0000000000000004
16                                                0.1692377002643637                                0.16923770026436372                               1.0000000000000002
16                                                0.17370929030454957                               0.17370929030454957                               1.0000000000000002
16.2                                              0.01531363882258753                               0.015313638822587532                              0.9999999999999991
16.2                                              0.03973453812951358                               0.03973453812951358                               0.9999999999999987
16.2                                              0.049231973706542934                              0.049231973706542934                              0.9999999999999984
16.2                                              0.06109298166686599                               0.06109298166686599                               1.0000000000000002
16.2                                              0.07641812848714531                               0.07641812848714531                               1.0000000000000007
16.2                                              0.07873183551397149                               0.07873183551397149                               0.9999999999999994
16.2                                              0.08142554125713959                               0.08142554125713959                               1.0000000000000007
16.2                                              0.0822601143297147                                0.0822601143297147                                1.000000000000001
16.2                                              0.08444982941664483                               0.08444982941664483                               0.9999999999999986
16.2                                              0.08549881031036274                               0.08549881031036274                               1.0000000000000004
16.2                                              0.08960923095135338                               0.08960923095135338                               0.9999999999999996
16.2                                              0.09136477018699737                               0.09136477018699737                               0.9999999999999989
16.2                                              0.09699050069723741                               0.09699050069723741                               0.9999999999999991
16.2                                              0.09954109620247191                               0.09954109620247191                               0.9999999999999999
16.2                                              0.10364177486940149                               0.10364177486940149                               1.0000000000000022
16.2                                              0.10651440670396635                               0.10651440670396636                               0.9999999999999977
16.2                                              0.11004151209612129                               0.11004151209612129                               1.000000000000002
16.2                                              0.1138294188892491                                0.1138294188892491                                0.9999999999999994
16.2                                              0.11813448923144375                               0.11813448923144375                               0.9999999999999974
16.2                                              0.1228654674765202                                0.12286546747652022                               0.9999999999999986
16.2                                              0.13180875502467326                               0.13180875502467326                               0.9999999999999997
16.2                                              0.1380211890219508                                0.1380211890219508                                0.9999999999999997
16.2                                              0.14749381969739178                               0.14749381969739178                               0.9999999999999992
16.2                                              0.15190106611119544                               0.15190106611119544                               1.0000000000000002
16.2                                              0.1554950583247462                                0.1554950583247462                                0.9999999999999993
16.2                                              0.15932213975135986                               0.15932213975135986                               1.0000000000000013
16.2                                              0.16229211816823536                               0.16229211816823536                               1.0000000000000002
16.2                                              0.1651423206504515                                0.1651423206504515                                1.0000000000000002
16.2                                              0.1692823734622826                                0.1692823734622826                                1.0000000000000004
16.2                                              0.1752920481662733                                0.1752920481662733                                1.0000000000000007
16.400000000000002                                0.015342916575619078                              0.015342916575619078                              0.9999999999999981
16.400000000000002                                0.039806840377495496                              0.039806840377495496                              0.9999999999999993
16.400000000000002                                0.04909165471327518                               0.04909165471327518                               1.0000000000000016
16.400000000000002                                0.06138377582013842+1.1623109235138805E-17i       0.061383775820138424+1.1623109235138805E-17i      0.9999999999999984
16.400000000000002                                0.076110294118733+8.602911162917699E-18i          0.076110294118733+8.602911162917699E-18i          1.000000000000001
16.400000000000002                                0.07875707061434714                               0.07875707061434714                               0.9999999999999998
16.400000000000002                                0.08141052412973288                               0.08141052412973288                               1.0000000000000013
16.400000000000002                                0.08239615788402728                               0.08239615788402728                               1.0000000000000004
16.400000000000002                                0.08417900475456128                               0.08417900475456128                               1.000000000000002
16.400000000000002                                0.08587925756241936                               0.08587925756241936                               0.9999999999999998
16.400000000000002                                0.08916009347154577                               0.08916009347154578                               0.9999999999999977
16.400000000000002                                0.09192200053792977                               0.09192200053792977                               0.9999999999999972
16.400000000000002                                0.09637176957767504                               0.09637176957767506                               0.9999999999999999
16.400000000000002                                0.10027173027320939                               0.10027173027320939                               1.0000000000000002
16.400000000000002                                0.10408993880748396                               0.10408993880748398                               0.999999999999999
16.400000000000002                                0.1057282252057524                                0.1057282252057524                                0.9999999999999993
16.400000000000002                                0.11094434764971782                               0.11094434764971782                               0.9999999999999996
16.400000000000002                                0.11340575281953623                               0.11340575281953624                               1.000000000000002
16.400000000000002                                0.11718192900071057                               0.11718192900071059                               0.9999999999999988
16.400000000000002                                0.12394077336332189                               0.12394077336332189                               1.0000000000000007
16.400000000000002                                0.13069064992096813                               0.13069064992096813                               0.9999999999999993
16.400000000000002                                0.13927011748154938                               0.13927011748154938                               0.9999999999999983
16.400000000000002                                0.14621099905161866                               0.14621099905161866                               1.0000000000000002
16.400000000000002                                0.15192923398266367                               0.15192923398266367                               0.9999999999999994
16.400000000000002                                0.15691803293171508                               0.15691803293171508                               1.0000000000000007
16.400000000000002                                0.15890672702946745                               0.15890672702946745                               0.9999999999999992
16.400000000000002                                0.1628478601462731+2.1099677249957344E-17i        0.1628478601462731+2.1099677249957344E-17i        0.9999999999999996
16.400000000000002                                0.16369573877478483                               0.16369573877478483                               0.999999999999999
16.400000000000002                                0.1693334573871497+2.4291780564925594E-17i        0.1693334573871497+2.4291780564925594E-17i        1.0000000000000013
16.400000000000002                                0.17688813213209265                               0.17688813213209267                               0.9999999999999989
16.6                                              0.015372505488397734                              0.015372505488397734                              0.9999999999999991
16.6                                              0.03988147261592403                               0.03988147261592403                               0.9999999999999979
16.6                                              0.04895281889953036                               0.04895281889953036                               0.9999999999999989
16.6                                              0.06167693074022507+9.022834590483833E-18i        0.061676930740225074+9.022834590483833E-18i       1.0000000000000009
16.6                                              0.07580440301391403                               0.07580440301391403                               1.0000000000000029
16.6                                              0.0787828552605667                                0.0787828552605667                                0.9999999999999963
16.6                                              0.08139487732630264                               0.08139487732630264                               1.0000000000000002
16.6                                              0.08256778698760493                               0.08256778698760493                               0.9999999999999999
16.6                                              0.08392339019992988                               0.08392339019992988                               1.0000000000000013
16.6                                              0.0862735603841556                                0.08627356038415561                               0.9999999999999989
16.6                                              0.08872452114373278                               0.08872452114373278                               1.0000000000000002
16.6                                              0.09249241820850246                               0.09249241820850247                               0.9999999999999997
16.6                                              0.09576643244189786                               0.09576643244189786                               0.9999999999999994
16.6                                              0.10101535695433266                               0.10101535695433267                               1.0000000000000004
16.6                                              0.10453016825192282                               0.10453016825192282                               1
16.6                                              0.10495544575335491                               0.10495544575335493                               0.999999999999997
16.6                                              0.11185990273626846                               0.11185990273626846                               1.0000000000000024
16.6                                              0.11299486846583247                               0.11299486846583247                               1.0000000000000013
16.6                                              0.11624282335093916                               0.11624282335093916                               0.9999999999999998
16.6                                              0.12502895331160938                               0.12502895331160938                               0.9999999999999997
16.6                                              0.12958606876487563                               0.12958606876487563                               0.9999999999999991
16.6                                              0.14053193659204527                               0.14053193659204527                               0.9999999999999992
16.6                                              0.14494177939686032                               0.14494177939686032                               0.9999999999999988
16.6                                              0.15191064225845924                               0.15191064225845924                               0.9999999999999993
16.6                                              0.1583538677102127                                0.1583538677102127                                1.0000000000000009
16.6                                              0.15852771241715086                               0.15852771241715086                               0.9999999999999994
16.6                                              0.1622628375665937                                0.1622628375665937                                1.0000000000000009
16.6                                              0.16341576702524535                               0.16341576702524535                               0.9999999999999993
16.6                                              0.16939151529311372+3.3384475791214054E-17i       0.16939151529311372+3.3384475791214054E-17i       1.0000000000000009
16.6                                              0.17849740491098356+6.866107343523598E-17i        0.17849740491098356+6.866107343523598E-17i        0.9999999999999992
16.8                                              0.015402406013620626                              0.015402406013620626                              0.9999999999999984
16.8                                              0.039958421187296755                              0.03995842118729676                               1.0000000000000013
16.8                                              0.04881555781042427                               0.04881555781042427                               1.0000000000000004
16.8                                              0.061972304526781694                              0.061972304526781694                              1.0000000000000018
16.8                                              0.07550060230194594                               0.07550060230194594                               0.9999999999999981
16.8                                              0.07880901073958707                               0.07880901073958707                               1.0000000000000007
16.8                                              0.0813866707182102                                0.08138667071821021                               1.000000000000002
16.8                                              0.08276657444014839                               0.08276657444014839                               1
16.8                                              0.08368351672248474                               0.08368351672248474                               0.9999999999999982
16.8                                              0.08668158374266574                               0.08668158374266575                               1.0000000000000009
16.8                                              0.08830254246147212                               0.08830254246147214                               0.9999999999999984
16.8                                              0.09307598429910993                               0.09307598429910993                               1.0000000000000016
16.8                                              0.09517448752955354                               0.09517448752955354                               0.999999999999998
16.8                                              0.1017719586777535                                0.1017719586777535                                1
16.8                                              0.10419605943349307                               0.10419605943349308                               1.0000000000000018
16.8                                              0.104958993036455                                 0.104958993036455                                 1.0000000000000009
16.8                                              0.11259608920376184                               0.11259608920376185                               0.9999999999999993
16.8                                              0.11279229307816796                               0.11279229307816796                               0.999999999999998
16.8                                              0.1153171627639583                                0.1153171627639583                                0.9999999999999969
16.8                                              0.1261299874123933                                0.1261299874123933                                0.9999999999999991
16.8                                              0.128495001252078                                 0.128495001252078                                 1.000000000000001
16.8                                              0.1418066301293379                                0.1418066301293379                                1.0000000000000002
16.8                                              0.1436861499146153                                0.1436861499146153                                0.9999999999999983
16.8                                              0.1518412180283877                                0.1518412180283877                                0.9999999999999992
16.8                                              0.15819116045591042                               0.15819116045591042                               0.9999999999999998
16.8                                              0.15980280336497896                               0.15980280336497898                               0.9999999999999997
16.8                                              0.16084360577479892                               0.16084360577479892                               1.0000000000000009
16.8                                              0.16399283586813615                               0.16399283586813615                               1.0000000000000002
16.8                                              0.1694573598449069                                0.1694573598449069                                1.0000000000000007
16.8                                              0.17991412420020353-6.296608753107706E-15i        0.17991412420020353-6.296608753107706E-15i        0.9999999999999999
17                                                0.015432618645309051+1.7275888124869023E-18i      0.015432618645309051+1.7275888124869025E-18i      1.0000000000000007
17                                                0.04003767149276707                               0.04003767149276707                               0.9999999999999986
17                                                0.048679953118605866                              0.04867995311860587                               0.9999999999999988
17                                                0.06226975649988244+1.2826775575401542E-17i       0.06226975649988244+1.2826775575401542E-17i       0.9999999999999996
17                                                0.07519902431944027                               0.07519902431944027                               1.0000000000000009
17                                                0.07883538147607079                               0.07883538147607079                               0.9999999999999983
17                                                0.08139036907508684                               0.08139036907508684                               0.9999999999999994
17                                                0.08298703439768909                               0.08298703439768909                               1
17                                                0.08346054525030318                               0.08346054525030318                               0.9999999999999998
17                                                0.08710320978561052                               0.08710320978561054                               0.9999999999999997
17                                                0.08789419298435401                               0.08789419298435401                               0.9999999999999997
17                                                0.09367266188013659                               0.09367266188013659                               0.9999999999999982
17                                                0.09459593402848529                               0.09459593402848529                               0.9999999999999999
17                                                0.10254151765382087                               0.10254151765382089                               1.0000000000000016
17                                                0.10345006035834155                               0.10345006035834155                               1.0000000000000016
17                                                0.10537143901535106                               0.10537143901535108                               0.9999999999999991
17                                                0.11222466195826834                               0.11222466195826834                               1.0000000000000018
17                                                0.113731215264685                                 0.113731215264685                                 1.0000000000000002
17                                                0.11440493770507165                               0.11440493770507165                               0.9999999999999999
17                                                0.12724385558629675                               0.12724385558629675                               0.9999999999999993
17                                                0.1274174370216806                                0.1274174370216806                                1.0000000000000027
17                                                0.14244409972101468                               0.14244409972101468                               1.0000000000000009
17                                                0.14309417943945577                               0.14309417943945577                               1.000000000000002
17                                                0.15171770941839127+2.950795170579015E-17i        0.1517177094183913+2.950795170579016E-17i         1.0000000000000013
17                                                0.15790221139311963-2.5318432810406748E-17i       0.15790221139311963-2.5318432810406748E-17i       0.9999999999999997
17                                                0.15943803208619453                               0.15943803208619453                               0.9999999999999986
17                                                0.16126453210567243                               0.16126453210567246                               0.9999999999999998
17                                                0.16457628934231727                               0.16457628934231727                               0.9999999999999989
17                                                0.1695322080405889                                0.16953220804058894                               0.9999999999999979
17                                                0.17834625501783152-6.073695384293384E-17i        0.17834625501783155-6.073695384293384E-17i        1.0000000000000007
17.2                                              0.015463143915189964-2.061770761086514E-18i       0.015463143915189964-2.0617707610865145E-18i      1.000000000000002
17.2                                              0.040119207910837396                              0.040119207910837396                              0.9999999999999987
17.2                                              0.048546078287899884                              0.04854607828789989                               1.0000000000000007
17.2                                              0.06256914340258084                               0.06256914340258084                               1.0000000000000002
17.2                                              0.07489979730317878                               0.07489979730317878                               1.0000000000000002
17.2                                              0.07886185567119824                               0.07886185567119824                               1.0000000000000002
17.2                                              0.08140816837750209                               0.0814081683775021                                1.000000000000001
17.2                                              0.08320415171634854                               0.08320415171634854                               0.9999999999999983
17.2                                              0.08327737630910237                               0.08327737630910237                               1.0000000000000002
17.2                                              0.08749933723405032                               0.08749933723405032                               1.0000000000000009
17.2                                              0.08753851224327068                               0.08753851224327068                               0.9999999999999993
17.2                                              0.094030768443262                                 0.09403076844326201                               1
17.2                                              0.09428241892284198                               0.09428241892284199                               1.0000000000000013
17.2                                              0.10271744002803306                               0.10271744002803306                               0.9999999999999993
17.2                                              0.10332401543849082                               0.10332401543849082                               0.9999999999999989
17.2                                              0.10576029547842498                               0.105760295478425                                 1.0000000000000007
17.2                                              0.11187889956231754                               0.11187889956231756                               1.0000000000000004
17.2                                              0.1135061386188365                                0.11350613861883652                               1.0000000000000016
17.2                                              0.11468554349769783                               0.11468554349769783                               0.9999999999999984
17.2                                              0.12635336565389815                               0.12635336565389815                               1.0000000000000018
17.2                                              0.12837053698221734                               0.12837053698221734                               1.0000000000000007
17.2                                              0.14121561786834685                               0.14121561786834688                               0.9999999999999988
17.2                                              0.14439456121267155                               0.14439456121267155                               1.0000000000000002
17.2                                              0.15153853528283956-2.1946024444749582E-17i       0.1515385352828396-2.1946024444749582E-17i        0.9999999999999987
17.2                                              0.15766361586020616                               0.15766361586020616                               1.000000000000001
17.2                                              0.15804610512966177                               0.15804610512966177                               0.9999999999999999
17.2                                              0.16273914198911976                               0.1627391419891198                                1.0000000000000018
17.2                                              0.16516304621569447+1.852039446407137E-17i        0.16516304621569447+1.852039446407137E-17i        1.0000000000000004
17.2                                              0.16961789684984652                               0.16961789684984652                               0.9999999999999994
17.2                                              0.1767921067012855                                0.1767921067012855                                0.9999999999999999
17.400000000000002                                0.015493982389028313                              0.015493982389028313                              0.9999999999999986
17.400000000000002                                0.04020301370196199                               0.04020301370196199                               1
17.400000000000002                                0.04841399998260675                               0.04841399998260676                               1.0000000000000004
17.400000000000002                                0.06287031521230801                               0.06287031521230801                               0.9999999999999992
17.400000000000002                                0.07460305306258169                               0.07460305306258169                               0.9999999999999996
17.400000000000002                                0.07888838206905713                               0.07888838206905713                               0.9999999999999998
17.400000000000002                                0.08144075602301439                               0.08144075602301439                               1.0000000000000002
17.400000000000002                                0.08305799348357222                               0.08305799348357222                               0.9999999999999983
17.400000000000002                                0.0834932590770883                                0.0834932590770883                                1.000000000000001
17.400000000000002                                0.08711851780437549                               0.08711851780437549                               1.000000000000002
17.400000000000002                                0.08798690537780356                               0.08798690537780357                               1.0000000000000009
17.400000000000002                                0.09347899950929764                               0.09347899950929764                               1.000000000000001
17.400000000000002                                0.09490521270518751                               0.09490521270518752                               1.0000000000000029
17.400000000000002                                0.10199819157380934                               0.10199819157380935                               0.9999999999999996
17.400000000000002                                0.10411943057599157                               0.10411943057599157                               0.9999999999999986
17.400000000000002                                0.10611511459411531                               0.10611511459411531                               0.9999999999999991
17.400000000000002                                0.11157165854753415                               0.11157165854753416                               0.9999999999999988
17.400000000000002                                0.11262075597787598                               0.11262075597787598                               1.0000000000000004
17.400000000000002                                0.11565285091932839                               0.1156528509193284                                1.000000000000001
17.400000000000002                                0.12530277668294365                               0.12530277668294365                               0.9999999999999997
17.400000000000002                                0.12951000949409602                               0.12951000949409602                               1.0000000000000013
17.400000000000002                                0.14000069334611037                               0.14000069334611037                               1.0000000000000018
17.400000000000002                                0.14570774156759575                               0.14570774156759575                               0.9999999999999997
17.400000000000002                                0.1513044163705527                                0.1513044163705527                                1.0000000000000027
17.400000000000002                                0.15666781345427755                               0.15666781345427755                               0.9999999999999983
17.400000000000002                                0.1574757381307166                                0.1574757381307166                                1
17.400000000000002                                0.164226591440074                                 0.164226591440074                                 1.0000000000000013
17.400000000000002                                0.16574927862611455                               0.16574927862611455                               0.999999999999998
17.400000000000002                                0.16971722847985637+2.5851393586566915E-17i       0.16971722847985637+2.5851393586566918E-17i       1.0000000000000009
17.400000000000002                                0.17525166758302807                               0.17525166758302807                               1.0000000000000004
17.6                                              0.015525134662915469                              0.015525134662915469                              1.0000000000000013
17.6                                              0.04028907089646713                               0.04028907089646713                               1.0000000000000002
17.6                                              0.048283779275642695                              0.0482837792756427                                0.9999999999999988
17.6                                              0.0631731102730752+9.55518433552582E-18i          0.0631731102730752+9.555184335525822E-18i         1.000000000000001
17.6                                              0.0743089336681307                                0.0743089336681307                                1.0000000000000009
17.6                                              0.0789149760441084                                0.0789149760441084                                0.9999999999999998
17.6                                              0.08148755216539404                               0.08148755216539404                               1.0000000000000018
17.6                                              0.08288943093748219                               0.08288943093748219                               0.9999999999999993
17.6                                              0.08376782021604966                               0.08376782021604967                               0.9999999999999981
17.6                                              0.08675131980966977                               0.08675131980966978                               1.0000000000000004
17.6                                              0.08844877861398448                               0.08844877861398448                               1.0000000000000004
17.6                                              0.09294062307649122                               0.09294062307649123                               1.0000000000000002
17.6                                              0.09554101413585044                               0.09554101413585044                               1.0000000000000016
17.6                                              0.10129230771412118                               0.10129230771412119                               1
17.6                                              0.10492773388008872                               0.10492773388008872                               1.0000000000000009
17.6                                              0.10642118325410824                               0.10642118325410824                               0.9999999999999983
17.6                                              0.11131774745660235                               0.11131774745660236                               1.0000000000000004
17.6                                              0.11174878033342939                               0.1117487803334294                                1.000000000000003
17.6                                              0.11663303689972271                               0.11663303689972271                               1.0000000000000007
17.6                                              0.12426565958903617                               0.12426565958903617                               0.9999999999999982
17.6                                              0.1306622493016986                                0.1306622493016986                                1.000000000000003
17.6                                              0.13879931508259535                               0.13879931508259535                               0.999999999999998
17.6                                              0.14703365577162916                               0.1470336557716292                                1.0000000000000004
17.6                                              0.1510185065620496                                0.1510185065620496                                0.9999999999999981
17.6                                              0.15530314558814656                               0.15530314558814656                               1.0000000000000007
17.6                                              0.15733638520733056                               0.15733638520733056                               0.9999999999999988
17.6                                              0.16572668139599808                               0.16572668139599808                               0.9999999999999991
17.6                                              0.16632994077878477                               0.16632994077878477                               1.0000000000000004
17.6                                              0.16983453233293827                               0.1698345323329383                                1
17.6                                              0.17372492593515054                               0.17372492593515057                               0.9999999999999981
17.8                                              0.015556601359523137-2.4174443355834436E-18i      0.015556601359523138-2.4174443355834436E-18i      0.9999999999999989
17.8                                              0.04037736016264965                               0.04037736016264965                               0.9999999999999988
17.8                                              0.04815547269887684                               0.04815547269887684                               0.9999999999999993
17.8                                              0.06347734936950271+1.0636543269845609E-17i       0.06347734936950271+1.0636543269845609E-17i       0.9999999999999996
17.8                                              0.07401759834040364+1.0069151823821838E-17i       0.07401759834040365+1.0069151823821838E-17i       0.9999999999999998
17.8                                              0.07894171214146306                               0.07894171214146306                               1
17.8                                              0.08154652686879152                               0.08154652686879152                               1
17.8                                              0.08274209064054594                               0.08274209064054594                               1.0000000000000007
17.8                                              0.0840593011080582                                0.0840593011080582                                1.0000000000000007
17.8                                              0.08639795964301067                               0.08639795964301068                               0.9999999999999989
17.8                                              0.08892390772319879                               0.08892390772319879                               0.9999999999999986
17.8                                              0.0924156441960169                                0.09241564419601692                               1.000000000000001
17.8                                              0.09618978461711654                               0.09618978461711655                               0.9999999999999999
17.8                                              0.10059978165031035                               0.10059978165031035                               1
17.8                                              0.10574885574106846                               0.10574885574106846                               1.0000000000000007
17.8                                              0.10665940922242535                               0.10665940922242535                               1.000000000000001
17.8                                              0.11089020098004788                               0.1108902009800479                                1.0000000000000009
17.8                                              0.11113633518106958                               0.11113633518106959                               0.9999999999999983
17.8                                              0.11762606684425096                               0.11762606684425098                               0.9999999999999981
17.8                                              0.12324200380710347                               0.12324200380710348                               0.9999999999999993
17.8                                              0.1318272303125205                                0.1318272303125205                                0.9999999999999987
17.8                                              0.13761147194618165                               0.13761147194618165                               1.0000000000000004
17.8                                              0.14837209983802516                               0.14837209983802516                               0.9999999999999993
17.8                                              0.15068603474014142                               0.15068603474014142                               0.9999999999999999
17.8                                              0.15395208996714366                               0.15395208996714366                               1.0000000000000009
17.8                                              0.1572413066155687+2.4082176713062554E-17i        0.1572413066155687+2.4082176713062554E-17i        0.9999999999999991
17.8                                              0.16689564582942923-8.625661490905112E-17i        0.16689564582942923-8.625661490905113E-17i        0.9999999999999996
17.8                                              0.16724127010826714+2.111476059738293E-17i        0.16724127010826717+2.1114760597382934E-17i       1.000000000000002
17.8                                              0.16997654193946765-6.770607366493555E-17i        0.16997654193946768-6.770607366493555E-17i        1.0000000000000002
17.8                                              0.17221186997044152-3.6409366520122225E-17i       0.17221186997044155-3.6409366520122225E-17i       1.0000000000000009
18                                                0.01558838312435687                               0.015588383124356871                              1.0000000000000027
18                                                0.04046786065123981                               0.04046786065123981                               0.9999999999999991
18                                                0.048029133171691524                              0.048029133171691524                              0.9999999999999994
18                                                0.06378282822041334+1.4196490530554474E-17i       0.06378282822041334+1.4196490530554474E-17i       0.9999999999999987
18                                                0.0737292314585693                                0.0737292314585693                                0.9999999999999996
18                                                0.07896870429510879                               0.07896870429510879                               0.9999999999999998
18                                                0.08161352993086055                               0.08161352993086056                               0.9999999999999976
18                                                0.08262122246098216                               0.08262122246098216                               1.000000000000002
18                                                0.08436637733267688                               0.08436637733267688                               1.0000000000000018
18                                                0.08605852213243897                               0.08605852213243897                               0.9999999999999993
18                                                0.08941221854159317                               0.08941221854159319                               0.999999999999999
18                                                0.09190406806940836                               0.09190406806940836                               1.000000000000002
18                                                0.09685148355791799                               0.09685148355791799                               1.0000000000000007
18                                                0.0999206068196043                                0.0999206068196043                                1.0000000000000007
18                                                0.10658201856981032                               0.10658201856981032                               1.0000000000000027
18                                                0.10680974596054153                               0.10680974596054155                               1.0000000000000009
18                                                0.11004501067465502                               0.11004501067465504                               0.9999999999999977
18                                                0.11104824515243905                               0.11104824515243907                               0.9999999999999988
18                                                0.11863191813578153                               0.11863191813578154                               1.0000000000000007
18                                                0.12223179872873179                               0.1222317987287318                                0.9999999999999986
18                                                0.13300492344156295                               0.13300492344156295                               1.0000000000000002
18                                                0.13643715274679447                               0.13643715274679447                               1.0000000000000007
18                                                0.1497207226835535                                0.1497207226835535                                0.9999999999999993
18                                                0.1503154888819883+1.679192060478262E-17i         0.1503154888819883+1.679192060478262E-17i         1.0000000000000002
18                                                0.15261463498152014                               0.15261463498152014                               0.9999999999999997
18                                                0.15718503987778143                               0.15718503987778146                               0.999999999999998
18                                                0.16743904621569566-8.172891171687204E-17i        0.16743904621569566-8.172891171687204E-17i        1.0000000000000004
18                                                0.1687666972356669+5.441712576522534E-17i         0.1687666972356669+5.441712576522534E-17i         1.0000000000000007
18                                                0.17015357013177773-7.773781426523554E-16i        0.17015357013177776-7.773781426523554E-16i        0.9999999999999996
18                                                0.17071248784338836                               0.17071248784338836                               0.9999999999999982
18.2                                              0.015620480621970245                              0.015620480621970245                              0.9999999999999956
18.2                                              0.040560549811486754                              0.04056054981148676                               1.0000000000000022
18.2                                              0.04790481083819751                               0.04790481083819752                               1.000000000000001
18.2                                              0.06408930764586328                               0.06408930764586328                               0.9999999999999999
18.2                                              0.07344405263994046                               0.07344405263994046                               0.9999999999999982
18.2                                              0.0789960782734214                                0.0789960782734214                                1.0000000000000013
18.2                                              0.08168106886568686                               0.08168106886568686                               1.0000000000000004
18.2                                              0.08253463710984349                               0.08253463710984349                               1.0000000000000009
18.2                                              0.0846884666389686                                0.08468846663896862                               1.0000000000000013
18.2                                              0.08573310949429046                               0.08573310949429047                               1.0000000000000004
18.2                                              0.08991364042054459                               0.08991364042054459                               0.9999999999999991
18.2                                              0.09140590181428772                               0.09140590181428772                               0.9999999999999993
18.2                                              0.0975260642192067                                0.09752606421920672                               1.0000000000000009
18.2                                              0.09925477697745748                               0.09925477697745749                               1.000000000000001
18.2                                              0.1068533578899465                                0.1068533578899465                                1.0000000000000013
18.2                                              0.10743077885255026                               0.10743077885255026                               1.000000000000001
18.2                                              0.10921319833023006                               0.10921319833023006                               1.0000000000000013
18.2                                              0.11106876704920388                               0.11106876704920388                               0.9999999999999972
18.2                                              0.119650571422179                                 0.11965057142217901                               0.9999999999999967
18.2                                              0.12123503370563943                               0.12123503370563943                               1.0000000000000004
18.2                                              0.13419529559722243                               0.13419529559722243                               0.9999999999999986
18.2                                              0.1352763462374082                                0.1352763462374082                                0.9999999999999991
18.2                                              0.14990165378589762                               0.14990165378589762                               0.9999999999999991
18.2                                              0.15109113893320703+1.882447680369596E-17i        0.15109113893320703+1.882447680369596E-17i        0.9999999999999991
18.2                                              0.15129076896481558+1.826951577420637E-17i        0.15129076896481558+1.826951577420637E-17i        1.0000000000000018
18.2                                              0.15716177676014656                               0.15716177676014656                               0.9999999999999996
18.2                                              0.1679423141420938-1.0648824808705103E-16i        0.1679423141420938-1.0648824808705105E-16i        0.9999999999999999
18.2                                              0.16922676765089312+2.1796354510546385E-16i       0.16922676765089312+2.1796354510546387E-16i       0.9999999999999999
18.2                                              0.17030473534949023+2.151767304360493E-15i        0.17030473534949023+2.151767304360493E-15i        1.0000000000000016
18.2                                              0.17038106158758348+9.708920468466763E-15i        0.1703810615875835+9.708920468466763E-15i         0.9999999999999989
18.400000000000002                                0.01565289453219823                               0.01565289453219823                               1.000000000000002
18.400000000000002                                0.04065540317314528                               0.04065540317314528                               0.9999999999999999
18.400000000000002                                0.04778255383972906                               0.04778255383972907                               0.9999999999999979
18.400000000000002                                0.06439650031134458                               0.06439650031134458                               0.9999999999999994
18.400000000000002                                0.07316233009801813                               0.07316233009801813                               0.9999999999999982
18.400000000000002                                0.07902394262841542                               0.07902394262841543                               1.0000000000000007
18.400000000000002                                0.08173748946849146                               0.08173748946849146                               1
18.400000000000002                                0.08249409845253304                               0.08249409845253304                               1.000000000000001
18.400000000000002                                0.08502517089568819                               0.0850251708956882                                0.9999999999999988
18.400000000000002                                0.08542185692435071                               0.08542185692435073                               1.000000000000003
18.400000000000002                                0.09042810151870379                               0.0904281015187038                                0.9999999999999988
18.400000000000002                                0.0909211564657467                                0.09092115646574671                               1.0000000000000016
18.400000000000002                                0.0982134688765422                                0.09821346887654221                               1.0000000000000009
18.400000000000002                                0.09860228643430888                               0.09860228643430888                               1.000000000000001
18.400000000000002                                0.10679349144325541                               0.10679349144325542                               0.9999999999999996
18.400000000000002                                0.10829029022809251                               0.10829029022809253                               1
18.400000000000002                                0.10839475489085701                               0.10839475489085701                               1.0000000000000009
18.400000000000002                                0.11119952432167149                               0.11119952432167149                               1.0000000000000018
18.400000000000002                                0.12025169805076227                               0.12025169805076227                               0.9999999999999996
18.400000000000002                                0.12068200827149904                               0.12068200827149905                               1.0000000000000004
18.400000000000002                                0.13412904111535562                               0.13412904111535562                               1.0000000000000007
18.400000000000002                                0.1353983081617963                                0.1353983081617963                                0.999999999999999
18.400000000000002                                0.14946698471827322                               0.14946698471827322                               1
18.400000000000002                                0.1499804802061715                                0.1499804802061715                                1.0000000000000002
18.400000000000002                                0.15246690734671325                               0.15246690734671325                               1.0000000000000013
18.400000000000002                                0.15716602533452909                               0.1571660253345291                                0.9999999999999991
18.400000000000002                                0.16775469743366617                               0.16775469743366617                               0.999999999999999
18.400000000000002                                0.1683879385604149-2.3038075970330066E-17i        0.1683879385604149-2.303807597033007E-17i         1.0000000000000009
18.400000000000002                                0.17067407420744113+3.3916785690457226E-16i       0.17067407420744113+3.3916785690457226E-16i       1.000000000000001
18.400000000000002                                0.17185729898181062                               0.17185729898181065                               1.0000000000000013
18.6                                              0.01568562554643564                               0.01568562554643564                               1.0000000000000018
18.6                                              0.04075239408721497                               0.04075239408721497                               0.9999999999999994
18.6                                              0.047662409046568426                              0.047662409046568426                              0.9999999999999987
18.6                                              0.06470405239903126                               0.06470405239903126                               1.0000000000000007
18.6                                              0.07288439899105086+1.1273548223818515E-17i       0.07288439899105086+1.1273548223818515E-17i       0.9999999999999983
18.6                                              0.07905236437356118                               0.07905236437356118                               1.000000000000001
18.6                                              0.08177068607759197                               0.08177068607759198                               1
18.6                                              0.08251172982017932                               0.08251172982017933                               1.0000000000000016
18.6                                              0.0851247982726161                                0.08512479827261611                               1.0000000000000022
18.6                                              0.08537631846297318                               0.0853763184629732                                1.0000000000000013
18.6                                              0.09044982918706962                               0.09044982918706962                               1.0000000000000004
18.6                                              0.09095554462793759                               0.0909555446279376                                0.9999999999999997
18.6                                              0.09796312869709242                               0.09796312869709242                               1.0000000000000004
18.6                                              0.09891362193550887                               0.09891362193550887                               1.0000000000000024
18.6                                              0.10664097183725023                               0.10664097183725023                               0.9999999999999992
18.6                                              0.10758967076322065                               0.10758967076322065                               0.9999999999999974
18.6                                              0.10916284528879563                               0.10916284528879563                               1.0000000000000009
18.6                                              0.11142744832122198                               0.11142744832122198                               0.9999999999999972
18.6                                              0.11928178105221389                               0.1192817810522139                                0.9999999999999989
18.6                                              0.1217262102957796                                0.12172621029577961                               1.0000000000000009
18.6                                              0.13299522602465108                               0.13299522602465108                               0.9999999999999972
18.6                                              0.13661391454938465                               0.13661391454938465                               1.000000000000001
18.6                                              0.14868375679384857                               0.1486837567938486                                1.0000000000000013
18.6                                              0.14900868845231713                               0.14900868845231713                               0.999999999999999
18.6                                              0.15385603107735685                               0.15385603107735685                               0.9999999999999983
18.6                                              0.15719304175945817                               0.15719304175945817                               0.9999999999999981
18.6                                              0.16629626517655854                               0.16629626517655854                               1.000000000000001
18.6                                              0.16876207837733723-6.92003013906095E-17i         0.16876207837733723-6.920030139060952E-17i        0.9999999999999993
18.6                                              0.17104857902920606+3.934191566039531E-16i        0.17104857902920606+3.934191566039531E-16i        1.0000000000000013
18.6                                              0.17342178084497112-2.861445680138201E-17i        0.17342178084497112-2.861445680138201E-17i        0.9999999999999999
18.8                                              0.015718674363916302                              0.015718674363916302                              1.0000000000000024
18.8                                              0.04085149341654234                               0.04085149341654234                               1.0000000000000004
18.8                                              0.047544422771429076                              0.047544422771429076                              1.0000000000000009
18.8                                              0.06501151766900935+9.265695126162786E-18i        0.06501151766900935+9.265695126162786E-18i        0.9999999999999983
18.8                                              0.0726106873334717                                0.0726106873334717                                1.000000000000001
18.8                                              0.07908135421325307                               0.07908135421325307                               0.9999999999999998
18.8                                              0.08177820820957485                               0.08177820820957486                               0.9999999999999992
18.8                                              0.0825899482695463                                0.0825899482695463                                0.9999999999999992
18.8                                              0.08484234475336197                               0.08484234475336198                               1.0000000000000016
18.8                                              0.08574145939661985                               0.08574145939661987                               1.0000000000000002
18.8                                              0.08999195775233432                               0.08999195775233432                               0.9999999999999981
18.8                                              0.09149587046787916                               0.09149587046787916                               0.9999999999999978
18.8                                              0.09733730006598273                               0.09733730006598275                               0.9999999999999998
18.8                                              0.09962641022691757                               0.09962641022691757                               1.0000000000000009
18.8                                              0.10641658845170167                               0.10641658845170167                               1
18.8                                              0.10679793713571972                               0.10679793713571974                               1.0000000000000022
18.8                                              0.11004822155673233                               0.11004822155673233                               0.9999999999999992
18.8                                              0.11173206376375955                               0.11173206376375955                               0.999999999999999
18.8                                              0.11832527196027627                               0.11832527196027628                               1.000000000000002
18.8                                              0.1227831587470837                                0.12278315874708372                               1.0000000000000007
18.8                                              0.1318748895567511                                0.1318748895567511                                1.000000000000002
18.8                                              0.13784205593510535                               0.13784205593510535                               0.9999999999999994
18.8                                              0.14740058713820367                               0.14740058713820367                               1.0000000000000002
18.8                                              0.14853209916855253                               0.14853209916855253                               1.0000000000000007
18.8                                              0.1552570959960971                                0.1552570959960971                                1.0000000000000009
18.8                                              0.15723932865461462-1.9693716936339468E-17i       0.15723932865461465-1.9693716936339468E-17i       0.9999999999999988
18.8                                              0.1648514588094922                                0.1648514588094922                                0.9999999999999998
18.8                                              0.1690636912840902-2.6516146805207267E-17i        0.1690636912840902-2.6516146805207267E-17i        1.000000000000001
18.8                                              0.17150429751588964+1.7965523740836524E-16i       0.17150429751588964+1.7965523740836524E-16i       0.9999999999999991
18.8                                              0.17499907646775265-2.373523183338704E-17i        0.17499907646775267-2.3735231833387042E-17i       0.9999999999999988
19                                                0.015752041687995766                              0.015752041687995766                              0.9999999999999986
19                                                0.040952669165174156                              0.040952669165174156                              1.0000000000000009
19                                                0.04742864148688914                               0.04742864148688914                               0.9999999999999998
19                                                0.06531831993346573+7.3401386067663E-18i          0.06531831993346575+7.3401386067663E-18i          1.0000000000000004
19                                                0.07234175346756301+9.052377585627954E-18i        0.07234175346756301+9.052377585627954E-18i        0.9999999999999964
19                                                0.07911086403029596                               0.07911086403029596                               1.0000000000000002
19                                                0.0817699574774441                                0.0817699574774441                                0.9999999999999998
19                                                0.08271877258058245                               0.08271877258058245                               0.9999999999999993
19                                                0.08457459152492419                               0.0845745915249242                                1.0000000000000022
19                                                0.08612055632046298                               0.08612055632046299                               1.000000000000001
19                                                0.08954754564045828                               0.08954754564045829                               1.0000000000000022
19                                                0.09204900972191524                               0.09204900972191524                               0.9999999999999998
19                                                0.09672479540445224                               0.09672479540445224                               0.9999999999999971
19                                                0.10035165264078652                               0.10035165264078653                               1.0000000000000004
19                                                0.10601954096318005                               0.10601954096318005                               0.9999999999999983
19                                                0.10614052356115584                               0.10614052356115584                               1.0000000000000002
19                                                0.11094631836774031                               0.11094631836774031                               0.9999999999999991
19                                                0.11209346546161433                               0.11209346546161433                               0.9999999999999989
19                                                0.11738216000679597                               0.11738216000679597                               1.0000000000000013
19                                                0.12385283422902278                               0.12385283422902278                               1.000000000000001
19                                                0.13076802025296455                               0.13076802025296455                               1.0000000000000004
19                                                0.13908265290146749                               0.13908265290146749                               1.000000000000002
19                                                0.14613095918453028                               0.1461309591845303                                0.9999999999999981
19                                                0.14804112920555448-2.1756821435456568E-17i       0.14804112920555448-2.175682143545657E-17i        0.9999999999999984
19                                                0.15666381176551125                               0.15666381176551125                               1.0000000000000002
19                                                0.15730765995391213+2.2830744411839395E-17i       0.15730765995391216+2.2830744411839395E-17i       1.0000000000000002
19                                                0.16342026620831657                               0.16342026620831657                               1
19                                                0.16930496019976776                               0.16930496019976776                               0.9999999999999988
19                                                0.17202869674217952+3.4011771095733676E-17i       0.17202869674217952+3.4011771095733676E-17i       0.9999999999999996
19                                                0.17658915436970413+5.846902826960865E-17i        0.17658915436970415+5.846902826960865E-17i        1.0000000000000004
19.200000000000003                                0.01578572822256394-3.4645282029305033E-18i       0.01578572822256394-3.4645282029305033E-18i       0.9999999999999994
19.200000000000003                                0.041055886032708405                              0.041055886032708405                              0.9999999999999988
19.200000000000003                                0.047315112569924246                              0.047315112569924246                              0.9999999999999987
19.200000000000003                                0.06562369760146924                               0.06562369760146924                               0.9999999999999994
19.200000000000003                                0.07207834144987911+1.1084767456218597E-17i       0.07207834144987911+1.1084767456218597E-17i       0.9999999999999992
19.200000000000003                                0.07914079698209986                               0.07914079698209986                               0.9999999999999977
19.200000000000003                                0.08175853809128138                               0.08175853809128138                               1.000000000000001
19.200000000000003                                0.08288544415664578                               0.08288544415664578                               0.9999999999999988
19.200000000000003                                0.0843218937011129                                0.0843218937011129                                0.9999999999999993
19.200000000000003                                0.08651342657573649                               0.0865134265757365                                1.0000000000000013
19.200000000000003                                0.08911661624125877                               0.08911661624125877                               1.0000000000000016
19.200000000000003                                0.09261486484059693                               0.09261486484059694                               1.000000000000001
19.200000000000003                                0.09612561086973817                               0.09612561086973818                               0.9999999999999999
19.200000000000003                                0.10108901355063081                               0.10108901355063082                               1.0000000000000004
19.200000000000003                                0.10525448120421647                               0.10525448120421647                               1.000000000000001
19.200000000000003                                0.10582890364673449                               0.1058289036467345                                1.0000000000000002
19.200000000000003                                0.11185687774435678                               0.11185687774435679                               0.9999999999999994
19.200000000000003                                0.11249611775276583                               0.11249611775276583                               1.0000000000000013
19.200000000000003                                0.1164524344037873                                0.1164524344037873                                1.0000000000000024
19.200000000000003                                0.12493521646841876                               0.12493521646841878                               0.9999999999999987
19.200000000000003                                0.12967460660614488                               0.12967460660614488                               0.9999999999999977
19.200000000000003                                0.1403355864719088                                0.1403355864719088                                1.0000000000000016
19.200000000000003                                0.14487486101984373                               0.14487486101984373                               0.999999999999997
19.200000000000003                                0.14753894092366662+2.434768217854255E-17i        0.14753894092366665+2.4347682178542554E-17i       1.0000000000000009
19.200000000000003                                0.1573555287980688-3.359092769376734E-17i         0.1573555287980688-3.359092769376734E-17i         1.0000000000000004
19.200000000000003                                0.15811591689100532                               0.15811591689100532                               1.0000000000000007
19.200000000000003                                0.16200267519548653                               0.16200267519548653                               1.0000000000000002
19.200000000000003                                0.16950286628559677-2.5225410747456754E-17i       0.16950286628559677-2.5225410747456754E-17i       0.9999999999999992
19.200000000000003                                0.1726044693666569+2.7505795035589892E-17i        0.1726044693666569+2.7505795035589896E-17i        0.9999999999999972
19.200000000000003                                0.1781919956136936+5.1148739162404915E-17i        0.1781919956136936+5.114873916240492E-17i         1.0000000000000007
19.400000000000002                                0.015819734668448673                              0.015819734668448673                              0.9999999999999978
19.400000000000002                                0.04116110487596568                               0.041161104875965686                              1.000000000000001
19.400000000000002                                0.04720388509843942-5.4381212257093784E-18i       0.04720388509843942-5.4381212257093784E-18i       0.9999999999999997
19.400000000000002                                0.06592662003997363                               0.06592662003997363                               0.9999999999999998
19.400000000000002                                0.07182146461329839                               0.07182146461329839                               0.999999999999999
19.400000000000002                                0.07917102820052602                               0.07917102820052603                               1
19.400000000000002                                0.0817528622151705                                0.08175286221517052                               0.9999999999999993
19.400000000000002                                0.08308073617841644                               0.08308073617841645                               0.9999999999999996
19.400000000000002                                0.08408473718808761                               0.08408473718808761                               1.0000000000000016
19.400000000000002                                0.08691993553937755                               0.08691993553937755                               0.9999999999999988
19.400000000000002                                0.08869919589730145                               0.08869919589730145                               0.9999999999999988
19.400000000000002                                0.09319332117679562                               0.09319332117679563                               1.000000000000001
19.400000000000002                                0.09553974328453607                               0.09553974328453607                               0.9999999999999999
19.400000000000002                                0.10183776332835623                               0.10183776332835623                               1.0000000000000002
19.400000000000002                                0.10450274251099363                               0.10450274251099365                               0.9999999999999992
19.400000000000002                                0.10549382499931576                               0.10549382499931576                               0.9999999999999993
19.400000000000002                                0.11277666901453785                               0.11277666901453785                               0.9999999999999997
19.400000000000002                                0.11293191680215199+1.9302481541914654E-17i       0.11293191680215199+1.9302481541914657E-17i       1.0000000000000004
19.400000000000002                                0.11553608434971263                               0.11553608434971264                               0.9999999999999984
19.400000000000002                                0.12603028406536682                               0.12603028406536682                               0.9999999999999981
19.400000000000002                                0.12859463706269633                               0.12859463706269633                               1.0000000000000004
19.400000000000002                                0.14160064506165937                               0.14160064506165937                               1.0000000000000007
19.400000000000002                                0.14363228065197026                               0.14363228065197026                               0.9999999999999983
19.400000000000002                                0.14702816641285202                               0.14702816641285202                               0.9999999999999999
19.400000000000002                                0.15744428358695575                               0.15744428358695575                               1.000000000000001
19.400000000000002                                0.15954988175931475                               0.15954988175931475                               1.000000000000001
19.400000000000002                                0.16059867354075422                               0.16059867354075422                               1.0000000000000002
19.400000000000002                                0.16967207329385617-3.8675613413344027E-17i       0.16967207329385617-3.8675613413344027E-17i       1.0000000000000009
19.400000000000002                                0.1732166530317513+2.1445020790519876E-17i        0.1732166530317513+2.1445020790519876E-17i        1.0000000000000027
19.400000000000002                                0.17943599468546906-1.2777883882277085E-15i       0.17943599468546906-1.2777883882277085E-15i       1
19.6                                              0.015854061719913326                              0.015854061719913326                              1.0000000000000029
19.6                                              0.04126828205588879                               0.0412682820558888                                1.0000000000000016
19.6                                              0.04709501072829548-6.235772782714169E-18i        0.04709501072829548-6.235772782714169E-18i        1.000000000000001
19.6                                              0.06622565906315495+9.35715184289511E-18i         0.06622565906315495+9.35715184289511E-18i         0.9999999999999997
19.6                                              0.07157253399657017                               0.07157253399657017                               1.0000000000000016
19.6                                              0.0792014319191193                                0.0792014319191193                                1.0000000000000013
19.6                                              0.08175803724044761                               0.08175803724044761                               0.9999999999999997
19.6                                              0.08329873799448079                               0.08329873799448079                               0.9999999999999987
19.6                                              0.08386406721887574                               0.08386406721887574                               0.9999999999999993
19.6                                              0.08733996773599834                               0.08733996773599834                               1.0000000000000009
19.6                                              0.08829531716008301                               0.08829531716008301                               0.9999999999999997
19.6                                              0.09378423526964294                               0.09378423526964295                               0.9999999999999994
19.6                                              0.09496719036313339                               0.09496719036313339                               0.9999999999999992
19.6                                              0.10259589309012987                               0.10259589309012988                               1.0000000000000002
19.6                                              0.10376431743025818                               0.1037643174302582                                0.9999999999999993
19.6                                              0.1051451963827341                                0.1051451963827341                                1.0000000000000013
19.6                                              0.1133776532581901-1.6293926085484464E-17i        0.1133776532581901-1.6293926085484464E-17i        0.9999999999999997
19.6                                              0.113721055951753                                 0.113721055951753                                 0.9999999999999987
19.6                                              0.1146330990362449                                0.11463309903624491                               0.999999999999998
19.6                                              0.12713801419009876                               0.12713801419009876                               0.9999999999999999
19.6                                              0.1275281000249883                                0.1275281000249883                                0.9999999999999988
19.6                                              0.14240320603528342                               0.14240320603528342                               0.9999999999999993
19.6                                              0.14287732125826752                               0.14287732125826752                               0.9999999999999992
19.6                                              0.1465112279216042-1.6553757872958688E-17i        0.1465112279216042-1.6553757872958688E-17i        1.0000000000000016
19.6                                              0.15753591403462952                               0.15753591403462952                               0.9999999999999983
19.6                                              0.15920824896187852                               0.15920824896187852                               0.9999999999999987
19.6                                              0.16100201010120768                               0.16100201010120768                               0.9999999999999999
19.6                                              0.169822988982279                                 0.169822988982279                                 1.0000000000000007
19.6                                              0.17385456407244454                               0.17385456407244454                               1
19.6                                              0.17788579205064353+2.743423364195639E-17i        0.17788579205064353+2.743423364195639E-17i        1.0000000000000018
19.8                                              0.01588871006122751                               0.01588871006122751                               0.9999999999999987
19.8                                              0.0413773686413296                                0.0413773686413296                                0.9999999999999991
19.8                                              0.046988544684234905                              0.046988544684234905                              0.9999999999999948
19.8                                              0.0665187886119829                                0.0665187886119829                                1.0000000000000009
19.8                                              0.0713335585813297+8.099988046568873E-18i         0.0713335585813297+8.099988046568873E-18i         1.0000000000000022
19.8                                              0.07923190921753137                               0.07923190921753137                               0.9999999999999974
19.8                                              0.08177667520729816                               0.08177667520729816                               0.9999999999999981
19.8                                              0.08352984919936209                               0.08352984919936209                               1.0000000000000009
19.8                                              0.08366696139007604                               0.08366696139007604                               1.0000000000000022
19.8                                              0.08777338901627733                               0.08777338901627735                               0.9999999999999986
19.8                                              0.08790505247727606                               0.08790505247727608                               1.0000000000000007
19.8                                              0.0943873876218482                                0.0943873876218482                                1.0000000000000002
19.8                                              0.09440798201391842                               0.09440798201391842                               1.0000000000000002
19.8                                              0.1030391972289247                                0.10303919722892471                               0.9999999999999983
19.8                                              0.1033550335422313                                0.1033550335422313                                0.9999999999999991
19.8                                              0.1047968913479464                                0.10479689134794641                               1.000000000000001
19.8                                              0.1137434676405171                                0.11374346764051711                               1.0000000000000007
19.8                                              0.11384887729110715                               0.11384887729110715                               0.9999999999999993
19.8                                              0.11466908510990122                               0.11466908510990122                               1.0000000000000007
19.8                                              0.12647498385157713                               0.12647498385157713                               1
19.8                                              0.1282583821826485                                0.1282583821826485                                1.0000000000000009
19.8                                              0.141187625073951                                 0.141187625073951                                 1.0000000000000002
19.8                                              0.1441634211525126                                0.1441634211525126                                1.0000000000000018
19.8                                              0.14599182069777356                               0.14599182069777356                               1.0000000000000007
19.8                                              0.15763374506897754                               0.15763374506897754                               0.9999999999999989
19.8                                              0.15783138912609573                               0.15783138912609573                               0.9999999999999996
19.8                                              0.1624676570200882                                0.1624676570200882                                0.9999999999999997
19.8                                              0.1699624738946763                                0.1699624738946763                                0.9999999999999999
19.8                                              0.17451108244821242                               0.17451108244821245                               1.0000000000000013
19.8                                              0.17634921178331842+2.738773917923559E-17i        0.17634921178331842+2.738773917923559E-17i        0.9999999999999996
20                                                0.015923680363348                                 0.015923680363348                                 0.9999999999999984
20                                                0.041488309433527486-5.281044706390019E-18i       0.041488309433527486-5.281044706390019E-18i       1.0000000000000002
20                                                0.04688454690524412                               0.04688454690524412                               1.0000000000000016
20                                                0.06680307089151843+8.455857990180719E-18i        0.06680307089151843+8.45585799018072E-18i         1.0000000000000018
20                                                0.07110745906987491                               0.07110745906987491                               0.9999999999999997
20                                                0.07926241002977456                               0.07926241002977456                               1.0000000000000013
20                                                0.08180976302499118                               0.0818097630249912                                1.0000000000000007
20                                                0.08346506066745243                               0.08346506066745243                               0.9999999999999996
20                                                0.08380145833006951                               0.08380145833006951                               1.0000000000000016
20                                                0.08752831550418333                               0.08752831550418334                               0.9999999999999984
20                                                0.08822024327637687                               0.08822024327637687                               1.0000000000000013
20                                                0.09386202116538359                               0.09386202116538359                               1.000000000000001
20                                                0.09500261551278298                               0.09500261551278298                               0.9999999999999983
20                                                0.10232737350935943                               0.10232737350935943                               0.9999999999999997
20                                                0.10402159088023524                               0.10402159088023524                               0.9999999999999996
20                                                0.1045464364274817+1.6776545836022253E-17i        0.10454643642748171+1.6776545836022253E-17i       0.9999999999999996
20                                                0.11286717937932318                               0.11286717937932318                               0.9999999999999996
20                                                0.11433172615359408+2.2908864642512427E-17i       0.11433172615359408+2.290886464251243E-17i        1.0000000000000016
20                                                0.11563085842268252                               0.11563085842268252                               1.0000000000000013
20                                                0.12543527686421796                               0.12543527686421796                               1.0000000000000004
20                                                0.12939136097592213                               0.12939136097592213                               1.000000000000001
20                                                0.13998552562189515                               0.13998552562189515                               0.9999999999999989
20                                                0.14534168360924354                               0.14534168360924354                               0.9999999999999999
20                                                0.14558836231355496-2.2006315024520946E-17i       0.14558836231355496-2.2006315024520946E-17i       0.9999999999999994
20                                                0.1564680816459421                                0.1564680816459421                                0.9999999999999982
20                                                0.15773736817642395                               0.15773736817642395                               0.9999999999999994
20                                                0.16394623263737923                               0.16394623263737926                               1.0000000000000002
20                                                0.17009498304980808                               0.17009498304980808                               0.9999999999999994
20                                                0.17482624179864414                               0.17482624179864417                               1
20                                                0.17518150268133587-1.8494331104081987E-16i       0.17518150268133587-1.8494331104081987E-16i       0.9999999999999994
