% Model:              PROYECTO.mph
% Version:            COMSOL 5.6.0.280
% Date:               Jul 21 2026, 22:33
% Table:              Tabla 8 - Valor propio
% B (T)                                           lambda                                            Energía propia (eV)                               Probabilidad total (1)
0                                                 0.03501181833587372                               0.03501181833587372                               1.0000000000000016
0                                                 0.047058107379836275                              0.047058107379836275                              1.0000000000000007
0                                                 0.04817917312841292                               0.04817917312841292                               0.9999999999999998
0                                                 0.07254311252495751                               0.07254311252495751                               0.9999999999999978
0                                                 0.07612476265808939                               0.07612476265808939                               1.0000000000000002
0                                                 0.07756552616983395                               0.07756552616983395                               0.9999999999999976
0                                                 0.07991081451807346                               0.07991081451807347                               1.000000000000001
0                                                 0.08140979879444857                               0.08140979879444857                               0.9999999999999987
0                                                 0.08375871575694159                               0.08375871575694159                               0.9999999999999991
0                                                 0.08385070602623598                               0.08385070602623598                               1
0                                                 0.08913285145876688                               0.08913285145876688                               1.0000000000000007
0                                                 0.08924121137402082                               0.08924121137402082                               1.0000000000000002
0                                                 0.09699859410032025                               0.09699859410032026                               1
0                                                 0.0970844719268883                                0.0970844719268883                                1.0000000000000007
0                                                 0.10718650364336184                               0.10718650364336184                               1.0000000000000018
0                                                 0.10724755933555159                               0.10724755933555159                               1.0000000000000013
0                                                 0.11809954073194871                               0.11809954073194871                               0.9999999999999979
0                                                 0.11852171611027026                               0.11852171611027028                               1.0000000000000009
0                                                 0.11963877812532785                               0.11963877812532785                               1.0000000000000002
0                                                 0.11968044218671854                               0.11968044218671854                               1.0000000000000004
0                                                 0.1343192268202938                                0.1343192268202938                                0.999999999999998
0                                                 0.13434777555175337                               0.13434777555175337                               0.9999999999999973
0                                                 0.15119787473674898                               0.151197874736749                                 1
0                                                 0.1512176667812821                                0.15121766678128212                               1.0000000000000007
0                                                 0.1586667096606229                                0.1586667096606229                                0.9999999999999972
0                                                 0.1684622173659931                                0.1684622173659931                                1.0000000000000002
0                                                 0.16874995901453566                               0.16874995901453568                               1
0                                                 0.1702450270639962                                0.1702450270639962                                1.000000000000003
0                                                 0.17025850863434222                               0.17025850863434225                               0.9999999999999988
0                                                 0.17789641176381482                               0.17789641176381485                               0.9999999999999978
0.2                                               0.03501255983533051                               0.03501255983533052                               1.0000000000000018
0.2                                               0.04703450665327025                               0.047034506653270254                              1.0000000000000002
0.2                                               0.04820479664838445                               0.04820479664838445                               1
0.2                                               0.07254309537256959                               0.07254309537256959                               1.000000000000004
0.2                                               0.07604842483315374                               0.07604842483315374                               0.9999999999999981
0.2                                               0.07764414531362004-9.898222853972599E-18i        0.07764414531362006-9.8982228539726E-18i          1.0000000000000013
0.2                                               0.07990852891481683                               0.07990852891481683                               1.0000000000000016
0.2                                               0.0814270007523919                                0.08142700075239191                               1.0000000000000007
0.2                                               0.08350089042073604                               0.08350089042073605                               1.000000000000001
0.2                                               0.08412518299432305                               0.08412518299432306                               1.0000000000000007
0.2                                               0.08868781297379641                               0.08868781297379642                               1.0000000000000004
0.2                                               0.08970053566683639                               0.08970053566683639                               1.0000000000000004
0.2                                               0.09636314680999103                               0.09636314680999104                               1.0000000000000013
0.2                                               0.09773369091800964                               0.09773369091800964                               1.0000000000000016
0.2                                               0.10636336633034033                               0.10636336633034033                               1.000000000000001
0.2                                               0.10808431291455863                               0.10808431291455863                               1.0000000000000002
0.2                                               0.11775322243405319                               0.11775322243405319                               1.0000000000000022
0.2                                               0.1186316666586178                                0.1186316666586178                                0.9999999999999996
0.2                                               0.11887063221221959                               0.11887063221221959                               1.000000000000004
0.2                                               0.1207008692694814                                0.12070086926948141                               0.9999999999999998
0.2                                               0.1331322778049236                                0.1331322778049236                                1.0000000000000002
0.2                                               0.13554831486060193                               0.13554831486060193                               0.9999999999999993
0.2                                               0.14983334994069947                               0.14983334994069947                               1.0000000000000016
0.2                                               0.1525958121167772                                0.1525958121167772                                1.0000000000000004
0.2                                               0.15866575327477683                               0.15866575327477686                               0.9999999999999982
0.2                                               0.1679177641858189+9.60213854778457E-16i          0.1679177641858189+9.60213854778457E-16i          1.0000000000000007
0.2                                               0.16870421796267654-2.3656295271969475E-15i       0.16870421796267654-2.3656295271969475E-15i       0.9999999999999984
0.2                                               0.169298952151682+1.038844001341347E-14i          0.169298952151682+1.0388440013413471E-14i         0.9999999999999999
0.2                                               0.17181282815285664-2.3971344575251043E-15i       0.17181282815285667-2.3971344575251043E-15i       0.9999999999999987
0.2                                               0.17788120097134652+2.7421476677147256E-14i       0.17788120097134652+2.742147667714726E-14i        0.9999999999999993
0.4                                               0.03501478403125216                               0.03501478403125216                               1.0000000000000007
0.4                                               0.046969246175712916-5.897316622462713E-18i       0.046969246175712916-5.897316622462713E-18i       0.9999999999999992
0.4                                               0.04827612573862901+8.62611305450529E-18i         0.048276125738629015+8.626113054505291E-18i       0.9999999999999991
0.4                                               0.07254303096413617                               0.07254303096413617                               0.9999999999999983
0.4                                               0.07585502338840078-1.1476263108960056E-17i       0.07585502338840078-1.1476263108960057E-17i       1.0000000000000038
0.4                                               0.07784439722425512                               0.07784439722425512                               1.0000000000000018
0.4                                               0.07990232921578086                               0.07990232921578086                               0.9999999999999987
0.4                                               0.08147775943516829                               0.08147775943516829                               1.0000000000000007
0.4                                               0.08321949522873022                               0.08321949522873023                               1.0000000000000018
0.4                                               0.08445671092990326                               0.08445671092990326                               0.9999999999999978
0.4                                               0.08820733465587101                               0.08820733465587101                               0.9999999999999977
0.4                                               0.090223882171406                                 0.090223882171406                                 0.9999999999999999
0.4                                               0.09570058690502427                               0.09570058690502428                               0.9999999999999997
0.4                                               0.0984375701469866                                0.0984375701469866                                1.000000000000002
0.4                                               0.10552414427506784                               0.10552414427506786                               0.9999999999999994
0.4                                               0.10896438534024226                               0.10896438534024226                               0.9999999999999974
0.4                                               0.11725956568655091                               0.11725956568655091                               0.9999999999999996
0.4                                               0.11761816757655501                               0.11761816757655501                               1.0000000000000004
0.4                                               0.11937098874109821                               0.11937098874109822                               1.0000000000000018
0.4                                               0.1217554094017678                                0.12175540940176781                               0.9999999999999992
0.4                                               0.13194477411181546                               0.13194477411181546                               1.0000000000000002
0.4                                               0.13677658958477595                               0.13677658958477595                               1.0000000000000018
0.4                                               0.14847260724076455                               0.14847260724076455                               1.0000000000000013
0.4                                               0.15399741276105655                               0.15399741276105655                               1.000000000000001
0.4                                               0.15866278462135347                               0.15866278462135347                               1
0.4                                               0.1671684603341133+9.497169576028226E-16i         0.1671684603341133+9.497169576028226E-16i         1.0000000000000009
0.4                                               0.16725917045935607-3.6467094282297864E-15i       0.16725917045935607-3.6467094282297864E-15i       1.0000000000000016
0.4                                               0.16997280120911762+1.007742329571962E-15i        0.16997280120911762+1.0077423295719622E-15i       0.9999999999999996
0.4                                               0.17338757284214393-1.6465589216715453E-15i       0.17338757284214396-1.6465589216715453E-15i       0.9999999999999978
0.4                                               0.17783728391380593-1.1625256102874629E-14i       0.17783728391380596-1.1625256102874629E-14i       0.999999999999998
0.6000000000000001                                0.0350184900152051                                0.0350184900152051                                1.0000000000000007
0.6000000000000001                                0.04687411743472704                               0.046874117434727046                              1.0000000000000009
0.6000000000000001                                0.0483813696101719                                0.0483813696101719                                1.0000000000000016
0.6000000000000001                                0.07254287807870423                               0.07254287807870423                               0.9999999999999994
0.6000000000000001                                0.07559957231979461-9.387316645704529E-18i        0.07559957231979463-9.387316645704529E-18i        0.9999999999999992
0.6000000000000001                                0.07811128721173054                               0.07811128721173054                               0.9999999999999994
0.6000000000000001                                0.0798939401202482                                0.0798939401202482                                0.9999999999999987
0.6000000000000001                                0.08155968269516686                               0.08155968269516686                               0.9999999999999979
0.6000000000000001                                0.08295532409108418                               0.08295532409108419                               0.9999999999999989
0.6000000000000001                                0.08480512190246234                               0.08480512190246234                               0.9999999999999982
0.6000000000000001                                0.08774039691526808                               0.08774039691526808                               0.9999999999999973
0.6000000000000001                                0.09076230625685106                               0.09076230625685107                               0.9999999999999984
0.6000000000000001                                0.09505143243586488                               0.09505143243586488                               1.0000000000000029
0.6000000000000001                                0.09915560643490123                               0.09915560643490125                               1.0000000000000036
0.6000000000000001                                0.10469839139823536                               0.10469839139823536                               0.9999999999999993
0.6000000000000001                                0.10985822836217952                               0.10985822836217954                               1.0000000000000004
0.6000000000000001                                0.11661707330197672                               0.11661707330197672                               1.0000000000000004
0.6000000000000001                                0.11675611108555495                               0.11675611108555496                               1.0000000000000024
0.6000000000000001                                0.11988692407462816                               0.11988692407462816                               0.9999999999999993
0.6000000000000001                                0.12282359333693649                               0.12282359333693649                               0.9999999999999997
0.6000000000000001                                0.1307708390427777                                0.1307708390427777                                1.0000000000000007
0.6000000000000001                                0.13801847703485595                               0.13801847703485595                               1.0000000000000007
0.6000000000000001                                0.14712548081997065                               0.14712548081997065                               1.000000000000001
0.6000000000000001                                0.15541261765307124                               0.15541261765307124                               0.9999999999999992
0.6000000000000001                                0.1586574983181285                                0.1586574983181285                                0.999999999999999
0.6000000000000001                                0.16565013270844414                               0.16565013270844414                               1.000000000000001
0.6000000000000001                                0.16659719088691435-1.5137043099143657E-16i       0.16659719088691435-1.5137043099143657E-16i       1.0000000000000009
0.6000000000000001                                0.17065542260048824+4.368037826342996E-16i        0.17065542260048827+4.368037826342996E-16i        1.0000000000000018
0.6000000000000001                                0.1749759665135182-2.152581151789921E-15i         0.17497596651351824-2.152581151789921E-15i        0.9999999999999992
0.6000000000000001                                0.17776903476719425-3.154692458734767E-14i        0.17776903476719427-3.1546924587347675E-14i       0.9999999999999989
0.8                                               0.03502367626935722                               0.03502367626935722                               1.0000000000000013
0.8                                               0.04676002112195794                               0.04676002112195794                               1.0000000000000009
0.8                                               0.0485096287393398                                0.048509628739339804                              1.0000000000000018
0.8                                               0.07254255925036297                               0.07254255925036297                               0.9999999999999974
0.8                                               0.07531444500889409-8.428727065234143E-18i        0.07531444500889409-8.428727065234143E-18i        0.9999999999999986
0.8                                               0.07841247159494778                               0.07841247159494778                               0.9999999999999999
0.8                                               0.07988558541923203                               0.07988558541923203                               0.9999999999999979
0.8                                               0.0816689450718237                                0.0816689450718237                                1.0000000000000009
0.8                                               0.08271111099432299                               0.08271111099432299                               1.000000000000002
0.8                                               0.08516918668347584                               0.08516918668347585                               0.9999999999999993
0.8                                               0.08728791080873827                               0.08728791080873827                               0.9999999999999992
0.8                                               0.09131497493741655                               0.09131497493741655                               1.0000000000000004
0.8                                               0.09441609857325284                               0.09441609857325284                               1
0.8                                               0.09988742110286258                               0.09988742110286258                               0.9999999999999994
0.8                                               0.10388627578143358                               0.10388627578143358                               0.9999999999999997
0.8                                               0.11076568845511493                               0.11076568845511493                               0.9999999999999999
0.8                                               0.1156308233753188                                0.11563082337531881                               1.0000000000000013
0.8                                               0.11625025534014297                               0.11625025534014297                               1.0000000000000016
0.8                                               0.12040867161643588                               0.12040867161643588                               1.0000000000000016
0.8                                               0.1239053573143813                                0.12390535731438132                               0.999999999999999
0.8                                               0.12961049939056726                               0.12961049939056726                               1.0000000000000022
0.8                                               0.13927395229596023                               0.13927395229596023                               1.0000000000000004
0.8                                               0.14579198284496514                               0.14579198284496514                               0.9999999999999996
0.8                                               0.15684133820725665                               0.15684133820725668                               0.9999999999999989
0.8                                               0.15864938846283944                               0.15864938846283944                               0.9999999999999991
0.8                                               0.16414383874505273                               0.16414383874505273                               0.9999999999999987
0.8                                               0.165941846914601-4.3366438719315705E-17i         0.165941846914601-4.3366438719315705E-17i         1.0000000000000002
0.8                                               0.1713427498362852+3.287747268639684E-16i         0.1713427498362852+3.287747268639684E-16i         1.0000000000000004
0.8                                               0.17657778670372914-1.1256165335118142E-14i       0.17657778670372917-1.1256165335118142E-14i       0.9999999999999996
0.8                                               0.17768200339828244-2.059677629983638E-13i        0.17768200339828244-2.059677629983638E-13i        0.9999999999999997
1                                                 0.03503034066080431                               0.03503034066080431                               1.000000000000001
1                                                 0.046634503009463646                              0.04663450300946365                               1.0000000000000002
1                                                 0.048653358996962666                              0.048653358996962666                              1.0000000000000018
1                                                 0.07254194403825273                               0.07254194403825273                               0.999999999999997
1                                                 0.075014957687032-1.3101095154954809E-17i         0.075014957687032-1.3101095154954809E-17i         1.0000000000000002
1                                                 0.07873265992384933                               0.07873265992384933                               0.9999999999999988
1                                                 0.07987943368113318                               0.07987943368113318                               0.999999999999998
1                                                 0.08179891472972227                               0.08179891472972227                               1.0000000000000004
1                                                 0.08249175998860565                               0.08249175998860565                               0.9999999999999996
1                                                 0.08554816349770263                               0.08554816349770263                               0.9999999999999996
1                                                 0.08685045682989338                               0.0868504568298934                                0.9999999999999988
1                                                 0.09188151297964095                               0.09188151297964095                               1.0000000000000004
1                                                 0.09379485963807484                               0.09379485963807485                               0.9999999999999986
1                                                 0.10063285138114361                               0.10063285138114363                               0.9999999999999992
1                                                 0.10308791255731185                               0.10308791255731185                               0.9999999999999987
1                                                 0.11168669775178428                               0.11168669775178428                               1.000000000000001
1                                                 0.11465780833349287                               0.11465780833349289                               1
1                                                 0.11574572639847819                               0.1157457263984782                                0.9999999999999986
1                                                 0.12093416157869842                               0.12093416157869843                               0.9999999999999984
1                                                 0.1250006728117749                                0.1250006728117749                                0.9999999999999997
1                                                 0.12846377426481406                               0.12846377426481406                               0.9999999999999989
1                                                 0.14054300340465825                               0.14054300340465825                               1.0000000000000018
1                                                 0.14447212185576908                               0.14447212185576908                               1.000000000000001
1                                                 0.15828221112601915                               0.15828221112601915                               0.9999999999999991
1                                                 0.15863888939561996                               0.15863888939561996                               0.9999999999999988
1                                                 0.16265118848238813                               0.16265118848238816                               0.9999999999999998
1                                                 0.16529340101978962                               0.16529340101978962                               0.9999999999999976
1                                                 0.17203378063806546                               0.1720337806380655                                1.0000000000000009
1                                                 0.17757910007142974+4.582196248455709E-17i        0.17757910007142977+4.5821962484557095E-17i       1.000000000000001
1                                                 0.17819511374990968                               0.17819511374990968                               0.9999999999999991
1.2000000000000002                                0.035038480433579336                              0.035038480433579336                              0.9999999999999992
1.2000000000000002                                0.0465022805403768                                0.0465022805403768                                1.0000000000000004
1.2000000000000002                                0.04880784506549244                               0.04880784506549244                               0.999999999999999
1.2000000000000002                                0.07254081605359418                               0.07254081605359418                               0.9999999999999987
1.2000000000000002                                0.07470859073755853-1.1555204828505455E-17i       0.07470859073755853-1.1555204828505455E-17i       1.0000000000000018
1.2000000000000002                                0.07906431761163982                               0.07906431761163982                               0.9999999999999993
1.2000000000000002                                0.07987731031746548                               0.07987731031746548                               1.0000000000000022
1.2000000000000002                                0.08192853195257545                               0.08192853195257545                               0.9999999999999994
1.2000000000000002                                0.08231693446140034                               0.08231693446140034                               1.0000000000000007
1.2000000000000002                                0.08593925913897241                               0.08593925913897241                               1.000000000000001
1.2000000000000002                                0.08643073427354944                               0.08643073427354944                               0.9999999999999997
1.2000000000000002                                0.09246049862553855                               0.09246049862553855                               0.9999999999999982
1.2000000000000002                                0.09318909614571542                               0.09318909614571544                               1.0000000000000018
1.2000000000000002                                0.10139126497165352                               0.10139126497165353                               1.0000000000000016
1.2000000000000002                                0.10230391559681826                               0.10230391559681827                               1.0000000000000007
1.2000000000000002                                0.11262098521824028                               0.11262098521824028                               0.9999999999999994
1.2000000000000002                                0.11369865108199045                               0.11369865108199047                               0.9999999999999996
1.2000000000000002                                0.11524286812827839                               0.11524286812827839                               1.0000000000000007
1.2000000000000002                                0.12146268983527807                               0.12146268983527808                               0.9999999999999998
1.2000000000000002                                0.1261094266502924                                0.12610942665029243                               1
1.2000000000000002                                0.1273307726812207                                0.1273307726812207                                0.9999999999999994
1.2000000000000002                                0.14182557982897306                               0.1418255798289731                                1.0000000000000016
1.2000000000000002                                0.14316594627118606                               0.14316594627118606                               1.0000000000000016
1.2000000000000002                                0.15861878784638772                               0.15861878784638772                               1.0000000000000007
1.2000000000000002                                0.1597410204390133                                0.1597410204390133                                0.9999999999999991
1.2000000000000002                                0.16117227203601867-1.944397825439131E-17i        0.16117227203601867-1.9443978254391314E-17i       1.0000000000000002
1.2000000000000002                                0.1646535932160904                                0.1646535932160904                                1.0000000000000009
1.2000000000000002                                0.1727280200317819                                0.1727280200317819                                0.9999999999999992
1.2000000000000002                                0.1774685409269062                                0.1774685409269062                                1.0000000000000004
1.2000000000000002                                0.17982343845943138                               0.17982343845943138                               1
1.4000000000000001                                0.035048092198295785                              0.035048092198295785                              0.9999999999999981
1.4000000000000001                                0.04636625197444894                               0.04636625197444894                               1.0000000000000002
1.4000000000000001                                0.04897019130352339+7.0794024370139E-18i          0.0489701913035234+7.0794024370139E-18i           0.9999999999999992
1.4000000000000001                                0.07253880615033026                               0.07253880615033026                               0.9999999999999986
1.4000000000000001                                0.07439945495984858-1.702416761409156E-17i        0.07439945495984858-1.702416761409156E-17i        1.0000000000000013
1.4000000000000001                                0.07940270120792065                               0.07940270120792065                               0.9999999999999992
1.4000000000000001                                0.07988106123382008                               0.07988106123382008                               1.0000000000000033
1.4000000000000001                                0.08195623933627291                               0.08195623933627291                               1.0000000000000002
1.4000000000000001                                0.08228741509507048                               0.08228741509507048                               0.9999999999999998
1.4000000000000001                                0.08600687211748474                               0.08600687211748474                               0.9999999999999994
1.4000000000000001                                0.086364300379669                                 0.08636430037966901                               1.0000000000000018
1.4000000000000001                                0.09258668083785354                               0.09258668083785355                               0.9999999999999991
1.4000000000000001                                0.09306404059548752                               0.09306404059548752                               1.0000000000000002
1.4000000000000001                                0.10152912947246409                               0.10152912947246409                               0.9999999999999988
1.4000000000000001                                0.1021678090402406                                0.10216780904024061                               1.0000000000000007
1.4000000000000001                                0.1127513212875464                                0.1127513212875464                                0.9999999999999996
1.4000000000000001                                0.11357057320270078                               0.11357057320270078                               0.9999999999999998
1.4000000000000001                                0.1147419890026745                                0.11474198900267452                               0.9999999999999982
1.4000000000000001                                0.12199395045308614                               0.12199395045308616                               0.9999999999999991
1.4000000000000001                                0.12621068114152195                               0.12621068114152195                               0.9999999999999997
1.4000000000000001                                0.1272324304368727                                0.1272324304368727                                1.0000000000000004
1.4000000000000001                                0.14187311720620407                               0.14187311720620407                               1.0000000000000004
1.4000000000000001                                0.14312201855569495                               0.14312201855569495                               1.0000000000000029
1.4000000000000001                                0.1585942633151                                   0.1585942633151                                   1.0000000000000004
1.4000000000000001                                0.15970713225847832                               0.15970713225847832                               0.9999999999999994
1.4000000000000001                                0.1612104970977395                                0.1612104970977395                                1.0000000000000004
1.4000000000000001                                0.16402469838982747                               0.16402469838982747                               0.9999999999999996
1.4000000000000001                                0.17342508514172267                               0.17342508514172267                               1.0000000000000013
1.4000000000000001                                0.17735060897533503                               0.17735060897533503                               0.9999999999999998
1.4000000000000001                                0.17967824417141148                               0.1796782441714115                                0.999999999999997
1.6                                               0.03505917191936925                               0.03505917191936925                               1.000000000000001
1.6                                               0.04622822939251979                               0.0462282293925198                                0.9999999999999994
1.6                                               0.04913858875372771+7.598698666998394E-18i        0.04913858875372771+7.598698666998394E-18i        0.9999999999999996
1.6                                               0.07253524749194366                               0.07253524749194366                               0.9999999999999989
1.6                                               0.07409029619555615-1.795508415362545E-17i        0.07409029619555615-1.795508415362545E-17i        1.0000000000000009
1.6                                               0.07973632637109736                               0.07973632637109736                               1.000000000000002
1.6                                               0.07990014166100286                               0.07990014166100287                               0.9999999999999981
1.6                                               0.08184357324676442                               0.08184357324676443                               0.9999999999999988
1.6                                               0.08244161283775556                               0.08244161283775556                               0.9999999999999982
1.6                                               0.08561920491957636                               0.08561920491957636                               1.0000000000000002
1.6                                               0.08678295281589636                               0.08678295281589636                               0.9999999999999981
1.6                                               0.09201043069146328                               0.09201043069146328                               0.9999999999999998
1.6                                               0.09366931762426005                               0.09366931762426005                               0.999999999999999
1.6                                               0.10077306583412786                               0.10077306583412786                               0.9999999999999994
1.6                                               0.10295296951030737                               0.10295296951030738                               1.0000000000000007
1.6                                               0.11181953176648846                               0.11181953176648846                               1.0000000000000002
1.6                                               0.11424269092789494                               0.11424269092789495                               0.9999999999999997
1.6                                               0.11453229843525836                               0.11453229843525836                               1.000000000000001
1.6                                               0.12252778590732072                               0.12252778590732072                               1
1.6                                               0.12510493531869687                               0.12510493531869687                               0.9999999999999992
1.6                                               0.12836825000789603                               0.12836825000789603                               0.9999999999999982
1.6                                               0.1405942136456153                                0.1405942136456153                                1.0000000000000004
1.6                                               0.1444317386734594                                0.14443173867345943                               0.9999999999999994
1.6                                               0.1582530459719596                                0.1582530459719596                                0.9999999999999997
1.6                                               0.1585618696410533-3.4226844235508264E-17i        0.15856186964105332-3.4226844235508264E-17i       0.9999999999999988
1.6                                               0.16269373862399863                               0.16269373862399863                               1.0000000000000013
1.6                                               0.163409940565544                                 0.163409940565544                                 0.9999999999999987
1.6                                               0.17412454580562076                               0.17412454580562078                               0.9999999999999999
1.6                                               0.17722807934390183                               0.17722807934390183                               1.0000000000000007
1.6                                               0.17805451009817452                               0.17805451009817452                               1.0000000000000004
1.8                                               0.035071714899741424                              0.035071714899741424                              0.9999999999999991
1.8                                               0.0460893802081335                                0.04608938020813351                               1.0000000000000004
1.8                                               0.04931187364604226+1.0679664717888528E-17i       0.04931187364604227+1.067966471788853E-17i        0.9999999999999994
1.8                                               0.07252882879715288                               0.07252882879715288                               1.0000000000000018
1.8                                               0.07378365905319725-2.155511516336429E-17i        0.07378365905319725-2.155511516336429E-17i        0.9999999999999979
1.8                                               0.07987872190875794                               0.07987872190875794                               0.9999999999999978
1.8                                               0.08011900830757077                               0.08011900830757078                               0.9999999999999976
1.8                                               0.08171477656570905                               0.08171477656570907                               0.9999999999999978
1.8                                               0.08265599381042682                               0.08265599381042682                               1.0000000000000009
1.8                                               0.08524171763669913                               0.08524171763669913                               0.9999999999999986
1.8                                               0.08722127634290396                               0.08722127634290396                               1.0000000000000016
1.8                                               0.09144515344578619                               0.0914451534457862                                1.0000000000000007
1.8                                               0.09429153129652765                               0.09429153129652766                               0.9999999999999982
1.8                                               0.10002949591462533                               0.10002949591462534                               1.000000000000001
1.8                                               0.10375297822806376                               0.10375297822806376                               1.0000000000000007
1.8                                               0.11090090868693649                               0.11090090868693649                               0.9999999999999996
1.8                                               0.11374633443364154                               0.11374633443364154                               0.9999999999999991
1.8                                               0.11550726017096515                               0.11550726017096515                               1.0000000000000007
1.8                                               0.12306408157389177                               0.12306408157389177                               0.9999999999999994
1.8                                               0.12401266795685353                               0.12401266795685355                               1.0000000000000004
1.8                                               0.12951777936352862                               0.12951777936352862                               1.000000000000001
1.8                                               0.13932888362832416                               0.13932888362832416                               0.9999999999999983
1.8                                               0.14575509015797997                               0.14575509015797997                               1.000000000000001
1.8                                               0.1568166240459204                                0.1568166240459204                                1.0000000000000029
1.8                                               0.15851046975639452+2.8664427718618765E-17i       0.15851046975639452+2.8664427718618765E-17i       1
1.8                                               0.16281400435987192                               0.16281400435987192                               1
1.8                                               0.1641906975756446                                0.1641906975756446                                1.0000000000000002
1.8                                               0.17482569034439766-5.344556346560209E-15i        0.17482569034439766-5.344556346560209E-15i        0.999999999999998
1.8                                               0.17644293796590213-2.7303243441514257E-14i       0.17644293796590216-2.7303243441514257E-14i       0.9999999999999997
1.8                                               0.17710490033453344-3.714410247615908E-13i        0.17710490033453344-3.7144102476159085E-13i       1.0000000000000022
2                                                 0.03508571576304431                               0.03508571576304431                               0.999999999999999
2                                                 0.04595048166791932                               0.04595048166791932                               1.0000000000000009
2                                                 0.049489272914616134+1.5796378457594747E-17i      0.049489272914616134+1.5796378457594747E-17i      1.0000000000000027
2                                                 0.07251665418052083                               0.07251665418052083                               0.9999999999999999
2                                                 0.07348321189706566-4.4038295085366615E-17i       0.07348321189706566-4.4038295085366615E-17i       1
2                                                 0.07989810017866389                               0.07989810017866389                               0.999999999999999
2                                                 0.0804670195342075                                0.08046701953420751                               0.9999999999999999
2                                                 0.08160388565373694                               0.08160388565373694                               1.0000000000000018
2                                                 0.08289801926798099                               0.082898019267981                                 1.0000000000000002
2                                                 0.08487906987442631                               0.08487906987442632                               0.9999999999999983
2                                                 0.08767470715687685                               0.08767470715687685                               0.9999999999999986
2                                                 0.09089364362803964                               0.09089364362803964                               1.000000000000001
2                                                 0.09492791607480393                               0.09492791607480394                               1.0000000000000004
2                                                 0.09929953170155022                               0.09929953170155023                               0.9999999999999981
2                                                 0.10456673485712048                               0.1045667348571205                                1.0000000000000007
2                                                 0.10999586157682525                               0.10999586157682525                               1.0000000000000022
2                                                 0.11325192309291883                               0.11325192309291883                               1.0000000000000002
2                                                 0.11649610079296246                               0.11649610079296248                               0.9999999999999996
2                                                 0.12293378300129071                               0.12293378300129072                               0.9999999999999998
2                                                 0.12360302767623543                               0.12360302767623545                               0.9999999999999998
2                                                 0.13068087144913995                               0.13068087144913995                               1.0000000000000007
2                                                 0.13807718160950563                               0.13807718160950563                               0.9999999999999993
2                                                 0.1470920166623633                                0.1470920166623633                                1.0000000000000018
2                                                 0.15539246954522                                  0.15539246954522                                  0.999999999999999
2                                                 0.15843857882539497                               0.15843857882539497                               1.0000000000000013
2                                                 0.1622439630283486                                0.1622439630283486                                0.9999999999999982
2                                                 0.16570126778659744                               0.16570126778659744                               0.9999999999999984
2                                                 0.17484652528906264+4.049247830092224E-15i        0.17484652528906264+4.049247830092224E-15i        0.9999999999999992
2                                                 0.1755270120584551+2.5328923650270608E-14i        0.17552701205845514+2.5328923650270608E-14i       1.0000000000000024
2                                                 0.17698059538958888-1.4594808429728842E-13i       0.1769805953895889-1.4594808429728842E-13i        0.9999999999999986
2.2                                               0.03510116843301772                               0.03510116843301772                               1.0000000000000013
2.2                                               0.04581206816395338                               0.04581206816395339                               1.000000000000001
2.2                                               0.049670256905215274+1.516372968448922E-17i       0.049670256905215274+1.516372968448922E-17i       0.9999999999999987
2.2                                               0.0724913220774683+1.7310407322742426E-17i        0.0724913220774683+1.731040732274243E-17i         1.000000000000003
2.2                                               0.07319686224533715-4.9034577386815064E-17i       0.07319686224533715-4.903457738681507E-17i        1
2.2                                               0.07991260307228074                               0.07991260307228075                               0.9999999999999996
2.2                                               0.08082272855606676                               0.08082272855606676                               1.0000000000000002
2.2                                               0.08152018770493491                               0.08152018770493491                               0.9999999999999984
2.2                                               0.08316088455585541                               0.08316088455585541                               0.9999999999999971
2.2                                               0.08453207597511878                               0.08453207597511878                               0.9999999999999999
2.2                                               0.0881425980293444                                0.0881425980293444                                0.9999999999999994
2.2                                               0.09035630989145678                               0.09035630989145678                               1.0000000000000004
2.2                                               0.09557813839818328                               0.0955781383981833                                1.000000000000001
2.2                                               0.09858334397720689                               0.0985833439772069                                1.0000000000000009
2.2                                               0.10539410219727141                               0.10539410219727141                               0.9999999999999971
2.2                                               0.10910445803851412                               0.10910445803851414                               0.9999999999999997
2.2                                               0.11275975289320708                               0.11275975289320708                               1.0000000000000007
2.2                                               0.11749850294840615                               0.11749850294840615                               0.9999999999999998
2.2                                               0.12186875051256944                               0.12186875051256944                               1.0000000000000013
2.2                                               0.12414414563267463                               0.12414414563267465                               1.0000000000000024
2.2                                               0.13185750388520964                               0.13185750388520967                               1.0000000000000004
2.2                                               0.13683911768725568                               0.13683911768725568                               1.0000000000000002
2.2                                               0.14844250710719578                               0.14844250710719578                               0.999999999999999
2.2                                               0.15398190206231377                               0.15398190206231377                               0.9999999999999983
2.2                                               0.15833465069446043-2.496555638712058E-17i        0.15833465069446043-2.4965556387120583E-17i       0.9999999999999991
2.2                                               0.1617101024298665+1.882857645097576E-17i         0.1617101024298665+1.8828576450975763E-17i        1.0000000000000013
2.2                                               0.1672254581129309                                0.16722545811293094                               0.9999999999999999
2.2                                               0.17326377994663805+2.3339247671370953E-16i       0.17326377994663808+2.3339247671370953E-16i       0.9999999999999979
2.2                                               0.17621847596670845+3.808100002808048E-14i        0.17621847596670845+3.808100002808048E-14i        1.0000000000000007
2.2                                               0.17686725649525536-1.9354371885721922E-13i       0.17686725649525536-1.9354371885721925E-13i       0.9999999999999998
2.4000000000000004                                0.03511806611021194                               0.03511806611021194                               1.0000000000000018
2.4000000000000004                                0.045674518386413704                              0.04567451838641371                               0.9999999999999977
2.4000000000000004                                0.04985445224515606                               0.04985445224515607                               1.0000000000000009
2.4000000000000004                                0.07243169133036367+4.0516314150800395E-17i       0.07243169133036367+4.0516314150800395E-17i       1.0000000000000013
2.4000000000000004                                0.0729460950912588-6.469070063181837E-17i         0.0729460950912588-6.469070063181837E-17i         1.0000000000000002
2.4000000000000004                                0.07992434673112496                               0.07992434673112496                               1
2.4000000000000004                                0.0811763603548106                                0.0811763603548106                                0.9999999999999992
2.4000000000000004                                0.08147311015780158                               0.08147311015780158                               1.0000000000000016
2.4000000000000004                                0.08344161229298579                               0.08344161229298579                               1.0000000000000013
2.4000000000000004                                0.08420175618974114                               0.08420175618974114                               1.000000000000001
2.4000000000000004                                0.08862425669022658                               0.0886242566902266                                0.9999999999999998
2.4000000000000004                                0.08983375745146308                               0.08983375745146308                               1.0000000000000009
2.4000000000000004                                0.09624187396293453                               0.09624187396293454                               0.9999999999999994
2.4000000000000004                                0.09788120661402357                               0.09788120661402357                               1.0000000000000007
2.4000000000000004                                0.106234941554736                                 0.106234941554736                                 1.0000000000000007
2.4000000000000004                                0.1082268142957116                                0.10822681429571161                               0.9999999999999979
2.4000000000000004                                0.11226985892257786                               0.11226985892257786                               1.0000000000000024
2.4000000000000004                                0.11851439551903684                               0.11851439551903684                               0.9999999999999992
2.4000000000000004                                0.12081732710674382                               0.12081732710674382                               1.0000000000000009
2.4000000000000004                                0.12468770340458102                               0.12468770340458103                               1.0000000000000002
2.4000000000000004                                0.1330476503261001                                0.1330476503261001                                1.000000000000002
2.4000000000000004                                0.1356147124380872                                0.1356147124380872                                0.9999999999999996
2.4000000000000004                                0.1498065467406096                                0.1498065467406096                                1
2.4000000000000004                                0.15258499899914213                               0.15258499899914213                               0.9999999999999976
2.4000000000000004                                0.15818445036072254                               0.15818445036072254                               1
2.4000000000000004                                0.16122665455822696                               0.16122665455822696                               0.9999999999999984
2.4000000000000004                                0.1687632527132889                                0.16876325271328893                               0.9999999999999977
2.4000000000000004                                0.17169464364266174-2.200528630835778E-17i        0.17169464364266174-2.2005286308357782E-17i       1.0000000000000007
2.4000000000000004                                0.1766523621016094+4.555359972000841E-14i         0.1766523621016094+4.5553599720008413E-14i        1.0000000000000013
2.4000000000000004                                0.1770128818810549+1.9854258801906625E-14i        0.1770128818810549+1.9854258801906625E-14i        1.0000000000000002
2.6                                               0.03513640124568791                               0.03513640124568791                               1.000000000000001
2.6                                               0.0455381083368028                                0.0455381083368028                                0.9999999999999976
2.6                                               0.0500415888553176                                0.0500415888553176                                0.9999999999999971
2.6                                               0.07229299657010883                               0.07229299657010883                               1.000000000000001
2.6                                               0.07277591672459584-2.0941855816590438E-17i       0.07277591672459584-2.0941855816590438E-17i       1.0000000000000002
2.6                                               0.07993206342145918                               0.07993206342145918                               0.9999999999999996
2.6                                               0.08140785860742097                               0.08140785860742097                               0.9999999999999997
2.6                                               0.08158459215427208                               0.08158459215427208                               1
2.6                                               0.08372889666577242                               0.08372889666577243                               0.9999999999999997
2.6                                               0.08389862116223375                               0.08389862116223375                               1.0000000000000002
2.6                                               0.08911005392646078                               0.08911005392646079                               0.9999999999999993
2.6                                               0.08933557456291102                               0.08933557456291102                               0.9999999999999976
2.6                                               0.09691436158970677                               0.09691436158970677                               1.0000000000000009
2.6                                               0.0971978580424533                                0.0971978580424533                                1.0000000000000007
2.6                                               0.10708667156516219                               0.1070866715651622                                1.0000000000000007
2.6                                               0.10736550002427878                               0.10736550002427878                               1.0000000000000004
2.6                                               0.11178226078941436                               0.11178226078941438                               0.9999999999999982
2.6                                               0.11954225768109357                               0.11954225768109357                               0.9999999999999996
2.6                                               0.11978107461192991                               0.11978107461192991                               1
2.6                                               0.12523363375858151                               0.12523363375858154                               1.0000000000000016
2.6                                               0.1342501252855895                                0.1342501252855895                                1.000000000000001
2.6                                               0.13440514705944426                               0.13440514705944426                               0.9999999999999983
2.6                                               0.15117973674923818                               0.15117973674923818                               1.0000000000000007
2.6                                               0.1512061682196101                                0.1512061682196101                                0.9999999999999994
2.6                                               0.1579712183366675                                0.1579712183366675                                0.9999999999999996
2.6                                               0.16081041597410736                               0.16081041597410736                               0.9999999999999987
2.6                                               0.17013893015328047+6.963438046321513E-17i        0.1701389301532805+6.963438046321513E-17i         0.9999999999999986
2.6                                               0.1703149439541432-7.052665771581742E-17i         0.1703149439541432-7.052665771581742E-17i         0.9999999999999996
2.6                                               0.17656461557644396+1.16847974932378E-14i         0.17656461557644396+1.1684797493237802E-14i       0.9999999999999994
2.6                                               0.17768125825005882-4.601322179945484E-15i        0.17768125825005882-4.601322179945484E-15i        0.9999999999999998
2.8000000000000003                                0.03515616551167372                               0.03515616551167372                               1.0000000000000002
2.8000000000000003                                0.04540304451810768                               0.04540304451810768                               1
2.8000000000000003                                0.050231466788153795                              0.0502314667881538                                0.9999999999999979
2.8000000000000003                                0.0720640311311741                                0.0720640311311741                                0.9999999999999973
2.8000000000000003                                0.07269770699806599                               0.07269770699806599                               0.9999999999999978
2.8000000000000003                                0.07993494791001172                               0.07993494791001172                               0.9999999999999994
2.8000000000000003                                0.08143875901508235                               0.08143875901508235                               0.9999999999999997
2.8000000000000003                                0.08193400974668341                               0.08193400974668341                               0.9999999999999986
2.8000000000000003                                0.08357917791826602                               0.08357917791826602                               1.0000000000000007
2.8000000000000003                                0.08406596433797496                               0.08406596433797496                               1
2.8000000000000003                                0.08882314221775935                               0.08882314221775935                               0.9999999999999997
2.8000000000000003                                0.08963859327366813                               0.08963859327366813                               1.0000000000000009
2.8000000000000003                                0.0965144121014767                                0.0965144121014767                                1.000000000000002
2.8000000000000003                                0.09761447679744684                               0.09761447679744684                               0.999999999999999
2.8000000000000003                                0.10651089733997968                               0.10651089733997968                               0.9999999999999988
2.8000000000000003                                0.10795890138327732                               0.10795890138327732                               1.0000000000000018
2.8000000000000003                                0.11129697384197877                               0.11129697384197879                               1.0000000000000016
2.8000000000000003                                0.11875469690574614                               0.11875469690574615                               1.0000000000000004
2.8000000000000003                                0.12058738479578336                               0.12058738479578336                               1.0000000000000004
2.8000000000000003                                0.1257819188460177                                0.1257819188460177                                1.0000000000000027
2.8000000000000003                                0.13320656149137947                               0.1332065614913795                                0.9999999999999998
2.8000000000000003                                0.13546878510590257                               0.13546878510590257                               1.0000000000000002
2.8000000000000003                                0.14983209783430484                               0.14983209783430484                               0.9999999999999998
2.8000000000000003                                0.1525753834698983                                0.1525753834698983                                1.0000000000000002
2.8000000000000003                                0.15768105762740897                               0.15768105762740897                               1.0000000000000009
2.8000000000000003                                0.16047532657018712                               0.16047532657018712                               0.9999999999999997
2.8000000000000003                                0.1685974929478361                                0.16859749294783613                               0.9999999999999998
2.8000000000000003                                0.17187967888580596-2.1320676224816915E-17i       0.17187967888580596-2.1320676224816915E-17i       1.0000000000000013
2.8000000000000003                                0.17644270881433893+5.577996153618772E-15i        0.17644270881433893+5.577996153618772E-15i        0.9999999999999997
2.8000000000000003                                0.17838425695892796-4.305772805072431E-15i        0.17838425695892796-4.305772805072432E-15i        0.9999999999999993
3                                                 0.035177349768961724                              0.035177349768961724                              0.9999999999999989
3                                                 0.04526948530163899                               0.04526948530163899                               1.0000000000000002
3                                                 0.050423934892024305                              0.05042393489202431                               0.9999999999999997
3                                                 0.07179024373095845+1.0753850317245256E-17i       0.07179024373095845+1.0753850317245256E-17i       1.0000000000000004
3                                                 0.07266614443707865                               0.07266614443707865                               1.000000000000001
3                                                 0.07993336944807426                               0.07993336944807426                               0.9999999999999986
3                                                 0.08148765191629555                               0.08148765191629555                               1.0000000000000016
3                                                 0.08230213444735662                               0.08230213444735662                               1.000000000000002
3                                                 0.08330041794426728                               0.08330041794426728                               0.999999999999999
3                                                 0.08439594222254847                               0.08439594222254847                               0.9999999999999997
3                                                 0.0883442818604864                                0.08834428186048641                               1.0000000000000007
3                                                 0.09016205840803238                               0.09016205840803238                               0.9999999999999984
3                                                 0.0958540662113862                                0.09585406621138622                               1.0000000000000007
3                                                 0.09831902010369327                               0.09831902010369327                               1.0000000000000004
3                                                 0.10567432291984287                               0.10567432291984288                               1.000000000000001
3                                                 0.10884030089009528                               0.10884030089009529                               1.0000000000000007
3                                                 0.11081401807759898                               0.110814018077599                                 0.9999999999999997
3                                                 0.11774414868189266                               0.11774414868189267                               1.0000000000000007
3                                                 0.12164381963884388                               0.12164381963884388                               1.0000000000000009
3                                                 0.12633254679582603                               0.12633254679582603                               1.0000000000000013
3                                                 0.13202307202426755                               0.13202307202426758                               1.000000000000002
3                                                 0.13669951026585644                               0.13669951026585647                               0.9999999999999981
3                                                 0.14847621368816086                               0.14847621368816086                               1.0000000000000007
3                                                 0.15398003650124362                               0.15398003650124362                               1.0000000000000009
3                                                 0.15731066377170816+3.438244245059229E-17i        0.1573106637717082+3.438244245059229E-17i         0.9999999999999992
3                                                 0.16022474593288047-2.4661696510125934E-17i       0.16022474593288047-2.4661696510125934E-17i       0.9999999999999994
3                                                 0.16706954271623956                               0.16706954271623956                               1.0000000000000007
3                                                 0.17345821707881692+6.801005701269632E-17i        0.17345821707881692+6.801005701269632E-17i        1.0000000000000002
3                                                 0.17631763413367127+6.283016914813161E-15i        0.17631763413367127+6.283016914813161E-15i        0.9999999999999999
3                                                 0.17908944917241268-2.646598543304109E-15i        0.17908944917241268-2.646598543304109E-15i        0.9999999999999998
3.2                                               0.03519994403091181                               0.03519994403091181                               1.0000000000000009
3.2                                               0.04513755504712371                               0.04513755504712371                               1.000000000000002
3.2                                               0.05061887672546719                               0.0506188767254672                                0.9999999999999997
3.2                                               0.07150038783142988+1.1395876912499773E-17i       0.07150038783142988+1.1395876912499775E-17i       1.0000000000000018
3.2                                               0.07265257088296792                               0.07265257088296792                               1.0000000000000013
3.2                                               0.07992882874181431                               0.07992882874181431                               0.9999999999999992
3.2                                               0.08156638217623702                               0.08156638217623702                               1.0000000000000007
3.2                                               0.08267481580375682                               0.08267481580375682                               0.9999999999999982
3.2                                               0.08303804829942402                               0.08303804829942402                               0.9999999999999987
3.2                                               0.08474376935180994                               0.08474376935180995                               0.9999999999999987
3.2                                               0.0878784830916874                                0.0878784830916874                                1.000000000000001
3.2                                               0.0907009868534841                                0.0907009868534841                                0.9999999999999988
3.2                                               0.09520691950144888                               0.09520691950144888                               1.0000000000000004
3.2                                               0.09903790001325287                               0.09903790001325287                               1.000000000000001
3.2                                               0.10485117609480787                               0.10485117609480789                               1.0000000000000004
3.2                                               0.1097353607279691                                0.1097353607279691                                0.9999999999999989
3.2                                               0.11033351183937624                               0.11033351183937626                               1.000000000000001
3.2                                               0.11674713821941862                               0.11674713821941864                               0.9999999999999991
3.2                                               0.12271385223361628                               0.12271385223361628                               0.9999999999999994
3.2                                               0.126885507662781                                 0.126885507662781                                 1
3.2                                               0.13085319072858714                               0.13085319072858717                               1.0000000000000013
3.2                                               0.13794378650391598                               0.13794378650391598                               1.0000000000000018
3.2                                               0.14713399476703498                               0.147133994767035                                 0.9999999999999993
3.2                                               0.15539807821859453                               0.15539807821859453                               1.0000000000000007
3.2                                               0.15686975076968576                               0.15686975076968576                               1.0000000000000016
3.2                                               0.16004912369512916+3.923459839418042E-17i        0.16004912369512916+3.923459839418042E-17i        0.9999999999999993
3.2                                               0.1655553262421642                                0.1655553262421642                                0.9999999999999981
3.2                                               0.17505010508863755-3.5712341611991905E-16i       0.17505010508863755-3.5712341611991905E-16i       1.0000000000000004
3.2                                               0.17619264765910025-3.624339591740789E-16i        0.17619264765910028-3.624339591740789E-16i        0.9999999999999998
3.2                                               0.1797907561032417-1.2019335608618575E-14i        0.1797907561032417-1.2019335608618577E-14i        0.999999999999998
3.4000000000000004                                0.03522393742379881                               0.03522393742379881                               0.9999999999999986
3.4000000000000004                                0.04500735366325258                               0.045007353663252585                              1.0000000000000004
3.4000000000000004                                0.05081620103425028                               0.05081620103425028                               1
3.4000000000000004                                0.07120470498612264                               0.07120470498612265                               1.0000000000000029
3.4000000000000004                                0.07264681745423203                               0.07264681745423203                               1.0000000000000013
3.4000000000000004                                0.07992345729371705                               0.07992345729371705                               1.0000000000000002
3.4000000000000004                                0.08167281540258167                               0.08167281540258167                               0.9999999999999993
3.4000000000000004                                0.08279433801518118                               0.08279433801518118                               1.0000000000000009
3.4000000000000004                                0.08305155037078596                               0.08305155037078597                               0.9999999999999994
3.4000000000000004                                0.08510748184837368                               0.08510748184837368                               0.9999999999999991
3.4000000000000004                                0.08742701052563907                               0.08742701052563909                               1
3.4000000000000004                                0.09125417347102167                               0.09125417347102169                               1.0000000000000009
3.4000000000000004                                0.09457356295294447                               0.09457356295294449                               0.9999999999999984
3.4000000000000004                                0.09977055084311351                               0.09977055084311352                               0.9999999999999996
3.4000000000000004                                0.10404167575103787                               0.10404167575103788                               1.0000000000000016
3.4000000000000004                                0.1098547882968647                                0.1098547882968647                                0.9999999999999987
3.4000000000000004                                0.1106445433440237                                0.1106445433440237                                1.0000000000000004
3.4000000000000004                                0.1157637437058374                                0.11576374370583742                               0.9999999999999976
3.4000000000000004                                0.12379740545904691                               0.12379740545904691                               1.0000000000000002
3.4000000000000004                                0.12744078986248633                               0.12744078986248633                               0.9999999999999994
3.4000000000000004                                0.12969694929246217                               0.12969694929246217                               0.999999999999999
3.4000000000000004                                0.13920158409098288                               0.13920158409098288                               1.0000000000000009
3.4000000000000004                                0.14580545134519501                               0.14580545134519501                               1.0000000000000022
3.4000000000000004                                0.1563727002680061                                0.1563727002680061                                0.9999999999999974
3.4000000000000004                                0.156831578805392                                 0.15683157880539203                               0.9999999999999978
3.4000000000000004                                0.15993201773693017                               0.15993201773693017                               0.9999999999999988
3.4000000000000004                                0.16405484923460079                               0.16405484923460079                               0.9999999999999993
3.4000000000000004                                0.1760664643271624-6.916949899096519E-15i         0.1760664643271624-6.91694989909652E-15i          0.9999999999999982
3.4000000000000004                                0.17665750369845887+5.416460489249444E-15i        0.17665750369845887+5.416460489249445E-15i        1.0000000000000036
3.4000000000000004                                0.18048084404258818-3.347360215081316E-14i        0.1804808440425882-3.347360215081316E-14i         1.0000000000000004
3.6                                               0.035249318143362365                              0.035249318143362365                              1.0000000000000022
3.6                                               0.04487896322838798                               0.04487896322838798                               1.000000000000001
3.6                                               0.05101583517176634                               0.05101583517176634                               1.0000000000000004
3.6                                               0.07090705361082816+2.1414637425368572E-17i       0.07090705361082816+2.1414637425368572E-17i       0.9999999999999988
3.6                                               0.07264508214877391-9.954170732031788E-18i        0.07264508214877391-9.954170732031788E-18i        1.0000000000000024
3.6                                               0.07991941279477299                               0.079919412794773                                 0.9999999999999989
3.6                                               0.08180147932811499                               0.081801479328115                                 0.9999999999999988
3.6                                               0.08257521758018525                               0.08257521758018525                               0.9999999999999997
3.6                                               0.08343009844005045+9.264516664064907E-18i        0.08343009844005045+9.264516664064907E-18i        0.999999999999998
3.6                                               0.08548634161849387                               0.08548634161849387                               0.9999999999999981
3.6                                               0.08699037187618454                               0.08699037187618454                               1.0000000000000013
3.6                                               0.09182124759565097                               0.09182124759565097                               0.999999999999999
3.6                                               0.09395424487510534                               0.09395424487510536                               1.0000000000000013
3.6                                               0.10051680390024002                               0.10051680390024002                               1.0000000000000002
3.6                                               0.10324592385952847                               0.10324592385952848                               1.0000000000000007
3.6                                               0.109378895256465                                 0.10937889525646502                               1.0000000000000013
3.6                                               0.11156673704177374                               0.11156673704177375                               0.9999999999999992
3.6                                               0.11479400568953528                               0.11479400568953528                               1.0000000000000004
3.6                                               0.12489444989380943                               0.12489444989380945                               1.0000000000000009
3.6                                               0.12799833208937578                               0.1279983320893758                                1.0000000000000022
3.6                                               0.1285544184081218                                0.1285544184081218                                0.9999999999999986
3.6                                               0.14047288909520267                               0.14047288909520267                               1.0000000000000002
3.6                                               0.14449058976381995                               0.14449058976381995                               0.9999999999999978
3.6                                               0.15584028931622823                               0.15584028931622823                               1
3.6                                               0.15827574796955685-2.2001448760957464E-17i       0.15827574796955685-2.2001448760957464E-17i       0.9999999999999998
3.6                                               0.1598574491666461                                0.1598574491666461                                1.0000000000000009
3.6                                               0.1625681199810492-2.203805808606203E-17i         0.1625681199810492-2.203805808606203E-17i         1
3.6                                               0.17594380783540844                               0.17594380783540844                               0.9999999999999986
3.6                                               0.17827607043156307                               0.17827607043156307                               0.9999999999999987
3.6                                               0.18114470315316306                               0.18114470315316306                               1.0000000000000002
3.8000000000000003                                0.03527607340731262                               0.03527607340731262                               1.0000000000000009
3.8000000000000003                                0.044752452672475435                              0.044752452672475435                              0.9999999999999999
3.8000000000000003                                0.05121772046186367                               0.05121772046186367                               1.0000000000000002
3.8000000000000003                                0.07060913119672323                               0.07060913119672323                               1.0000000000000004
3.8000000000000003                                0.07264571210266269                               0.07264571210266269                               0.9999999999999991
3.8000000000000003                                0.07991842889071718                               0.07991842889071718                               1
3.8000000000000003                                0.0819370801806796                                0.0819370801806796                                1.0000000000000009
3.8000000000000003                                0.08239340295556793                               0.08239340295556793                               1.0000000000000002
3.8000000000000003                                0.083811443958644                                 0.083811443958644                                 0.9999999999999998
3.8000000000000003                                0.0858787786129759                                0.0858787786129759                                1.000000000000003
3.8000000000000003                                0.08657001330572428                               0.0865700133057243                                1.0000000000000029
3.8000000000000003                                0.09240131186820941                               0.09240131186820941                               0.9999999999999999
3.8000000000000003                                0.09334981570263019                               0.09334981570263019                               0.999999999999999
3.8000000000000003                                0.10127624712296338                               0.10127624712296338                               0.9999999999999989
3.8000000000000003                                0.10246430563041804                               0.10246430563041806                               0.9999999999999992
3.8000000000000003                                0.10890525542477891                               0.10890525542477893                               1.0000000000000007
3.8000000000000003                                0.11250233559440331                               0.11250233559440331                               0.9999999999999996
3.8000000000000003                                0.11383809904945257                               0.11383809904945257                               1.0000000000000004
3.8000000000000003                                0.12600489500079995                               0.12600489500079995                               0.999999999999999
3.8000000000000003                                0.1274254084621701                                0.1274254084621701                                0.9999999999999986
3.8000000000000003                                0.1285584004382616                                0.1285584004382616                                1.0000000000000002
3.8000000000000003                                0.14175765408133345                               0.14175765408133345                               1
3.8000000000000003                                0.1431894513916796                                0.1431894513916796                                1.0000000000000013
3.8000000000000003                                0.1552811962890218                                0.1552811962890218                                1.0000000000000002
3.8000000000000003                                0.15972856254294904                               0.15972856254294904                               0.9999999999999999
3.8000000000000003                                0.15981872270805186+3.496844803597918E-17i        0.15981872270805186+3.496844803597918E-17i        0.9999999999999992
3.8000000000000003                                0.16109519236902484                               0.16109519236902484                               1.0000000000000007
3.8000000000000003                                0.1758218484228069+5.270035330600018E-17i         0.17582184842280693+5.2700353306000187E-17i       0.9999999999999983
3.8000000000000003                                0.1799087833748584                                0.1799087833748584                                0.9999999999999989
3.8000000000000003                                0.18110588393402038                               0.18110588393402038                               1.0000000000000007
4                                                 0.035304189403543726                              0.035304189403543726                              1.0000000000000016
4                                                 0.04462788115366303                               0.04462788115366303                               1.0000000000000004
4                                                 0.051421808870733436                              0.051421808870733436                              1.0000000000000007
4                                                 0.0703117908428417+1.2622850878012363E-17i        0.0703117908428417+1.2622850878012363E-17i        1.0000000000000007
4                                                 0.07264789025193023                               0.07264789025193023                               0.9999999999999976
4                                                 0.07992157465881905                               0.07992157465881906                               1
4                                                 0.08200574748167062                               0.08200574748167062                               1.0000000000000009
4                                                 0.08232205095219033                               0.08232205095219033                               0.9999999999999971
4                                                 0.08419527187919296+1.495931127938667E-17i        0.08419527187919296+1.495931127938667E-17i        0.999999999999999
4                                                 0.08613871753249422                               0.08613871753249422                               1.0000000000000002
4                                                 0.0863119467452242                                0.08631194674522422                               0.9999999999999996
4                                                 0.09274598627872428                               0.0927459862787243                                0.999999999999999
4                                                 0.0930086340506703                                0.0930086340506703                                0.9999999999999992
4                                                 0.1016909332064824                                0.10169093320648241                               0.9999999999999999
4                                                 0.10205475352222794                               0.10205475352222794                               1.0000000000000016
4                                                 0.10843394332650888                               0.1084339433265089                                1.0000000000000007
4                                                 0.1128939228402904                                0.1128939228402904                                1.0000000000000009
4                                                 0.11345336128048922                               0.11345336128048923                               1
4                                                 0.12630950042043088                               0.12630950042043088                               0.9999999999999992
4                                                 0.12712953143339922                               0.12712953143339922                               0.9999999999999998
4                                                 0.1291206111352721                                0.1291206111352721                                1.0000000000000004
4                                                 0.14190170547059897                               0.14190170547059897                               0.9999999999999994
4                                                 0.14305620389778745                               0.14305620389778745                               1.0000000000000016
4                                                 0.15470492427639482                               0.15470492427639482                               1.0000000000000002
4                                                 0.15963469673482095                               0.15963469673482095                               1.0000000000000009
4                                                 0.15978996509711696-2.703356115416531E-17i        0.159789965097117-2.7033561154165315E-17i         1.0000000000000018
4                                                 0.16120777389277213                               0.16120777389277213                               1.000000000000001
4                                                 0.17570134426230577+2.8058641261740695E-17i       0.17570134426230577+2.8058641261740695E-17i       1.0000000000000013
4                                                 0.17947525280672968                               0.17947525280672968                               0.9999999999999998
4                                                 0.18155457861110436                               0.18155457861110436                               0.9999999999999991
4.2                                               0.03533365123375018                               0.03533365123375018                               0.999999999999998
4.2                                               0.04450530053947339                               0.044505300539473394                              1.0000000000000018
4.2                                               0.051628060578103895                              0.051628060578103895                              1.0000000000000027
4.2                                               0.07001550787918086                               0.07001550787918086                               1.0000000000000007
4.2                                               0.07265117101246414                               0.07265117101246414                               0.9999999999999989
4.2                                               0.07992916228344246                               0.07992916228344246                               1.0000000000000007
4.2                                               0.08192080873759416                               0.08192080873759416                               1.0000000000000002
4.2                                               0.08244759050801016                               0.08244759050801016                               1.000000000000001
4.2                                               0.08458148309500298                               0.08458148309500298                               0.9999999999999999
4.2                                               0.08576181818093935                               0.08576181818093935                               0.9999999999999994
4.2                                               0.08672049926110106                               0.08672049926110106                               1.0000000000000022
4.2                                               0.09217582158107761                               0.09217582158107762                               1.0000000000000004
4.2                                               0.09361014230975781                               0.09361014230975782                               1.0000000000000016
4.2                                               0.10093907879225089                               0.1009390787922509                                0.9999999999999997
4.2                                               0.10283904163492782                               0.10283904163492782                               1.0000000000000004
4.2                                               0.10796497231634104                               0.10796497231634104                               1.0000000000000002
4.2                                               0.11196588389990125                               0.11196588389990125                               0.9999999999999988
4.2                                               0.11441539255180362                               0.11441539255180362                               0.9999999999999999
4.2                                               0.12520804755207912                               0.12520804755207912                               0.9999999999999982
4.2                                               0.12826681014696173                               0.12826681014696173                               0.9999999999999987
4.2                                               0.12968514866637326                               0.12968514866637326                               1.0000000000000004
4.2                                               0.14062793430992904                               0.14062793430992904                               1.0000000000000002
4.2                                               0.1443679500579894                                0.1443679500579894                                0.9999999999999986
4.2                                               0.1541173133989132                                0.1541173133989132                                0.9999999999999999
4.2                                               0.1581900742417095                                0.1581900742417095                                1.000000000000001
4.2                                               0.15978173700088683                               0.15978173700088683                               0.9999999999999992
4.2                                               0.16269354972361075                               0.16269354972361075                               1.0000000000000002
4.2                                               0.17558244017452412                               0.17558244017452412                               0.9999999999999981
4.2                                               0.17785837266148627                               0.1778583726614863                                1.0000000000000002
4.2                                               0.1826151325366786                                0.18261513253667863                               0.9999999999999999
4.4                                               0.03536444285230919                               0.0353644428523092                                1.0000000000000029
4.4                                               0.04438475726334124                               0.04438475726334124                               1.0000000000000004
4.4                                               0.05183644217728711                               0.05183644217728711                               0.9999999999999996
4.4                                               0.06972056919527977                               0.06972056919527977                               1.0000000000000013
4.4                                               0.07265529261230458                               0.07265529261230458                               1.0000000000000013
4.4                                               0.07994073525107391                               0.07994073525107391                               0.9999999999999989
4.4                                               0.08179789758943731                               0.08179789758943733                               1.0000000000000007
4.4                                               0.08265481591322509                               0.0826548159132251                                1.0000000000000004
4.4                                               0.0849699855378124                                0.08496998553781242                               1.0000000000000016
4.4                                               0.08538547745125942                               0.08538547745125943                               1.000000000000001
4.4                                               0.0871583320680078                                0.0871583320680078                                1.0000000000000009
4.4                                               0.09161269927615925                               0.09161269927615927                               1.000000000000001
4.4                                               0.09423246478468028                               0.0942324647846803                                1.0000000000000002
4.4                                               0.1001982757337113                                0.1001982757337113                                0.9999999999999994
4.4                                               0.10363957217378372                               0.10363957217378374                               0.9999999999999996
4.4                                               0.10749835132164504                               0.10749835132164504                               1.0000000000000009
4.4                                               0.11105071944940358                               0.11105071944940358                               0.9999999999999983
4.4                                               0.11539168576187032                               0.11539168576187032                               0.9999999999999984
4.4                                               0.12412000437072981                               0.12412000437072981                               1.0000000000000002
4.4                                               0.12941778139214596                               0.12941778139214596                               1.0000000000000002
4.4                                               0.1302519975642164                                0.1302519975642164                                0.9999999999999976
4.4                                               0.13936776715368424                               0.13936776715368424                               1.0000000000000007
4.4                                               0.1456932564722268                                0.1456932564722268                                0.9999999999999994
4.4                                               0.1535222553107252                                0.1535222553107252                                1.0000000000000009
4.4                                               0.1567583024864564                                0.1567583024864564                                1.000000000000002
4.4                                               0.1597860545808633                                0.1597860545808633                                0.9999999999999998
4.4                                               0.16419301305912903                               0.16419301305912903                               0.9999999999999986
4.4                                               0.17546508920227294+3.944037097019591E-15i        0.17546508920227294+3.944037097019591E-15i        1.0000000000000002
4.4                                               0.17625544271356464-6.172536694022583E-16i        0.17625544271356464-6.172536694022583E-16i        1.0000000000000002
4.4                                               0.18291258717517847-5.184383064541761E-14i        0.18291258717517847-5.184383064541761E-14i        1.0000000000000007
4.6000000000000005                                0.03539654700003371-4.0952222542666435E-18i       0.03539654700003371-4.0952222542666435E-18i       0.999999999999997
4.6000000000000005                                0.04426629373859803                               0.04426629373859803                               1.0000000000000007
4.6000000000000005                                0.052046925321942106                              0.052046925321942106                              1
4.6000000000000005                                0.06942715921872086                               0.06942715921872086                               1.0000000000000004
4.6000000000000005                                0.07266009230108567                               0.07266009230108568                               1
4.6000000000000005                                0.07995511497368507                               0.07995511497368507                               0.9999999999999981
4.6000000000000005                                0.08168789576019664                               0.08168789576019664                               0.9999999999999999
4.6000000000000005                                0.08289390483159474                               0.08289390483159476                               1.0000000000000013
4.6000000000000005                                0.0850234056007997                                0.08502340560079971                               1
4.6000000000000005                                0.08536096993939589                               0.08536096993939589                               1.0000000000000007
4.6000000000000005                                0.08761157306526282                               0.08761157306526283                               1
4.6000000000000005                                0.09106322064608967                               0.09106322064608967                               1.000000000000002
4.6000000000000005                                0.09486902240094124                               0.09486902240094124                               0.9999999999999994
4.6000000000000005                                0.099471038984203                                 0.099471038984203                                 0.9999999999999994
4.6000000000000005                                0.10445382455608687                               0.10445382455608687                               1.0000000000000007
4.6000000000000005                                0.10703409487086367                               0.10703409487086367                               1.0000000000000018
4.6000000000000005                                0.1101491399036689                                0.11014913990366891                               0.9999999999999981
4.6000000000000005                                0.11638152853782205                               0.11638152853782205                               0.9999999999999987
4.6000000000000005                                0.12304557684555725                               0.12304557684555727                               0.9999999999999976
4.6000000000000005                                0.13058215917353994                               0.13058215917353996                               1.0000000000000016
4.6000000000000005                                0.13082122797513077                               0.13082122797513077                               0.9999999999999991
4.6000000000000005                                0.13812126360960458                               0.13812126360960458                               1.0000000000000007
4.6000000000000005                                0.147032055050367                                 0.147032055050367                                 1.0000000000000004
4.6000000000000005                                0.15292238760992505                               0.15292238760992505                               0.9999999999999984
4.6000000000000005                                0.15534023378695747-2.4089641060706845E-17i       0.15534023378695747-2.4089641060706848E-17i       0.9999999999999993
4.6000000000000005                                0.15979956064879897                               0.15979956064879897                               1.0000000000000007
4.6000000000000005                                0.16570603979565396                               0.16570603979565396                               0.9999999999999996
4.6000000000000005                                0.17466536012757122+9.574788043017496E-17i        0.17466536012757125+9.574788043017496E-17i        1.000000000000004
4.6000000000000005                                0.17535048193667746-8.124694158430191E-16i        0.1753504819366775-8.124694158430192E-16i         1.0000000000000013
4.6000000000000005                                0.18317391164142532+2.3387575201185822E-14i       0.18317391164142532+2.3387575201185822E-14i       0.9999999999999997
4.800000000000001                                 0.035429945132505                                 0.035429945132505                                 1.0000000000000018
4.800000000000001                                 0.044149949454713684                              0.04414994945471369                               0.999999999999999
4.800000000000001                                 0.05225948569481818                               0.05225948569481818                               1.0000000000000018
4.800000000000001                                 0.06913540268386431                               0.06913540268386431                               1.0000000000000009
4.800000000000001                                 0.07266546441970731                               0.07266546441970731                               0.9999999999999971
4.800000000000001                                 0.07997053740300052                               0.07997053740300052                               1.0000000000000007
4.800000000000001                                 0.08160204630181513                               0.08160204630181514                               1.000000000000001
4.800000000000001                                 0.08315512586067644                               0.08315512586067644                               1.000000000000001
4.800000000000001                                 0.08467699235184799                               0.084676992351848                                 0.9999999999999998
4.800000000000001                                 0.08575398027631703                               0.08575398027631703                               1.0000000000000016
4.800000000000001                                 0.0880793876200542                                0.08807938762005421                               1.0000000000000016
4.800000000000001                                 0.09052785218967434                               0.09052785218967435                               1.0000000000000009
4.800000000000001                                 0.09551940411052004                               0.09551940411052004                               0.9999999999999999
4.800000000000001                                 0.09875756335405775                               0.09875756335405775                               0.9999999999999987
4.800000000000001                                 0.10528157221072511                               0.10528157221072511                               1
4.800000000000001                                 0.10657226038407122                               0.10657226038407124                               1.000000000000001
4.800000000000001                                 0.10926121624342795                               0.10926121624342795                               1.0000000000000004
4.800000000000001                                 0.11738485571988755                               0.11738485571988756                               1.0000000000000016
4.800000000000001                                 0.12198479080970275                               0.12198479080970276                               0.9999999999999996
4.800000000000001                                 0.13139239136169464                               0.13139239136169464                               0.9999999999999994
4.800000000000001                                 0.1317603587293276                                0.1317603587293276                                0.9999999999999986
4.800000000000001                                 0.13688843225712757                               0.13688843225712757                               0.9999999999999999
4.800000000000001                                 0.1483843232521197                                0.1483843232521197                                1.0000000000000007
4.800000000000001                                 0.15231953259984443                               0.15231953259984443                               1.0000000000000004
4.800000000000001                                 0.15393590505106758                               0.15393590505106758                               0.9999999999999993
4.800000000000001                                 0.15982043919430464                               0.15982043919430464                               0.9999999999999987
4.800000000000001                                 0.16723260056285938                               0.16723260056285938                               1.0000000000000018
4.800000000000001                                 0.173090056925923                                 0.17309005692592302                               0.9999999999999976
4.800000000000001                                 0.1752367476338546-4.672706443865787E-16i         0.1752367476338546-4.672706443865787E-16i         1.000000000000002
4.800000000000001                                 0.1834193122876+2.1406660363238298E-14i           0.18341931228760003+2.1406660363238298E-14i       0.9999999999999989
5                                                 0.035464617342847324                              0.03546461734284733                               0.9999999999999994
5                                                 0.04403576184285104                               0.04403576184285104                               0.9999999999999984
5                                                 0.052474102211770006                              0.052474102211770006                              1.0000000000000016
5                                                 0.06884538754345913+8.085089366383237E-18i        0.06884538754345913+8.085089366383237E-18i        1.0000000000000007
5                                                 0.07267133807397128                               0.07267133807397128                               0.9999999999999992
5                                                 0.07998494419780276                               0.07998494419780278                               0.9999999999999999
5                                                 0.08154523729343119                               0.08154523729343119                               1.0000000000000009
5                                                 0.08343503358004072                               0.08343503358004072                               0.9999999999999996
5                                                 0.08434678186514358                               0.08434678186514359                               1.0000000000000013
5                                                 0.08614924881235968                               0.08614924881235968                               1.0000000000000009
5                                                 0.08856121646146417                               0.08856121646146417                               0.9999999999999998
5                                                 0.09000704172547731                               0.09000704172547731                               1.0000000000000007
5                                                 0.09618333613958999                               0.09618333613959                                  0.9999999999999996
5                                                 0.09805806250742652                               0.09805806250742652                               0.9999999999999997
5                                                 0.1061002600891                                   0.1061002600891                                   0.9999999999999991
5                                                 0.10613528434754671                               0.10613528434754671                               0.9999999999999993
5                                                 0.10838703909494861                               0.10838703909494861                               0.9999999999999994
5                                                 0.11840161312865301                               0.11840161312865302                               0.9999999999999984
5                                                 0.12093768510913151                               0.12093768510913151                               0.9999999999999994
5                                                 0.13196613923926379                               0.13196613923926379                               1.000000000000003
5                                                 0.13295169441784294                               0.13295169441784294                               0.999999999999999
5                                                 0.13566929062103703                               0.13566929062103703                               1
5                                                 0.14974999567650635                               0.14974999567650635                               0.9999999999999988
5                                                 0.15171496769540457                               0.15171496769540457                               0.9999999999999983
5                                                 0.15254539176717197                               0.15254539176717197                               1
5                                                 0.15984741180466297                               0.159847411804663                                 1.0000000000000013
5                                                 0.16877267500252696                               0.16877267500252696                               0.9999999999999993
5                                                 0.1715283345894805                                0.17152833458948052                               1
5                                                 0.17512513899462684-2.1890779987724527E-16i       0.17512513899462684-2.1890779987724527E-16i       1.0000000000000013
5                                                 0.1836574268883447+1.0707746834867175E-14i        0.18365742688834472+1.0707746834867175E-14i       0.9999999999999981
5.2                                               0.0355005422784421                                0.0355005422784421                                0.9999999999999992
5.2                                               0.04392376697198785                               0.04392376697198785                               0.9999999999999988
5.2                                               0.05269075639941659                               0.052690756399416595                              0.9999999999999998
5.2                                               0.06855717801648581                               0.06855717801648581                               0.9999999999999992
5.2                                               0.07267766449629168                               0.07267766449629168                               0.9999999999999993
5.2                                               0.07999646207348177                               0.07999646207348178                               0.9999999999999971
5.2                                               0.08152046443075006                               0.08152046443075006                               0.9999999999999982
5.2                                               0.08372860984662128                               0.08372860984662128                               0.9999999999999994
5.2                                               0.08403678358749217                               0.08403678358749217                               0.9999999999999967
5.2                                               0.08654670567761664                               0.08654670567761664                               0.9999999999999984
5.2                                               0.08905375874982821                               0.08905375874982822                               0.9999999999999991
5.2                                               0.08950403855252331                               0.08950403855252331                               0.9999999999999996
5.2                                               0.09685884950990893                               0.09685884950990895                               0.999999999999999
5.2                                               0.09737447858357264                               0.09737447858357265                               0.9999999999999994
5.2                                               0.1056550114719158                                0.1056550114719158                                1.0000000000000022
5.2                                               0.10697702685245623                               0.10697702685245625                               1.0000000000000004
5.2                                               0.10752761198280293                               0.10752761198280295                               1.0000000000000013
5.2                                               0.11943116498674329                               0.11943116498674329                               1
5.2                                               0.11990488530266341                               0.11990488530266342                               1.0000000000000016
5.2                                               0.13254210584633325                               0.13254210584633327                               0.9999999999999988
5.2                                               0.13415598831368958                               0.13415598831368958                               1.0000000000000013
5.2                                               0.13446436700602843                               0.13446436700602846                               0.9999999999999997
5.2                                               0.15109323880549314+2.051706832981172E-17i        0.15109323880549316+2.051706832981172E-17i        0.9999999999999992
5.2                                               0.15114161872337606                               0.15114161872337606                               1.0000000000000002
5.2                                               0.1511725278660796                                0.1511725278660796                                0.9999999999999999
5.2                                               0.15987955730585987                               0.15987955730585987                               0.9999999999999999
5.2                                               0.16998020674237074-1.8913478412079464E-17i       0.16998020674237074-1.8913478412079467E-17i       1.0000000000000013
5.2                                               0.17032641601483342-2.6025851320178175E-17i       0.17032641601483342-2.6025851320178175E-17i       0.9999999999999984
5.2                                               0.17501551874452353-1.0898987980542821E-15i       0.17501551874452356-1.0898987980542821E-15i       1.0000000000000009
5.2                                               0.1838923112659429-4.735569744260714E-14i         0.18389231126594294-4.735569744260714E-14i        1.000000000000001
5.4                                               0.03553769705146706                               0.03553769705146706                               1.0000000000000004
5.4                                               0.043814000119823615                              0.04381400011982362                               0.9999999999999998
5.4                                               0.05290943190242568                               0.05290943190242568                               0.9999999999999999
5.4                                               0.06827082240937782                               0.06827082240937782                               0.9999999999999988
5.4                                               0.07268440952148474                               0.07268440952148474                               0.9999999999999973
5.4                                               0.08000397223388112                               0.08000397223388112                               1.0000000000000009
5.4                                               0.08152927222282216                               0.08152927222282218                               1.000000000000002
5.4                                               0.0837231290038263                                0.0837231290038263                                0.9999999999999973
5.4                                               0.08405931886015217                               0.08405931886015217                               1.0000000000000002
5.4                                               0.08694632134099203+1.4208475630748E-17i          0.08694632134099205+1.4208475630748E-17i          0.9999999999999953
5.4                                               0.08899946204685949                               0.0889994620468595                                0.9999999999999999
5.4                                               0.08957637253296638+1.0214450795002363E-17i       0.0895763725329664+1.0214450795002365E-17i        1.0000000000000009
5.4                                               0.09669650901100514                               0.09669650901100516                               1.0000000000000004
5.4                                               0.09755623306874195                               0.09755623306874195                               1.0000000000000007
5.4                                               0.1052002424131187                                0.1052002424131187                                0.9999999999999978
5.4                                               0.10667809572226968                               0.10667809572226969                               0.9999999999999994
5.4                                               0.10784790376386863                               0.10784790376386864                               0.9999999999999994
5.4                                               0.11888378311849844                               0.11888378311849845                               0.9999999999999992
5.4                                               0.12047611124824797                               0.12047611124824799                               0.999999999999998
5.4                                               0.1331200788386239                                0.1331200788386239                                1.0000000000000009
5.4                                               0.1332720250150483                                0.1332720250150483                                1.0000000000000016
5.4                                               0.1353750735348545                                0.13537507353485453                               1.000000000000001
5.4                                               0.14980452422703655                               0.14980452422703655                               1.0000000000000013
5.4                                               0.15050455656803682                               0.15050455656803682                               0.9999999999999974
5.4                                               0.15252245064174783                               0.15252245064174783                               1.0000000000000004
5.4                                               0.15991619924830447                               0.15991619924830447                               0.9999999999999996
5.4                                               0.16844613046718282                               0.16844613046718282                               1.000000000000002
5.4                                               0.17189334862487812                               0.17189334862487812                               0.9999999999999998
5.4                                               0.17490792899435365-9.974484873842625E-17i        0.17490792899435365-9.974484873842625E-17i        0.9999999999999999
5.4                                               0.18412605084563355+1.43688094854935E-14i         0.18412605084563358+1.4368809485493504E-14i       0.9999999999999999
5.6000000000000005                                0.03557605714298581                               0.03557605714298581                               0.9999999999999993
5.6000000000000005                                0.04370649625046908                               0.04370649625046908                               1.0000000000000004
5.6000000000000005                                0.053130114088232386                              0.05313011408823239                               0.9999999999999982
5.6000000000000005                                0.06798635801321248                               0.06798635801321248                               1.0000000000000022
5.6000000000000005                                0.0726915489223509                                0.0726915489223509                                1.0000000000000007
5.6000000000000005                                0.08000751095738487                               0.08000751095738487                               0.9999999999999991
5.6000000000000005                                0.08157160967325058                               0.08157160967325058                               1.000000000000001
5.6000000000000005                                0.08344606030389944                               0.08344606030389945                               0.9999999999999977
5.6000000000000005                                0.08438691280811578                               0.08438691280811578                               1.000000000000001
5.6000000000000005                                0.08734806731355567                               0.08734806731355567                               0.9999999999999973
5.6000000000000005                                0.08852378730905322                               0.08852378730905323                               0.9999999999999999
5.6000000000000005                                0.09009858539529282                               0.09009858539529282                               0.9999999999999983
5.6000000000000005                                0.09603926986636775                               0.09603926986636775                               0.9999999999999984
5.6000000000000005                                0.09826036545658215                               0.09826036545658215                               1.000000000000001
5.6000000000000005                                0.10474776480937018                               0.10474776480937019                               0.9999999999999998
5.6000000000000005                                0.10584519569885471                               0.10584519569885471                               0.9999999999999981
5.6000000000000005                                0.10872939441914674                               0.10872939441914675                               0.9999999999999998
5.6000000000000005                                0.11787766611326475                               0.11787766611326476                               0.9999999999999999
5.6000000000000005                                0.12153315720695401                               0.12153315720695403                               0.9999999999999998
5.6000000000000005                                0.13209357731363305                               0.13209357731363305                               1.0000000000000002
5.6000000000000005                                0.13370087553928467                               0.13370087553928467                               0.9999999999999984
5.6000000000000005                                0.1366068036164003                                0.1366068036164003                                1.0000000000000007
5.6000000000000005                                0.1484551948231802                                0.1484551948231802                                1.0000000000000024
5.6000000000000005                                0.14989957510795954                               0.14989957510795954                               0.9999999999999983
5.6000000000000005                                0.15392853042856436                               0.15392853042856436                               0.9999999999999999
5.6000000000000005                                0.15995683310980066                               0.15995683310980066                               0.9999999999999991
5.6000000000000005                                0.1669257147484965                                0.1669257147484965                                0.999999999999999
5.6000000000000005                                0.17347368792889445+3.00824756743449E-17i         0.17347368792889445+3.00824756743449E-17i         1.0000000000000007
5.6000000000000005                                0.17480256541648576+1.7868109675768588E-16i       0.17480256541648578+1.786810967576859E-16i        1.0000000000000007
5.6000000000000005                                0.1843598021098103+2.2595750009927888E-14i        0.18435980210981032+2.2595750009927888E-14i       0.9999999999999987
5.800000000000001                                 0.03561559630022866                               0.03561559630022866                               1.0000000000000009
5.800000000000001                                 0.043601290422333225-5.661838334739135E-18i       0.04360129042233323-5.661838334739136E-18i        0.9999999999999988
5.800000000000001                                 0.05335278972518854                               0.053352789725188546                              0.9999999999999981
5.800000000000001                                 0.06770381428800656                               0.06770381428800656                               1.0000000000000009
5.800000000000001                                 0.07269906542695108                               0.07269906542695108                               1.0000000000000004
5.800000000000001                                 0.08000825521453336                               0.08000825521453336                               1.0000000000000007
5.800000000000001                                 0.0816458423535308                                0.0816458423535308                                0.999999999999999
5.800000000000001                                 0.08318325937728593                               0.08318325937728593                               0.9999999999999986
5.800000000000001                                 0.08473410733381534                               0.08473410733381534                               1.0000000000000007
5.800000000000001                                 0.08775184611528576                               0.08775184611528576                               1.0000000000000013
5.800000000000001                                 0.08806017702915157                               0.08806017702915159                               1.0000000000000004
5.800000000000001                                 0.09063732947819167                               0.09063732947819168                               1.0000000000000007
5.800000000000001                                 0.09539490731964956                               0.09539490731964956                               1.0000000000000002
5.800000000000001                                 0.09897910387862427                               0.09897910387862427                               1.0000000000000007
5.800000000000001                                 0.10429763045060582                               0.10429763045060582                               0.9999999999999994
5.800000000000001                                 0.10502563558666748                               0.10502563558666748                               1.0000000000000004
5.800000000000001                                 0.10962472419142948                               0.10962472419142949                               0.9999999999999999
5.800000000000001                                 0.1168850808383448                                0.1168850808383448                                0.9999999999999997
5.800000000000001                                 0.12260375045063483                               0.12260375045063483                               0.9999999999999997
5.800000000000001                                 0.1309290804404373                                0.1309290804404373                                1.0000000000000018
5.800000000000001                                 0.1342835919307404                                0.1342835919307404                                0.9999999999999984
5.800000000000001                                 0.13785200828699096                               0.13785200828699096                               0.9999999999999993
5.800000000000001                                 0.14711944480482408                               0.14711944480482408                               1.0000000000000002
5.800000000000001                                 0.149295498446121                                 0.149295498446121                                 0.9999999999999996
5.800000000000001                                 0.15534813052909194                               0.15534813052909197                               0.9999999999999986
5.800000000000001                                 0.16000107967569435                               0.16000107967569435                               0.999999999999998
5.800000000000001                                 0.1654190720772361                                0.1654190720772361                                1.0000000000000009
5.800000000000001                                 0.1746964540193849-2.8536576651367963E-16i        0.1746964540193849-2.8536576651367963E-16i        0.9999999999999992
5.800000000000001                                 0.17507031156280545-1.987571819046054E-16i        0.17507031156280545-1.987571819046054E-16i        0.9999999999999996
5.800000000000001                                 0.18459421903439827+9.99381381155481E-14i         0.18459421903439827+9.99381381155481E-14i         1.000000000000001
6                                                 0.03565628642706824                               0.03565628642706824                               0.9999999999999978
6                                                 0.043498418143866346                              0.043498418143866346                              1.0000000000000009
6                                                 0.05357744671628685                               0.05357744671628685                               0.9999999999999993
6                                                 0.06742321500381085                               0.06742321500381085                               0.9999999999999983
6                                                 0.07270694676645295                               0.07270694676645295                               0.9999999999999991
6                                                 0.08000810343810436                               0.08000810343810436                               0.9999999999999991
6                                                 0.08174890567797383                               0.08174890567797383                               1.000000000000001
6                                                 0.08293924450054035                               0.08293924450054035                               1
6                                                 0.08509743387336996                               0.08509743387336997                               1.0000000000000022
6                                                 0.08761043004283868                               0.0876104300428387                                1
6                                                 0.08815804917882243                               0.08815804917882243                               0.999999999999999
6                                                 0.09119044113413254                               0.09119044113413254                               1.0000000000000013
6                                                 0.09476428889196713                               0.09476428889196714                               1.0000000000000029
6                                                 0.09971159831814076                               0.09971159831814076                               0.9999999999999999
6                                                 0.10384982941942447                               0.10384982941942449                               1
6                                                 0.10421974954574696                               0.10421974954574698                               1.0000000000000004
6                                                 0.11053357683616696                               0.11053357683616696                               0.9999999999999992
6                                                 0.11590612321081781                               0.11590612321081782                               0.9999999999999988
6                                                 0.12368779169375091                               0.12368779169375091                               1.000000000000001
6                                                 0.12977822976250544                               0.12977822976250544                               0.9999999999999997
6                                                 0.1348685495821991                                0.1348685495821991                                1.000000000000001
6                                                 0.13911065135335005                               0.13911065135335005                               1.0000000000000007
6                                                 0.1457973733794439                                0.1457973733794439                                0.9999999999999976
6                                                 0.14869259318330036                               0.14869259318330036                               0.999999999999999
6                                                 0.15678116570294634                               0.15678116570294634                               0.9999999999999981
6                                                 0.1600486606728822                                0.1600486606728822                                1.000000000000001
6                                                 0.16392620651410905                               0.16392620651410905                               0.9999999999999993
6                                                 0.1745964573463648-4.067060675601057E-17i         0.17459645734636484-4.067060675601057E-17i        0.9999999999999993
6                                                 0.17667636694847583-8.994147393016881E-17i        0.17667636694847585-8.994147393016881E-17i        1.0000000000000004
6                                                 0.1841250765032153+4.6137887208444604E-15i        0.18412507650321533+4.6137887208444604E-15i       0.9999999999999998
6.2                                               0.035698097467441764                              0.035698097467441764                              0.9999999999999996
6.2                                               0.043397915690121386                              0.04339791569012139                               1.0000000000000018
6.2                                               0.05380407387443918                               0.05380407387443918                               0.9999999999999996
6.2                                               0.06714457972501632                               0.06714457972501632                               0.9999999999999994
6.2                                               0.0727151843718718                                0.0727151843718718                                0.9999999999999997
6.2                                               0.08000910694641389                               0.0800091069464139                                1.0000000000000013
6.2                                               0.08187581841644928                               0.0818758184164493                                0.9999999999999997
6.2                                               0.08271750231140229                               0.08271750231140229                               1.0000000000000002
6.2                                               0.08547608732802331                               0.08547608732802331                               1.000000000000002
6.2                                               0.08717565104222569                               0.0871756510422257                                0.9999999999999998
6.2                                               0.08856607166771405                               0.08856607166771405                               1.0000000000000004
6.2                                               0.09175750554722692                               0.09175750554722692                               0.9999999999999997
6.2                                               0.09414764877296272                               0.09414764877296272                               1.0000000000000007
6.2                                               0.10045766972283052                               0.10045766972283052                               1.0000000000000013
6.2                                               0.10340289508056552                               0.10340289508056552                               0.9999999999999996
6.2                                               0.10342911041117432                               0.10342911041117432                               1.0000000000000002
6.2                                               0.11145587363911766                               0.11145587363911766                               1
6.2                                               0.114940829368445                                 0.11494082936844502                               1.0000000000000002
6.2                                               0.12478524925417363                               0.12478524925417363                               1.0000000000000002
6.2                                               0.12864104553443562                               0.12864104553443562                               1.0000000000000009
6.2                                               0.1354557258993873                                0.1354557258993873                                1.0000000000000022
6.2                                               0.1403827154567394                                0.1403827154567394                                0.9999999999999982
6.2                                               0.1444890014271204                                0.1444890014271204                                1.0000000000000022
6.2                                               0.14809110109034657                               0.14809110109034657                               0.9999999999999988
6.2                                               0.15822752246501848                               0.15822752246501848                               1.0000000000000002
6.2                                               0.16009942617578043                               0.16009942617578043                               0.9999999999999974
6.2                                               0.1624471282624484                                0.1624471282624484                                1.0000000000000016
6.2                                               0.17449709747877223-3.251284342402665E-17i        0.17449709747877223-3.2512843424026653E-17i       1.0000000000000007
6.2                                               0.1782973395262943-1.3218287585940707E-16i        0.1782973395262943-1.321828758594071E-16i         0.9999999999999976
6.2                                               0.18247577316229177+1.332832837039608E-15i        0.18247577316229177+1.332832837039608E-15i        0.9999999999999996
6.4                                               0.03574099728166699                               0.03574099728166699                               0.9999999999999994
6.4                                               0.0432998203900006                                0.0432998203900006                                1.000000000000001
6.4                                               0.05403266072821414                               0.05403266072821414                               1.0000000000000013
6.4                                               0.06686792486981236+7.487096099478919E-18i        0.06686792486981236+7.487096099478919E-18i        1.0000000000000002
6.4                                               0.0727237724826355                                0.0727237724826355                                0.999999999999999
6.4                                               0.08001300355817142                               0.08001300355817142                               1.0000000000000013
6.4                                               0.08201489453870822                               0.08201489453870822                               1.0000000000000024
6.4                                               0.08252820089025245                               0.08252820089025246                               0.999999999999998
6.4                                               0.08586897468142422                               0.08586897468142422                               0.9999999999999983
6.4                                               0.08675647894696673                               0.08675647894696674                               1.0000000000000004
6.4                                               0.08897619903160472                               0.08897619903160472                               1.000000000000001
6.4                                               0.09233791681639278                               0.09233791681639278                               0.9999999999999992
6.4                                               0.09354552737929756                               0.09354552737929756                               1.0000000000000004
6.4                                               0.10121702070981071                               0.10121702070981071                               1.0000000000000022
6.4                                               0.10264909075532108                               0.10264909075532108                               0.9999999999999993
6.4                                               0.10296173037838953                               0.10296173037838953                               0.9999999999999984
6.4                                               0.11239146992204829                               0.1123914699220483                                0.9999999999999993
6.4                                               0.11398932350199258                               0.11398932350199259                               0.9999999999999993
6.4                                               0.12589604874262927                               0.12589604874262927                               1.0000000000000016
6.4                                               0.12751759143017233                               0.12751759143017233                               0.9999999999999993
6.4                                               0.13604509964933448                               0.13604509964933448                               1.000000000000001
6.4                                               0.14166815265070776                               0.14166815265070776                               0.9999999999999984
6.4                                               0.14319436926194368                               0.14319436926194368                               1.0000000000000016
6.4                                               0.1474912262405569                                0.1474912262405569                                0.9999999999999986
6.4                                               0.15968592511535049                               0.15968592511535049                               1.0000000000000004
6.4                                               0.16015435074156453                               0.16015435074156453                               0.9999999999999989
6.4                                               0.1609819402657024                                0.1609819402657024                                0.9999999999999978
6.4                                               0.1743997239741455-2.8421806581368496E-17i        0.17439972397414552-2.8421806581368496E-17i       0.9999999999999999
6.4                                               0.17993186083104187-1.0393601063207125E-15i       0.17993186083104187-1.0393601063207125E-15i       0.9999999999999993
6.4                                               0.18084024659184839+1.437916311825234E-15i        0.18084024659184839+1.4379163118252342E-15i       1.0000000000000016
6.6000000000000005                                0.03578495151586339                               0.03578495151586339                               1.0000000000000018
6.6000000000000005                                0.043204170891721                                 0.04320417089172101                               1.0000000000000009
6.6000000000000005                                0.05426319734901225                               0.05426319734901225                               1.0000000000000007
6.6000000000000005                                0.0665932644891997                                0.06659326448919971                               1.0000000000000018
6.6000000000000005                                0.07273270751238346                               0.07273270751238346                               0.9999999999999972
6.6000000000000005                                0.08002094049887479                               0.08002094049887479                               0.9999999999999992
6.6000000000000005                                0.08211208742638296                               0.08211208742638296                               1.0000000000000007
6.6000000000000005                                0.082424335668067                                 0.082424335668067                                 1.0000000000000013
6.6000000000000005                                0.08625106006057695                               0.08625106006057696                               1.000000000000001
6.6000000000000005                                0.08637789312084243                               0.08637789312084244                               0.9999999999999994
6.6000000000000005                                0.0893883837588099                                0.0893883837588099                                0.9999999999999982
6.6000000000000005                                0.09289528295215355                               0.09289528295215356                               1.0000000000000013
6.6000000000000005                                0.09299428376090141                               0.09299428376090141                               1.0000000000000002
6.6000000000000005                                0.10187240208387967                               0.10187240208387967                               1
6.6000000000000005                                0.10200217386976418                               0.10200217386976419                               0.9999999999999996
6.6000000000000005                                0.10252109493770092                               0.10252109493770092                               1.0000000000000002
6.6000000000000005                                0.11304866549133552                               0.11304866549133553                               0.9999999999999996
6.6000000000000005                                0.11334329154259841                               0.11334329154259842                               1.0000000000000007
6.6000000000000005                                0.1264070221619127                                0.1264070221619127                                0.9999999999999983
6.6000000000000005                                0.12702102561619086                               0.12702102561619086                               0.9999999999999997
6.6000000000000005                                0.1366366434370186                                0.1366366434370186                                1.0000000000000004
6.6000000000000005                                0.14191315250943554                               0.14191315250943554                               1.0000000000000007
6.6000000000000005                                0.14296727078243032                               0.14296727078243032                               0.9999999999999996
6.6000000000000005                                0.14689314984546512                               0.14689314984546512                               0.9999999999999989
6.6000000000000005                                0.15952982107028593                               0.15952982107028593                               1.000000000000002
6.6000000000000005                                0.16020779853432227                               0.16020779853432227                               1
6.6000000000000005                                0.16116267111561133                               0.16116267111561133                               0.999999999999998
6.6000000000000005                                0.17430441882576314                               0.17430441882576314                               1.0000000000000007
6.6000000000000005                                0.17921847290380125-6.266037339638236E-17i        0.17921847290380127-6.266037339638236E-17i        0.9999999999999998
6.6000000000000005                                0.18157994641945455-4.565838771316633E-16i        0.18157994641945455-4.565838771316633E-16i        0.9999999999999988
6.800000000000001                                 0.035829923464521005                              0.035829923464521005                              1.0000000000000009
6.800000000000001                                 0.04311100741192904                               0.04311100741192904                               0.9999999999999998
6.800000000000001                                 0.05449567419152454                               0.05449567419152454                               1.0000000000000018
6.800000000000001                                 0.06632061085843595                               0.06632061085843595                               0.9999999999999967
6.800000000000001                                 0.0727419875684949                                0.07274198756849491                               1.000000000000002
6.800000000000001                                 0.08003334798391021                               0.08003334798391021                               1.0000000000000018
6.800000000000001                                 0.08205393100292671                               0.08205393100292672                               1.0000000000000007
6.800000000000001                                 0.08251895982857407                               0.08251895982857409                               0.9999999999999999
6.800000000000001                                 0.0859520688780504                                0.08595206887805042                               0.9999999999999989
6.800000000000001                                 0.0867101349172893                                0.0867101349172893                                0.9999999999999988
6.800000000000001                                 0.08980260185256857                               0.08980260185256858                               0.9999999999999978
6.800000000000001                                 0.09237718746913766                               0.09237718746913766                               0.9999999999999988
6.800000000000001                                 0.09354631801013723                               0.09354631801013723                               0.9999999999999987
6.800000000000001                                 0.10113123721456364                               0.10113123721456366                               0.999999999999999
6.800000000000001                                 0.10208289435258257                               0.10208289435258258                               1.0000000000000004
6.800000000000001                                 0.10277903375367137                               0.10277903375367137                               0.9999999999999996
6.800000000000001                                 0.1121261126999879                                0.11212611269998791                               0.9999999999999997
6.800000000000001                                 0.11430406966250495                               0.11430406966250495                               0.9999999999999999
6.800000000000001                                 0.12531114411963476                               0.1253111441196348                                1.0000000000000007
6.800000000000001                                 0.1281583641644288                                0.1281583641644288                                0.9999999999999993
6.800000000000001                                 0.13723031819343112                               0.13723031819343112                               1.0000000000000007
6.800000000000001                                 0.14064594774360797                               0.14064594774360797                               0.9999999999999998
6.800000000000001                                 0.1442794194993965                                0.1442794194993965                                0.9999999999999987
6.800000000000001                                 0.14629707274525622                               0.14629707274525622                               1.0000000000000013
6.800000000000001                                 0.158092192843216                                 0.15809219284321602                               1.0000000000000013
6.800000000000001                                 0.16026702489569672                               0.16026702489569672                               1.0000000000000009
6.800000000000001                                 0.16264895175150296                               0.16264895175150296                               1.0000000000000009
6.800000000000001                                 0.17421120696053777-1.975801191247305E-17i        0.1742112069605378-1.9758011912473053E-17i        0.999999999999999
6.800000000000001                                 0.17761059683784522-6.007744073349566E-17i        0.17761059683784522-6.007744073349566E-17i        0.9999999999999997
6.800000000000001                                 0.18324139141533663+1.0079523968535288E-15i       0.18324139141533663+1.0079523968535288E-15i       1
7                                                 0.03587587392676103                               0.03587587392676103                               0.9999999999999992
7                                                 0.043020371972675664                              0.04302037197267567                               1.0000000000000007
7                                                 0.05473008194010904                               0.05473008194010904                               0.9999999999999999
7                                                 0.06604997494330372                               0.06604997494330372                               1
7                                                 0.07275161205779712                               0.07275161205779714                               0.9999999999999994
7                                                 0.08004989918910474                               0.08004989918910474                               0.9999999999999998
7                                                 0.08193397081958742                               0.08193397081958743                               1.0000000000000009
7                                                 0.08271880368654386                               0.08271880368654386                               1
7                                                 0.08557806828713377                               0.08557806828713377                               0.9999999999999983
7                                                 0.08714714552752077                               0.08714714552752079                               0.9999999999999992
7                                                 0.09021882740564928                               0.0902188274056493                                0.9999999999999994
7                                                 0.09181703014760555                               0.09181703014760555                               1.0000000000000016
7                                                 0.09416822842052783                               0.09416822842052783                               1.0000000000000013
7                                                 0.10039408142085335                               0.10039408142085335                               1.0000000000000013
7                                                 0.10164716224500402                               0.10164716224500402                               1
7                                                 0.10357909342949469                               0.1035790934294947                                1.0000000000000018
7                                                 0.11121545904990836                               0.11121545904990837                               0.9999999999999988
7                                                 0.11528000089737941                               0.11528000089737941                               1.0000000000000009
7                                                 0.12422858633217988                               0.1242285863321799                                0.9999999999999989
7                                                 0.12930942651141153                               0.12930942651141153                               0.9999999999999994
7                                                 0.1378260600796261                                0.1378260600796261                                1.0000000000000004
7                                                 0.13939236544162784                               0.13939236544162784                               1.0000000000000002
7                                                 0.1456014025650082                                0.14560140256500823                               1
7                                                 0.14570672966404052                               0.14570672966404055                               0.9999999999999988
7                                                 0.15666815710937057                               0.15666815710937057                               1.0000000000000002
7                                                 0.16032843999669788-2.55281569903799E-17i         0.16032843999669788-2.55281569903799E-17i         0.9999999999999987
7                                                 0.16414914598017233                               0.16414914598017233                               0.9999999999999986
7                                                 0.1741200892543051-1.2822936801006655E-16i        0.17412008925430514-1.2822936801006655E-16i       1.0000000000000009
7                                                 0.17601656773060373-1.0354038737153457E-16i       0.17601656773060376-1.0354038737153457E-16i       0.9999999999999971
7                                                 0.18491597198928994+1.4634973832187053E-14i       0.18491597198928994+1.4634973832187053E-14i       0.9999999999999981
7.2                                               0.03592276105679956                               0.03592276105679956                               0.9999999999999996
7.2                                               0.042932308629045506                              0.04293230862904551                               0.9999999999999993
7.2                                               0.054966411353354186                              0.05496641135335419                               1.000000000000001
7.2                                               0.0657813667848742                                0.0657813667848742                                1.0000000000000022
7.2                                               0.07276158133810119                               0.07276158133810119                               0.9999999999999993
7.2                                               0.08006952668555378                               0.08006952668555378                               0.9999999999999991
7.2                                               0.08182212946136437                               0.08182212946136437                               0.9999999999999989
7.2                                               0.08295488649507339                               0.08295488649507339                               0.9999999999999994
7.2                                               0.08521797782046768                               0.08521797782046768                               1.0000000000000038
7.2                                               0.0876000592225593                                0.0876000592225593                                0.9999999999999981
7.2                                               0.09063701388518433+1.2117745884369755E-17i       0.09063701388518434+1.2117745884369755E-17i       0.9999999999999991
7.2                                               0.09127030213566834                               0.09127030213566834                               0.999999999999999
7.2                                               0.09480455324908373                               0.09480455324908373                               1.000000000000001
7.2                                               0.09967042679670553                               0.09967042679670553                               1
7.2                                               0.10121388762005049                               0.1012138876200505                                1.000000000000001
7.2                                               0.10439289591773027                               0.10439289591773028                               1
7.2                                               0.11031837596477208                               0.11031837596477209                               0.9999999999999998
7.2                                               0.1162694069313386                                0.11626940693133861                               0.9999999999999978
7.2                                               0.1231596535379508                                0.1231596535379508                                1.0000000000000002
7.2                                               0.13047389988374675                               0.13047389988374675                               1.0000000000000009
7.2                                               0.13815229366367116                               0.13815229366367118                               0.9999999999999998
7.2                                               0.13842395500834495                               0.13842395500834495                               1.0000000000000002
7.2                                               0.145110739710973                                 0.145110739710973                                 1
7.2                                               0.14694469407263255                               0.14694469407263258                               1.0000000000000018
7.2                                               0.15525785101622697                               0.15525785101622697                               0.9999999999999972
7.2                                               0.16039221650540328                               0.16039221650540328                               1.0000000000000007
7.2                                               0.16566285141951825                               0.16566285141951825                               1.0000000000000018
7.2                                               0.17403082019606392+2.6785563452119032E-17i       0.17403082019606392+2.6785563452119032E-17i       1.0000000000000004
7.2                                               0.17443664602682296                               0.174436646026823                                 1.0000000000000004
7.2                                               0.18627487392353984                               0.18627487392353984                               0.9999999999999998
7.4                                               0.035970540209612364                              0.035970540209612364                              1.0000000000000013
7.4                                               0.0428468636893649-6.927015954384906E-18i         0.042846863689364904-6.927015954384907E-18i       1.0000000000000007
7.4                                               0.05520465309842032                               0.05520465309842033                               1.0000000000000022
7.4                                               0.0655147958355693+8.980060137305222E-18i         0.0655147958355693+8.980060137305222E-18i         0.9999999999999988
7.4                                               0.07277189639699258                               0.07277189639699258                               0.9999999999999999
7.4                                               0.0800905178417898                                0.0800905178417898                                0.9999999999999991
7.4                                               0.08173288910480535                               0.08173288910480535                               1.0000000000000002
7.4                                               0.08321420453547573                               0.08321420453547573                               0.999999999999998
7.4                                               0.0848731521536868                                0.08487315215368682                               0.9999999999999976
7.4                                               0.08806763035976463                               0.08806763035976463                               1
7.4                                               0.09073741334645417                               0.09073741334645419                               1
7.4                                               0.0910573406450679                                0.0910573406450679                                1.0000000000000009
7.4                                               0.09545470536296913                               0.09545470536296914                               1
7.4                                               0.09896050384976895                               0.09896050384976895                               1.000000000000002
7.4                                               0.10078310394658409                               0.1007831039465841                                0.9999999999999998
7.4                                               0.1052202231556097                                0.1052202231556097                                0.9999999999999992
7.4                                               0.1094349433973087                                0.10943494339730872                               0.9999999999999977
7.4                                               0.11727220664523537                               0.11727220664523537                               0.9999999999999981
7.4                                               0.12210437074387245                               0.12210437074387245                               0.9999999999999971
7.4                                               0.1316517534736345                                0.1316517534736345                                0.9999999999999987
7.4                                               0.13692618298143605                               0.13692618298143605                               0.9999999999999993
7.4                                               0.13902339203500344                               0.13902339203500344                               0.9999999999999999
7.4                                               0.1445215055704074                                0.1445215055704074                                0.9999999999999998
7.4                                               0.1482971051675315                                0.1482971051675315                                1.0000000000000007
7.4                                               0.15386128649060704                               0.15386128649060704                               1.0000000000000007
7.4                                               0.16045832962200451-2.4531369745942237E-17i       0.16045832962200451-2.453136974594224E-17i        1.0000000000000007
7.4                                               0.1671900009879086                                0.1671900009879086                                0.9999999999999994
7.4                                               0.17286966151710498                               0.17286966151710498                               0.999999999999998
7.4                                               0.1739445802711489-1.0986473381509419E-15i        0.17394458027114892-1.098647338150942E-15i        1.0000000000000002
7.4                                               0.1865250633867215-8.176749444676187E-14i         0.1865250633867215-8.176749444676188E-14i         0.9999999999999999
7.6000000000000005                                0.03601916378305173                               0.03601916378305173                               0.999999999999999
7.6000000000000005                                0.04276408592892604                               0.04276408592892605                               1
7.6000000000000005                                0.05544479756488934                               0.05544479756488934                               1
7.6000000000000005                                0.06525027127337726+8.430477516405134E-18i        0.06525027127337726+8.430477516405134E-18i        0.9999999999999973
7.6000000000000005                                0.07278255855575765                               0.07278255855575765                               1.0000000000000002
7.6000000000000005                                0.08011075501066213                               0.08011075501066213                               0.9999999999999991
7.6000000000000005                                0.08167183804886555                               0.08167183804886556                               0.999999999999998
7.6000000000000005                                0.08349279470499382                               0.08349279470499382                               0.9999999999999973
7.6000000000000005                                0.08454431784353081                               0.08454431784353081                               0.9999999999999986
7.6000000000000005                                0.08854932795132452                               0.08854932795132452                               0.9999999999999994
7.6000000000000005                                0.09021916299438687                               0.09021916299438687                               1
7.6000000000000005                                0.09147933912829198                               0.09147933912829198                               0.9999999999999998
7.6000000000000005                                0.09611842475527897                               0.09611842475527897                               1.000000000000003
7.6000000000000005                                0.09826448479773044                               0.09826448479773044                               1.0000000000000016
7.6000000000000005                                0.10035485613546001                               0.10035485613546002                               1.0000000000000022
7.6000000000000005                                0.10606096287905632                               0.10606096287905632                               0.9999999999999981
7.6000000000000005                                0.10856523503925959                               0.10856523503925959                               1.0000000000000016
7.6000000000000005                                0.11828834681006525                               0.11828834681006527                               1.000000000000001
7.6000000000000005                                0.12106276878496454                               0.12106276878496455                               0.9999999999999989
7.6000000000000005                                0.13284296009843372                               0.13284296009843372                               1.0000000000000009
7.6000000000000005                                0.13571366347844316                               0.13571366347844319                               0.9999999999999978
7.6000000000000005                                0.13962441127472197                               0.13962441127472197                               0.9999999999999991
7.6000000000000005                                0.14393507248236295                               0.14393507248236295                               0.9999999999999989
7.6000000000000005                                0.14966296630766907                               0.14966296630766907                               1.0000000000000009
7.6000000000000005                                0.15247847135025394                               0.15247847135025394                               0.9999999999999988
7.6000000000000005                                0.16052673657272934                               0.16052673657272934                               1.0000000000000002
7.6000000000000005                                0.168730558417597                                 0.16873055841759702                               1.000000000000001
7.6000000000000005                                0.17131715214048165                               0.17131715214048165                               1
7.6000000000000005                                0.17385984838381563-6.323879484847295E-16i        0.17385984838381566-6.323879484847295E-16i        0.9999999999999986
7.6000000000000005                                0.18677506382080622-2.561181577861618E-13i        0.18677506382080622-2.561181577861618E-13i        0.9999999999999991
7.800000000000001                                 0.036068581058050914                              0.036068581058050914                              1
7.800000000000001                                 0.04268402679725511                               0.04268402679725511                               1.000000000000001
7.800000000000001                                 0.055686834644807934                              0.055686834644807934                              1.000000000000001
7.800000000000001                                 0.06498780231898366+1.2924496829501497E-17i       0.06498780231898366+1.2924496829501498E-17i       0.9999999999999987
7.800000000000001                                 0.07279356920717091                               0.07279356920717092                               0.9999999999999971
7.800000000000001                                 0.08012815919703176                               0.08012815919703176                               0.9999999999999984
7.800000000000001                                 0.08164238237611383                               0.08164238237611383                               1.000000000000001
7.800000000000001                                 0.08378725522386046                               0.08378725522386046                               0.9999999999999992
7.800000000000001                                 0.08423362445134533                               0.08423362445134533                               1.0000000000000002
7.800000000000001                                 0.08904343210732382                               0.08904343210732384                               1.000000000000001
7.800000000000001                                 0.08971689611730424                               0.08971689611730425                               0.9999999999999987
7.800000000000001                                 0.0919032502917696                                0.09190325029176961                               1
7.800000000000001                                 0.09679469913359498                               0.09679469913359498                               1.000000000000001
7.800000000000001                                 0.09758333534451104                               0.09758333534451104                               0.9999999999999979
7.800000000000001                                 0.0999292116622942                                0.09992921166229421                               0.999999999999999
7.800000000000001                                 0.10691454100157433                               0.10691454100157434                               0.9999999999999986
7.800000000000001                                 0.1077098042763856                                0.1077098042763856                                0.9999999999999993
7.800000000000001                                 0.11931746855816697                               0.11931746855816698                               1.000000000000001
7.800000000000001                                 0.12003519038509076                               0.12003519038509076                               1.0000000000000013
7.800000000000001                                 0.13404720231922135                               0.13404720231922135                               1.0000000000000013
7.800000000000001                                 0.13451514325112807                               0.13451514325112807                               1.0000000000000007
7.800000000000001                                 0.14022605949568764                               0.14022605949568764                               0.9999999999999988
7.800000000000001                                 0.1433523885133796                                0.1433523885133796                                0.9999999999999993
7.800000000000001                                 0.1510408928441591                                0.15104089284415914                               1.0000000000000009
7.800000000000001                                 0.15111072148391153                               0.15111072148391153                               1
7.800000000000001                                 0.16059739650686045-2.1625046229665906E-17i       0.16059739650686045-2.1625046229665906E-17i       0.9999999999999993
7.800000000000001                                 0.16977826798093226                               0.16977826798093226                               0.9999999999999998
7.800000000000001                                 0.17028461525794644                               0.17028461525794647                               1
7.800000000000001                                 0.17377737167794294                               0.17377737167794297                               0.9999999999999984
7.800000000000001                                 0.18702682348715569                               0.1870268234871557                                0.9999999999999989
8                                                 0.036118738039159215                              0.036118738039159215                              0.9999999999999988
8                                                 0.04260674061818318-7.799527429469195E-18i        0.04260674061818318-7.799527429469195E-18i        0.9999999999999997
8                                                 0.055930753460770914-7.462632420467824E-18i       0.05593075346077092-7.462632420467826E-18i        1.0000000000000007
8                                                 0.06472739858218271+1.7174059524509695E-17i       0.06472739858218271+1.7174059524509695E-17i       1.0000000000000002
8                                                 0.07280492960085144                               0.07280492960085144                               1.0000000000000007
8                                                 0.08014128437241413                               0.08014128437241413                               1.0000000000000009
8                                                 0.0816464970989777                                0.0816464970989777                                0.9999999999999998
8                                                 0.08391892485888779                               0.0839189248588878                                0.9999999999999993
8                                                 0.08411921780143729                               0.08411921780143729                               0.9999999999999998
8                                                 0.08921378790553378                               0.08921378790553379                               0.9999999999999999
8                                                 0.08956678818527249                               0.0895667881852725                                0.9999999999999992
8                                                 0.09232892631825336                               0.09232892631825336                               0.9999999999999991
8                                                 0.09690916555156406                               0.09690916555156406                               1.0000000000000022
8                                                 0.0974913687521126                                0.0974913687521126                                1.0000000000000009
8                                                 0.09950628482740592                               0.09950628482740592                               0.9999999999999994
8                                                 0.10686513622507286                               0.10686513622507288                               0.9999999999999994
8                                                 0.10778445784805796                               0.10778445784805797                               0.9999999999999993
8                                                 0.11901987694266292                               0.11901987694266292                               1
8                                                 0.12036131633539209                               0.12036131633539209                               0.9999999999999992
8                                                 0.13332940538613064                               0.13332940538613064                               0.9999999999999991
8                                                 0.1352656875317843                                0.1352656875317843                                1.0000000000000007
8                                                 0.1408254460276463                                0.14082544602764632                               0.9999999999999996
8                                                 0.14277638502875625                               0.14277638502875625                               0.9999999999999999
8                                                 0.14975394255866054                               0.14975394255866056                               1.0000000000000013
8                                                 0.1524349556509389                                0.1524349556509389                                1.0000000000000007
8                                                 0.16067027413510904                               0.16067027413510904                               0.9999999999999987
8                                                 0.16825336837091492                               0.16825336837091492                               1.0000000000000007
8                                                 0.17185174326601416                               0.17185174326601418                               1.0000000000000004
8                                                 0.17369720980222825                               0.17369720980222828                               0.9999999999999996
8                                                 0.18728038513923306                               0.1872803851392331                                0.9999999999999993
8.200000000000001                                 0.0361695772981815                                0.0361695772981815                                0.9999999999999999
8.200000000000001                                 0.042532284781068026                              0.04253228478106803                               1.0000000000000009
8.200000000000001                                 0.05617654201600939-7.111995043422728E-18i        0.0561765420160094-7.111995043422728E-18i         0.9999999999999991
8.200000000000001                                 0.06446907046936637+1.2630975066650517E-17i       0.06446907046936637+1.2630975066650517E-17i       1
8.200000000000001                                 0.0728166406889928                                0.0728166406889928                                0.9999999999999994
8.200000000000001                                 0.08014982271369389                               0.0801498227136939                                1.0000000000000002
8.200000000000001                                 0.08168456030379974                               0.08168456030379975                               1.0000000000000013
8.200000000000001                                 0.0836477406199908                                0.0836477406199908                                1.000000000000001
8.200000000000001                                 0.08444106515692916                               0.08444106515692916                               1.0000000000000013
8.200000000000001                                 0.08874361867687224                               0.08874361867687224                               1.0000000000000016
8.200000000000001                                 0.09008560327453585                               0.09008560327453585                               1.0000000000000002
8.200000000000001                                 0.09275622949645604                               0.09275622949645605                               1.0000000000000013
8.200000000000001                                 0.09625632313824985                               0.09625632313824985                               0.9999999999999976
8.200000000000001                                 0.09819390485841382                               0.09819390485841382                               0.9999999999999982
8.200000000000001                                 0.09908637657966354                               0.09908637657966354                               0.9999999999999996
8.200000000000001                                 0.10603688707986143                               0.10603688707986145                               1.0000000000000002
8.200000000000001                                 0.10866504613867618                               0.10866504613867618                               0.9999999999999998
8.200000000000001                                 0.118019329413875                                 0.11801932941387501                               0.9999999999999998
8.200000000000001                                 0.12141737600142391                               0.12141737600142391                               0.9999999999999989
8.200000000000001                                 0.13215792818775093                               0.13215792818775093                               0.9999999999999976
8.200000000000001                                 0.13649692308788752                               0.13649692308788755                               0.9999999999999993
8.200000000000001                                 0.14140302787798398                               0.141403027877984                                 1
8.200000000000001                                 0.14222663630907512                               0.14222663630907514                               0.9999999999999997
8.200000000000001                                 0.14841232475236932                               0.14841232475236932                               1.0000000000000009
8.200000000000001                                 0.15384094673911175                               0.15384094673911175                               1.0000000000000004
8.200000000000001                                 0.16074534064983947+2.4114212795703128E-17i       0.1607453406498395+2.4114212795703128E-17i        1.0000000000000016
8.200000000000001                                 0.16674219267790363                               0.16674219267790363                               0.9999999999999989
8.200000000000001                                 0.1734283566002512+2.966329765649987E-17i         0.1734283566002512+2.966329765649987E-17i         1.0000000000000007
8.200000000000001                                 0.17362320012819796                               0.17362320012819796                               0.9999999999999993
8.200000000000001                                 0.18710467881760162                               0.18710467881760162                               1.0000000000000007
8.4                                               0.036221037824411564                              0.036221037824411564                              1.0000000000000002
8.4                                               0.04246071992059386                               0.042460719920593866                              1.0000000000000002
8.4                                               0.056424186727867955                              0.056424186727867955                              0.9999999999999976
8.4                                               0.06421282969490738+1.546201394489405E-17i        0.0642128296949074+1.546201394489405E-17i         1.0000000000000013
8.4                                               0.07282870303970813                               0.07282870303970813                               0.9999999999999976
8.4                                               0.0801547189645715                                0.0801547189645715                                1.0000000000000016
8.4                                               0.08175528359786732                               0.08175528359786732                               0.9999999999999994
8.4                                               0.08338619519073034                               0.08338619519073036                               0.9999999999999994
8.4                                               0.08478695562693603                               0.08478695562693603                               0.9999999999999993
8.4                                               0.08828262087748355                               0.08828262087748355                               1.0000000000000013
8.4                                               0.09062364909148278                               0.09062364909148278                               1.000000000000001
8.4                                               0.09318494513971766                               0.09318494513971766                               1.0000000000000002
8.4                                               0.09561553635665852                               0.09561553635665852                               1.0000000000000002
8.4                                               0.09866673368439946                               0.09866673368439946                               1.000000000000001
8.4                                               0.09891454229557421                               0.09891454229557423                               0.9999999999999997
8.4                                               0.1052218076530006                                0.10522180765300061                               1.0000000000000004
8.4                                               0.1095595472674056                                0.10955954726740562                               1.0000000000000004
8.4                                               0.11703227762465788                               0.11703227762465788                               0.9999999999999982
8.4                                               0.12248690544478137                               0.12248690544478139                               1.000000000000002
8.4                                               0.13100007945258754                               0.13100007945258754                               0.9999999999999999
8.4                                               0.13774151941839363                               0.13774151941839363                               1.0000000000000004
8.4                                               0.14151883567998658                               0.14151883567998658                               0.9999999999999997
8.4                                               0.1421431424227741                                0.1421431424227741                                0.9999999999999993
8.4                                               0.14708441975554698                               0.14708441975554698                               0.9999999999999993
8.4                                               0.1552602952581115                                0.15526029525811152                               0.9999999999999997
8.4                                               0.1608225747259186                                0.1608225747259186                                1.0000000000000018
8.4                                               0.16524480970129696                               0.16524480970129696                               1.0000000000000016
8.4                                               0.17354183332304468                               0.1735418333230447                                1.0000000000000002
8.4                                               0.17502788657013862                               0.17502788657013862                               0.9999999999999989
8.4                                               0.18543850758961564-4.617188972231998E-15i        0.18543850758961566-4.617188972231998E-15i        1.0000000000000018
8.6                                               0.03627305488576295                               0.03627305488576295                               1.0000000000000009
8.6                                               0.042392110081623045-5.1259955836292024E-18i      0.04239211008162305-5.1259955836292024E-18i       0.9999999999999981
8.6                                               0.05667367178554098                               0.05667367178554098                               0.9999999999999997
8.6                                               0.06395868995862242+1.3802151922457077E-17i       0.06395868995862242+1.3802151922457078E-17i       1.0000000000000022
8.6                                               0.07284111681669436                               0.07284111681669436                               0.9999999999999963
8.6                                               0.08015781576678037                               0.08015781576678037                               1.0000000000000009
8.6                                               0.08185588961675794                               0.08185588961675794                               1.0000000000000002
8.6                                               0.08314275930975445                               0.08314275930975445                               1.0000000000000007
8.6                                               0.08514924280631492                               0.08514924280631493                               1.0000000000000004
8.6                                               0.0878356008842362                                0.08783560088423621                               0.9999999999999997
8.6                                               0.09117614719854031                               0.09117614719854031                               0.9999999999999996
8.6                                               0.09361470421286808                               0.09361470421286809                               1.0000000000000004
8.6                                               0.09498841805286601                               0.09498841805286601                               0.9999999999999991
8.6                                               0.09825452164942806                               0.09825452164942808                               1.0000000000000002
8.6                                               0.09964488121724213                               0.09964488121724213                               1.0000000000000024
8.6                                               0.10442034270422634                               0.10442034270422634                               1.0000000000000009
8.6                                               0.11046751391726697                               0.11046751391726697                               0.9999999999999992
8.6                                               0.11605884761344894                               0.11605884761344895                               1.000000000000002
8.6                                               0.12356976807341961                               0.12356976807341961                               0.9999999999999986
8.6                                               0.12985589074049925                               0.12985589074049925                               1.0000000000000027
8.6                                               0.1389993848935002                                0.1389993848935002                                1.0000000000000007
8.6                                               0.14099222216839621                               0.14099222216839621                               0.9999999999999998
8.6                                               0.1427066135802728                                0.1427066135802728                                0.9999999999999999
8.6                                               0.14577023440974934                               0.14577023440974934                               0.9999999999999997
8.6                                               0.1566929676233353                                0.15669296762333532                               1.0000000000000016
8.6                                               0.16090196531678017                               0.1609019653167802                                1.0000000000000009
8.6                                               0.16376122331699328                               0.16376122331699328                               0.9999999999999984
8.6                                               0.17346825332124463+1.9091572633203846E-16i       0.17346825332124463+1.9091572633203849E-16i       0.9999999999999983
8.6                                               0.17663517793962624+5.721410923201392E-17i        0.17663517793962627+5.721410923201392E-17i        1.0000000000000002
8.6                                               0.1837860679603075+7.49208472689167E-15i          0.18378606796030753+7.49208472689167E-15i         1.000000000000001
8.8                                               0.0363255599059958                                0.0363255599059958                                1.0000000000000007
8.8                                               0.04232652286449974-8.130613226686438E-18i        0.04232652286449974-8.130613226686438E-18i        0.9999999999999999
8.8                                               0.056924978238614164-7.074745847132242E-18i       0.056924978238614164-7.074745847132242E-18i       0.9999999999999998
8.8                                               0.0637066678849949+1.0975592954456575E-17i        0.0637066678849949+1.0975592954456575E-17i        0.9999999999999982
8.8                                               0.07285388181462482                               0.07285388181462482                               1.0000000000000016
8.8                                               0.08016126106454452                               0.08016126106454452                               1.0000000000000002
8.8                                               0.08198198981831065                               0.08198198981831065                               0.9999999999999996
8.8                                               0.08292040695535036                               0.08292040695535036                               1.0000000000000002
8.8                                               0.085526981747548                                 0.085526981747548                                 1
8.8                                               0.08740314696273563                               0.08740314696273564                               0.9999999999999992
8.8                                               0.091742580725946                                 0.091742580725946                                 1.0000000000000004
8.8                                               0.09404477647684437                               0.09404477647684437                               1.000000000000001
8.8                                               0.09437526184800936                               0.09437526184800936                               0.9999999999999993
8.8                                               0.09784495524245015                               0.09784495524245017                               0.9999999999999998
8.8                                               0.10039018368583014                               0.10039018368583015                               1.0000000000000018
8.8                                               0.10363258486453462                               0.10363258486453462                               1.000000000000001
8.8                                               0.11138886446919909                               0.1113888644691991                                0.9999999999999994
8.8                                               0.11509907272145858                               0.11509907272145858                               0.9999999999999991
8.8                                               0.12466592554903455                               0.12466592554903456                               0.9999999999999973
8.8                                               0.12872537250453375                               0.12872537250453375                               1.0000000000000004
8.8                                               0.14026820634977966                               0.14026820634977966                               1.000000000000001
8.8                                               0.14042979429450334                               0.14042979429450336                               1
8.8                                               0.14331273985678258                               0.14331273985678258                               0.9999999999999994
8.8                                               0.14446977736204034                               0.14446977736204034                               1.0000000000000009
8.8                                               0.15813890437703346                               0.15813890437703346                               1.0000000000000013
8.8                                               0.16098351398453437                               0.16098351398453437                               0.9999999999999991
8.8                                               0.16229145942935974                               0.16229145942935974                               1.000000000000003
8.8                                               0.17339661483952212+1.771695337767541E-16i        0.17339661483952212+1.771695337767541E-16i        1.0000000000000002
8.8                                               0.17825606368913244+4.5911721570922675E-17i       0.17825606368913244+4.591172157092268E-17i        1.0000000000000009
8.8                                               0.18214748714749085+4.507786225908787E-15i        0.18214748714749085+4.507786225908788E-15i        1.000000000000001
9                                                 0.03637848036430161                               0.03637848036430161                               1
9                                                 0.042264029545130845-1.0014628587195338E-17i      0.042264029545130845-1.0014628587195338E-17i      1.0000000000000009
9                                                 0.05717808266407525                               0.05717808266407525                               0.9999999999999997
9                                                 0.06345678437824748+2.4666655296474374E-17i       0.06345678437824748+2.4666655296474374E-17i       1.0000000000000002
9                                                 0.07286699753194834                               0.07286699753194834                               0.9999999999999987
9                                                 0.08016697732139941                               0.08016697732139941                               0.9999999999999967
9                                                 0.08212491187930612                               0.08212491187930612                               0.9999999999999999
9                                                 0.08272614578493576                               0.08272614578493576                               1.0000000000000009
9                                                 0.08591930678915718                               0.08591930678915718                               0.9999999999999991
9                                                 0.08698594854622212                               0.08698594854622212                               1.0000000000000013
9                                                 0.09232247372528249                               0.09232247372528249                               0.9999999999999996
9                                                 0.09377623927330854                               0.09377623927330854                               0.9999999999999982
9                                                 0.09447391898298557-1.575573515758278E-17i        0.09447391898298557-1.575573515758278E-17i        1.0000000000000016
9                                                 0.09744083231543647                               0.09744083231543647                               0.9999999999999998
9                                                 0.10114888463466827                               0.10114888463466827                               1.000000000000001
9                                                 0.10285872064678424                               0.10285872064678425                               1.0000000000000002
9                                                 0.1123234843961069                                0.1123234843961069                                1.0000000000000018
9                                                 0.1141530444530996                                0.11415304445309961                               0.999999999999999
9                                                 0.12577531042389728                               0.12577531042389728                               1.0000000000000016
9                                                 0.12760857216905797                               0.12760857216905797                               1.0000000000000004
9                                                 0.1398585264322922                                0.1398585264322922                                0.999999999999999
9                                                 0.14155567463277055                               0.14155567463277055                               1.000000000000001
9                                                 0.14318301317178492                               0.14318301317178495                               1.0000000000000004
9                                                 0.14392688189872307                               0.14392688189872307                               1.0000000000000007
9                                                 0.1595978417403823                                0.1595978417403823                                1
9                                                 0.16083484526508363                               0.16083484526508363                               1.0000000000000018
9                                                 0.16106812945610993                               0.16106812945610993                               0.9999999999999997
9                                                 0.17332708581500145+9.445101847922814E-17i        0.17332708581500145+9.445101847922815E-17i        0.9999999999999998
9                                                 0.17989032524949508-5.117046333315943E-16i        0.17989032524949508-5.117046333315943E-16i        0.9999999999999993
9                                                 0.18052280379444818+7.84300812842778E-15i         0.18052280379444818+7.84300812842778E-15i         1.0000000000000024
9.200000000000001                                 0.03643173972447253                               0.03643173972447253                               1.0000000000000002
9.200000000000001                                 0.04220470516286171-7.433599561265025E-18i        0.04220470516286171-7.433599561265025E-18i        1.0000000000000027
9.200000000000001                                 0.05743295515451328                               0.057432955154513285                              1
9.200000000000001                                 0.06320906665159355+1.6048283413887345E-17i       0.06320906665159355+1.6048283413887345E-17i       0.9999999999999993
9.200000000000001                                 0.07288046325827818                               0.07288046325827818                               1.0000000000000018
9.200000000000001                                 0.08017633129188653                               0.08017633129188653                               0.9999999999999999
9.200000000000001                                 0.082251083150368                                 0.082251083150368                                 1.000000000000001
9.200000000000001                                 0.08259229367009793                               0.08259229367009793                               0.999999999999997
9.200000000000001                                 0.08631945408151669                               0.08631945408151669                               1.0000000000000007
9.200000000000001                                 0.08659066591671812                               0.08659066591671812                               0.9999999999999994
9.200000000000001                                 0.09291008680306347                               0.09291008680306347                               0.999999999999999
9.200000000000001                                 0.09319733179316804                               0.09319733179316804                               0.9999999999999981
9.200000000000001                                 0.0948981433612164                                0.09489814336121641                               1.0000000000000013
9.200000000000001                                 0.09704592646144226                               0.09704592646144226                               1.0000000000000004
9.200000000000001                                 0.10191518922413483                               0.10191518922413483                               1.000000000000001
9.200000000000001                                 0.10210445134661775                               0.10210445134661775                               1.0000000000000002
9.200000000000001                                 0.11321015923201055                               0.11321015923201055                               1.0000000000000022
9.200000000000001                                 0.11328196059522211                               0.11328196059522212                               1.0000000000000002
9.200000000000001                                 0.12650442670745266                               0.12650442670745266                               1
9.200000000000001                                 0.12689896709605727                               0.12689896709605727                               1.000000000000001
9.200000000000001                                 0.13929079910785278                               0.13929079910785278                               1.0000000000000002
9.200000000000001                                 0.14190974613717208                               0.14190974613717208                               0.9999999999999997
9.200000000000001                                 0.1428536352986733                                0.1428536352986733                                0.9999999999999991
9.200000000000001                                 0.14454499618795996                               0.14454499618795996                               1.0000000000000004
9.200000000000001                                 0.1593929227875023                                0.15939292278750233                               1.0000000000000004
9.200000000000001                                 0.16105683573087334                               0.16105683573087334                               0.9999999999999987
9.200000000000001                                 0.16116718926369245                               0.16116718926369247                               1.0000000000000002
9.200000000000001                                 0.17325969238595787-2.7567583667031346E-17i       0.1732596923859579-2.7567583667031346E-17i        1.0000000000000007
9.200000000000001                                 0.17891186707993478-1.803846088853261E-16i        0.1789118670799348-1.803846088853261E-16i         1.000000000000001
9.200000000000001                                 0.1815380638038661+8.020335508480175E-17i         0.1815380638038661+8.020335508480175E-17i         1.0000000000000013
9.4                                               0.0364852574022967                                0.0364852574022967                                1.000000000000002
9.4                                               0.04214862856815058-9.97322598900578E-18i         0.04214862856815058-9.97322598900578E-18i         0.9999999999999997
9.4                                               0.05768955617663832-1.0172261949269743E-17i       0.057689556176638325-1.0172261949269743E-17i      1.0000000000000029
9.4                                               0.0629635513827898+2.165271585618323E-17i         0.0629635513827898+2.1652715856183234E-17i        0.9999999999999998
9.4                                               0.07289427815369137                               0.07289427815369139                               1.0000000000000007
9.4                                               0.0801899826691089                                0.0801899826691089                                1
9.4                                               0.08224348484218913                               0.08224348484218913                               1
9.4                                               0.0826352371572706                                0.0826352371572706                                0.9999999999999993
9.4                                               0.08618564607963508                               0.08618564607963508                               0.9999999999999991
9.4                                               0.08675902412011356                               0.08675902412011356                               1.0000000000000018
9.4                                               0.09261451542611565                               0.09261451542611565                               0.9999999999999997
9.4                                               0.09352925460706853                               0.09352925460706854                               0.9999999999999991
9.4                                               0.09530515550161309                               0.09530515550161309                               1.0000000000000022
9.4                                               0.09667271555023288                               0.0966727155502329                                0.9999999999999976
9.4                                               0.10134964850463918                               0.10134964850463919                               1.0000000000000016
9.4                                               0.10270919275692784                               0.10270919275692784                               1.0000000000000004
9.4                                               0.11230089201488733                               0.11230089201488734                               1.000000000000002
9.4                                               0.11423380412721482                               0.11423380412721482                               0.9999999999999998
9.4                                               0.1254154776705941                                0.1254154776705941                                1.0000000000000007
9.4                                               0.12803433523781899                               0.12803433523781899                               0.9999999999999994
9.4                                               0.13872452750341324                               0.13872452750341324                               1.0000000000000002
9.4                                               0.14065049457114598                               0.14065049457114598                               1.000000000000001
9.4                                               0.14416454318318278                               0.14416454318318278                               0.9999999999999993
9.4                                               0.1451661776241684                                0.1451661776241684                                0.9999999999999999
9.4                                               0.15796447818185197                               0.15796447818185197                               1.0000000000000018
9.4                                               0.16123893523456348                               0.16123893523456348                               1.000000000000002
9.4                                               0.16255883680662453                               0.16255883680662453                               0.9999999999999993
9.4                                               0.17319443641074592                               0.17319443641074592                               0.999999999999999
9.4                                               0.1773148516201987-4.625208769234969E-17i         0.1773148516201987-4.625208769234969E-17i         1.0000000000000013
9.4                                               0.18319906300674244+4.1320641132417513E-16i       0.18319906300674244+4.132064113241752E-16i        0.9999999999999976
9.600000000000001                                 0.036538948780679786                              0.036538948780679786                              0.9999999999999998
9.600000000000001                                 0.04209588242054859-7.383370573031815E-18i        0.04209588242054859-7.383370573031815E-18i        0.9999999999999996
9.600000000000001                                 0.05794783147366491                               0.05794783147366491                               1.0000000000000013
9.600000000000001                                 0.06272028982283889+2.041464459394938E-17i        0.06272028982283889+2.0414644593949383E-17i       0.9999999999999997
9.600000000000001                                 0.0729084413014996                                0.0729084413014996                                0.9999999999999996
9.600000000000001                                 0.08020783956307762                               0.08020783956307762                               1.0000000000000009
9.600000000000001                                 0.08213538771996347                               0.08213538771996347                               0.9999999999999991
9.600000000000001                                 0.08282175521695706                               0.08282175521695706                               1.0000000000000002
9.600000000000001                                 0.08581482142706746                               0.08581482142706746                               1.0000000000000009
9.600000000000001                                 0.08719407702840833                               0.08719407702840833                               1.000000000000001
9.600000000000001                                 0.09205814920840417                               0.09205814920840417                               0.9999999999999996
9.600000000000001                                 0.09414956487634969                               0.0941495648763497                                1.0000000000000013
9.600000000000001                                 0.095629658517356                                 0.095629658517356                                 1
9.600000000000001                                 0.09638654816710619                               0.0963865481671062                                1.0000000000000002
9.600000000000001                                 0.10061701048914405                               0.10061701048914405                               1.0000000000000004
9.600000000000001                                 0.10350817937559424                               0.10350817937559426                               0.9999999999999998
9.600000000000001                                 0.11139575755700494                               0.11139575755700494                               1.0000000000000022
9.600000000000001                                 0.11520848815291926                               0.11520848815291926                               1.0000000000000009
9.600000000000001                                 0.12433959216403552                               0.12433959216403552                               1.000000000000002
9.600000000000001                                 0.12918352805942107                               0.12918352805942107                               1.0000000000000027
9.600000000000001                                 0.13816018131528507                               0.13816018131528507                               1.0000000000000009
9.600000000000001                                 0.1394048646408622                                0.1394048646408622                                0.9999999999999991
9.600000000000001                                 0.14548789810462442                               0.14548789810462445                               0.9999999999999992
9.600000000000001                                 0.14579083044876068                               0.14579083044876068                               0.9999999999999998
9.600000000000001                                 0.15654975326897827                               0.1565497532689783                                1
9.600000000000001                                 0.16132926111741247                               0.1613292611174125                                0.9999999999999999
9.600000000000001                                 0.1640576904863354                                0.16405769048633542                               1.0000000000000016
9.600000000000001                                 0.1731313077390203+1.4897838229200107E-16i        0.1731313077390203+1.4897838229200107E-16i        1
9.600000000000001                                 0.17573168051674426-1.1370125802244769E-16i       0.1757316805167443-1.1370125802244769E-16i        0.9999999999999997
9.600000000000001                                 0.18487329574694855-1.4111258318465814E-16i       0.18487329574694855-1.4111258318465814E-16i       0.9999999999999997
9.8                                               0.036592725283384                                 0.036592725283384                                 1.0000000000000002
9.8                                               0.04204655312652496-7.809635443779354E-18i        0.042046553126524965-7.809635443779354E-18i       1.0000000000000002
9.8                                               0.05820770341883654-1.1561230586080314E-17i       0.05820770341883654-1.1561230586080314E-17i       1.0000000000000002
9.8                                               0.06247935645130515+2.6710954751478263E-17i       0.06247935645130516+2.6710954751478263E-17i       0.9999999999999998
9.8                                               0.07292295172414132                               0.07292295172414132                               0.9999999999999958
9.8                                               0.0802290754429548                                0.0802290754429548                                0.9999999999999988
9.8                                               0.08202530571719463                               0.08202530571719463                               0.9999999999999984
9.8                                               0.08305404586958294                               0.08305404586958294                               0.9999999999999986
9.8                                               0.085457005982544                                 0.085457005982544                                 0.9999999999999993
9.8                                               0.08764583663212397                               0.08764583663212397                               0.9999999999999996
9.8                                               0.09151477979574422                               0.09151477979574424                               1.0000000000000002
9.8                                               0.09478419820818125                               0.09478419820818126                               1.0000000000000016
9.8                                               0.09560577124789146                               0.09560577124789146                               1.0000000000000004
9.8                                               0.0964535887433024                                0.0964535887433024                                1.000000000000002
9.8                                               0.09989775609937786                               0.09989775609937787                               1.000000000000001
9.8                                               0.10432092201202106                               0.10432092201202108                               1.0000000000000009
9.8                                               0.1105041628370508                                0.11050416283705082                               0.9999999999999994
9.8                                               0.11619659591658202                               0.11619659591658202                               0.9999999999999976
9.8                                               0.12327732116766454                               0.12327732116766456                               1.0000000000000016
9.8                                               0.13034597314610827                               0.13034597314610827                               1.000000000000002
9.8                                               0.13759791548900008                               0.13759791548900008                               1.000000000000001
9.8                                               0.13817298687165414                               0.13817298687165414                               0.9999999999999993
9.8                                               0.14641376885451324                               0.14641376885451324                               1.000000000000002
9.8                                               0.14682857792714418                               0.1468285779271442                                1.000000000000001
9.8                                               0.15514877528734067                               0.15514877528734067                               1.0000000000000009
9.8                                               0.16142129137355266                               0.16142129137355266                               1.0000000000000016
9.8                                               0.16557022820353356                               0.16557022820353356                               0.9999999999999989
9.8                                               0.17307026289956987                               0.17307026289956987                               1.0000000000000013
9.8                                               0.17416238519900462                               0.17416238519900462                               1.000000000000001
9.8                                               0.18640319417099982                               0.18640319417099985                               1.0000000000000013
10                                                0.036646494519114364                              0.036646494519114364                              0.9999999999999982
10                                                0.04200073070553535-1.3398850289759511E-17i       0.04200073070553536-1.3398850289759511E-17i       0.9999999999999996
10                                                0.05846905555933524-1.183180511920457E-17i        0.058469055559335244-1.183180511920457E-17i       1.0000000000000002
10                                                0.0622408644393325+3.646121308090924E-17i         0.0622408644393325+3.646121308090924E-17i         0.9999999999999982
10                                                0.07293780836153452                               0.07293780836153452                               0.9999999999999974
10                                                0.0802522132077432                                0.0802522132077432                                0.999999999999999
10                                                0.08193511111056458                               0.08193511111056458                               1.0000000000000016
10                                                0.08331150237902657                               0.08331150237902657                               0.9999999999999994
10                                                0.08511425517437489                               0.08511425517437489                               0.9999999999999984
10                                                0.08811233711629476                               0.08811233711629476                               1.0000000000000018
10                                                0.09098533433396036                               0.09098533433396036                               1
10                                                0.09528746641200408                               0.09528746641200408                               1.0000000000000009
10                                                0.0954393283791088                                0.09543932837910882                               0.999999999999998
10                                                0.09681279645951546                               0.09681279645951546                               0.9999999999999991
10                                                0.09919219052513939                               0.0991921905251394                                0.9999999999999983
10                                                0.10514711954013026                               0.10514711954013027                               1.0000000000000004
10                                                0.10962619871855081                               0.10962619871855081                               0.9999999999999998
10                                                0.1171980314588554                                0.1171980314588554                                0.9999999999999986
10                                                0.12222869079700496                               0.12222869079700498                               0.9999999999999986
10                                                0.13152161949082716                               0.13152161949082716                               1.0000000000000018
10                                                0.1369532103261044                                0.1369532103261044                                1.000000000000001
10                                                0.13703950354217445                               0.13703950354217445                               1.0000000000000004
10                                                0.14704252409867222                               0.14704252409867222                               0.9999999999999996
10                                                0.1481789068283509                                0.1481789068283509                                0.9999999999999983
10                                                0.15376154546541337                               0.15376154546541337                               1.0000000000000024
10                                                0.16151531331293484                               0.16151531331293487                               1.0000000000000016
10                                                0.1670961451217092                                0.1670961451217092                                1.000000000000002
10                                                0.17260649770280723                               0.17260649770280725                               0.9999999999999991
10                                                0.1730117523269829+2.089237977032632E-17i         0.1730117523269829+2.089237977032632E-17i         1
10                                                0.18569127360288373                               0.18569127360288373                               1.0000000000000004
10.200000000000001                                0.036700160508493854                              0.036700160508493854                              0.9999999999999994
10.200000000000001                                0.04195850857200916-1.2020242079489165E-17i       0.04195850857200917-1.2020242079489165E-17i       0.9999999999999993
10.200000000000001                                0.05873170317410639                               0.0587317031741064                                1.000000000000001
10.200000000000001                                0.06200499509715079+2.808684486604935E-17i        0.06200499509715079+2.808684486604935E-17i        0.9999999999999999
10.200000000000001                                0.07295301002064847                               0.07295301002064847                               0.9999999999999988
10.200000000000001                                0.08027532688657113                               0.08027532688657114                               0.9999999999999983
10.200000000000001                                0.08187154695483052                               0.08187154695483052                               0.9999999999999988
10.200000000000001                                0.08358889946886927                               0.08358889946886927                               1.0000000000000009
10.200000000000001                                0.08478727219762885                               0.08478727219762887                               0.9999999999999994
10.200000000000001                                0.0885930357587021                                0.0885930357587021                                1.0000000000000004
10.200000000000001                                0.0904701572788269                                0.09047015727882692                               1
10.200000000000001                                0.09492236305537899                               0.09492236305537899                               1.0000000000000013
10.200000000000001                                0.09609694367025577                               0.09609694367025579                               0.9999999999999966
10.200000000000001                                0.09723431025665102                               0.09723431025665102                               0.9999999999999992
10.200000000000001                                0.09850046391011653                               0.09850046391011655                               0.9999999999999981
10.200000000000001                                0.10598665985460613                               0.10598665985460613                               0.9999999999999997
10.200000000000001                                0.10876192586007294                               0.10876192586007294                               1.0000000000000004
10.200000000000001                                0.11821274437539524                               0.11821274437539524                               0.9999999999999999
10.200000000000001                                0.12119372556185402                               0.12119372556185404                               0.9999999999999967
10.200000000000001                                0.13271040912177823                               0.13271040912177823                               0.9999999999999982
10.200000000000001                                0.13574975113635945                               0.13574975113635945                               1.0000000000000002
10.200000000000001                                0.1364808261393951                                0.1364808261393951                                0.9999999999999999
10.200000000000001                                0.14767278357077132                               0.14767278357077132                               0.9999999999999993
10.200000000000001                                0.14954309091946943                               0.14954309091946943                               0.9999999999999987
10.200000000000001                                0.1523880677168366                                0.1523880677168366                                0.9999999999999998
10.200000000000001                                0.16161138831227173                               0.16161138831227173                               1.0000000000000004
10.200000000000001                                0.168635355061153                                 0.168635355061153                                 1.0000000000000009
10.200000000000001                                0.17106501142351765                               0.17106501142351768                               1.0000000000000009
10.200000000000001                                0.17295477225404915-1.9894857033167097E-16i       0.17295477225404915-1.9894857033167097E-16i       1.0000000000000027
10.200000000000001                                0.1849778962866387-8.644958833619332E-14i         0.1849778962866387-8.644958833619332E-14i         1.0000000000000009
10.4                                              0.036753624006788055                              0.036753624006788055                              1.0000000000000004
10.4                                              0.041919983220511645-1.8902910655816925E-17i      0.041919983220511645-1.8902910655816928E-17i      1.0000000000000009
10.4                                              0.05899533257988211-6.9120457777009126E-18i       0.05899533257988212-6.912045777700913E-18i        0.9999999999999997
10.4                                              0.06177205857202921+3.747745754560219E-17i        0.06177205857202922+3.747745754560219E-17i        1.000000000000001
10.4                                              0.07296855531221119                               0.07296855531221119                               1.0000000000000002
10.4                                              0.08029641788448448                               0.08029641788448448                               1.0000000000000004
10.4                                              0.08183831568428655                               0.08183831568428657                               1.0000000000000016
10.4                                              0.08388325319541427                               0.08388325319541429                               0.9999999999999996
10.4                                              0.08447741666968746                               0.08447741666968747                               0.9999999999999998
10.4                                              0.08908685511092859                               0.0890868551109286                                0.9999999999999992
10.4                                              0.08997023860886086                               0.08997023860886086                               1.0000000000000016
10.4                                              0.09454011260518279                               0.09454011260518279                               1.0000000000000002
10.4                                              0.09677163990831811                               0.09677163990831811                               0.9999999999999991
10.4                                              0.0976732514701913                                0.09767325147019132                               0.9999999999999987
10.4                                              0.09782317179106466                               0.09782317179106466                               0.9999999999999999
10.4                                              0.10683918786762124                               0.10683918786762124                               0.9999999999999993
10.4                                              0.10791167199713604                               0.10791167199713605                               1
10.4                                              0.11924049878097394                               0.11924049878097394                               1.0000000000000022
10.4                                              0.12017264287649287                               0.12017264287649287                               1.0000000000000016
10.4                                              0.1339120210533588                                0.1339120210533588                                1.000000000000002
10.4                                              0.1345591142150919                                0.1345591142150919                                0.9999999999999997
10.4                                              0.1359257156326565                                0.1359257156326565                                0.9999999999999987
10.4                                              0.1483049768046518                                0.1483049768046518                                1.0000000000000013
10.4                                              0.15091980975273184                               0.15091980975273184                               1.0000000000000009
10.4                                              0.15102914808853285                               0.15102914808853285                               0.9999999999999999
10.4                                              0.16170954641412066                               0.16170954641412066                               0.999999999999998
10.4                                              0.1695370545738305                                0.16953705457383053                               0.9999999999999981
10.4                                              0.1701878837225056                                0.1701878837225056                                0.9999999999999988
10.4                                              0.17290009973077694+3.607238042943189E-17i        0.17290009973077694+3.607238042943189E-17i        0.9999999999999984
10.4                                              0.1842672271003652+1.1609180436243372E-14i        0.18426722710036522+1.1609180436243373E-14i       1.0000000000000009
10.600000000000001                                0.036806782935041554                              0.036806782935041554                              0.9999999999999987
10.600000000000001                                0.04188525380156939-2.110278096791119E-17i        0.04188525380156939-2.110278096791119E-17i        0.9999999999999994
10.600000000000001                                0.059259362712710074-1.0155122488780088E-17i      0.059259362712710074-1.015512248878009E-17i       1
10.600000000000001                                0.0615426322695285+3.9262693625219194E-17i        0.061542632269528504+3.9262693625219194E-17i      0.9999999999999997
10.600000000000001                                0.07298444259370615                               0.07298444259370615                               1.000000000000001
10.600000000000001                                0.08031394526167998                               0.08031394526167998                               1
10.600000000000001                                0.08183763982020896                               0.08183763982020896                               0.9999999999999987
10.600000000000001                                0.08414042224756915                               0.08414042224756915                               1.0000000000000009
10.600000000000001                                0.08423815259764716                               0.08423815259764716                               1.000000000000001
10.600000000000001                                0.08945980143821956                               0.08945980143821956                               1.0000000000000024
10.600000000000001                                0.08961952330875328                               0.08961952330875328                               0.9999999999999971
10.600000000000001                                0.09415431800763174                               0.09415431800763176                               0.9999999999999967
10.600000000000001                                0.09715122023367767                               0.09715122023367768                               1.0000000000000013
10.600000000000001                                0.09746801972082594                               0.09746801972082596                               0.9999999999999994
10.600000000000001                                0.0981204961062197                                0.0981204961062197                                1.0000000000000004
10.600000000000001                                0.10707231037625982                               0.10707231037625982                               1.0000000000000013
10.600000000000001                                0.10770781056408248                               0.10770781056408248                               1.0000000000000007
10.600000000000001                                0.11916405722144258                               0.11916405722144258                               0.9999999999999997
10.600000000000001                                0.12028266408019653                               0.12028266408019653                               0.9999999999999979
10.600000000000001                                0.1333814138529658                                0.1333814138529658                                1
10.600000000000001                                0.1351244922991924                                0.1351244922991924                                0.9999999999999997
10.600000000000001                                0.13537602228683537                               0.1353760222868354                                0.999999999999998
10.600000000000001                                0.14893909287331278                               0.1489390928733128                                1.000000000000002
10.600000000000001                                0.14968222998269648                               0.1496822299826965                                0.9999999999999998
10.600000000000001                                0.1523115528386108                                0.1523115528386108                                1.0000000000000009
10.600000000000001                                0.16180981343306652                               0.16180981343306655                               1.0000000000000007
10.600000000000001                                0.16802303956993547                               0.16802303956993547                               0.9999999999999984
10.600000000000001                                0.17175307060115994                               0.17175307060115994                               0.9999999999999999
10.600000000000001                                0.17284791166638902+2.6812938577345923E-17i       0.17284791166638902+2.6812938577345923E-17i       1.000000000000001
10.600000000000001                                0.18355955628978438+1.1908759173918309E-15i       0.18355955628978438+1.1908759173918309E-15i       0.9999999999999978
10.8                                              0.0368595329313372                                0.03685953293133721                               0.9999999999999998
10.8                                              0.04185442157653532-2.2199736990264633E-17i       0.04185442157653533-2.2199736990264633E-17i       0.9999999999999984
10.8                                              0.05952258427855778-1.1335350205578086E-17i       0.059522584278557784-1.1335350205578086E-17i      0.9999999999999989
10.8                                              0.06131792170461628+6.617156345803691E-17i        0.061317921704616286+6.617156345803691E-17i       0.999999999999999
10.8                                              0.07300066993665918                               0.07300066993665918                               0.9999999999999982
10.8                                              0.08032733186817974                               0.08032733186817974                               1.0000000000000009
10.8                                              0.08187025582871363                               0.08187025582871363                               1
10.8                                              0.083895616155206                                 0.083895616155206                                 0.9999999999999999
10.8                                              0.08453406890735102                               0.08453406890735102                               0.9999999999999976
10.8                                              0.08900401266200783                               0.08900401266200784                               0.9999999999999996
10.8                                              0.09012584817918239                               0.0901258481791824                                0.9999999999999982
10.8                                              0.09376815239628071                               0.09376815239628072                               1.0000000000000013
10.8                                              0.09650511759892487                               0.09650511759892488                               1.0000000000000004
10.8                                              0.09816466579491702                               0.09816466579491703                               0.9999999999999997
10.8                                              0.09857378303116221                               0.09857378303116221                               0.999999999999999
10.8                                              0.1062498475848142                                0.1062498475848142                                1.0000000000000013
10.8                                              0.10858650550922729                               0.10858650550922729                               0.9999999999999991
10.8                                              0.118170164717395                                 0.118170164717395                                 0.999999999999999
10.8                                              0.12133702922795202                               0.12133702922795202                               1
10.8                                              0.13221786872921673                               0.13221786872921673                               0.9999999999999978
10.8                                              0.13482134273164303                               0.13482134273164303                               0.9999999999999992
10.8                                              0.13635699857168448                               0.13635699857168448                               1.0000000000000016
10.8                                              0.14834990065916823                               0.14834990065916823                               0.9999999999999996
10.8                                              0.14957516659204584                               0.14957516659204584                               1.0000000000000013
10.8                                              0.15371562047433832                               0.15371562047433832                               1.0000000000000016
10.8                                              0.16191221860362642                               0.16191221860362642                               0.9999999999999991
10.8                                              0.16652276850134928                               0.16652276850134928                               0.9999999999999998
10.8                                              0.17279374315391036+4.0515273445230545E-16i       0.17279374315391038+4.051527344523055E-16i        1.000000000000002
10.8                                              0.17333549448382213+4.4158637056116256E-17i       0.17333549448382216+4.4158637056116256E-17i       1.0000000000000007
10.8                                              0.18285507034686257-1.038368789428308E-14i        0.18285507034686257-1.038368789428308E-14i        0.9999999999999996
11                                                0.036911768031986716                              0.036911768031986716                              1.0000000000000002
11                                                0.0418275892417977-3.2943154829131974E-17i        0.0418275892417977-3.2943154829131974E-17i        0.9999999999999984
11                                                0.05978202876209337-1.7467937054652223E-17i       0.059782028762093375-1.7467937054652223E-17i      0.9999999999999996
11                                                0.06110089149361631+7.520448519749001E-17i        0.06110089149361631+7.520448519749002E-17i        1.0000000000000016
11                                                0.07301723513082109                               0.07301723513082109                               0.9999999999999981
11                                                0.08033717294883563                               0.08033717294883563                               1.000000000000001
11                                                0.08193530909994562                               0.08193530909994562                               1
11                                                0.08363594417563781                               0.08363594417563781                               1.0000000000000004
11                                                0.08487823064937552                               0.08487823064937552                               0.9999999999999996
11                                                0.08854635167108044                               0.08854635167108044                               1.0000000000000009
11                                                0.09066234495362283                               0.09066234495362284                               1.0000000000000004
11                                                0.09338291447851263                               0.09338291447851264                               1.0000000000000002
11                                                0.09586865629893215                               0.09586865629893217                               0.9999999999999991
11                                                0.09887146025900388-1.434437307175539E-17i        0.09887146025900388-1.4344373071755393E-17i       0.9999999999999988
11                                                0.09903815800349482+1.3676929703405581E-17i       0.09903815800349482+1.3676929703405581E-17i       1
11                                                0.10544017236241345                               0.10544017236241345                               0.9999999999999992
11                                                0.10947937142433202                               0.10947937142433202                               1.0000000000000018
11                                                0.11718970911517987                               0.11718970911517988                               0.9999999999999989
11                                                0.12240483657724305                               0.12240483657724306                               0.9999999999999983
11                                                0.1310679276187906                                0.1310679276187906                                0.9999999999999998
11                                                0.1342736386916106                                0.1342736386916106                                1.0000000000000002
11                                                0.1375981119207743                                0.1375981119207743                                0.9999999999999987
11                                                0.14703132717109793                               0.14703132717109796                               0.9999999999999993
11                                                0.1502130354693964                                0.1502130354693964                                1
11                                                0.15513292565122838                               0.15513292565122838                               0.9999999999999988
11                                                0.16201679797025426                               0.16201679797025426                               0.9999999999999999
11                                                0.16503628988733204                               0.16503628988733204                               1.0000000000000002
11                                                0.17274632327448153+8.713105367981602E-17i        0.17274632327448156+8.713105367981602E-17i        1.0000000000000007
11                                                0.17492627309867104                               0.17492627309867106                               0.9999999999999978
11                                                0.18215393854425194-2.4810875335700503E-15i       0.18215393854425194-2.4810875335700507E-15i       0.9999999999999994
11.200000000000001                                0.03696338148945112                               0.03696338148945112                               1.0000000000000007
11.200000000000001                                0.04180486011558724-3.474209185648475E-17i        0.04180486011558724-3.474209185648475E-17i        0.9999999999999977
11.200000000000001                                0.06002837358066571-1.936777871401451E-17i        0.06002837358066572-1.9367778714014514E-17i       0.9999999999999977
11.200000000000001                                0.06090086020003179+8.106049948922441E-17i        0.0609008602000318+8.106049948922441E-17i         1.0000000000000018
11.200000000000001                                0.07303413572964702                               0.07303413572964702                               0.9999999999999973
11.200000000000001                                0.08034501228552657                               0.08034501228552657                               1.0000000000000004
11.200000000000001                                0.08203046233985943                               0.08203046233985943                               1.0000000000000004
11.200000000000001                                0.08339365098252982                               0.08339365098252982                               0.9999999999999994
11.200000000000001                                0.0852390477753239                                0.0852390477753239                                0.9999999999999997
11.200000000000001                                0.0881023967269467                                0.0881023967269467                                0.9999999999999998
11.200000000000001                                0.09121345104198293                               0.09121345104198293                               1.0000000000000013
11.200000000000001                                0.09299925701152716                               0.09299925701152716                               1.0000000000000002
11.200000000000001                                0.09524574098742249                               0.09524574098742249                               1.0000000000000013
11.200000000000001                                0.09946478468962493                               0.09946478468962493                               0.9999999999999991
11.200000000000001                                0.09963272402702118                               0.09963272402702118                               0.9999999999999982
11.200000000000001                                0.10464406556778942                               0.10464406556778942                               1.000000000000002
11.200000000000001                                0.11038561954465595                               0.11038561954465595                               1.0000000000000007
11.200000000000001                                0.11622285358110387                               0.11622285358110387                               1.0000000000000002
11.200000000000001                                0.12348591068125511                               0.12348591068125511                               1.0000000000000009
11.200000000000001                                0.12993163031073415                               0.12993163031073415                               1.0000000000000009
11.200000000000001                                0.1337281598754894                                0.1337281598754894                                0.9999999999999989
11.200000000000001                                0.13885251793509734                               0.13885251793509734                               0.999999999999999
11.200000000000001                                0.145726455958135                                 0.145726455958135                                 0.9999999999999986
11.200000000000001                                0.15085269704328189                               0.1508526970432819                                0.9999999999999987
11.200000000000001                                0.1565634305833482                                0.1565634305833482                                1.0000000000000024
11.200000000000001                                0.1621235892800221                                0.1621235892800221                                0.9999999999999994
11.200000000000001                                0.16356361740301376                               0.16356361740301376                               0.9999999999999989
11.200000000000001                                0.17269921290653675+2.618156591206011E-17i        0.17269921290653678+2.618156591206011E-17i        0.9999999999999989
11.200000000000001                                0.1765317037462767                                0.1765317037462767                                0.999999999999998
11.200000000000001                                0.18145634707163108+4.642686826208261E-15i        0.18145634707163108+4.642686826208261E-15i        0.9999999999999991
11.4                                              0.03701426672953208                               0.03701426672953208                               1.0000000000000009
11.4                                              0.041786337184930966-3.443505526405669E-17i       0.041786337184930966-3.443505526405669E-17i       1.0000000000000029
11.4                                              0.060221323860122765-1.8131734131379547E-17i      0.060221323860122765-1.8131734131379547E-17i      1.0000000000000002
11.4                                              0.060758118557605094+8.147413020599894E-17i       0.0607581185576051+8.147413020599894E-17i         0.9999999999999986
11.4                                              0.07305136913212915                               0.07305136913212915                               0.9999999999999984
11.4                                              0.08035283077581103                               0.08035283077581103                               0.999999999999998
11.4                                              0.08215188308935054                               0.08215188308935054                               0.9999999999999999
11.4                                              0.08317162898801053                               0.08317162898801055                               1.0000000000000002
11.4                                              0.08561524481760066                               0.08561524481760066                               1.0000000000000016
11.4                                              0.08767287058204666                               0.08767287058204666                               1.000000000000001
11.4                                              0.091778481883853                                 0.09177848188385301                               0.9999999999999998
11.4                                              0.09261758141373588                               0.09261758141373588                               1.0000000000000013
11.4                                              0.09463666333140035                               0.09463666333140035                               1.0000000000000004
11.4                                              0.09993496221699343                               0.09993496221699343                               1.0000000000000004
11.4                                              0.10036655786621188                               0.10036655786621188                               1.0000000000000009
11.4                                              0.10386162557398382                               0.10386162557398382                               1.0000000000000018
11.4                                              0.11130515418646256                               0.11130515418646256                               0.9999999999999999
11.4                                              0.11526962905280426                               0.11526962905280426                               0.9999999999999998
11.4                                              0.12458021260663726                               0.12458021260663726                               0.9999999999999994
11.4                                              0.1288089861413762                                0.1288089861413762                                0.9999999999999993
11.4                                              0.13318508747397606                               0.13318508747397606                               0.9999999999999986
11.4                                              0.14011999480735302                               0.14011999480735304                               1.0000000000000004
11.4                                              0.14443529243712191                               0.14443529243712191                               0.9999999999999996
11.4                                              0.15149407756671282                               0.15149407756671282                               1.0000000000000013
11.4                                              0.15800708482089623                               0.15800708482089623                               1.0000000000000007
11.4                                              0.16210394571556608                               0.16210394571556608                               0.9999999999999997
11.4                                              0.16223347865577747                               0.16223347865577747                               0.9999999999999989
11.4                                              0.17265352297531927                               0.17265352297531927                               1.0000000000000007
11.4                                              0.17815045164612184-1.1635374513458453E-16i       0.17815045164612187-1.1635374513458453E-16i       1.0000000000000009
11.4                                              0.18076253696559846-6.147972670621562E-15i        0.18076253696559846-6.147972670621562E-15i        1.0000000000000022
11.600000000000001                                0.037064318444763836                              0.03706431844476384                               1.0000000000000022
11.600000000000001                                0.04177212201585513-2.921889924252601E-17i        0.04177212201585513-2.921889924252601E-17i        0.9999999999999974
11.600000000000001                                0.06023413132925708                               0.06023413132925708                               0.9999999999999991
11.600000000000001                                0.060799410573835366+5.466111298370853E-17i       0.060799410573835366+5.466111298370853E-17i       1.0000000000000004
11.600000000000001                                0.07306893268779277                               0.07306893268779277                               1.0000000000000024
11.600000000000001                                0.08036252144269021                               0.08036252144269021                               0.9999999999999984
11.600000000000001                                0.08229260895541456                               0.08229260895541456                               0.9999999999999996
11.600000000000001                                0.0829752366627661                                0.0829752366627661                                1.0000000000000024
11.600000000000001                                0.08600601077872251                               0.08600601077872251                               1.0000000000000007
11.600000000000001                                0.08725832109187492                               0.08725832109187492                               0.999999999999999
11.600000000000001                                0.09223764500091414                               0.09223764500091414                               0.9999999999999999
11.600000000000001                                0.09235755318746176                               0.09235755318746176                               1.000000000000001
11.600000000000001                                0.09404171762478158                               0.09404171762478158                               1.0000000000000013
11.600000000000001                                0.10039994027183831                               0.10039994027183832                               1.0000000000000013
11.600000000000001                                0.10112132232445199                               0.10112132232445199                               1.0000000000000013
11.600000000000001                                0.10309299198722956                               0.10309299198722957                               1.000000000000001
11.600000000000001                                0.11223787870038908                               0.1122378787003891                                0.9999999999999988
11.600000000000001                                0.11433010299048182                               0.11433010299048182                               1.0000000000000013
11.600000000000001                                0.1256876848536835                                0.1256876848536835                                0.9999999999999992
11.600000000000001                                0.12770003141263261                               0.12770003141263261                               0.9999999999999992
11.600000000000001                                0.13264446113819514                               0.13264446113819514                               1
11.600000000000001                                0.14140043384591397                               0.14140043384591397                               1.0000000000000004
11.600000000000001                                0.14315785948016557                               0.14315785948016557                               0.9999999999999996
11.600000000000001                                0.1521370997981862                                0.1521370997981862                                0.9999999999999971
11.600000000000001                                0.15946374722696455                               0.15946374722696455                               0.9999999999999998
11.600000000000001                                0.16065945817000835                               0.16065945817000835                               1.0000000000000016
11.600000000000001                                0.16234446843007697                               0.162344468430077                                 1.0000000000000004
11.600000000000001                                0.17260912828350766                               0.1726091282835077                                1.0000000000000004
11.600000000000001                                0.17978063545049894                               0.17978063545049894                               0.9999999999999991
11.600000000000001                                0.1800733844124791                                0.1800733844124791                                1.0000000000000009
11.8                                              0.037113433814114485                              0.03711343381411449                               1.000000000000002
11.8                                              0.04176231353679952-1.088958188605751E-17i        0.04176231353679952-1.088958188605751E-17i        0.999999999999998
11.8                                              0.06008348996549721-1.1379399318824811E-17i       0.060083489965497214-1.1379399318824811E-17i      0.9999999999999998
11.8                                              0.06100803788130462+4.139593480737222E-17i        0.06100803788130462+4.139593480737222E-17i        1.0000000000000016
11.8                                              0.07308682380627107                               0.07308682380627109                               1.000000000000003
11.8                                              0.08037552351741319                               0.08037552351741319                               0.9999999999999979
11.8                                              0.08243039473401166                               0.08243039473401166                               1.000000000000002
11.8                                              0.08282538067842693                               0.08282538067842693                               0.9999999999999998
11.8                                              0.0864082945404234                                0.08640829454042341                               1.0000000000000009
11.8                                              0.08686159290759812                               0.08686159290759814                               0.9999999999999976
11.8                                              0.09186100943850531                               0.09186100943850531                               0.9999999999999993
11.8                                              0.0929470197717457                                0.0929470197717457                                0.9999999999999988
11.8                                              0.09346317659533003                               0.09346317659533004                               0.9999999999999997
11.8                                              0.1008659810846887                                0.1008659810846887                                1.000000000000001
11.8                                              0.10188887969187671                               0.10188887969187671                               1.0000000000000004
11.8                                              0.10233988626542516                               0.10233988626542517                               1.000000000000001
11.8                                              0.11318155059698817                               0.11318155059698819                               0.9999999999999989
11.8                                              0.11340649666169712                               0.11340649666169712                               0.999999999999998
11.8                                              0.12660311744643676                               0.12660311744643676                               0.9999999999999992
11.8                                              0.12680995481330914                               0.12680995481330917                               1.0000000000000013
11.8                                              0.132106300786612                                 0.132106300786612                                 1.0000000000000002
11.8                                              0.14189382087205588                               0.14189382087205588                               1.0000000000000002
11.8                                              0.14269409497464736                               0.14269409497464736                               0.9999999999999988
11.8                                              0.15278167686720584                               0.15278167686720584                               1.0000000000000004
11.8                                              0.15922798682557993                               0.15922798682557993                               1.0000000000000022
11.8                                              0.16093311785538747                               0.16093311785538747                               0.9999999999999979
11.8                                              0.1624590879451306-1.8450299832161758E-17i        0.1624590879451306-1.8450299832161758E-17i        0.9999999999999992
11.8                                              0.17256573898615057                               0.17256573898615057                               1.000000000000001
11.8                                              0.17855999622869023+1.1866504670814282E-16i       0.17855999622869023+1.1866504670814282E-16i       0.9999999999999984
11.8                                              0.17938698917429885+1.617013473652912E-14i        0.17938698917429885+1.617013473652912E-14i        1.0000000000000007
12                                                0.03716151383115893-5.360196340295213E-18i        0.03716151383115893-5.360196340295214E-18i        0.9999999999999994
12                                                0.04175700671309307-1.653491253641305E-17i        0.04175700671309307-1.653491253641305E-17i        1
12                                                0.059888719303176276                              0.05988871930317628                               1.0000000000000016
12                                                0.0612646764253969+4.250196315365819E-17i         0.06126467642539691+4.250196315365819E-17i        0.9999999999999999
12                                                0.07310504005152961                               0.07310504005152961                               0.9999999999999948
12                                                0.08039263211268807                               0.08039263211268807                               1.0000000000000016
12                                                0.0824701835117531                                0.08247018351175311                               0.9999999999999996
12                                                0.08281632060597471                               0.08281632060597471                               0.9999999999999984
12                                                0.0864615884366477                                0.08646158843664771                               1
12                                                0.08684298053371851                               0.08684298053371851                               0.9999999999999981
12                                                0.09148678141628792                               0.09148678141628792                               0.9999999999999981
12                                                0.09288754005686373                               0.09288754005686374                               0.9999999999999978
12                                                0.09356151682157357                               0.09356151682157357                               0.9999999999999992
12                                                0.10133377236162969+1.4910061363815514E-17i       0.1013337723616297+1.4910061363815514E-17i        0.9999999999999999
12                                                0.1015944331339079                                0.1015944331339079                                0.999999999999999
12                                                0.10267631383546777                               0.10267631383546777                               1.0000000000000016
12                                                0.11249094995128424                               0.11249094995128424                               1.0000000000000002
12                                                0.11414401186843381                               0.11414401186843383                               0.9999999999999989
12                                                0.12552261650288135                               0.12552261650288135                               0.9999999999999996
12                                                0.12794262244540133+1.6322114275905858E-17i       0.12794262244540133+1.6322114275905858E-17i       0.9999999999999992
12                                                0.1315706270408335                                0.13157062704083353                               1.0000000000000004
12                                                0.14064384605853364                               0.14064384605853364                               1.0000000000000009
12                                                0.1440002223394487                                0.1440002223394487                                1.0000000000000002
12                                                0.1534277101366356+2.4375465880244708E-17i        0.1534277101366356+2.437546588024471E-17i         0.9999999999999997
12                                                0.15781037650161633                               0.15781037650161633                               1.0000000000000013
12                                                0.162400238870103-1.88228343465882E-17i           0.162400238870103-1.88228343465882E-17i           0.9999999999999994
12                                                0.16259153307086346+2.0157895882173093E-17i       0.16259153307086346+2.0157895882173093E-17i       0.9999999999999999
12                                                0.1725229104503275                                0.17252291045032753                               1.0000000000000029
12                                                0.1769756987715504                                0.1769756987715504                                0.999999999999999
12                                                0.17870653584846669+1.8201283493482853E-16i       0.1787065358484667+1.8201283493482853E-16i        0.9999999999999999
12.200000000000001                                0.037208464714320724                              0.037208464714320724                              1.0000000000000009
12.200000000000001                                0.04175629113896026-1.3986020495492192E-17i       0.04175629113896026-1.3986020495492192E-17i       1
12.200000000000001                                0.059682977499824916                              0.059682977499824916                              0.9999999999999983
12.200000000000001                                0.061536163392928736+3.11666244855591E-17i        0.061536163392928736+3.11666244855591E-17i        1.0000000000000022
12.200000000000001                                0.07312357920385913                               0.07312357920385913                               0.9999999999999984
12.200000000000001                                0.08041392641459884                               0.08041392641459884                               0.9999999999999993
12.200000000000001                                0.0823808658936428                                0.0823808658936428                                0.999999999999998
12.200000000000001                                0.08297899893123376                               0.08297899893123377                               0.9999999999999994
12.200000000000001                                0.08609566593960233                               0.08609566593960234                               0.9999999999999986
12.200000000000001                                0.0872724139914349                                0.0872724139914349                                0.9999999999999984
12.200000000000001                                0.0911156796616049                                0.09111567966160491                               1.0000000000000009
12.200000000000001                                0.09233588893095032                               0.09233588893095032                               1.0000000000000004
12.200000000000001                                0.09417961935549332                               0.09417961935549332                               1.000000000000001
12.200000000000001                                0.10086704989612165                               0.10086704989612165                               0.9999999999999989
12.200000000000001                                0.10180378035606183                               0.10180378035606184                               1.0000000000000007
12.200000000000001                                0.1034726680166558                                0.1034726680166558                                0.9999999999999996
12.200000000000001                                0.111592315221393                                 0.111592315221393                                 0.9999999999999981
12.200000000000001                                0.11511639399003842                               0.11511639399003842                               0.9999999999999997
12.200000000000001                                0.12445453598547299                               0.12445453598547299                               0.9999999999999977
12.200000000000001                                0.1290896141522537                                0.1290896141522537                                1.0000000000000016
12.200000000000001                                0.1310374966613618                                0.1310374966613618                                1
12.200000000000001                                0.13940743593357                                  0.13940743593357                                  0.9999999999999997
12.200000000000001                                0.14531920817062224                               0.14531920817062224                               1.0000000000000002
12.200000000000001                                0.15407508681549525                               0.15407508681549525                               1.000000000000002
12.200000000000001                                0.15640649167598447                               0.1564064916759845                                0.9999999999999987
12.200000000000001                                0.1626893283843182-2.2927985950687002E-17i        0.1626893283843182-2.2927985950687002E-17i        0.9999999999999997
12.200000000000001                                0.16391783235021823                               0.16391783235021823                               0.9999999999999994
12.200000000000001                                0.1724799737807825-1.1750712361177888E-16i        0.1724799737807825-1.1750712361177888E-16i        1.0000000000000002
12.200000000000001                                0.17540517722646198-3.302391925797281E-17i        0.175405177226462-3.302391925797281E-17i          1
12.200000000000001                                0.17803167151428048+6.0191625516195166E-15i       0.17803167151428048+6.0191625516195166E-15i       0.9999999999999996
12.4                                              0.03725419936406599                               0.03725419936406599                               1.000000000000002
12.4                                              0.041760249582161214-1.1351420301936028E-17i      0.041760249582161214-1.1351420301936028E-17i      0.9999999999999996
12.4                                              0.05947420368887684+6.612568868218605E-18i        0.05947420368887685+6.612568868218606E-18i        0.9999999999999998
12.4                                              0.06181455485313744+2.800023565188395E-17i        0.06181455485313744+2.800023565188395E-17i        0.9999999999999994
12.4                                              0.07314243927943735                               0.07314243927943735                               1.000000000000001
12.4                                              0.08043876736843773                               0.08043876736843773                               1.000000000000002
12.4                                              0.08227425109812701                               0.08227425109812703                               0.9999999999999997
12.4                                              0.08320206713589003                               0.08320206713589003                               0.999999999999999
12.4                                              0.08574066570754542                               0.08574066570754542                               1.0000000000000009
12.4                                              0.08771919417636867                               0.08771919417636867                               1.0000000000000002
12.4                                              0.09074841969222357                               0.09074841969222357                               0.9999999999999976
12.4                                              0.09179654460711614                               0.09179654460711614                               0.9999999999999992
12.4                                              0.09481299244963311                               0.09481299244963312                               0.9999999999999993
12.4                                              0.1001530046591849                                0.1001530046591849                                1.0000000000000004
12.4                                              0.10227569723628528                               0.10227569723628528                               0.9999999999999987
12.4                                              0.10428293012062073                               0.10428293012062075                               1.0000000000000002
12.4                                              0.11070715967980653                               0.11070715967980653                               1.0000000000000009
12.4                                              0.11610211569894248                               0.11610211569894249                               1.0000000000000002
12.4                                              0.12340004306489132                               0.12340004306489132                               1.0000000000000004
12.4                                              0.13024838046310555                               0.13024838046310555                               1.0000000000000022
12.4                                              0.1305082817339626                                0.1305082817339626                                0.9999999999999988
12.4                                              0.13818468697639152                               0.13818468697639152                               0.9999999999999994
12.4                                              0.14665081705389515                               0.14665081705389518                               1.0000000000000018
12.4                                              0.15472363603684924                               0.15472363603684924                               0.9999999999999988
12.4                                              0.1550163903503112                                0.1550163903503112                                0.9999999999999992
12.4                                              0.16281227112068813                               0.16281227112068813                               1.0000000000000004
12.4                                              0.16542623349904362                               0.16542623349904362                               1.0000000000000009
12.4                                              0.17243589284683872-2.3085364439655383E-16i       0.17243589284683872-2.3085364439655383E-16i       0.9999999999999992
12.4                                              0.17384848388218993-2.4790005712996787E-17i       0.17384848388218993-2.479000571299679E-17i        1.0000000000000013
12.4                                              0.177363541919511+4.4838668234270695E-15i         0.177363541919511+4.4838668234270695E-15i         0.9999999999999992
12.600000000000001                                0.03729863882390841-6.740650825570404E-18i        0.03729863882390841-6.740650825570404E-18i        0.9999999999999988
12.600000000000001                                0.04176895652447027-1.6532396642266565E-17i       0.041768956524470276-1.6532396642266568E-17i      1.0000000000000004
12.600000000000001                                0.059265016773942705+9.248247863493236E-18i       0.059265016773942705+9.248247863493236E-18i       1.0000000000000007
12.600000000000001                                0.06209722695577078+2.728323469281681E-17i        0.06209722695577078+2.728323469281681E-17i        1.0000000000000004
12.600000000000001                                0.07316161850621893                               0.07316161850621893                               1.0000000000000009
12.600000000000001                                0.08046585871393785                               0.08046585871393785                               1.0000000000000018
12.600000000000001                                0.08218392079899572                               0.08218392079899574                               1.0000000000000016
12.600000000000001                                0.08345294435287659                               0.08345294435287659                               1.0000000000000009
12.600000000000001                                0.08540046144968949                               0.0854004614496895                                0.9999999999999987
12.600000000000001                                0.088178040403489                                 0.088178040403489                                 1.0000000000000018
12.600000000000001                                0.0903866239265665                                0.0903866239265665                                1.0000000000000002
12.600000000000001                                0.09127100598633857                               0.09127100598633857                               0.9999999999999993
12.600000000000001                                0.09546015138635405                               0.09546015138635407                               0.9999999999999993
12.600000000000001                                0.09945257501164873                               0.09945257501164874                               1.0000000000000002
12.600000000000001                                0.10274969189690379                               0.1027496918969038                                0.9999999999999993
12.600000000000001                                0.10510662121280172                               0.10510662121280172                               1.0000000000000016
12.600000000000001                                0.10983559767502535                               0.10983559767502535                               1.0000000000000029
12.600000000000001                                0.11710105241825837                               0.11710105241825837                               1.0000000000000018
12.600000000000001                                0.12235916454692722                               0.12235916454692723                               1.000000000000002
12.600000000000001                                0.12997790420672647                               0.12997790420672647                               0.9999999999999994
12.600000000000001                                0.13142396310398485                               0.13142396310398485                               0.9999999999999983
12.600000000000001                                0.13697560251011287                               0.13697560251011287                               0.9999999999999983
12.600000000000001                                0.14799485756871236                               0.14799485756871236                               1
12.600000000000001                                0.1536398988102673                                0.1536398988102673                                0.9999999999999996
12.600000000000001                                0.15537339247139986                               0.15537339247139986                               1.0000000000000004
12.600000000000001                                0.16293727267566593                               0.16293727267566593                               1.0000000000000013
12.600000000000001                                0.16694872097107175                               0.16694872097107175                               0.9999999999999978
12.600000000000001                                0.1723044884040214+7.473538652687178E-16i         0.1723044884040214+7.473538652687178E-16i         0.9999999999999997
12.600000000000001                                0.1723901846595195+8.627503593814069E-16i         0.17239018465951952+8.62750359381407E-16i         0.9999999999999991
12.600000000000001                                0.17670386759652984-8.660716361899195E-16i        0.17670386759652984-8.660716361899196E-16i        1.0000000000000013
12.8                                              0.037341713695521236-4.45972496313377E-18i        0.037341713695521236-4.45972496313377E-18i        0.9999999999999982
12.8                                              0.041782476747667864-1.2368931537730861E-17i      0.041782476747667864-1.2368931537730861E-17i      1.0000000000000022
12.8                                              0.05905650714780474+6.64741157612591E-18i         0.05905650714780475+6.64741157612591E-18i         1.0000000000000004
12.8                                              0.06238308420291903+2.5245940989009533E-17i       0.062383084202919034+2.5245940989009537E-17i      1.0000000000000004
12.8                                              0.07318111526400987                               0.07318111526400987                               0.9999999999999986
12.8                                              0.08049340992837224                               0.08049340992837224                               0.9999999999999998
12.8                                              0.08211856934107728                               0.08211856934107728                               1.0000000000000009
12.8                                              0.08372423436791648                               0.08372423436791648                               0.9999999999999979
12.8                                              0.08507579464871108                               0.08507579464871108                               1.0000000000000007
12.8                                              0.08864328317451506                               0.08864328317451506                               1.0000000000000016
12.8                                              0.090035524264722                                 0.09003552426472201                               1.0000000000000007
12.8                                              0.09075962476650756                               0.09075962476650756                               0.9999999999999984
12.8                                              0.0961208094081742                                0.0961208094081742                                1.0000000000000004
12.8                                              0.0987659081678221                                0.0987659081678221                                0.9999999999999982
12.8                                              0.10322575459801858                               0.10322575459801858                               0.9999999999999993
12.8                                              0.10594360224426                                  0.10594360224426                                  1.0000000000000007
12.8                                              0.10897768175754075                               0.10897768175754075                               0.9999999999999998
12.8                                              0.11811315254153949                               0.11811315254153949                               0.9999999999999996
12.8                                              0.12133191952434857                               0.12133191952434857                               0.9999999999999997
12.8                                              0.1294522861834554                                0.1294522861834554                                1.0000000000000009
12.8                                              0.13261041597978776                               0.13261041597978776                               1.0000000000000036
12.8                                              0.13578018828430904                               0.13578018828430904                               0.9999999999999989
12.8                                              0.14935105911640278                               0.14935105911640278                               1.0000000000000016
12.8                                              0.15227721473666395                               0.15227721473666395                               1.000000000000002
12.8                                              0.15602401961178441                               0.15602401961178441                               1.0000000000000013
12.8                                              0.16306535544359585+2.9492230875270934E-17i       0.16306535544359585+2.9492230875270934E-17i       1.0000000000000004
12.8                                              0.16848450228325723                               0.16848450228325723                               0.9999999999999992
12.8                                              0.17077634079684112                               0.17077634079684115                               1
12.8                                              0.17233704604778066-8.123259915116199E-17i        0.1723370460477807-8.123259915116199E-17i         0.9999999999999994
12.8                                              0.17605544182758753-1.5495453286770727E-15i       0.17605544182758753-1.5495453286770727E-15i       1.0000000000000016
13                                                0.03738336545415011-5.633845073338022E-18i        0.03738336545415011-5.633845073338023E-18i        0.9999999999999998
13                                                0.04180086401891596-1.2495556551952583E-17i       0.04180086401891596-1.2495556551952585E-17i       0.9999999999999997
13                                                0.058849205187178205+9.29918764026697E-18i        0.058849205187178205+9.29918764026697E-18i        1.000000000000001
13                                                0.06267159094334082+2.1945705906814892E-17i       0.06267159094334082+2.1945705906814895E-17i       1.000000000000001
13                                                0.07320092800399658                               0.07320092800399658                               0.9999999999999987
13                                                0.08051945714330279                               0.08051945714330279                               1.0000000000000018
13                                                0.08208241620648338                               0.08208241620648338                               0.9999999999999987
13                                                0.08401262597348473                               0.08401262597348474                               1.0000000000000002
13                                                0.08476758119783541                               0.08476758119783542                               1.000000000000001
13                                                0.0890823167146987                                0.08908231671469871                               0.9999999999999991
13                                                0.0897271400148734                                0.0897271400148734                                0.9999999999999999
13                                                0.09026314911030824                               0.09026314911030825                               1.0000000000000009
13                                                0.09679453185241921                               0.09679453185241921                               0.9999999999999996
13                                                0.09809338140348299                               0.098093381403483                                 0.9999999999999998
13                                                0.10370387839743285                               0.10370387839743286                               1.0000000000000013
13                                                0.10679361471031454                               0.10679361471031454                               0.9999999999999999
13                                                0.10813362455751904                               0.10813362455751904                               1.0000000000000009
13                                                0.11913825176218355                               0.11913825176218355                               0.999999999999999
13                                                0.12031844911199177                               0.12031844911199177                               1.0000000000000004
13                                                0.12892903741607414                               0.12892903741607414                               1
13                                                0.13380997983070578                               0.13380997983070578                               0.9999999999999976
13                                                0.13459857791010166                               0.13459857791010166                               0.9999999999999992
13                                                0.15071862330111188                               0.15071862330111188                               1.0000000000000029
13                                                0.15092865861267785                               0.15092865861267785                               1.0000000000000016
13                                                0.15667547336202378+2.0776510020573956E-17i       0.15667547336202378+2.0776510020573956E-17i       1.0000000000000009
13                                                0.16319703817430922+2.72395924885674E-17i         0.16319703817430922+2.7239592488567402E-17i       1.0000000000000004
13                                                0.16926095902485974                               0.16926095902485977                               0.9999999999999997
13                                                0.1700333714279717-2.1898773090874732E-17i        0.17003337142797173-2.1898773090874732E-17i       1
13                                                0.17227494009384667+5.984300133930552E-16i        0.17227494009384667+5.984300133930553E-16i        1.000000000000001
13                                                0.17542305091896598+9.494535418119246E-16i        0.17542305091896598+9.494535418119246E-16i        1.0000000000000009
13.200000000000001                                0.03742354760952732                               0.037423547609527326                              0.9999999999999981
13.200000000000001                                0.04182415993027261-6.51899412539478E-18i         0.04182415993027261-6.51899412539478E-18i         0.9999999999999993
13.200000000000001                                0.058643398583465324                              0.05864339858346533                               0.9999999999999983
13.200000000000001                                0.06296245402876435+1.980412549764933E-17i        0.06296245402876435+1.9804125497649333E-17i       1.0000000000000027
13.200000000000001                                0.07322105516698266                               0.07322105516698266                               1.0000000000000016
13.200000000000001                                0.08054234647147178                               0.08054234647147179                               1.0000000000000002
13.200000000000001                                0.08207801265345974                               0.08207801265345974                               0.9999999999999986
13.200000000000001                                0.08430840643884685                               0.08430840643884685                               0.9999999999999997
13.200000000000001                                0.08448426581518508                               0.08448426581518509                               1.0000000000000004
13.200000000000001                                0.08917695250195061                               0.08917695250195062                               0.9999999999999994
13.200000000000001                                0.08973407683123022                               0.08973407683123022                               0.9999999999999998
13.200000000000001                                0.08982751212833247                               0.08982751212833248                               1.0000000000000009
13.200000000000001                                0.09740937524863656                               0.09740937524863656                               1.000000000000001
13.200000000000001                                0.09750690382312531                               0.09750690382312531                               0.9999999999999999
13.200000000000001                                0.10418405563163989                               0.10418405563163989                               1.000000000000001
13.200000000000001                                0.10729971810284798                               0.107299718102848                                 1.0000000000000009
13.200000000000001                                0.1076603345770634                                0.10766033457706341                               0.999999999999999
13.200000000000001                                0.11931752903437284                               0.11931752903437284                               0.9999999999999984
13.200000000000001                                0.12017755357499856                               0.12017755357499856                               0.9999999999999996
13.200000000000001                                0.12840825574992032                               0.12840825574992035                               0.9999999999999986
13.200000000000001                                0.13343006959846734                               0.13343006959846734                               1.0000000000000009
13.200000000000001                                0.13502324355227588                               0.1350232435522759                                1
13.200000000000001                                0.149592868843688                                 0.149592868843688                                 0.9999999999999987
13.200000000000001                                0.15209828986377588                               0.15209828986377588                               0.9999999999999988
13.200000000000001                                0.15732769550608072                               0.15732769550608072                               1
13.200000000000001                                0.163332885629082                                 0.163332885629082                                 1.000000000000001
13.200000000000001                                0.16775947218251025                               0.16775947218251028                               0.9999999999999991
13.200000000000001                                0.1715931057507768-4.592223016587983E-17i         0.17159310575077683-4.592223016587983E-17i        1.0000000000000018
13.200000000000001                                0.17219640949253345+4.34555792756677E-16i         0.17219640949253348+4.34555792756677E-16i         0.999999999999999
13.200000000000001                                0.17481531782453116-1.0259460373116135E-15i       0.1748153178245312-1.0259460373116135E-15i        1.0000000000000002
13.4                                              0.03746222666031808-5.0790238157426595E-18i       0.037462226660318086-5.07902381574266E-18i        0.999999999999998
13.4                                              0.041852392944356186-6.808241570420695E-18i       0.041852392944356186-6.808241570420695E-18i       0.9999999999999998
13.4                                              0.0584392564003824+1.346771326003748E-17i         0.0584392564003824+1.3467713260037481E-17i        0.9999999999999994
13.4                                              0.06325549874096675+1.3014710846255245E-17i       0.06325549874096675+1.3014710846255245E-17i       0.9999999999999998
13.4                                              0.07324149511935886                               0.07324149511935886                               0.9999999999999992
13.4                                              0.08056124788234544                               0.08056124788234544                               0.999999999999999
13.4                                              0.08210646713826728                               0.08210646713826728                               1.0000000000000007
13.4                                              0.08419003523608609                               0.08419003523608609                               1.0000000000000007
13.4                                              0.0846464319718553                                0.0846464319718553                                1
13.4                                              0.08888481836910814                               0.08888481836910815                               1
13.4                                              0.08930496250997838                               0.0893049625099784                                0.9999999999999999
13.4                                              0.09024709462861925                               0.09024709462861925                               0.9999999999999998
13.4                                              0.09678555409119938                               0.09678555409119938                               1
13.4                                              0.09818623744841799                               0.09818623744841799                               0.9999999999999996
13.4                                              0.1046662776592113                                0.1046662776592113                                1.0000000000000007
13.4                                              0.1064845158374586                                0.1064845158374586                                0.9999999999999984
13.4                                              0.10853518416413924                               0.10853518416413925                               0.9999999999999993
13.4                                              0.11833137058756435                               0.11833137058756435                               1.0000000000000013
13.4                                              0.12122882635494131                               0.12122882635494132                               1.0000000000000007
13.4                                              0.1278899618518514                                0.1278899618518514                                1.0000000000000016
13.4                                              0.13227562848690855                               0.13227562848690855                               0.9999999999999996
13.4                                              0.13624920731972942                               0.13624920731972942                               1.000000000000001
13.4                                              0.14827130385404924                               0.14827130385404924                               0.9999999999999991
13.4                                              0.15348755487641588                               0.15348755487641588                               1.0000000000000009
13.4                                              0.15798082531932373                               0.15798082531932373                               0.9999999999999996
13.4                                              0.1634736351393317                                0.1634736351393317                                0.9999999999999998
13.4                                              0.16627171754393053                               0.16627171754393053                               1
13.4                                              0.17207543342838366-1.1861578236299358E-16i       0.17207543342838366-1.1861578236299358E-16i       1.0000000000000007
13.4                                              0.17317401938194676+1.4020309484143275E-16i       0.1731740193819468+1.4020309484143275E-16i        1.0000000000000004
13.4                                              0.17424823680667587-3.1509986729263107E-15i       0.17424823680667587-3.1509986729263107E-15i       1.0000000000000002
13.600000000000001                                0.037499382796855996                              0.037499382796855996                              1.0000000000000018
13.600000000000001                                0.04188557769137933-7.12830792845846E-18i         0.04188557769137933-7.12830792845846E-18i         1.000000000000002
13.600000000000001                                0.058236884241434195                              0.0582368842414342                                1.0000000000000022
13.600000000000001                                0.06355061360623356+1.754102402996778E-17i        0.06355061360623356+1.7541024029967784E-17i       1.000000000000002
13.600000000000001                                0.07326224612144842                               0.07326224612144842                               1.000000000000002
13.600000000000001                                0.08057644727575843                               0.08057644727575843                               0.9999999999999996
13.600000000000001                                0.08216733162861828                               0.08216733162861828                               1.0000000000000002
13.600000000000001                                0.08393308678340608                               0.08393308678340608                               1.0000000000000013
13.600000000000001                                0.08497743110519074                               0.08497743110519074                               0.9999999999999979
13.600000000000001                                0.08855116765192275                               0.08855116765192277                               1
13.600000000000001                                0.08885111597091776                               0.08885111597091776                               0.9999999999999981
13.600000000000001                                0.09076650143043796                               0.09076650143043796                               1.0000000000000024
13.600000000000001                                0.09615414084067914                               0.09615414084067914                               0.9999999999999987
13.600000000000001                                0.098900294493012                                 0.098900294493012                                 0.9999999999999991
13.600000000000001                                0.10515052415324119+1.2952680514519305E-17i       0.1051505241532412+1.2952680514519305E-17i        1.0000000000000002
13.600000000000001                                0.1056811211025777                                0.1056811211025777                                0.999999999999999
13.600000000000001                                0.1094250525497475                                0.1094250525497475                                1.0000000000000013
13.600000000000001                                0.1173585277723947                                0.11735852777239471                               1.0000000000000027
13.600000000000001                                0.12229349454828818                               0.1222934945482882                                1.0000000000000018
13.600000000000001                                0.12737416724458828                               0.12737416724458828                               1.000000000000001
13.600000000000001                                0.13113476435867646                               0.13113476435867646                               1.0000000000000038
13.600000000000001                                0.13748833831119822                               0.13748833831119825                               1.0000000000000007
13.600000000000001                                0.14696341600424487                               0.14696341600424487                               0.999999999999999
13.600000000000001                                0.15488506226221724                               0.15488506226221724                               0.9999999999999991
13.600000000000001                                0.1586355283144401                                0.1586355283144401                                0.9999999999999986
13.600000000000001                                0.16362029714537418-2.208406650166099E-17i        0.16362029714537418-2.208406650166099E-17i        0.999999999999999
13.600000000000001                                0.16479774583133275                               0.16479774583133275                               1.0000000000000013
13.600000000000001                                0.1718987773488388-1.3466252700283182E-16i        0.1718987773488388-1.3466252700283182E-16i        1.000000000000002
13.600000000000001                                0.17374969738729112+3.795386838249177E-15i        0.17374969738729112+3.795386838249177E-15i        1.0000000000000004
13.600000000000001                                0.17476158978996453-4.635462443998892E-17i        0.17476158978996453-4.635462443998893E-17i        1
13.8                                              0.03753501031737825                               0.03753501031737825                               1.0000000000000018
13.8                                              0.041923714552350444-5.710197514355764E-18i       0.041923714552350444-5.710197514355764E-18i       0.9999999999999978
13.8                                              0.05803635130063736+7.095458294942837E-18i        0.05803635130063737+7.095458294942837E-18i        1.000000000000002
13.8                                              0.06384772332330296+1.712518015705418E-17i        0.06384772332330296+1.712518015705418E-17i        1.0000000000000013
13.8                                              0.0732833063353687                                0.0732833063353687                                0.9999999999999978
13.8                                              0.08058923551061734                               0.08058923551061735                               0.9999999999999981
13.8                                              0.08225865153527892                               0.08225865153527893                               0.9999999999999989
13.8                                              0.08369244130245757                               0.08369244130245757                               0.9999999999999994
13.8                                              0.08532061665519516                               0.08532061665519516                               1.000000000000002
13.8                                              0.08821648912694297                               0.08821648912694298                               1.0000000000000013
13.8                                              0.088410987122429                                 0.08841098712242901                               1.0000000000000022
13.8                                              0.09130914485794928                               0.09130914485794928                               1.000000000000001
13.8                                              0.0955361197257929                                0.0955361197257929                                0.9999999999999987
13.8                                              0.0996280849354864                                0.0996280849354864                                1.0000000000000016
13.8                                              0.10489116581950694                               0.10489116581950696                               1.0000000000000016
13.8                                              0.10563686482535076                               0.10563686482535077                               0.9999999999999992
13.8                                              0.11032821545720736                               0.11032821545720738                               1.0000000000000022
13.8                                              0.1163992445690944                                0.1163992445690944                                1.000000000000001
13.8                                              0.12337128651927676                               0.12337128651927677                               1.0000000000000002
13.8                                              0.12686088797310194                               0.12686088797310194                               1.0000000000000004
13.8                                              0.13000751638923175                               0.13000751638923175                               1.0000000000000016
13.8                                              0.1387405780011854                                0.1387405780011854                                0.9999999999999989
13.8                                              0.14566920892957752                               0.14566920892957752                               1.0000000000000002
13.8                                              0.15628694444770724                               0.15628694444770724                               0.9999999999999997
13.8                                              0.15929392769006084                               0.15929392769006084                               1
13.8                                              0.16333731268648077                               0.16333731268648077                               1.0000000000000002
13.8                                              0.16377459119884036                               0.16377459119884036                               0.9999999999999996
13.8                                              0.17162180936180751+1.7075277620371066E-16i       0.17162180936180751+1.7075277620371068E-16i       1.0000000000000009
13.8                                              0.17335735255195195-7.240621189384219E-16i        0.17335735255195198-7.240621189384219E-16i        1
13.8                                              0.17636301655999087                               0.17636301655999087                               1.0000000000000002
14                                                0.03756911773643561                               0.03756911773643561                               0.9999999999999994
14                                                0.041966789549748626                              0.041966789549748626                              0.9999999999999982
14                                                0.05783770468267798                               0.05783770468267798                               0.9999999999999983
14                                                0.06414677441798777+1.4257167497228018E-17i       0.06414677441798777+1.4257167497228018E-17i       0.9999999999999991
14                                                0.07330467387048993                               0.07330467387048993                               0.9999999999999997
14                                                0.08060146612803104                               0.08060146612803104                               0.9999999999999978
14                                                0.08237701389827295                               0.08237701389827295                               1.0000000000000016
14                                                0.08347137529269627                               0.08347137529269627                               1.0000000000000004
14                                                0.08566883488824348                               0.08566883488824348                               0.999999999999999
14                                                0.08789093059694883                               0.08789093059694884                               0.9999999999999981
14                                                0.08798614510635751                               0.08798614510635752                               0.9999999999999983
14                                                0.09186862857890543                               0.09186862857890545                               1.0000000000000002
14                                                0.09493185175575876                               0.09493185175575876                               0.9999999999999997
14                                                0.10036925959266255                               0.10036925959266256                               0.9999999999999992
14                                                0.104114877768983                                 0.104114877768983                                 0.9999999999999992
14                                                0.10612517638027799                               0.10612517638027799                               0.9999999999999988
14                                                0.1112445549177495                                0.1112445549177495                                0.9999999999999997
14                                                0.11545355185014243                               0.11545355185014243                               0.9999999999999972
14                                                0.12446210691333029                               0.12446210691333029                               1.0000000000000004
14                                                0.12635017941740068                               0.12635017941740068                               1.0000000000000004
14                                                0.12889389065311035                               0.12889389065311035                               1.0000000000000022
14                                                0.14000590379149705                               0.14000590379149705                               0.9999999999999982
14                                                0.14438868013932538                               0.14438868013932538                               0.9999999999999996
14                                                0.15768412459357933-2.482574014364928E-17i        0.15768412459357933-2.4825740143649282E-17i       1
14                                                0.159962570872129+2.1475127119982118E-17i         0.159962570872129+2.147512711998212E-17i          1.0000000000000009
14                                                0.1618909291177134                                0.1618909291177134                                1.0000000000000016
14                                                0.1639382076106688                                0.1639382076106688                                1.0000000000000004
14                                                0.17122601433359647+6.857233615250544E-17i        0.17122601433359647+6.857233615250545E-17i        0.9999999999999998
14                                                0.1730905729525704-4.156513125270885E-16i         0.17309057295257044-4.1565131252708857E-16i       0.9999999999999997
14                                                0.17797773013591978                               0.1779777301359198                                1.000000000000001
14.200000000000001                                0.03760172757952417                               0.03760172757952418                               0.9999999999999994
14.200000000000001                                0.04201477455161819-5.527299796616227E-18i        0.04201477455161819-5.527299796616228E-18i        0.9999999999999989
14.200000000000001                                0.05764097746633071                               0.05764097746633071                               0.9999999999999999
14.200000000000001                                0.06444772714989244+1.6406461551361842E-17i       0.06444772714989246+1.6406461551361842E-17i       1.0000000000000002
14.200000000000001                                0.07332634685617537                               0.07332634685617537                               0.9999999999999981
14.200000000000001                                0.08061503169349885                               0.08061503169349885                               0.9999999999999979
14.200000000000001                                0.08251652527388238                               0.0825165252738824                                1.0000000000000002
14.200000000000001                                0.08327423705362597                               0.08327423705362598                               0.9999999999999984
14.200000000000001                                0.08600709810025442                               0.08600709810025443                               0.9999999999999999
14.200000000000001                                0.08756225337736484                               0.08756225337736484                               1.0000000000000009
14.200000000000001                                0.0876051828123625                                0.0876051828123625                                1.0000000000000013
14.200000000000001                                0.09244300061929636                               0.09244300061929638                               1
14.200000000000001                                0.0943415793622616                                0.0943415793622616                                1.000000000000001
14.200000000000001                                0.10112364169973728                               0.1011236416997373                                1.000000000000001
14.200000000000001                                0.10335230286414036                               0.10335230286414036                               1.0000000000000013
14.200000000000001                                0.10661551625860344                               0.10661551625860344                               0.9999999999999999
14.200000000000001                                0.11217398241467107                               0.11217398241467107                               0.9999999999999998
14.200000000000001                                0.11452150048796718                               0.11452150048796719                               0.9999999999999993
14.200000000000001                                0.12556463004606894                               0.12556463004606894                               0.9999999999999983
14.200000000000001                                0.12584331956919304                               0.12584331956919304                               0.9999999999999988
14.200000000000001                                0.12779391364418388                               0.12779391364418388                               1.0000000000000004
14.200000000000001                                0.14128427744782662                               0.14128427744782662                               1.000000000000002
14.200000000000001                                0.14312184621700755                               0.14312184621700755                               0.9999999999999997
14.200000000000001                                0.15905074540779915-2.5244772492388868E-17i       0.15905074540779915-2.5244772492388868E-17i       0.9999999999999998
14.200000000000001                                0.16045818191228017                               0.16045818191228017                               1.0000000000000027
14.200000000000001                                0.16066349061512655+6.820289733526653E-17i        0.16066349061512655+6.820289733526653E-17i        1.0000000000000009
14.200000000000001                                0.1641149672416607                                0.1641149672416607                                1.0000000000000007
14.200000000000001                                0.17073285778931363-2.0547915492122765E-16i       0.17073285778931366-2.0547915492122767E-16i       0.9999999999999992
14.200000000000001                                0.1729284137753567+1.275111685152181E-15i         0.1729284137753567+1.275111685152181E-15i         1.0000000000000007
14.200000000000001                                0.17960539423400365+1.0561918460759293E-15i       0.17960539423400365+1.0561918460759293E-15i       1.0000000000000027
14.4                                              0.037632875873918996                              0.037632875873918996                              1.0000000000000004
14.4                                              0.04206762777907072-5.938219863752979E-18i        0.04206762777907072-5.938219863752979E-18i        1.0000000000000024
14.4                                              0.0574461934815885                                0.057446193481588505                              0.9999999999999998
14.4                                              0.06475055069983093+1.640740438441266E-17i        0.06475055069983095+1.6407404384412664E-17i       0.9999999999999989
14.4                                              0.073348323525285                                 0.073348323525285                                 1.000000000000001
14.4                                              0.08063146138126091                               0.08063146138126091                               1.0000000000000002
14.4                                              0.08266117098011115                               0.08266117098011115                               0.9999999999999987
14.4                                              0.08311559552646161                               0.08311559552646162                               1.0000000000000002
14.4                                              0.08628684865178105+1.2138927274674744E-17i       0.08628684865178105+1.2138927274674745E-17i       0.9999999999999971
14.4                                              0.08717173816563377                               0.08717173816563378                               1.0000000000000002
14.4                                              0.08737592997460342-1.3503367660228729E-17i       0.08737592997460343-1.350336766022873E-17i        1.000000000000001
14.4                                              0.09303036880314862                               0.09303036880314862                               1.0000000000000002
14.4                                              0.09376651645383333                               0.09376651645383333                               1.000000000000001
14.4                                              0.10189035884764958                               0.10189035884764958                               1.0000000000000002
14.4                                              0.10260428377900671                               0.10260428377900672                               0.999999999999998
14.4                                              0.10710787079466116                               0.10710787079466116                               1
14.4                                              0.11311568178797357                               0.11311568178797357                               1.000000000000004
14.4                                              0.11360387869454762                               0.11360387869454763                               0.9999999999999999
14.4                                              0.12533542706580453                               0.12533542706580453                               0.999999999999998
14.4                                              0.1266754062611575+1.5548190129575174E-17i        0.1266754062611575+1.5548190129575177E-17i        0.9999999999999999
14.4                                              0.12671589827021                                  0.12671589827021                                  0.9999999999999994
14.4                                              0.14186837590839002                               0.14186837590839002                               0.9999999999999991
14.4                                              0.14257600941890866                               0.14257600941890866                               1.000000000000001
14.4                                              0.15903904380998266                               0.15903904380998266                               0.9999999999999993
14.4                                              0.1603023043395017-3.3778340643556875E-17i        0.1603023043395017-3.3778340643556875E-17i        1.0000000000000004
14.4                                              0.16147504497391035+4.062097697623972E-17i        0.16147504497391035+4.0620976976239725E-17i       0.9999999999999991
14.4                                              0.16431049629052683+4.278240248207944E-17i        0.16431049629052683+4.278240248207944E-17i        1.0000000000000013
14.4                                              0.17017972588146824-3.296636444683651E-17i        0.17017972588146824-3.296636444683652E-17i        1.0000000000000016
14.4                                              0.17283404134339048+4.795495588298303E-17i        0.1728340413433905+4.795495588298303E-17i         1.0000000000000024
14.4                                              0.1781684816248419-3.888487260419748E-16i         0.17816848162484192-3.888487260419748E-16i        1.0000000000000024
14.600000000000001                                0.0376626113607665                                0.0376626113607665                                1.0000000000000018
14.600000000000001                                0.042125294592175656                              0.042125294592175656                              1.0000000000000004
14.600000000000001                                0.057253370263242453                              0.057253370263242453                              1.0000000000000004
14.600000000000001                                0.06505522017407639+1.2139598943626545E-17i       0.06505522017407639+1.2139598943626545E-17i       1.0000000000000018
14.600000000000001                                0.07337060228960637                               0.07337060228960637                               0.9999999999999989
14.600000000000001                                0.08065169240981093                               0.08065169240981093                               1.0000000000000002
14.600000000000001                                0.0827395701984571                                0.0827395701984571                                0.9999999999999996
14.600000000000001                                0.08306582466087875                               0.08306582466087875                               1.0000000000000022
14.600000000000001                                0.08637294083804192                               0.08637294083804192                               0.9999999999999984
14.600000000000001                                0.0867898147408985                                0.0867898147408985                                0.9999999999999976
14.600000000000001                                0.08736343895452583                               0.08736343895452583                               0.9999999999999999
14.600000000000001                                0.09319537119935087                               0.09319537119935087                               1.0000000000000016
14.600000000000001                                0.09364169828411262                               0.09364169828411262                               1.000000000000001
14.600000000000001                                0.10186544549315096                               0.10186544549315098                               1.0000000000000009
14.600000000000001                                0.10267476003831907                               0.10267476003831907                               0.9999999999999997
14.600000000000001                                0.10760223276371476                               0.10760223276371476                               1.0000000000000007
14.600000000000001                                0.11269719817847218                               0.1126971981784722                                1.0000000000000004
14.600000000000001                                0.1140731164972347                                0.1140731164972347                                1.0000000000000007
14.600000000000001                                0.12483229028048715                               0.12483229028048715                               1.0000000000000007
14.600000000000001                                0.1256344106493712                                0.1256344106493712                                1.0000000000000036
14.600000000000001                                0.12781406467606835                               0.12781406467606835                               1.0000000000000002
14.600000000000001                                0.14062894983148266                               0.14062894983148266                               1.000000000000004
14.600000000000001                                0.14388039853021511                               0.14388039853021511                               1.0000000000000009
14.600000000000001                                0.15763377966099001                               0.15763377966099001                               0.9999999999999984
14.600000000000001                                0.16127103027661144                               0.16127103027661144                               1.0000000000000007
14.600000000000001                                0.16255283716486035+6.875464620403615E-17i        0.16255283716486038+6.875464620403615E-17i        1.0000000000000009
14.600000000000001                                0.16453595770520602+7.822177490524143E-17i        0.16453595770520602+7.822177490524143E-17i        1.000000000000001
14.600000000000001                                0.16959421749771028-6.24403396664703E-17i         0.1695942174977103-6.24403396664703E-17i          0.9999999999999997
14.600000000000001                                0.17278058322156847                               0.1727805832215685                                0.999999999999999
14.600000000000001                                0.17659846416942826+1.2093349125856813E-16i       0.1765984641694283+1.2093349125856813E-16i        0.9999999999999984
14.8                                              0.03769099446621736                               0.03769099446621736                               1.0000000000000018
14.8                                              0.042187708516252545-6.370221068217923E-18i       0.042187708516252545-6.370221068217924E-18i       1.0000000000000007
14.8                                              0.05706252094468164                               0.057062520944681644                              1
14.8                                              0.06536171466007752+1.5682540510838717E-17i       0.06536171466007752+1.5682540510838717E-17i       1.0000000000000007
14.8                                              0.0733931817900569                                0.07339318179005691                               1.0000000000000007
14.8                                              0.08067597317404507                               0.08067597317404508                               0.9999999999999968
14.8                                              0.08267538944251504                               0.08267538944251505                               0.9999999999999994
14.8                                              0.08320077159915243                               0.08320077159915244                               0.9999999999999993
14.8                                              0.08621114082852514-1.320803431508268E-17i        0.08621114082852514-1.3208034315082681E-17i       1.0000000000000016
14.8                                              0.08642214064050914                               0.08642214064050914                               0.9999999999999997
14.8                                              0.08761662927452336                               0.08761662927452338                               0.9999999999999998
14.8                                              0.0926498085182496                                0.0926498085182496                                0.9999999999999994
14.8                                              0.09425514772102629                               0.09425514772102629                               1.0000000000000004
14.8                                              0.10114448084041065                               0.10114448084041067                               0.9999999999999984
14.8                                              0.10346813136973364                               0.10346813136973364                               0.9999999999999979
14.8                                              0.10809859544622526                               0.10809859544622526                               0.9999999999999992
14.8                                              0.1118059939622012                                0.1118059939622012                                0.9999999999999991
14.8                                              0.11504172786039141                               0.11504172786039142                               0.9999999999999983
14.8                                              0.12433140685217171                               0.12433140685217173                               1.000000000000001
14.8                                              0.12457536480512031                               0.12457536480512031                               0.9999999999999992
14.8                                              0.12895717918055438                               0.12895717918055438                               0.9999999999999999
14.8                                              0.13940303954027136                               0.13940303954027136                               1.0000000000000016
14.8                                              0.14519795273714764                               0.14519795273714764                               1.0000000000000009
14.8                                              0.15624218488272265                               0.15624218488272265                               1.0000000000000002
14.8                                              0.16197570186044608                               0.16197570186044608                               0.9999999999999989
14.8                                              0.16384054881092686+4.570809778407488E-16i        0.16384054881092686+4.570809778407489E-16i        0.9999999999999993
14.8                                              0.16482804351893057+1.851525272147986E-16i        0.16482804351893057+1.8515252721479863E-16i       0.9999999999999986
14.8                                              0.16899229352473785-7.223393619118725E-17i        0.16899229352473785-7.223393619118725E-17i        1.0000000000000029
14.8                                              0.17275310962936014+7.958585637478137E-17i        0.17275310962936016+7.958585637478137E-17i        0.9999999999999999
14.8                                              0.17504223256410567+1.7204756889512708E-16i       0.17504223256410567+1.7204756889512708E-16i       0.9999999999999986
15                                                0.03771809607924548                               0.03771809607924548                               1.0000000000000007
15                                                0.042254792461167104                              0.042254792461167104                              1.0000000000000016
15                                                0.05687365551121661                               0.05687365551121661                               0.9999999999999999
15                                                0.06567001591275415                               0.06567001591275415                               0.9999999999999986
15                                                0.07341606091024734                               0.07341606091024734                               0.9999999999999968
15                                                0.08070384616587875                               0.08070384616587875                               1.000000000000003
15                                                0.08257398534146285                               0.08257398534146285                               0.9999999999999977
15                                                0.0834150267085798+9.351477082346383E-18i         0.08341502670857981+9.351477082346383E-18i        0.9999999999999981
15                                                0.08594125177471924                               0.08594125177471924                               1.0000000000000009
15                                                0.08606927472374014                               0.08606927472374014                               1.000000000000001
15                                                0.08799566643402174                               0.08799566643402174                               1.0000000000000018
15                                                0.09211510786575619                               0.09211510786575619                               0.9999999999999987
15                                                0.09488533870340524                               0.09488533870340525                               1.0000000000000002
15                                                0.10043636895306005                               0.10043636895306005                               0.9999999999999981
15                                                0.10427547751218098                               0.10427547751218098                               1.0000000000000009
15                                                0.1085969517349833                                0.1085969517349833                                1.0000000000000016
15                                                0.11092817819910085                               0.11092817819910085                               0.9999999999999998
15                                                0.1160235803765112                                0.11602358037651121                               0.9999999999999994
15                                                0.12352931054736502                               0.12352931054736502                               1.0000000000000007
15                                                0.12383356703679108                               0.12383356703679109                               0.9999999999999969
15                                                0.13011339846941164                               0.13011339846941164                               0.9999999999999984
15                                                0.1381907522256936                                0.1381907522256936                                0.9999999999999998
15                                                0.14652854441324195                               0.14652854441324195                               1.0000000000000007
15                                                0.15486428546424538                               0.15486428546424538                               0.9999999999999999
15                                                0.16254675850497075-2.2559267082446068E-17i       0.16254675850497075-2.2559267082446068E-17i       0.999999999999999
15                                                0.16486036819790767-4.614295407121625E-16i        0.16486036819790767-4.614295407121625E-16i        0.9999999999999998
15                                                0.16553250370497102+2.798757906241073E-16i        0.16553250370497102+2.798757906241073E-16i        0.999999999999998
15                                                0.16838323239764388-6.538458952411134E-17i        0.16838323239764388-6.538458952411134E-17i        1.0000000000000002
15                                                0.1727439074208639+7.382167142006124E-16i         0.1727439074208639+7.382167142006125E-16i         1.0000000000000007
15                                                0.17349978765155843+3.1509083872360743E-16i       0.17349978765155846+3.150908387236075E-16i        1
15.200000000000001                                0.03774399618932186                               0.03774399618932186                               1.0000000000000009
15.200000000000001                                0.042326460080145525                              0.04232646008014553                               0.9999999999999978
15.200000000000001                                0.05668678165283891                               0.05668678165283892                               1.0000000000000004
15.200000000000001                                0.06598010742889089+8.247171553907011E-18i        0.06598010742889089+8.247171553907011E-18i        0.9999999999999991
15.200000000000001                                0.07343923874988406                               0.07343923874988406                               0.9999999999999973
15.200000000000001                                0.08073419389927736                               0.08073419389927736                               0.9999999999999988
15.200000000000001                                0.08248437485610602                               0.08248437485610602                               0.999999999999999
15.200000000000001                                0.08365958840481438                               0.08365958840481438                               1.0000000000000022
15.200000000000001                                0.08563912426551097                               0.08563912426551097                               0.9999999999999984
15.200000000000001                                0.08573156476044311                               0.08573156476044311                               1.0000000000000013
15.200000000000001                                0.08842540429635827                               0.08842540429635828                               0.9999999999999974
15.200000000000001                                0.09159406058509577                               0.09159406058509578                               0.9999999999999999
15.200000000000001                                0.09552943182623336                               0.09552943182623336                               0.9999999999999983
15.200000000000001                                0.0997418023683348                                0.09974180236833481                               0.999999999999999
15.200000000000001                                0.10509609705232201                               0.10509609705232202                               1.000000000000001
15.200000000000001                                0.10909729154685632                               0.10909729154685632                               1.0000000000000027
15.200000000000001                                0.11006390633627518                               0.11006390633627518                               1.0000000000000024
15.200000000000001                                0.1170184966544829                                0.1170184966544829                                0.9999999999999988
15.200000000000001                                0.12249733658518919                               0.12249733658518919                               0.9999999999999978
15.200000000000001                                0.12333774339103648                               0.1233377433910365                                1.0000000000000007
15.200000000000001                                0.13128265659677074                               0.13128265659677074                               1.000000000000001
15.200000000000001                                0.1369920893680659                                0.1369920893680659                                1.0000000000000009
15.200000000000001                                0.14787215192102424                               0.14787215192102424                               0.9999999999999999
15.200000000000001                                0.15350007743085442                               0.15350007743085442                               0.9999999999999993
15.200000000000001                                0.16302717701766017-3.686804159747272E-17i        0.1630271770176602-3.686804159747272E-17i         1.0000000000000004
15.200000000000001                                0.1653075419140364-2.8450584906036E-16i           0.1653075419140364-2.8450584906036E-16i           1.0000000000000007
15.200000000000001                                0.16690843786092757+3.1090458793919604E-16i       0.16690843786092757+3.1090458793919604E-16i       1
15.200000000000001                                0.16777349268510106-8.498293658350759E-16i        0.16777349268510106-8.49829365835076E-16i         0.9999999999999983
15.200000000000001                                0.17197106657381775-2.0544216098135157E-16i       0.17197106657381778-2.0544216098135157E-16i       1.0000000000000007
15.200000000000001                                0.1727492291588365+1.6988914251989829E-15i        0.1727492291588365+1.6988914251989829E-15i        0.9999999999999987
15.4                                              0.03776878243917866                               0.03776878243917866                               1.0000000000000004
15.4                                              0.04240261721296724                               0.04240261721296724                               0.9999999999999986
15.4                                              0.05650190535910014                               0.05650190535910014                               1
15.4                                              0.06629197376415245+1.5401413176457973E-17i       0.06629197376415247+1.5401413176457973E-17i       1.0000000000000013
15.4                                              0.07346271456341033                               0.07346271456341033                               1.0000000000000013
15.4                                              0.08076537466466978                               0.08076537466466978                               0.9999999999999986
15.4                                              0.08241793717096621                               0.08241793717096621                               1.0000000000000009
15.4                                              0.08392188246223234                               0.08392188246223234                               0.9999999999999998
15.4                                              0.08532924544425284                               0.08532924544425284                               0.9999999999999996
15.4                                              0.08540950916536535                               0.08540950916536535                               0.9999999999999997
15.4                                              0.08888355036358069                               0.08888355036358069                               0.9999999999999979
15.4                                              0.09108704093048134                               0.09108704093048134                               0.9999999999999961
15.4                                              0.09618705936046122                               0.09618705936046122                               0.9999999999999998
15.4                                              0.09906092020488644                               0.09906092020488645                               0.999999999999999
15.4                                              0.10592985960310923                               0.10592985960310923                               1.0000000000000007
15.4                                              0.10921318559780788                               0.10921318559780788                               0.9999999999999981
15.4                                              0.10959964788572542                               0.10959964788572542                               0.9999999999999998
15.4                                              0.11802640068514579                               0.11802640068514579                               0.9999999999999993
15.4                                              0.12147886059201249                               0.1214788605920125                                0.9999999999999998
15.4                                              0.12284456484369446                               0.12284456484369446                               0.9999999999999986
15.4                                              0.13246491879809794                               0.13246491879809794                               1.0000000000000002
15.4                                              0.13580705361882162                               0.13580705361882162                               1.0000000000000016
15.4                                              0.14922875341837954                               0.14922875341837954                               1.0000000000000007
15.4                                              0.15214955938953612                               0.15214955938953614                               0.9999999999999991
15.4                                              0.16342346922128873-4.2769363936916697E-17i       0.16342346922128873-4.27693639369167E-17i         0.9999999999999984
15.4                                              0.16572998882476947-3.972891823819515E-16i        0.16572998882476947-3.9728918238195154E-16i       0.9999999999999997
15.4                                              0.16716981601680164+2.955637052023883E-16i        0.16716981601680164+2.955637052023883E-16i        0.9999999999999987
15.4                                              0.16839614473191483-5.837942267196215E-16i        0.16839614473191483-5.837942267196215E-16i        0.9999999999999996
15.4                                              0.1704561563006698-1.0651043713012626E-16i        0.17045615630066982-1.0651043713012626E-16i       1.0000000000000007
15.4                                              0.1727674900664536-1.6115421114751436E-15i        0.17276749006645362-1.6115421114751436E-15i       0.9999999999999976
15.600000000000001                                0.037792548646006945                              0.037792548646006945                              0.9999999999999973
15.600000000000001                                0.0424831633600888                                0.04248316336008881                               1.0000000000000018
15.600000000000001                                0.056319031343616564                              0.056319031343616564                              0.9999999999999992
15.600000000000001                                0.0666056000013977                                0.0666056000013977                                0.9999999999999987
15.600000000000001                                0.073486487676806                                 0.073486487676806                                 1.0000000000000007
15.600000000000001                                0.0807954991316106                                0.08079549913161062                               0.9999999999999983
15.600000000000001                                0.08237946647985064                               0.08237946647985064                               0.9999999999999992
15.600000000000001                                0.084188482123937                                 0.084188482123937                                 1.0000000000000009
15.600000000000001                                0.08502853553271232                               0.08502853553271232                               0.9999999999999988
15.600000000000001                                0.0851042476178077                                0.0851042476178077                                0.9999999999999988
15.600000000000001                                0.0893620927588403                                0.0893620927588403                                1.0000000000000002
15.600000000000001                                0.09059455784338986                               0.09059455784338988                               0.9999999999999992
15.600000000000001                                0.09685786256347519                               0.09685786256347519                               1.0000000000000013
15.600000000000001                                0.09839398765672781                               0.09839398765672781                               0.9999999999999996
15.600000000000001                                0.10677657769360052                               0.10677657769360054                               0.9999999999999999
15.600000000000001                                0.10837624792485999                               0.10837624792485999                               0.9999999999999988
15.600000000000001                                0.11010392697296965                               0.11010392697296965                               1.0000000000000009
15.600000000000001                                0.11904710876265846                               0.11904710876265846                               0.9999999999999979
15.600000000000001                                0.12047405309919522                               0.12047405309919522                               1.000000000000001
15.600000000000001                                0.12235402534779057                               0.12235402534779057                               1.0000000000000013
15.600000000000001                                0.1336600684354266                                0.1336600684354266                                1.0000000000000018
15.600000000000001                                0.13463573590926425                               0.13463573590926425                               1.0000000000000004
15.600000000000001                                0.15059797730119676                               0.15059797730119676                               1.000000000000002
15.600000000000001                                0.15081307956544057                               0.15081307956544057                               1
15.600000000000001                                0.16373723696686435                               0.16373723696686435                               0.9999999999999992
15.600000000000001                                0.16618399203013418-2.274281220020066E-15i        0.16618399203013418-2.274281220020066E-15i        1.0000000000000027
15.600000000000001                                0.16659438356711387+1.449164418654913E-15i        0.16659438356711387+1.449164418654913E-15i        0.999999999999999
15.600000000000001                                0.1689549208364595+1.6874200518603844E-16i        0.1689549208364595+1.6874200518603844E-16i        1.0000000000000009
15.600000000000001                                0.1699151257561588+7.281235695799876E-16i         0.1699151257561588+7.281235695799876E-16i         1.0000000000000009
15.600000000000001                                0.17279923241175593-5.847294313644086E-16i        0.17279923241175593-5.847294313644086E-16i        0.9999999999999991
15.8                                              0.03781539333961629                               0.03781539333961629                               1.000000000000003
15.8                                              0.04256799313911209                               0.04256799313911209                               0.9999999999999996
15.8                                              0.05613816335347699                               0.056138163353476996                              1.000000000000001
15.8                                              0.06692097131015962+8.600563623515875E-18i        0.06692097131015962+8.600563623515875E-18i        0.999999999999997
15.8                                              0.0735105574001024                                0.0735105574001024                                0.9999999999999997
15.8                                              0.08082286637549886                               0.08082286637549888                               1.000000000000001
15.8                                              0.08237175097351337                               0.08237175097351337                               1.000000000000001
15.8                                              0.08438492077244568-2.1235682421922642E-17i       0.08438492077244568-2.1235682421922645E-17i       0.9999999999999987
15.8                                              0.08478936107978316-1.9839312200767876E-17i       0.08478936107978316-1.983931220076788E-17i        1.0000000000000002
15.8                                              0.08483990889615654+2.9498400241499465E-17i       0.08483990889615656+2.9498400241499465E-17i       1.0000000000000004
15.8                                              0.08985151400764083                               0.08985151400764083                               1.0000000000000007
15.8                                              0.09012299501802476                               0.09012299501802476                               1.0000000000000004
15.8                                              0.09753546965846675                               0.09753546965846677                               1.0000000000000022
15.8                                              0.09774731908294605                               0.09774731908294605                               0.9999999999999969
15.8                                              0.10754296942804478                               0.10754296942804478                               1.0000000000000007
15.8                                              0.10764627977429073                               0.10764627977429074                               1.0000000000000004
15.8                                              0.11061018340446431                               0.11061018340446431                               0.9999999999999998
15.8                                              0.1194816606734653                                0.11948166067346531                               0.9999999999999997
15.8                                              0.12008159622226101                               0.12008159622226101                               1.0000000000000004
15.8                                              0.12186638801962221                               0.12186638801962221                               0.9999999999999998
15.8                                              0.13347755588122467                               0.13347755588122467                               0.9999999999999989
15.8                                              0.13486866219475935                               0.13486866219475938                               0.9999999999999992
15.8                                              0.14948943369125223                               0.14948943369125223                               0.9999999999999987
15.8                                              0.15198100364396705                               0.15198100364396705                               0.9999999999999984
15.8                                              0.16396574161342076                               0.16396574161342078                               0.9999999999999999
15.8                                              0.1659911095846025+1.844208937771042E-16i         0.1659911095846025+1.8442089377710423E-16i        1.0000000000000009
15.8                                              0.16673957838288417+5.316530765022511E-16i        0.16673957838288417+5.316530765022511E-16i        0.9999999999999997
15.8                                              0.16746751199263732+1.2608539765062923E-16i       0.16746751199263732+1.2608539765062923E-16i       0.9999999999999989
15.8                                              0.171448362576119+1.3910711952311448E-16i         0.171448362576119+1.3910711952311448E-16i         0.9999999999999992
15.8                                              0.1728500948214421-7.224540608115378E-16i         0.17285009482144212-7.224540608115378E-16i        0.999999999999999
16                                                0.03783741835901848+4.500442139747541E-18i        0.03783741835901848+4.500442139747541E-18i        1.0000000000000022
16                                                0.04265699768201604                               0.04265699768201604                               1.0000000000000009
16                                                0.055959304399373064                              0.05595930439937307                               1.0000000000000009
16                                                0.06723807255512342+1.6614119280125444E-17i       0.06723807255512342+1.6614119280125447E-17i       1.0000000000000004
16                                                0.07353492295393932                               0.07353492295393932                               1.0000000000000047
16                                                0.0808464645027874                                0.0808464645027874                                1.000000000000001
16                                                0.08239610041760907                               0.08239610041760907                               1.0000000000000016
16                                                0.08425322845782789                               0.0842532284578279                                0.9999999999999993
16                                                0.0845331032155777                                0.0845331032155777                                0.9999999999999996
16                                                0.08495425988190114                               0.08495425988190114                               1.000000000000001
16                                                0.08964426311233473                               0.08964426311233474                               1.0000000000000007
16                                                0.09037838486346483                               0.09037838486346485                               0.9999999999999978
16                                                0.09709751998554635                               0.09709751998554635                               1.0000000000000016
16                                                0.09824323463855161                               0.09824323463855163                               1.0000000000000002
16                                                0.1067414285179332                                0.10674142851793321                               0.9999999999999983
16                                                0.10851087271162885                               0.10851087271162885                               0.9999999999999998
16                                                0.11111839237480461                               0.11111839237480463                               0.9999999999999972
16                                                0.11850430514944921                               0.11850430514944921                               1.0000000000000013
16                                                0.12112078748405009                               0.1211207874840501                                0.9999999999999992
16                                                0.12138809579015149                               0.1213880957901515                                1.0000000000000016
16                                                0.13233337526610495                               0.13233337526610495                               0.9999999999999977
16                                                0.13608981550819024                               0.13608981550819024                               0.9999999999999979
16                                                0.1481799061468562                                0.1481799061468562                                1
16                                                0.15337652235541965                               0.15337652235541965                               1.000000000000002
16                                                0.1640782088752551-3.118095349413297E-17i         0.16407820887525512-3.118095349413297E-17i        1.0000000000000004
16                                                0.1655099774835872+2.5386840651289767E-16i        0.1655099774835872+2.5386840651289767E-16i        1.0000000000000004
16                                                0.16599383158401312-1.0866140785666205E-16i       0.16599383158401315-1.0866140785666207E-16i       1.000000000000002
16                                                0.1672798614931993-6.446599282713329E-17i         0.1672798614931993-6.446599282713329E-17i         1.0000000000000016
16                                                0.1727802066694525+1.6953527463630405E-15i        0.1727802066694525+1.6953527463630407E-15i        1
16                                                0.17313347714442112-9.325853471584115E-15i        0.17313347714442112-9.325853471584115E-15i        1.0000000000000002
16.2                                              0.037858727540576856                              0.037858727540576856                              0.9999999999999983
16.2                                              0.0427500659399413                                0.04275006593994131                               0.9999999999999978
16.2                                              0.0557824569302275-6.412036514242356E-18i         0.0557824569302275-6.412036514242356E-18i         1.0000000000000016
16.2                                              0.06755688792155601+9.315736558093209E-18i        0.06755688792155601+9.315736558093209E-18i        1.0000000000000009
16.2                                              0.07355958342520419                               0.07355958342520419                               0.9999999999999988
16.2                                              0.08086631363366137                               0.08086631363366137                               0.9999999999999992
16.2                                              0.08245219423483294                               0.08245219423483294                               1.0000000000000007
16.2                                              0.08396513333777633-1.0432500867364297E-17i       0.08396513333777633-1.0432500867364297E-17i       0.9999999999999989
16.2                                              0.08427727466617077                               0.08427727466617077                               0.9999999999999982
16.2                                              0.08525911475688133                               0.08525911475688133                               0.9999999999999984
16.2                                              0.08919522461053199                               0.08919522461053199                               1.0000000000000004
16.2                                              0.09090502820997934                               0.09090502820997935                               1.0000000000000016
16.2                                              0.0964718731921218                                0.09647187319212182                               0.9999999999999993
16.2                                              0.0989538456450004                                0.0989538456450004                                1
16.2                                              0.10594509401967075                               0.10594509401967075                               0.9999999999999982
16.2                                              0.10939685980229562                               0.10939685980229562                               1
16.2                                              0.11162854039332551+2.0868986770368856E-17i       0.11162854039332552+2.0868986770368856E-17i       0.9999999999999964
16.2                                              0.11754003564007927                               0.11754003564007928                               1.000000000000002
16.2                                              0.12089465242015307                               0.12089465242015308                               1.0000000000000004
16.2                                              0.12219112467030044                               0.12219112467030045                               0.999999999999999
16.2                                              0.1312027119812343                                0.1312027119812343                                0.9999999999999983
16.2                                              0.13732398809454255                               0.13732398809454255                               0.9999999999999992
16.2                                              0.14688400966451848                               0.14688400966451848                               1.0000000000000007
16.2                                              0.1547849921116503+1.931060332983364E-17i         0.1547849921116503+1.931060332983364E-17i         1.000000000000001
16.2                                              0.16397648792940267-2.48130995313149E-16i         0.16397648792940267-2.48130995313149E-16i         0.9999999999999982
16.2                                              0.16453396707508833                               0.16453396707508833                               1.000000000000002
16.2                                              0.16520970417471212-7.593926422878719E-16i        0.16520970417471215-7.593926422878719E-16i        0.9999999999999984
16.2                                              0.16784335165839842-1.068909191375702E-16i        0.16784335165839842-1.068909191375702E-16i        0.9999999999999992
16.2                                              0.1729415857408238+7.371953460095087E-16i         0.1729415857408238+7.371953460095088E-16i         0.9999999999999992
16.2                                              0.17461926646203152+3.9548936409868145E-17i       0.17461926646203155+3.9548936409868145E-17i       0.9999999999999997
16.400000000000002                                0.037879425522026174                              0.037879425522026174                              1.0000000000000016
16.400000000000002                                0.0428470858710638                                0.042847085871063804                              0.9999999999999999
16.400000000000002                                0.055607622968428035                              0.055607622968428035                              0.9999999999999988
16.400000000000002                                0.06787740053053726+1.0932604095225005E-17i       0.06787740053053726+1.0932604095225005E-17i       1.0000000000000009
16.400000000000002                                0.07358453776021323                               0.07358453776021323                               1
16.400000000000002                                0.08088344858515113                               0.08088344858515113                               0.9999999999999991
16.400000000000002                                0.08253783183232842                               0.08253783183232842                               0.9999999999999991
16.400000000000002                                0.08365618037698662                               0.08365618037698662                               1.0000000000000002
16.400000000000002                                0.08403840829009093                               0.08403840829009093                               1.0000000000000007
16.400000000000002                                0.08560394690134504                               0.08560394690134504                               0.9999999999999999
16.400000000000002                                0.0887589930762245                                0.08875899307622451                               1
16.400000000000002                                0.09144786706070009                               0.09144786706070009                               0.9999999999999978
16.400000000000002                                0.09585939650825206                               0.09585939650825208                               0.9999999999999999
16.400000000000002                                0.09967826683693691                               0.09967826683693691                               1.0000000000000013
16.400000000000002                                0.10516216853970252                               0.10516216853970252                               1.0000000000000016
16.400000000000002                                0.11029600647436809                               0.11029600647436809                               0.999999999999999
16.400000000000002                                0.1121406136399118                                0.1121406136399118                                0.9999999999999999
16.400000000000002                                0.1165892665741391                                0.11658926657413911                               1.0000000000000013
16.400000000000002                                0.12041508418618904                               0.12041508418618906                               0.9999999999999984
16.400000000000002                                0.12326317134954197                               0.12326317134954197                               0.9999999999999993
16.400000000000002                                0.13008561404398658                               0.13008561404398658                               0.9999999999999993
16.400000000000002                                0.13857111008868106                               0.13857111008868106                               0.9999999999999998
16.400000000000002                                0.14560174529106107                               0.14560174529106107                               1.0000000000000027
16.400000000000002                                0.15620637704998594                               0.15620637704998594                               0.9999999999999984
16.400000000000002                                0.16308715322646244                               0.16308715322646244                               0.9999999999999977
16.400000000000002                                0.16360830409482174-9.87839430484474E-16i         0.16360830409482174-9.87839430484474E-16i         1.0000000000000002
16.400000000000002                                0.16515751830936998-1.6410425642264085E-16i       0.16515751830936998-1.6410425642264085E-16i       0.9999999999999984
16.400000000000002                                0.1684128342119116-2.6007992724453004E-17i        0.1684128342119116-2.6007992724453007E-17i        0.9999999999999982
16.400000000000002                                0.17304064078002485+2.7609796696183747E-16i       0.17304064078002487+2.760979669618375E-16i        0.9999999999999988
16.400000000000002                                0.17620233261335463-2.787722048849691E-16i        0.17620233261335463-2.787722048849691E-16i        1.000000000000001
16.6                                              0.037899616678142636                              0.037899616678142636                              1.0000000000000016
16.6                                              0.04294794549565909                               0.04294794549565909                               1.0000000000000016
16.6                                              0.05543480421682909                               0.05543480421682909                               0.9999999999999973
16.6                                              0.0681995920181582                                0.0681995920181582                                1.0000000000000016
16.6                                              0.07360978479553115                               0.07360978479553115                               0.9999999999999976
16.6                                              0.08089955084296334                               0.08089955084296334                               1.0000000000000004
16.6                                              0.08264775515288245                               0.08264775515288245                               0.9999999999999994
16.6                                              0.08334612814671515                               0.08334612814671515                               0.9999999999999999
16.6                                              0.08381876900232141                               0.08381876900232141                               0.9999999999999997
16.6                                              0.08597046377208899                               0.08597046377208899                               1.0000000000000009
16.6                                              0.08833688707960682                               0.08833688707960684                               1.0000000000000016
16.6                                              0.0920053204636219                                0.09200532046362192                               1.0000000000000009
16.6                                              0.09526057400878807                               0.09526057400878807                               1.0000000000000018
16.6                                              0.10041601228476779                               0.10041601228476779                               1
16.6                                              0.10439278615742938                               0.10439278615742938                               0.9999999999999989
16.6                                              0.11120813627353873                               0.11120813627353873                               0.9999999999999987
16.6                                              0.1126546018719661                                0.11265460187196612                               0.9999999999999999
16.6                                              0.11565203118803866                               0.11565203118803867                               0.9999999999999992
16.6                                              0.1199374844210823                                0.1199374844210823                                0.9999999999999998
16.6                                              0.12434882167902651                               0.12434882167902653                               1.000000000000001
16.6                                              0.12898208546301865                               0.12898208546301865                               1.0000000000000016
16.6                                              0.139831156778927                                 0.139831156778927                                 0.9999999999999998
16.6                                              0.14433310850232647                               0.14433310850232647                               0.9999999999999986
16.6                                              0.1576406302069278                                0.1576406302069278                                1.0000000000000007
16.6                                              0.1616547104387352                                0.1616547104387352                                1.0000000000000007
16.6                                              0.16309287495314917-4.8996599903857476E-17i       0.16309287495314917-4.8996599903857476E-17i       1.000000000000003
16.6                                              0.1652400307324557-1.0310237893617518E-16i        0.1652400307324557-1.0310237893617518E-16i        0.999999999999999
16.6                                              0.1689759544800622-2.0268916015105722E-17i        0.1689759544800622-2.0268916015105722E-17i        1
16.6                                              0.17316094878719135-2.3691187645912613E-16i       0.17316094878719135-2.3691187645912613E-16i       1.0000000000000018
16.6                                              0.17780430606461772-1.3041293598348288E-15i       0.17780430606461772-1.3041293598348288E-15i       1.0000000000000002
16.8                                              0.03791940419606458                               0.03791940419606458                               0.9999999999999999
16.8                                              0.04305253381016114                               0.043052533810161144                              0.999999999999998
16.8                                              0.05526400214540638                               0.05526400214540638                               1.0000000000000007
16.8                                              0.06852344205088973                               0.06852344205088973                               1.0000000000000016
16.8                                              0.0736353233181845                                0.0736353233181845                                0.9999999999999994
16.8                                              0.08091644082038278                               0.08091644082038278                               1.0000000000000013
16.8                                              0.08276022977855985                               0.08276022977855985                               1.0000000000000016
16.8                                              0.08305552785332558                               0.08305552785332558                               0.9999999999999976
16.8                                              0.08362195957853673                               0.08362195957853674                               1
16.8                                              0.08635434496710394                               0.08635434496710395                               0.9999999999999968
16.8                                              0.08792935032208152                               0.08792935032208153                               0.9999999999999998
16.8                                              0.09257682821360513                               0.09257682821360515                               1.0000000000000009
16.8                                              0.09467562018944035                               0.09467562018944037                               0.9999999999999999
16.8                                              0.10116690631833705                               0.10116690631833705                               1.0000000000000013
16.8                                              0.10363703732929577                               0.10363703732929577                               1.0000000000000013
16.8                                              0.11213308456463124                               0.11213308456463124                               0.9999999999999986
16.8                                              0.1131705218785439                                0.11317052187854391                               1.0000000000000033
16.8                                              0.1147283693883832                                0.11472836938838321                               0.9999999999999998
16.8                                              0.1194624336927419                                0.11946243369274191                               1.0000000000000018
16.8                                              0.12544750947907554                               0.12544750947907557                               0.9999999999999992
16.8                                              0.12789214435229246                               0.12789214435229246                               1.0000000000000002
16.8                                              0.14110409115327283                               0.14110409115327283                               1.0000000000000016
16.8                                              0.14307811069059964+1.7716151960255588E-17i       0.14307811069059967+1.7716151960255588E-17i       0.9999999999999988
16.8                                              0.15908761562844106                               0.15908761562844106                               0.9999999999999984
16.8                                              0.1602358497546                                   0.16023584975460003                               0.9999999999999983
16.8                                              0.1625237866463324                                0.1625237866463324                                1.000000000000001
16.8                                              0.165369067712539-3.0092021995155015E-17i         0.165369067712539-3.0092021995155015E-17i         0.9999999999999982
16.8                                              0.16952044256478077                               0.16952044256478077                               1.0000000000000036
16.8                                              0.17331407992093106                               0.17331407992093106                               1.0000000000000004
16.8                                              0.17931016238168446                               0.17931016238168446                               1.0000000000000004
17                                                0.03793888929166239                               0.03793888929166239                               1.0000000000000007
17                                                0.043160741558601126                              0.043160741558601126                              0.9999999999999993
17                                                0.05509521806324975                               0.055095218063249754                              0.999999999999999
17                                                0.06884892774424953                               0.06884892774424953                               1.000000000000002
17                                                0.07366115214056598                               0.07366115214056598                               0.9999999999999973
17                                                0.0809356423928276                                0.0809356423928276                                1.0000000000000004
17                                                0.08266257046446433-1.3078543439952604E-17i       0.08266257046446433-1.3078543439952604E-17i       0.9999999999999992
17                                                0.08298580885643426+9.683116438552006E-18i        0.08298580885643426+9.683116438552006E-18i        1.0000000000000004
17                                                0.08345924708211078                               0.08345924708211078                               1
17                                                0.08675321454790513                               0.08675321454790513                               1.0000000000000016
17                                                0.08753738501884878                               0.08753738501884879                               1.000000000000003
17                                                0.09316144397090596                               0.09316144397090596                               0.9999999999999984
17                                                0.09410528185480271                               0.09410528185480271                               0.9999999999999998
17                                                0.10193042090511273                               0.10193042090511273                               1.0000000000000002
17                                                0.10289540407958472                               0.10289540407958474                               0.999999999999999
17                                                0.11307010089191526                               0.11307010089191526                               0.9999999999999991
17                                                0.1136885608297794                                0.1136885608297794                                0.9999999999999996
17                                                0.11381870173413552                               0.11381870173413554                               1.0000000000000013
17                                                0.11899013243708374                               0.11899013243708376                               1.0000000000000016
17                                                0.12655827297627542                               0.12655827297627542                               0.9999999999999981
17                                                0.12681663477535524                               0.12681663477535524                               0.9999999999999999
17                                                0.14183638871386484                               0.14183638871386484                               0.9999999999999997
17                                                0.1423902513694806                                0.14239025136948064                               1.0000000000000007
17                                                0.1588305099128485                                0.1588305099128485                                1.0000000000000016
17                                                0.16054687547182878                               0.16054687547182878                               0.999999999999998
17                                                0.16193462112991408-3.6802208518615576E-17i       0.16193462112991408-3.6802208518615576E-17i       1.0000000000000002
17                                                0.1655145225689404                                0.1655145225689404                                1.000000000000001
17                                                0.1700328972776443-7.888949127536588E-17i         0.17003289727764434-7.888949127536588E-17i        1.000000000000001
17                                                0.1735114282898641+1.4037853898065304E-16i        0.17351142828986413+1.4037853898065304E-16i       0.9999999999999992
17                                                0.17774265297622172-1.3418717998395766E-15i       0.17774265297622172-1.3418717998395768E-15i       1.0000000000000013
17.2                                              0.03795817056305548                               0.03795817056305548                               0.9999999999999991
17.2                                              0.04327246186509624                               0.04327246186509624                               1.0000000000000009
17.2                                              0.05492845318010045                               0.05492845318010045                               1.0000000000000016
17.2                                              0.06917602294291948                               0.06917602294291948                               0.9999999999999992
17.2                                              0.07368727017214202                               0.07368727017214202                               1.0000000000000013
17.2                                              0.08095809305585726                               0.08095809305585726                               0.9999999999999976
17.2                                              0.08237048008465295                               0.08237048008465295                               0.9999999999999999
17.2                                              0.08306668722776689                               0.08306668722776689                               1.000000000000001
17.2                                              0.08338497151710234                               0.08338497151710234                               1.0000000000000013
17.2                                              0.08711207381631286                               0.08711207381631288                               1.0000000000000002
17.2                                              0.08721537221517171                               0.08721537221517171                               1.0000000000000004
17.2                                              0.09353578802100475                               0.09353578802100476                               1.0000000000000016
17.2                                              0.09377280429948677                               0.09377280429948678                               0.9999999999999989
17.2                                              0.10216314341600359                               0.10216314341600359                               0.9999999999999992
17.2                                              0.10271126549495241                               0.10271126549495242                               1.0000000000000013
17.2                                              0.1129206348112123                                0.11292063481121231                               0.9999999999999997
17.2                                              0.11401835833768711                               0.11401835833768711                               1.0000000000000018
17.2                                              0.11421169918959581                               0.11421169918959581                               1.0000000000000007
17.2                                              0.11852082110588726                               0.11852082110588727                               0.9999999999999996
17.2                                              0.12575254112687403                               0.12575254112687403                               0.9999999999999993
17.2                                              0.1276840723287508                                0.1276840723287508                                1.0000000000000022
17.2                                              0.14060874003007606                               0.14060874003007606                               0.9999999999999987
17.2                                              0.14368881496648664                               0.14368881496648664                               1.0000000000000002
17.2                                              0.15743894056720353                               0.15743894056720353                               1.0000000000000018
17.2                                              0.16133075420420753                               0.16133075420420753                               0.999999999999998
17.2                                              0.1620246802046856                                0.16202468020468563                               0.9999999999999999
17.2                                              0.16566649269933537+1.9551730588553897E-17i       0.16566649269933537+1.9551730588553897E-17i       0.9999999999999994
17.2                                              0.17049913436947733-8.574395315489611E-17i        0.17049913436947733-8.574395315489611E-17i        1
17.2                                              0.17376556804914667-4.900465966319665E-16i        0.1737655680491467-4.900465966319665E-16i         1.0000000000000013
17.2                                              0.17618862200377167-3.9899654740496194E-16i       0.1761886220037717-3.9899654740496194E-16i        0.9999999999999999
17.400000000000002                                0.03797734347336936                               0.03797734347336936                               0.9999999999999991
17.400000000000002                                0.043387590734966994                              0.043387590734967                                 0.9999999999999999
17.400000000000002                                0.054763708660629865                              0.05476370866062987                               1.0000000000000022
17.400000000000002                                0.06950469730629733+1.0823947462176322E-17i       0.06950469730629733+1.0823947462176322E-17i       0.9999999999999977
17.400000000000002                                0.0737136764708341                                0.0737136764708341                                0.9999999999999982
17.400000000000002                                0.080983938775042                                 0.08098393877504201                               1.0000000000000002
17.400000000000002                                0.08206417955827264                               0.08206417955827264                               0.9999999999999981
17.400000000000002                                0.08302251250277817                               0.08302251250277817                               1.0000000000000002
17.400000000000002                                0.08349475658415281                               0.08349475658415281                               0.9999999999999991
17.400000000000002                                0.08678754027595693                               0.08678754027595693                               1.0000000000000024
17.400000000000002                                0.08760638529578525                               0.08760638529578525                               0.9999999999999994
17.400000000000002                                0.09299960527362527                               0.09299960527362529                               0.9999999999999972
17.400000000000002                                0.09437834773808684                               0.09437834773808684                               0.9999999999999997
17.400000000000002                                0.10144947001683782                               0.10144947001683784                               1.0000000000000002
17.400000000000002                                0.1035001984031504                                0.10350019840315042                               1.0000000000000009
17.400000000000002                                0.11203775201589318                               0.1120377520158932                                0.999999999999999
17.400000000000002                                0.11472080126354153                               0.11472080126354155                               0.9999999999999993
17.400000000000002                                0.11499291659916426                               0.11499291659916426                               1
17.400000000000002                                0.1180549789361303                                0.1180549789361303                                1.0000000000000013
17.400000000000002                                0.12470324015374598                               0.124703240153746                                 1.0000000000000002
17.400000000000002                                0.12882149207609242                               0.12882149207609242                               0.9999999999999999
17.400000000000002                                0.139394507688664                                 0.139394507688664                                 0.9999999999999998
17.400000000000002                                0.14500041360860438                               0.14500041360860438                               1.0000000000000016
17.400000000000002                                0.1560610015722061                                0.1560610015722061                                0.9999999999999983
17.400000000000002                                0.16073041714899072                               0.16073041714899072                               0.9999999999999994
17.400000000000002                                0.16350785648213573                               0.16350785648213573                               1.0000000000000007
17.400000000000002                                0.1658214297369028-5.144857826066159E-17i         0.1658214297369028-5.144857826066159E-17i         1.0000000000000007
17.400000000000002                                0.17090677278544886-8.903074566436014E-17i        0.17090677278544888-8.903074566436014E-17i        1
17.400000000000002                                0.17408770110330793-5.686692190480471E-15i        0.17408770110330793-5.686692190480472E-15i        0.9999999999999981
17.400000000000002                                0.17464831055334862-2.6377665488616636E-15i       0.17464831055334862-2.6377665488616636E-15i       1.000000000000001
17.6                                              0.03799649995211052                               0.03799649995211052                               0.9999999999999994
17.6                                              0.0435060274347438                                0.0435060274347438                                1.0000000000000016
17.6                                              0.054600985673958435                              0.054600985673958435                              1.0000000000000004
17.6                                              0.06983491512178085                               0.06983491512178085                               0.9999999999999989
17.6                                              0.07374037026142273                               0.07374037026142274                               0.9999999999999981
17.6                                              0.08101219228807169                               0.0810121922880717                                0.9999999999999998
17.6                                              0.08175798283155036                               0.08175798283155038                               1.0000000000000007
17.6                                              0.08292590753668042                               0.08292590753668042                               1.0000000000000016
17.6                                              0.08370279841308476                               0.08370279841308476                               1.0000000000000018
17.6                                              0.08643971846477078                               0.08643971846477079                               0.9999999999999991
17.6                                              0.08805017032571796                               0.08805017032571796                               0.9999999999999987
17.6                                              0.09247013494938136                               0.09247013494938137                               1.000000000000001
17.6                                              0.09500460685450389                               0.0950046068545039                                0.9999999999999991
17.6                                              0.10074801095157626                               0.10074801095157628                               0.9999999999999992
17.6                                              0.10430357089875304                               0.10430357089875304                               1.0000000000000002
17.6                                              0.11116811925329663                               0.11116811925329663                               0.9999999999999982
17.6                                              0.11524320552630433+1.3543176681125732E-17i       0.11524320552630435+1.3543176681125732E-17i       1.0000000000000027
17.6                                              0.11596705334366644                               0.11596705334366644                               0.999999999999999
17.6                                              0.11759390698825817                               0.11759390698825818                               1.0000000000000009
17.6                                              0.12366741345412988                               0.12366741345412989                               1.0000000000000018
17.6                                              0.12997181800771543                               0.12997181800771543                               0.9999999999999979
17.6                                              0.13819383985763023                               0.13819383985763023                               1.000000000000001
17.6                                              0.14632487336450314                               0.14632487336450314                               0.9999999999999991
17.6                                              0.154696698869975                                 0.154696698869975                                 1.0000000000000018
17.6                                              0.16012666045787372                               0.16012666045787372                               0.9999999999999994
17.6                                              0.16500500037806093+2.2365001439980066E-17i       0.16500500037806093+2.2365001439980066E-17i       1.0000000000000009
17.6                                              0.16597863477434163-7.931744144073368E-17i        0.16597863477434163-7.931744144073369E-17i        1
17.6                                              0.17124948412495833-5.332718512162035E-17i        0.17124948412495833-5.332718512162035E-17i        0.9999999999999974
17.6                                              0.17312169712141826+5.155398260141285E-16i        0.17312169712141826+5.155398260141285E-16i        0.9999999999999998
17.6                                              0.17448332459275476+1.34189457017902E-15i         0.17448332459275478+1.34189457017902E-15i         0.9999999999999996
17.8                                              0.03801572810287727                               0.038015728102877275                              1.0000000000000018
17.8                                              0.04362767476288919                               0.04362767476288919                               0.9999999999999987
17.8                                              0.054440285440453595                              0.054440285440453595                              0.9999999999999993
17.8                                              0.07016663373498137                               0.07016663373498137                               1.0000000000000013
17.8                                              0.07376735091550823                               0.07376735091550823                               1
17.8                                              0.08103898935169247                               0.08103898935169247                               1.0000000000000002
17.8                                              0.08145695216780494                               0.08145695216780495                               1.0000000000000013
17.8                                              0.08283725761686477                               0.08283725761686477                               0.9999999999999986
17.8                                              0.08394752226749633                               0.08394752226749634                               1.0000000000000004
17.8                                              0.08610598910131909                               0.08610598910131909                               1.0000000000000002
17.8                                              0.08850930039274386                               0.08850930039274386                               1.0000000000000016
17.8                                              0.09195412857018628                               0.09195412857018628                               1.000000000000002
17.8                                              0.0956447896164878                                0.09564478961648781                               0.9999999999999996
17.8                                              0.10005999768774258                               0.1000599976877426                                0.9999999999999992
17.8                                              0.10512013671558601                               0.10512013671558602                               1
17.8                                              0.1103119559207222                                0.1103119559207222                                0.9999999999999997
17.8                                              0.11575885790045791                               0.11575885790045792                               1.0000000000000009
17.8                                              0.11695230220390065                               0.11695230220390067                               1.000000000000001
17.8                                              0.11714589034321826+1.5348411408694595E-17i       0.11714589034321826+1.5348411408694595E-17i       1.0000000000000004
17.8                                              0.12264509663083785                               0.12264509663083785                               1.000000000000002
17.8                                              0.1311349849943793                                0.1311349849943793                                0.9999999999999999
17.8                                              0.13700673708793956                               0.13700673708793956                               1.0000000000000002
17.8                                              0.14766216723245643                               0.14766216723245643                               0.9999999999999987
17.8                                              0.15334602564973354                               0.15334602564973354                               0.9999999999999987
17.8                                              0.15952271507357313                               0.15952271507357313                               0.9999999999999994
17.8                                              0.16612723027483592+1.1806639541466698E-16i       0.16612723027483592+1.1806639541466698E-16i       0.999999999999999
17.8                                              0.16652443088981966-2.3309585663845884E-17i       0.16652443088981966-2.3309585663845887E-17i       0.9999999999999989
17.8                                              0.17152959255797554+2.5232815644806554E-15i       0.17152959255797556+2.5232815644806558E-15i       0.9999999999999998
17.8                                              0.17160889397288281+4.00079905118117E-15i         0.17160889397288284+4.00079905118117E-15i         0.9999999999999989
17.8                                              0.1749493930803449+2.9708373893508876E-17i        0.17494939308034493+2.9708373893508876E-17i       1.0000000000000022
18                                                0.0380351120044144                                0.0380351120044144                                1.0000000000000002
18                                                0.04375243922373952                               0.04375243922373952                               0.9999999999999986
18                                                0.054281609277587906                              0.054281609277587906                              0.9999999999999998
18                                                0.07049980143506937+1.0627295069777798E-17i       0.07049980143506937+1.0627295069777798E-17i       1.000000000000001
18                                                0.07379461789583523                               0.07379461789583523                               0.9999999999999991
18                                                0.08103184108412728-1.787645381337794E-17i        0.08103184108412728-1.787645381337794E-17i        0.9999999999999999
18                                                0.08119279015453204+1.3872493422002173E-17i       0.08119279015453204+1.3872493422002173E-17i       1.0000000000000022
18                                                0.08277034741284675                               0.08277034741284675                               0.9999999999999983
18                                                0.08421579906685106                               0.08421579906685106                               0.9999999999999997
18                                                0.08578741434673111                               0.08578741434673112                               1.0000000000000007
18                                                0.08898275072742044                               0.08898275072742046                               1
18                                                0.0914520119669275                                0.09145201196692751                               0.9999999999999988
18                                                0.09629846181935635                               0.09629846181935635                               1.0000000000000004
18                                                0.09938557877513225                               0.09938557877513227                               0.9999999999999986
18                                                0.10594974667855972                               0.10594974667855973                               0.9999999999999994
18                                                0.10946930807260968                               0.1094693080726097                                1.0000000000000002
18                                                0.11622878537312462                               0.11622878537312462                               0.9999999999999992
18                                                0.11673799447887169                               0.1167379944788717                                0.9999999999999987
18                                                0.11796051493596416                               0.11796051493596416                               0.9999999999999993
18                                                0.12163630122068134                               0.12163630122068135                               0.9999999999999994
18                                                0.13231095528574588                               0.13231095528574588                               0.9999999999999998
18                                                0.13583319943392141                               0.13583319943392141                               1.0000000000000009
18                                                0.14901226742385945                               0.14901226742385945                               0.999999999999998
18                                                0.15200897839215774                               0.15200897839215774                               1.0000000000000004
18                                                0.15891952217238547                               0.15891952217238547                               0.9999999999999999
18                                                0.16628854670283344                               0.16628854670283344                               1.0000000000000007
18                                                0.16804432621878185                               0.16804432621878185                               0.9999999999999992
18                                                0.1701095598776985-3.9478485412964635E-16i        0.1701095598776985-3.9478485412964635E-16i        0.9999999999999974
18                                                0.17175694892555765+4.300938390614374E-16i        0.17175694892555765+4.300938390614374E-16i        1.0000000000000002
18                                                0.17547598786057672+1.824965722598955E-15i        0.17547598786057672+1.824965722598955E-15i        0.9999999999999992
18.2                                              0.038054731591861846                              0.038054731591861846                              1.0000000000000027
18.2                                              0.0438802311169563                                0.043880231116956304                              1.000000000000002
18.2                                              0.05412495864636889                               0.0541249586463689                                1.0000000000000024
18.2                                              0.07083435455347264                               0.07083435455347264                               0.9999999999999999
18.2                                              0.0738221706751942                                0.0738221706751942                                1.0000000000000007
18.2                                              0.08081351805418588                               0.08081351805418588                               1.0000000000000007
18.2                                              0.08114127789486046                               0.08114127789486046                               1
18.2                                              0.08273046035527777                               0.08273046035527777                               0.9999999999999982
18.2                                              0.08450339174983615                               0.08450339174983615                               1.0000000000000002
18.2                                              0.08548467707252037                               0.08548467707252037                               1.0000000000000016
18.2                                              0.08946995866064814                               0.08946995866064814                               0.9999999999999979
18.2                                              0.0909641507333011                                0.09096415073330111                               0.9999999999999984
18.2                                              0.09696531977756208                               0.09696531977756208                               0.9999999999999982
18.2                                              0.09872495217830417                               0.09872495217830418                               1.0000000000000018
18.2                                              0.10679224954438123                               0.10679224954438124                               1.0000000000000004
18.2                                              0.10864028049317584                               0.10864028049317585                               1.000000000000002
18.2                                              0.11614328471074696                               0.11614328471074696                               1.0000000000000007
18.2                                              0.11689575576067017                               0.11689575576067017                               1.0000000000000018
18.2                                              0.1189757648886391                                0.11897576488863912                               1.0000000000000007
18.2                                              0.12064109257897432                               0.12064109257897432                               0.9999999999999989
18.2                                              0.13349963273375182                               0.13349963273375182                               0.999999999999999
18.2                                              0.13467328886659735                               0.13467328886659738                               1.0000000000000016
18.2                                              0.15037492215967774                               0.15037492215967774                               1.0000000000000013
18.2                                              0.1506857739829214                                0.1506857739829214                                1.0000000000000013
18.2                                              0.1583176249085274                                0.15831762490852744                               1.0000000000000002
18.2                                              0.166446272173367                                 0.166446272173367                                 1.0000000000000016
18.2                                              0.16862394884454085+3.4406610496941936E-17i       0.16862394884454088+3.4406610496941936E-17i       1
18.2                                              0.16958076113065856                               0.16958076113065856                               0.9999999999999997
18.2                                              0.17194348540008966+3.102245443739664E-16i        0.17194348540008966+3.102245443739664E-16i        1.0000000000000013
18.2                                              0.17605064579814464+1.1803397471517582E-16i       0.17605064579814467+1.1803397471517585E-16i       1
18.400000000000002                                0.03807466260577842                               0.03807466260577842                               1.000000000000002
18.400000000000002                                0.04401096455439421                               0.04401096455439421                               1.0000000000000022
18.400000000000002                                0.05397033520000223                               0.05397033520000223                               1.0000000000000002
18.400000000000002                                0.0711702134067654                                0.0711702134067654                                1.000000000000003
18.400000000000002                                0.07385000864533367                               0.07385000864533367                               1.000000000000001
18.400000000000002                                0.08052178572559479                               0.08052178572559479                               0.9999999999999988
18.400000000000002                                0.08116317163617709                               0.08116317163617709                               1.000000000000001
18.400000000000002                                0.08272063596446975                               0.08272063596446977                               1.0000000000000013
18.400000000000002                                0.08480663973902139                               0.0848066397390214                                1.0000000000000007
18.400000000000002                                0.08520002883103404                               0.08520002883103406                               1.0000000000000002
18.400000000000002                                0.08996862964013168                               0.08996862964013168                               0.999999999999999
18.400000000000002                                0.09049272599828528                               0.0904927259982853                                1.0000000000000002
18.400000000000002                                0.09764311458330528                               0.0976431145833053                                0.9999999999999992
18.400000000000002                                0.09808030040962921                               0.09808030040962921                               1.0000000000000004
18.400000000000002                                0.10764382798385543                               0.10764382798385544                               1.0000000000000002
18.400000000000002                                0.10782865659434249                               0.1078286565943425                                0.9999999999999997
18.400000000000002                                0.11571732175739444                               0.11571732175739445                               1.0000000000000013
18.400000000000002                                0.11739813401207408                               0.11739813401207408                               1.000000000000002
18.400000000000002                                0.11965789639954594                               0.11965789639954595                               0.9999999999999996
18.400000000000002                                0.12000567764755064                               0.12000567764755064                               1.0000000000000002
18.400000000000002                                0.13352649961189833                               0.13352649961189833                               0.999999999999999
18.400000000000002                                0.13470148929501435                               0.13470148929501438                               1.0000000000000002
18.400000000000002                                0.14937560117205737                               0.14937560117205737                               1.0000000000000007
18.400000000000002                                0.15175089691262614                               0.15175089691262614                               1.0000000000000022
18.400000000000002                                0.15771738620698073                               0.15771738620698075                               0.9999999999999999
18.400000000000002                                0.16660382049021602-6.215579728377662E-17i        0.16660382049021602-6.215579728377662E-17i        0.999999999999999
18.400000000000002                                0.16715212995872425                               0.16715212995872425                               1.0000000000000004
18.400000000000002                                0.17112910066342538-3.808090888399187E-17i        0.1711291006634254-3.808090888399187E-17i         1.0000000000000004
18.400000000000002                                0.17210148393399288+4.968700600991013E-16i        0.1721014839339929+4.968700600991013E-16i         1.0000000000000016
18.400000000000002                                0.1766619036729974+6.614725865906174E-17i         0.17666190367299742+6.614725865906174E-17i        0.9999999999999997
18.6                                              0.03809497659704785                               0.03809497659704785                               1.0000000000000013
18.6                                              0.044144557414934435                              0.044144557414934435                              1
18.6                                              0.0538177408362288                                0.0538177408362288                                1.0000000000000024
18.6                                              0.07150727650546906                               0.07150727650546906                               0.9999999999999996
18.6                                              0.07387813103269461                               0.07387813103269461                               1
18.6                                              0.08022593943271075                               0.08022593943271075                               0.9999999999999983
18.6                                              0.081188225518785                                 0.081188225518785                                 0.9999999999999981
18.6                                              0.08274252190221489                               0.08274252190221489                               1.0000000000000009
18.6                                              0.08491463772798344                               0.08491463772798345                               1.0000000000000007
18.6                                              0.08514378703630623                               0.08514378703630623                               0.9999999999999998
18.6                                              0.09002199800736653                               0.09002199800736653                               1.0000000000000002
18.6                                              0.09049442713687807                               0.09049442713687808                               1.0000000000000002
18.6                                              0.09744096074186352                               0.09744096074186354                               0.999999999999999
18.6                                              0.09834245885698065                               0.09834245885698066                               1.0000000000000007
18.6                                              0.10702125663460457                               0.10702125663460457                               0.9999999999999989
18.6                                              0.1085176324737114                                0.1085176324737114                                0.9999999999999998
18.6                                              0.11527216418779673                               0.11527216418779673                               0.9999999999999997
18.6                                              0.11792410047983723-1.7312755399037324E-17i       0.11792410047983724-1.7312755399037324E-17i       1.0000000000000013
18.6                                              0.11869049133137455-1.818555224277749E-17i        0.11869049133137456-1.818555224277749E-17i        1.0000000000000009
18.6                                              0.12104621615753447                               0.12104621615753448                               0.9999999999999984
18.6                                              0.13239364964493283                               0.13239364964493283                               0.9999999999999992
18.6                                              0.13591567257376275                               0.13591567257376275                               0.9999999999999987
18.6                                              0.14807934833891498                               0.148079348338915                                 0.9999999999999998
18.6                                              0.15313921956254717                               0.15313921956254717                               0.9999999999999991
18.6                                              0.1571190972579703                                0.1571190972579703                                0.9999999999999998
18.6                                              0.16569379625754999                               0.16569379625755                                  1.0000000000000009
18.6                                              0.1667615778023872+3.294230009894681E-17i         0.1667615778023872+3.294230009894681E-17i         1.000000000000001
18.6                                              0.17222923445951113-1.1438972928007986E-15i       0.17222923445951116-1.1438972928007986E-15i       1.0000000000000013
18.6                                              0.17269979965167354+2.7428257635956146E-16i       0.17269979965167354+2.7428257635956146E-16i       1.0000000000000027
18.6                                              0.17730070689844887+8.852339412453427E-17i        0.17730070689844887+8.852339412453427E-17i        1.0000000000000009
18.8                                              0.03811574097712138                               0.03811574097712138                               0.9999999999999977
18.8                                              0.04428093124680305                               0.04428093124680305                               1.0000000000000009
18.8                                              0.05366717775514521                               0.053667177755145214                              1.000000000000001
18.8                                              0.07184541209965076                               0.07184541209965076                               0.9999999999999991
18.8                                              0.07390653683588368                               0.07390653683588368                               0.9999999999999987
18.8                                              0.07993115506697547                               0.07993115506697547                               1.000000000000001
18.8                                              0.0812112530265047                                0.0812112530265047                                1.0000000000000009
18.8                                              0.08279633843406892                               0.08279633843406892                               1.0000000000000009
18.8                                              0.08466645636946443                               0.08466645636946443                               1.0000000000000002
18.8                                              0.085476766688381                                 0.085476766688381                                 1.000000000000001
18.8                                              0.08957917337091842                               0.08957917337091843                               1.0000000000000004
18.8                                              0.09102009293333399                               0.091020092933334                                 1.0000000000000007
18.8                                              0.09682178796753718                               0.09682178796753718                               1.0000000000000016
18.8                                              0.09904845780697001                               0.09904845780697002                               1.0000000000000022
18.8                                              0.10623276376049354                               0.10623276376049354                               1.000000000000002
18.8                                              0.10939895293872043                               0.10939895293872043                               0.9999999999999986
18.8                                              0.11482518025085314                               0.11482518025085316                               0.9999999999999982
18.8                                              0.11773567266730556                               0.11773567266730557                               0.9999999999999996
18.8                                              0.11845636462331958+2.3238496334158383E-17i       0.11845636462331958+2.3238496334158386E-17i       0.9999999999999993
18.8                                              0.1221004920887531                                0.12210049208875311                               0.9999999999999999
18.8                                              0.13127423390178666                               0.13127423390178666                               1.0000000000000002
18.8                                              0.13714265212533874                               0.13714265212533874                               0.9999999999999994
18.8                                              0.14679665735065603                               0.14679665735065603                               1
18.8                                              0.15453993615613074                               0.15453993615613076                               1.0000000000000007
18.8                                              0.1565232092616843                                0.15652320926168434                               0.999999999999998
18.8                                              0.164249208790688                                 0.164249208790688                                 1.0000000000000002
18.8                                              0.16691933876670445                               0.16691933876670445                               0.9999999999999994
18.8                                              0.17235480034432946-2.930263918466272E-16i        0.17235480034432946-2.930263918466272E-16i        0.9999999999999987
18.8                                              0.17427120600101814+3.84232833948638E-17i         0.17427120600101814+3.8423283394863804E-17i       1.0000000000000004
18.8                                              0.17796042162266287+7.117625758589604E-16i        0.17796042162266287+7.117625758589605E-16i        1.000000000000001
19                                                0.038137019103976856                              0.038137019103976856                              0.999999999999998
19                                                0.04442001112514846                               0.04442001112514846                               0.9999999999999978
19                                                0.05351864852432986                               0.05351864852432986                               1.0000000000000007
19                                                0.07218444552357392                               0.07218444552357392                               0.9999999999999971
19                                                0.07393522479496789                               0.07393522479496789                               0.9999999999999996
19                                                0.07963862829338646                               0.07963862829338646                               0.9999999999999999
19                                                0.08123207770694968                               0.08123207770694968                               0.9999999999999998
19                                                0.08288084560739256                               0.08288084560739258                               1.0000000000000007
19                                                0.08443047067230691                               0.08443047067230691                               0.999999999999999
19                                                0.08583091082134552                               0.08583091082134553                               1.0000000000000016
19                                                0.08914761761401313                               0.08914761761401313                               0.9999999999999989
19                                                0.09156223112332754                               0.09156223112332754                               0.9999999999999993
19                                                0.09621546164047348                               0.09621546164047348                               1.0000000000000004
19                                                0.09976840062425929                               0.09976840062425929                               0.9999999999999988
19                                                0.10545756146899983                               0.10545756146899983                               0.9999999999999998
19                                                0.1102933799483944                                0.11029337994839442                               0.9999999999999998
19                                                0.11437918197618502                               0.11437918197618503                               1
19                                                0.11679429512204992                               0.11679429512204993                               1.0000000000000009
19                                                0.11899212134236103                               0.11899212134236103                               1.0000000000000002
19                                                0.12316763505114671                               0.12316763505114672                               1.0000000000000004
19                                                0.13016831520921215                               0.13016831520921215                               0.9999999999999969
19                                                0.13838232823266386                               0.13838232823266386                               0.9999999999999999
19                                                0.14552752864212992                               0.14552752864212995                               0.9999999999999999
19                                                0.15589229312043965+3.072004971099375E-17i        0.15589229312043965+3.072004971099375E-17i        1.0000000000000002
19                                                0.1559905696504854-2.2769578300082082E-17i        0.1559905696504854-2.2769578300082085E-17i        1.0000000000000016
19                                                0.16281823438447685                               0.16281823438447685                               1.0000000000000022
19                                                0.1670772342979442                                0.1670772342979442                                1.0000000000000004
19                                                0.17246734071005707+1.803432917806572E-16i        0.17246734071005707+1.8034329178065723E-16i       0.9999999999999989
19                                                0.1758587092445559-5.10361966586586E-16i          0.1758587092445559-5.10361966586586E-16i          1.0000000000000009
19                                                0.1786363766982103+4.506076577272227E-15i         0.17863637669821034+4.506076577272227E-15i        1
19.200000000000003                                0.03815887039565307                               0.03815887039565308                               0.9999999999999996
19.200000000000003                                0.044561725471322575                              0.044561725471322575                              0.9999999999999993
19.200000000000003                                0.05337215615370723                               0.05337215615370723                               1.000000000000001
19.200000000000003                                0.07252413971055958                               0.07252413971055958                               0.999999999999998
19.200000000000003                                0.07396419339860993                               0.07396419339860993                               0.9999999999999991
19.200000000000003                                0.07934894127387201                               0.07934894127387201                               1.0000000000000009
19.200000000000003                                0.08125190684419947                               0.08125190684419947                               1.0000000000000009
19.200000000000003                                0.0829934044029014                                0.0829934044029014                                1.0000000000000002
19.200000000000003                                0.08421289737980486                               0.08421289737980486                               1.0000000000000007
19.200000000000003                                0.08620095964692616                               0.08620095964692617                               1
19.200000000000003                                0.08872996615366993                               0.08872996615366993                               0.9999999999999989
19.200000000000003                                0.092118199477505                                 0.092118199477505                                 0.9999999999999996
19.200000000000003                                0.09562267418586444                               0.09562267418586444                               1.0000000000000016
19.200000000000003                                0.1005015749136333                                0.10050157491363332                               0.999999999999999
19.200000000000003                                0.1046958192675112                                0.1046958192675112                                1
19.200000000000003                                0.11120071553939527                               0.11120071553939528                               0.9999999999999988
19.200000000000003                                0.11393504242611119                               0.11393504242611119                               0.9999999999999992
19.200000000000003                                0.11586637706600748                               0.1158663770660075                                0.999999999999999
19.200000000000003                                0.11953055316195962                               0.11953055316195962                               1.0000000000000036
19.200000000000003                                0.12424757693008417                               0.12424757693008417                               1.0000000000000013
19.200000000000003                                0.12907589644306816                               0.1290758964430682                                0.9999999999999989
19.200000000000003                                0.1396346597266879                                0.1396346597266879                                1.0000000000000018
19.200000000000003                                0.14427195621938121                               0.14427195621938124                               1.0000000000000016
19.200000000000003                                0.1553346229481526                                0.1553346229481526                                1.0000000000000009
19.200000000000003                                0.15738291570050422                               0.15738291570050425                               0.9999999999999989
19.200000000000003                                0.16140087584708335                               0.16140087584708335                               1.0000000000000016
19.200000000000003                                0.1672352461743522                                0.1672352461743522                                0.9999999999999999
19.200000000000003                                0.1725733597860289-4.9382390332135945E-17i        0.1725733597860289-4.9382390332135945E-17i        1.0000000000000007
19.200000000000003                                0.17745881501460353+4.727303998966044E-16i        0.17745881501460356+4.727303998966044E-16i        0.9999999999999997
19.200000000000003                                0.17932548186447492+5.814356336763924E-14i        0.17932548186447492+5.814356336763924E-14i        1
19.400000000000002                                0.038181350464081006                              0.038181350464081006                              0.9999999999999992
19.400000000000002                                0.04470600583827516                               0.04470600583827516                               1.0000000000000007
19.400000000000002                                0.05322770418278252+9.067064908816465E-18i        0.05322770418278252+9.067064908816465E-18i        1.000000000000001
19.400000000000002                                0.07286416421274673                               0.07286416421274673                               0.9999999999999964
19.400000000000002                                0.07399344094038401                               0.07399344094038401                               0.9999999999999984
19.400000000000002                                0.0790625761899385                                0.0790625761899385                                0.9999999999999981
19.400000000000002                                0.08127238587664613                               0.08127238587664613                               0.9999999999999973
19.400000000000002                                0.08312956351708295                               0.08312956351708295                               1.0000000000000013
19.400000000000002                                0.08401700636602381                               0.08401700636602381                               0.9999999999999998
19.400000000000002                                0.08658606114050313                               0.08658606114050313                               0.9999999999999992
19.400000000000002                                0.08832669978600677                               0.08832669978600677                               1.0000000000000013
19.400000000000002                                0.09268754854848903                               0.09268754854848903                               1.0000000000000009
19.400000000000002                                0.09504362237776902                               0.09504362237776903                               1.0000000000000036
19.400000000000002                                0.10124778824249041                               0.10124778824249041                               1.0000000000000022
19.400000000000002                                0.1039476149837853                                0.1039476149837853                                0.999999999999999
19.400000000000002                                0.11212081969018242                               0.11212081969018244                               0.9999999999999992
19.400000000000002                                0.11349318781722567                               0.11349318781722569                               0.9999999999999989
19.400000000000002                                0.11495195160928251                               0.11495195160928251                               0.9999999999999997
19.400000000000002                                0.12007131976217275                               0.12007131976217277                               0.9999999999999987
19.400000000000002                                0.1253402648905771                                0.1253402648905771                                1.0000000000000013
19.400000000000002                                0.12799698979339638                               0.12799698979339638                               0.9999999999999998
19.400000000000002                                0.14089959389604387                               0.14089959389604387                               0.9999999999999988
19.400000000000002                                0.14302994698925425                               0.14302994698925425                               1
19.400000000000002                                0.1547454078270141                                0.15474540782701413                               1
19.400000000000002                                0.15882179143024028                               0.15882179143024028                               0.9999999999999993
19.400000000000002                                0.15999714882375712                               0.15999714882375712                               0.9999999999999996
19.400000000000002                                0.1673933583443745                                0.1673933583443745                                1.0000000000000009
19.400000000000002                                0.1726755011129178-3.765566766975984E-17i         0.17267550111291782-3.765566766975984E-17i        0.9999999999999997
19.400000000000002                                0.1788388535650282                                0.17883885356502824                               1.0000000000000018
19.400000000000002                                0.17906993050566897                               0.17906993050566897                               1.0000000000000009
19.6                                              0.03820451126328665                               0.03820451126328665                               1
19.6                                              0.044852786664900855                              0.044852786664900855                              1.0000000000000007
19.6                                              0.05308529678377695+7.314405742241693E-18i        0.05308529678377696+7.314405742241693E-18i        1
19.6                                              0.07320404407597315-2.2103772579450822E-17i       0.07320404407597315-2.2103772579450822E-17i       0.9999999999999989
19.6                                              0.07402296569228112                               0.07402296569228112                               0.9999999999999993
19.6                                              0.07878008602813998                               0.07878008602813998                               1.0000000000000009
19.6                                              0.08129504891425668                               0.08129504891425668                               0.9999999999999991
19.6                                              0.08327958854210943                               0.08327958854210943                               1
19.6                                              0.0838511441127271                                0.08385114411272711                               0.9999999999999968
19.6                                              0.0869853181105535                                0.0869853181105535                                0.9999999999999977
19.6                                              0.0879385225003607                                0.08793852250036072                               0.9999999999999993
19.6                                              0.09326970844650337                               0.09326970844650337                               1.0000000000000009
19.6                                              0.09447875969202635                               0.09447875969202635                               0.9999999999999976
19.6                                              0.1020066677306207                                0.1020066677306207                                1.0000000000000016
19.6                                              0.10321325296506277                               0.10321325296506277                               0.9999999999999991
19.6                                              0.11303537513257585+4.474040689378313E-17i        0.11303537513257586+4.474040689378313E-17i        1.0000000000000013
19.6                                              0.1130718613389296-5.2040961521694965E-17i        0.1130718613389296-5.2040961521694965E-17i        1.0000000000000016
19.6                                              0.11405125731399503                               0.11405125731399503                               1.0000000000000009
19.6                                              0.12061425740418173                               0.12061425740418173                               0.9999999999999998
19.6                                              0.12644530406124235                               0.12644530406124235                               1.000000000000002
19.6                                              0.1269319548351286                                0.1269319548351286                                1.0000000000000002
19.6                                              0.14180104965823062                               0.14180104965823062                               0.9999999999999998
19.6                                              0.14217753301389735-1.913282497789936E-17i        0.14217753301389735-1.913282497789936E-17i        1.0000000000000002
19.6                                              0.1541582017764109                                0.1541582017764109                                0.9999999999999999
19.6                                              0.15860689480491239                               0.1586068948049124                                0.9999999999999956
19.6                                              0.16027382633984524                               0.16027382633984524                               1.0000000000000013
19.6                                              0.1675515510075136                                0.1675515510075136                                0.9999999999999986
19.6                                              0.17277558272174556                               0.17277558272174556                               1.0000000000000018
19.6                                              0.1772888044846136                                0.1772888044846136                                0.9999999999999993
19.6                                              0.18063745942280396                               0.18063745942280396                               1.0000000000000004
19.8                                              0.03822840124690475                               0.038228401246904756                              0.9999999999999994
19.8                                              0.04500200500010773                               0.04500200500010773                               1.0000000000000004
19.8                                              0.052944938885000084+1.1659287064891582E-17i      0.052944938885000084+1.1659287064891584E-17i      0.9999999999999991
19.8                                              0.07354307153958968-1.9223768519189585E-17i       0.07354307153958968-1.922376851918959E-17i        1
19.8                                              0.0740527666745133                                0.0740527666745133                                1
19.8                                              0.0785022221591817                                0.0785022221591817                                1.0000000000000016
19.8                                              0.08132099312110469                               0.08132099312110469                               0.999999999999997
19.8                                              0.08340569132327574                               0.08340569132327574                               0.9999999999999991
19.8                                              0.08375204716024454                               0.08375204716024454                               1.0000000000000002
19.8                                              0.08738850761643555                               0.08738850761643556                               0.9999999999999983
19.8                                              0.08757553817378232                               0.08757553817378232                               0.9999999999999971
19.8                                              0.0938425946648991                                0.0938425946648991                                1
19.8                                              0.09395008554839133                               0.09395008554839133                               1.0000000000000018
19.8                                              0.10248699836449189                               0.10248699836449189                               1.0000000000000002
19.8                                              0.10278388710124707                               0.10278388710124707                               1.0000000000000004
19.8                                              0.11261608706785554                               0.11261608706785554                               1.0000000000000007
19.8                                              0.11316243763270051-1.70890031259137E-17i         0.11316243763270051-1.70890031259137E-17i         1.0000000000000009
19.8                                              0.11400132095979426                               0.11400132095979426                               0.9999999999999981
19.8                                              0.12115927655352607                               0.12115927655352607                               0.9999999999999988
19.8                                              0.12587925363142036                               0.12587925363142036                               1.0000000000000013
19.8                                              0.12756419884785253                               0.12756419884785253                               0.9999999999999987
19.8                                              0.14058634563730765                               0.14058634563730765                               0.9999999999999996
19.8                                              0.14346734095615207                               0.14346734095615207                               1.000000000000002
19.8                                              0.15357332197551246                               0.15357332197551246                               1
19.8                                              0.15723032718515778                               0.15723032718515778                               1.0000000000000002
19.8                                              0.16173850272698811                               0.16173850272698811                               0.9999999999999996
19.8                                              0.16770980228084975                               0.16770980228084975                               1
19.8                                              0.17287493834124917                               0.17287493834124917                               0.9999999999999997
19.8                                              0.17575227571674273                               0.17575227571674273                               1
19.8                                              0.18143471441291897-3.2482574039272455E-15i       0.18143471441291897-3.248257403927246E-15i        1
20                                                0.03825306553090119                               0.03825306553090119                               1.0000000000000004
20                                                0.04515360019522843                               0.04515360019522843                               1.0000000000000018
20                                                0.05280663632006023+1.5025305630098382E-17i       0.05280663632006024+1.5025305630098382E-17i       0.9999999999999988
20                                                0.07388014044463616-3.034341594598591E-17i        0.07388014044463616-3.034341594598591E-17i        1.0000000000000007
20                                                0.07408285156498368                               0.07408285156498368                               0.9999999999999997
20                                                0.07823010824414865                               0.07823010824414865                               0.9999999999999983
20                                                0.08135071834076359                               0.08135071834076359                               0.9999999999999996
20                                                0.08340492920007736                               0.08340492920007736                               1.000000000000001
20                                                0.08382213817601632                               0.08382213817601632                               1.0000000000000002
20                                                0.08719678672028307                               0.08719678672028308                               1.0000000000000009
20                                                0.08783652350707388                               0.08783652350707388                               1
20                                                0.09338483829878175                               0.09338483829878175                               0.9999999999999988
20                                                0.0944788939299244                                0.0944788939299244                                0.9999999999999996
20                                                0.10178232591571768                               0.10178232591571768                               1.0000000000000002
20                                                0.10356590521908358                               0.10356590521908358                               0.9999999999999982
20                                                0.11218167333426919                               0.11218167333426919                               0.9999999999999984
20                                                0.1122888778628212                                0.1122888778628212                                0.9999999999999988
20                                                0.11495955582906278                               0.1149595558290628                                1.0000000000000016
20                                                0.12170632352444945-2.6502211036844984E-17i       0.12170632352444946-2.6502211036844987E-17i       1.0000000000000009
20                                                0.1248407925824819                                0.1248407925824819                                0.9999999999999984
20                                                0.12869500997465383                               0.12869500997465383                               1.000000000000002
20                                                0.13938488484085415                               0.13938488484085415                               0.9999999999999964
20                                                0.14476990368780207                               0.14476990368780207                               1.0000000000000009
20                                                0.1529908675155649                                0.1529908675155649                                0.9999999999999993
20                                                0.15586731232895035                               0.15586731232895035                               0.9999999999999999
20                                                0.1632158586729261                                0.1632158586729261                                1.000000000000001
20                                                0.16786809184587065                               0.16786809184587065                               1.0000000000000004
20                                                0.17297457761892993-3.900955268018524E-16i        0.17297457761892993-3.900955268018524E-16i        0.9999999999999999
20                                                0.17422936663500843+3.6351965087476076E-16i       0.17422936663500846+3.635196508747608E-16i        1.0000000000000004
20                                                0.1821580061947874+1.4505396038332366E-14i        0.18215800619478742+1.4505396038332366E-14i       1.0000000000000018
