% Model:              PROYECTO.mph
% Version:            COMSOL 5.6.0.280
% Date:               Jul 21 2026, 23:29
% Table:              Tabla 8 - Valor propio
% B (T)                                           lambda                                            Energía propia (eV)                               Probabilidad total (1)
0                                                 0.03956183293755172                               0.03956183293755172                               0.9999999999999982
0                                                 0.05112732398597567                               0.05112732398597568                               0.9999999999999982
0                                                 0.05133059046133237                               0.05133059046133237                               1
0                                                 0.07531894204391114                               0.07531894204391114                               0.9999999999999982
0                                                 0.07972418065868284                               0.07972418065868284                               1.0000000000000016
0                                                 0.081607455034565                                 0.081607455034565                                 0.9999999999999994
0                                                 0.08167525847716545                               0.08167525847716545                               1.0000000000000018
0                                                 0.08243373344256585                               0.08243373344256585                               0.9999999999999978
0                                                 0.08497051466108495                               0.08497051466108495                               0.9999999999999992
0                                                 0.0851111578163901                                0.0851111578163901                                0.999999999999998
0                                                 0.09041232219102292                               0.09041232219102292                               1.000000000000001
0                                                 0.09056689245149482                               0.09056689245149482                               1.0000000000000013
0                                                 0.09830670327259415                               0.09830670327259415                               0.9999999999999986
0                                                 0.09842840135802684                               0.09842840135802684                               1.0000000000000016
0                                                 0.10850142834764145                               0.10850142834764147                               1.000000000000001
0                                                 0.10859080335867707                               0.10859080335867709                               0.9999999999999996
0                                                 0.12094693249277604                               0.12094693249277605                               0.9999999999999997
0                                                 0.12101278215028533                               0.12101278215028533                               1.0000000000000016
0                                                 0.12233068939332975                               0.12233068939332976                               1.0000000000000002
0                                                 0.12235222034127777                               0.12235222034127777                               0.9999999999999984
0                                                 0.13561260893212113                               0.13561260893212115                               0.9999999999999994
0                                                 0.13566260570377114                               0.13566260570377114                               1.0000000000000004
0                                                 0.15246971448223767                               0.15246971448223767                               0.9999999999999997
0                                                 0.15250978915204863                               0.15250978915204863                               0.9999999999999993
0                                                 0.1633450419135693                                0.1633450419135693                                0.9999999999999987
0                                                 0.17148895282657253                               0.17148895282657253                               1
0                                                 0.17152355470776168                               0.1715235547077617                                0.9999999999999992
0                                                 0.1724963344829934                                0.1724963344829934                                0.9999999999999983
0                                                 0.17281406755592063                               0.17281406755592066                               1.0000000000000007
0                                                 0.18250413037753704                               0.18250413037753704                               1.0000000000000007
0.2                                               0.0395627106513423                                0.0395627106513423                                0.9999999999999991
0.2                                               0.051029880304626296                              0.051029880304626296                              0.9999999999999987
0.2                                               0.051429923431322015                              0.05142992343132202                               0.9999999999999973
0.2                                               0.07531903154255351                               0.07531903154255351                               1.0000000000000018
0.2                                               0.07966682335068281                               0.07966682335068283                               0.9999999999999976
0.2                                               0.0815980615428277                                0.08159806154282771                               0.9999999999999991
0.2                                               0.08173518684541818-1.1078977858941103E-17i       0.08173518684541818-1.1078977858941103E-17i       0.999999999999999
0.2                                               0.08245926255186606                               0.08245926255186606                               1.0000000000000018
0.2                                               0.08472174723736664                               0.08472174723736664                               0.9999999999999994
0.2                                               0.08537539614389318                               0.0853753961438932                                1.0000000000000007
0.2                                               0.08998354749508672                               0.08998354749508672                               0.9999999999999987
0.2                                               0.09100977133634708                               0.09100977133634709                               0.9999999999999991
0.2                                               0.09768585920025277                               0.09768585920025279                               1.0000000000000007
0.2                                               0.09906295771398485                               0.09906295771398486                               1.0000000000000013
0.2                                               0.10769071758418815                               0.10769071758418815                               0.9999999999999994
0.2                                               0.1094151124481787                                0.10941511244817871                               0.9999999999999998
0.2                                               0.11995117052748015                               0.11995117052748017                               0.9999999999999991
0.2                                               0.12182472010171091                               0.12182472010171093                               1.0000000000000013
0.2                                               0.12202210684404846                               0.12202210684404848                               0.999999999999999
0.2                                               0.12286054225545245                               0.12286054225545245                               0.9999999999999991
0.2                                               0.13443576625527576                               0.13443576625527576                               1.0000000000000007
0.2                                               0.1368530474689703                                0.13685304746897034                               0.9999999999999992
0.2                                               0.15111491510008201                               0.15111491510008201                               0.9999999999999987
0.2                                               0.15387822958501007                               0.15387822958501007                               1
0.2                                               0.16334502669214657+1.873306966066816E-17i        0.16334502669214657+1.873306966066816E-17i        0.9999999999999996
0.2                                               0.16995853389743604                               0.16995853389743606                               0.9999999999999999
0.2                                               0.17195455280770405                               0.17195455280770408                               0.999999999999998
0.2                                               0.17306757510896306                               0.17306757510896306                               1
0.2                                               0.17335954389437463                               0.17335954389437463                               1.0000000000000004
0.2                                               0.18242164467349123                               0.18242164467349123                               0.9999999999999979
0.4                                               0.039565343747877416                              0.039565343747877416                              1.0000000000000007
0.4                                               0.05087350576394294                               0.05087350576394295                               0.9999999999999996
0.4                                               0.051591965819587464                              0.051591965819587464                              1.0000000000000013
0.4                                               0.0753192962557656                                0.0753192962557656                                0.9999999999999989
0.4                                               0.07951176527644344                               0.07951176527644344                               1
0.4                                               0.08157575688275448                               0.08157575688275448                               0.9999999999999979
0.4                                               0.08189542965883258                               0.08189542965883259                               1.0000000000000029
0.4                                               0.08253240834851133                               0.08253240834851133                               1.0000000000000013
0.4                                               0.08442996500811133                               0.08442996500811133                               0.9999999999999988
0.4                                               0.08571366174265524                               0.08571366174265524                               0.9999999999999999
0.4                                               0.08950046718053288                               0.08950046718053288                               1.0000000000000018
0.4                                               0.09153517945399603                               0.09153517945399603                               0.9999999999999993
0.4                                               0.09702195976919305                               0.09702195976919305                               0.9999999999999989
0.4                                               0.0997680004437974                                0.09976800044379741                               0.9999999999999992
0.4                                               0.1068506734670215                                0.1068506734670215                                0.9999999999999987
0.4                                               0.1102959541610731                                0.11029595416107311                               0.9999999999999996
0.4                                               0.11893684122769846                               0.11893684122769846                               0.999999999999998
0.4                                               0.12131054162610594                               0.12131054162610595                               0.9999999999999981
0.4                                               0.12307686159020631-1.570788373870974E-17i        0.12307686159020632-1.570788373870974E-17i        1.0000000000000002
0.4                                               0.12338204229595119                               0.12338204229595119                               1.0000000000000013
0.4                                               0.13324791596312985                               0.13324791596312985                               1.0000000000000002
0.4                                               0.1380816953740781                                0.1380816953740781                                0.9999999999999979
0.4                                               0.14975393951717242                               0.14975393951717242                               1.000000000000002
0.4                                               0.1552801283711384                                0.1552801283711384                                1.000000000000001
0.4                                               0.16334491632532436                               0.16334491632532436                               0.9999999999999987
0.4                                               0.1684246468712094                                0.1684246468712094                                0.9999999999999982
0.4                                               0.17128498138448753+1.103526564628477E-15i        0.17128498138448753+1.103526564628477E-15i        0.9999999999999989
0.4                                               0.1740397526390987+8.263695799564509E-15i         0.17403975263909874+8.263695799564509E-15i        1.0000000000000009
0.4                                               0.17464277741388556-1.028667887225607E-14i        0.17464277741388556-1.028667887225607E-14i        0.9999999999999998
0.4                                               0.1822747609014336-2.99130470477643E-14i          0.1822747609014336-2.99130470477643E-14i          0.9999999999999992
0.6000000000000001                                0.03956973209251996                               0.03956973209251997                               1.0000000000000004
0.6000000000000001                                0.05071073224690478                               0.05071073224690479                               1.0000000000000007
0.6000000000000001                                0.05176418568834254                               0.05176418568834254                               0.9999999999999994
0.6000000000000001                                0.07531972457519498                               0.075319724575195                                 0.9999999999999983
0.6000000000000001                                0.07929200554529497                               0.07929200554529499                               0.9999999999999997
0.6000000000000001                                0.08154813942510877                               0.08154813942510879                               1.000000000000002
0.6000000000000001                                0.08212234124326348+1.569230489507298E-17i        0.08212234124326348+1.569230489507298E-17i        1.000000000000001
0.6000000000000001                                0.08264589538738754-9.225988530660922E-18i        0.08264589538738754-9.225988530660922E-18i        1.0000000000000016
0.6000000000000001                                0.08415207801607662                               0.08415207801607662                               1.0000000000000038
0.6000000000000001                                0.08606928116480995                               0.08606928116480995                               0.9999999999999974
0.6000000000000001                                0.08902981749133235                               0.08902981749133236                               1.000000000000001
0.6000000000000001                                0.09207643529633407                               0.09207643529633408                               1.0000000000000002
0.6000000000000001                                0.09637098303107039                               0.09637098303107039                               0.9999999999999978
0.6000000000000001                                0.10048757517243767                               0.10048757517243768                               1.000000000000001
0.6000000000000001                                0.10602388651915556                               0.10602388651915556                               0.9999999999999998
0.6000000000000001                                0.11119074772942256                               0.11119074772942256                               0.9999999999999999
0.6000000000000001                                0.11793592933123091                               0.11793592933123091                               0.9999999999999997
0.6000000000000001                                0.12079865428243503                               0.12079865428243503                               1
0.6000000000000001                                0.12390449917477983                               0.12390449917477984                               0.9999999999999996
0.6000000000000001                                0.12414678629560645                               0.12414678629560645                               0.9999999999999972
0.6000000000000001                                0.13207358810271744                               0.13207358810271744                               0.9999999999999997
0.6000000000000001                                0.1393240207578199                                0.13932402075781994                               0.9999999999999978
0.6000000000000001                                0.14840656167105554                               0.14840656167105554                               0.9999999999999996
0.6000000000000001                                0.15669571186231557                               0.15669571186231557                               0.999999999999998
0.6000000000000001                                0.16334450642316295                               0.16334450642316295                               1.0000000000000013
0.6000000000000001                                0.16690442534835329                               0.16690442534835329                               0.999999999999999
0.6000000000000001                                0.1706136635556076                                0.1706136635556076                                1.0000000000000009
0.6000000000000001                                0.17472943954064862                               0.17472943954064865                               0.9999999999999996
0.6000000000000001                                0.17623144173890268                               0.17623144173890268                               0.9999999999999982
0.6000000000000001                                0.1821173866916294-8.385379995234315E-17i         0.1821173866916294-8.385379995234315E-17i         0.9999999999999991
0.8                                               0.03957587546033212                               0.03957587546033212                               0.9999999999999994
0.8                                               0.050547514557291215                              0.050547514557291215                              0.9999999999999994
0.8                                               0.05194062814294667                               0.05194062814294667                               0.9999999999999983
0.8                                               0.07532029618084786                               0.07532029618084786                               1
0.8                                               0.07903414274876243                               0.07903414274876243                               1.000000000000001
0.8                                               0.08152212886909703                               0.08152212886909703                               1.0000000000000016
0.8                                               0.08238783389718148-9.653116312183645E-18i        0.08238783389718149-9.653116312183645E-18i        1.0000000000000018
0.8                                               0.08279355163329744+1.332270207350285E-17i        0.08279355163329744+1.3322702073502851E-17i       0.9999999999999999
0.8                                               0.08389086701661103                               0.08389086701661104                               0.9999999999999992
0.8                                               0.08643998101878292                               0.08643998101878292                               1.000000000000001
0.8                                               0.08857333885727153                               0.08857333885727155                               0.9999999999999994
0.8                                               0.09263193812506328                               0.09263193812506328                               0.9999999999999998
0.8                                               0.09573372645197752                               0.09573372645197752                               1.0000000000000022
0.8                                               0.10122094694595243                               0.10122094694595243                               1.0000000000000002
0.8                                               0.10521070069033645                               0.10521070069033646                               0.9999999999999973
0.8                                               0.11209917562105079                               0.1120991756210508                                1.0000000000000009
0.8                                               0.11694859272200514                               0.11694859272200515                               1.0000000000000016
0.8                                               0.12028909858779016                               0.12028909858779016                               1
0.8                                               0.12443083587734578                               0.1244308358773458                                1.000000000000002
0.8                                               0.1252287699688181                                0.1252287699688181                                0.999999999999999
0.8                                               0.130912858789911                                 0.130912858789911                                 0.9999999999999993
0.8                                               0.1405799516502499                                0.1405799516502499                                0.9999999999999993
0.8                                               0.14707282394550591                               0.14707282394550591                               0.9999999999999997
0.8                                               0.1581249389026279                                0.1581249389026279                                1
0.8                                               0.16334341847164163                               0.16334341847164163                               0.9999999999999984
0.8                                               0.1653979008456355                                0.1653979008456355                                1.0000000000000009
0.8                                               0.16994552577600552-4.1376145626819894E-17i       0.16994552577600555-4.13761456268199E-17i         0.9999999999999988
0.8                                               0.17542375611057184+1.8693945163256005E-15i       0.17542375611057184+1.8693945163256005E-15i       1
0.8                                               0.17783383429843658-4.135222007881971E-15i        0.1778338342984366-4.135222007881971E-15i         1.0000000000000004
0.8                                               0.1819583467037852-3.389535275932249E-15i         0.1819583467037852-3.3895352759322493E-15i        1.0000000000000004
1                                                 0.039583773535378855                              0.03958377353537886                               1.0000000000000004
1                                                 0.05038522360987517                               0.05038522360987518                               0.9999999999999994
1                                                 0.05211992214267429                               0.052119922142674295                              0.9999999999999993
1                                                 0.07532098018752074                               0.07532098018752074                               0.9999999999999987
1                                                 0.07875438774754379                               0.07875438774754379                               0.9999999999999973
1                                                 0.08150260773727515                               0.08150260773727515                               1.0000000000000038
1                                                 0.08267096009713286                               0.08267096009713286                               0.9999999999999992
1                                                 0.08297330057341126                               0.08297330057341126                               1.0000000000000016
1                                                 0.08364877385393489                               0.08364877385393489                               0.9999999999999997
1                                                 0.08682445099937436                               0.08682445099937436                               1.0000000000000007
1                                                 0.08813217754539114                               0.08813217754539114                               0.9999999999999981
1                                                 0.09320099407026815                               0.09320099407026816                               1.0000000000000002
1                                                 0.09511070749090982                               0.09511070749090982                               0.9999999999999989
1                                                 0.10196780539799363                               0.10196780539799363                               0.9999999999999984
1                                                 0.10441134311440028                               0.10441134311440028                               1.0000000000000013
1                                                 0.11302110086857145                               0.11302110086857145                               1.0000000000000009
1                                                 0.1159749348661557                                0.1159749348661557                                0.9999999999999994
1                                                 0.11978187965916948                               0.11978187965916949                               1.0000000000000013
1                                                 0.12495915893982831                               0.12495915893982831                               0.9999999999999986
1                                                 0.12632463458461818                               0.12632463458461818                               0.9999999999999987
1                                                 0.1297657777026453                                0.1297657777026453                                1.0000000000000002
1                                                 0.1418494539152843                                0.14184945391528433                               0.9999999999999998
1                                                 0.14575275347046224                               0.14575275347046224                               1.0000000000000002
1                                                 0.15956778812995626                               0.15956778812995626                               1
1                                                 0.16334101339050855                               0.16334101339050855                               1.0000000000000013
1                                                 0.1639051149873983                                0.1639051149873983                                0.9999999999999999
1                                                 0.16928218202176618                               0.16928218202176618                               1.0000000000000002
1                                                 0.1761217255128275                                0.17612172551282754                               1.0000000000000024
1                                                 0.17944991119499543                               0.17944991119499545                               0.9999999999999987
1                                                 0.1817998559609041+4.447548620007523E-17i         0.1817998559609041+4.447548620007523E-17i         1
1.2000000000000002                                0.03959342590958566                               0.03959342590958566                               1.0000000000000022
1.2000000000000002                                0.05022433551357455                               0.05022433551357455                               1
1.2000000000000002                                0.052301591418634934                              0.05230159141863494                               1.0000000000000004
1.2000000000000002                                0.07532173164898388                               0.0753217316489839                                1.0000000000000013
1.2000000000000002                                0.0784619615624185                                0.07846196156241851                               0.9999999999999999
1.2000000000000002                                0.08149243887739643                               0.08149243887739643                               1.0000000000000022
1.2000000000000002                                0.0829466018381079                                0.08294660183810791                               1.0000000000000009
1.2000000000000002                                0.08318984518767904                               0.08318984518767904                               0.9999999999999996
1.2000000000000002                                0.08343435545704585                               0.08343435545704585                               1.0000000000000009
1.2000000000000002                                0.08721647622389656                               0.08721647622389657                               0.9999999999999982
1.2000000000000002                                0.08771247520439433                               0.08771247520439433                               0.9999999999999993
1.2000000000000002                                0.09378076107319504                               0.09378076107319504                               1.0000000000000016
1.2000000000000002                                0.0945047045095382                                0.0945047045095382                                0.9999999999999986
1.2000000000000002                                0.10272684011035026                               0.10272684011035026                               0.9999999999999999
1.2000000000000002                                0.1036270947483255                                0.10362709474832552                               0.9999999999999993
1.2000000000000002                                0.11395591285124629                               0.1139559128512463                                1
1.2000000000000002                                0.11501555427212148                               0.11501555427212148                               1.0000000000000027
1.2000000000000002                                0.11927699911929865                               0.11927699911929866                               1.000000000000001
1.2000000000000002                                0.12548977259649569                               0.12548977259649569                               1
1.2000000000000002                                0.12743376483299654                               0.12743376483299654                               0.9999999999999994
1.2000000000000002                                0.12863264720869005                               0.12863264720869005                               1.0000000000000013
1.2000000000000002                                0.1431323513611894                                0.1431323513611894                                1
1.2000000000000002                                0.14444652313305845                               0.14444652313305845                               0.9999999999999997
1.2000000000000002                                0.16102413967624113                               0.16102413967624113                               1
1.2000000000000002                                0.16242605444887737                               0.16242605444887737                               0.9999999999999999
1.2000000000000002                                0.16333644577043085                               0.16333644577043088                               1.0000000000000002
1.2000000000000002                                0.16862498507380724                               0.16862498507380727                               0.9999999999999979
1.2000000000000002                                0.1768229677369677                                0.17682296773696773                               0.9999999999999983
1.2000000000000002                                0.18107954600412085                               0.18107954600412085                               0.9999999999999991
1.2000000000000002                                0.1816427198175397-5.03124364893551E-17i          0.1816427198175397-5.0312436489355107E-17i        0.9999999999999998
1.4000000000000001                                0.039604832081376495                              0.039604832081376495                              0.9999999999999993
1.4000000000000001                                0.05006505821153029                               0.05006505821153029                               1.0000000000000024
1.4000000000000001                                0.05248542783532642                               0.05248542783532642                               1.0000000000000004
1.4000000000000001                                0.07532248517658716                               0.07532248517658716                               0.999999999999999
1.4000000000000001                                0.07816219190657947                               0.07816219190657947                               1.0000000000000024
1.4000000000000001                                0.08149296517329968                               0.08149296517329968                               1.0000000000000004
1.4000000000000001                                0.08310463744317104                               0.08310463744317104                               1.0000000000000002
1.4000000000000001                                0.08333854398213011+1.1503116858448356E-17i       0.08333854398213011+1.1503116858448356E-17i       0.9999999999999994
1.4000000000000001                                0.08345583260477994                               0.08345583260477994                               0.9999999999999989
1.4000000000000001                                0.0872649352530088                                0.08726493525300881                               1.0000000000000022
1.4000000000000001                                0.08766532736568382                               0.08766532736568383                               0.9999999999999994
1.4000000000000001                                0.09389168478794895                               0.09389168478794896                               0.9999999999999992
1.4000000000000001                                0.0943952465181628                                0.0943952465181628                                1
1.4000000000000001                                0.10284736345106626                               0.10284736345106626                               0.9999999999999992
1.4000000000000001                                0.10350863127772542                               0.10350863127772542                               0.9999999999999992
1.4000000000000001                                0.11406576074234306                               0.11406576074234306                               0.9999999999999987
1.4000000000000001                                0.11490829632007159                               0.1149082963200716                                0.9999999999999992
1.4000000000000001                                0.11877445777765001                               0.11877445777765001                               0.9999999999999997
1.4000000000000001                                0.126022705255388                                 0.126022705255388                                 1.0000000000000007
1.4000000000000001                                0.12751122734767414                               0.12751122734767414                               1.0000000000000022
1.4000000000000001                                0.12855836742537227                               0.12855836742537227                               1.000000000000001
1.4000000000000001                                0.14315292675454225                               0.14315292675454225                               0.9999999999999999
1.4000000000000001                                0.14442984788849564                               0.14442984788849564                               1.0000000000000004
1.4000000000000001                                0.16096015131923203                               0.16096015131923205                               0.9999999999999974
1.4000000000000001                                0.16249473599140818                               0.16249473599140818                               1.0000000000000016
1.4000000000000001                                0.16332797991141162-1.874241159716498E-17i        0.16332797991141162-1.8742411597164983E-17i       1.0000000000000016
1.4000000000000001                                0.16797568270264446+3.4426036488710245E-17i       0.16797568270264449+3.442603648871025E-17i        0.9999999999999992
1.4000000000000001                                0.17752728149263852                               0.17752728149263852                               0.9999999999999997
1.4000000000000001                                0.18090024830876006+2.637247288551398E-17i        0.1809002483087601+2.637247288551398E-17i         1.0000000000000002
1.4000000000000001                                0.1814873276239728+3.020550037335627E-17i         0.18148732762397282+3.020550037335627E-17i        1.0000000000000004
1.6                                               0.03961799145389496                               0.03961799145389497                               1.0000000000000007
1.6                                               0.049907496879563404                              0.049907496879563404                              0.9999999999999976
1.6                                               0.052671325994057175                              0.05267132599405718                               0.9999999999999998
1.6                                               0.07532314330330547                               0.07532314330330547                               1.000000000000001
1.6                                               0.07785830941118076                               0.07785830941118076                               0.9999999999999987
1.6                                               0.08150433262715781-9.484879910644574E-18i        0.08150433262715782-9.484879910644574E-18i        1.0000000000000009
1.6                                               0.08297768015532468                               0.08297768015532468                               1.000000000000001
1.6                                               0.08353518133782808+3.1552997117756967E-17i       0.08353518133782808+3.1552997117756967E-17i       0.9999999999999999
1.6                                               0.08376151320589982-3.228504836035438E-17i        0.08376151320589982-3.2285048360354384E-17i       1.0000000000000013
1.6                                               0.08687770614473513                               0.08687770614473514                               1.0000000000000002
1.6                                               0.08808286864233911                               0.08808286864233912                               0.9999999999999991
1.6                                               0.0933161157633438                                0.0933161157633438                                1
1.6                                               0.0949999792312808                                0.0949999792312808                                1.0000000000000002
1.6                                               0.10209140811890288                               0.1020914081189029                                1.0000000000000029
1.6                                               0.1042939173470957                                0.1042939173470957                                1.0000000000000007
1.6                                               0.11313389636652102                               0.11313389636652103                               1.0000000000000009
1.6                                               0.11586990695521901                               0.11586990695521901                               0.9999999999999997
1.6                                               0.11827425640771927                               0.11827425640771927                               1.000000000000001
1.6                                               0.12640537854789513                               0.12640537854789513                               0.9999999999999988
1.6                                               0.12655798693814738                               0.1265579869381474                                1.0000000000000002
1.6                                               0.12969454880999506                               0.12969454880999506                               0.9999999999999996
1.6                                               0.1418739950546983                                0.1418739950546983                                1.0000000000000016
1.6                                               0.1457399109254476                                0.1457399109254476                                1.0000000000000022
1.6                                               0.15950854171187517                               0.15950854171187517                               0.9999999999999998
1.6                                               0.1633130435379433                                0.1633130435379433                                1.0000000000000007
1.6                                               0.16397845406442974                               0.16397845406442974                               1.0000000000000009
1.6                                               0.16733694451950354                               0.16733694451950354                               1.0000000000000002
1.6                                               0.17823452555756664                               0.17823452555756664                               1.0000000000000002
1.6                                               0.17927625720068371                               0.17927625720068374                               0.9999999999999992
1.6                                               0.18133377556657268+7.453561254598928E-17i        0.18133377556657268+7.45356125459893E-17i         1.0000000000000007
1.8                                               0.03963290333288671                               0.03963290333288671                               1.000000000000003
1.8                                               0.049751710473948295                              0.049751710473948295                              0.9999999999999974
1.8                                               0.05285922668750247                               0.05285922668750247                               1.0000000000000004
1.8                                               0.07532355475426361                               0.07532355475426361                               1.0000000000000022
1.8                                               0.07755241188201273                               0.07755241188201273                               1.000000000000001
1.8                                               0.08152552885877534                               0.08152552885877536                               0.9999999999999994
1.8                                               0.08281830709440605                               0.08281830709440605                               1.0000000000000007
1.8                                               0.08378615158666476+1.5913128054660416E-17i       0.08378615158666478+1.5913128054660416E-17i       1.0000000000000002
1.8                                               0.08409139445625466-1.8693968485006894E-17i       0.08409139445625466-1.8693968485006894E-17i       1.0000000000000004
1.8                                               0.086495137687881                                 0.086495137687881                                 1.000000000000001
1.8                                               0.08852480680191105                               0.08852480680191105                               0.9999999999999994
1.8                                               0.09274875591987751                               0.09274875591987751                               0.9999999999999997
1.8                                               0.09562421794286133                               0.09562421794286134                               1.0000000000000007
1.8                                               0.10134674383749394                               0.10134674383749394                               0.9999999999999999
1.8                                               0.10509518928753418                               0.1050951892875342                                1.0000000000000002
1.8                                               0.11221466320197009                               0.11221466320197009                               1.0000000000000004
1.8                                               0.11684604142165365                               0.11684604142165367                               1.000000000000001
1.8                                               0.11777639804616125                               0.11777639804616126                               1.0000000000000016
1.8                                               0.12531275505857728                               0.12531275505857728                               1.000000000000002
1.8                                               0.12709555813365347                               0.12709555813365347                               1.0000000000000013
1.8                                               0.1308447125765731                                0.13084471257657312                               0.9999999999999994
1.8                                               0.14060850357278665                               0.14060850357278665                               1.0000000000000007
1.8                                               0.1470637634812447                                0.1470637634812447                                1.0000000000000022
1.8                                               0.15807051338334158                               0.15807051338334158                               1.0000000000000002
1.8                                               0.16328747049529443                               0.16328747049529443                               1.000000000000002
1.8                                               0.16547581019675                                  0.16547581019675                                  1.000000000000001
1.8                                               0.16671320552344665-4.5387578368176575E-17i       0.16671320552344665-4.538757836817658E-17i        1
1.8                                               0.17766591216885647+7.735935643667754E-15i        0.1776659121688565+7.735935643667754E-15i         1.0000000000000002
1.8                                               0.17894455498609976-2.3110958770814497E-14i       0.1789445549860998-2.3110958770814497E-14i        0.9999999999999999
1.8                                               0.18118233865635608-4.135413212685009E-13i        0.1811823386563561-4.135413212685009E-13i         0.9999999999999994
2                                                 0.03964956692417821                               0.03964956692417821                               0.9999999999999994
2                                                 0.04959773467560867-5.5212403378674995E-18i       0.04959773467560867-5.5212403378675E-18i          1.0000000000000002
2                                                 0.05304909395822936                               0.05304909395822936                               1
2                                                 0.07532347186515553                               0.07532347186515553                               0.9999999999999987
2                                                 0.07724600596059832                               0.07724600596059832                               1.0000000000000009
2                                                 0.08155413088187523                               0.08155413088187523                               1.0000000000000018
2                                                 0.0826771020959485                                0.0826771020959485                                0.9999999999999988
2                                                 0.08405336822778256                               0.08405336822778257                               0.9999999999999996
2                                                 0.0844339090557332+1.566797949425849E-17i         0.08443390905573321+1.566797949425849E-17i        1.0000000000000013
2                                                 0.08612631888541976                               0.08612631888541977                               0.9999999999999996
2                                                 0.08898218307605774                               0.08898218307605774                               0.999999999999998
2                                                 0.09219477740162992                               0.09219477740162993                               0.9999999999999987
2                                                 0.09626284277447056                               0.09626284277447057                               1.0000000000000007
2                                                 0.1006155263873847                                0.1006155263873847                                1.0000000000000004
2                                                 0.10591031206730314                               0.10591031206730314                               1.0000000000000016
2                                                 0.11130894212237262                               0.11130894212237263                               0.999999999999999
2                                                 0.11728085589381868                               0.11728085589381869                               0.9999999999999982
2                                                 0.11783585331604735                               0.11783585331604735                               1.0000000000000024
2                                                 0.12423368200578372                               0.12423368200578373                               1.0000000000000004
2                                                 0.12763547526912736                               0.12763547526912736                               1.0000000000000022
2                                                 0.1320084779591475                                0.1320084779591475                                0.9999999999999983
2                                                 0.13935663487479294                               0.13935663487479294                               0.9999999999999998
2                                                 0.14840122243654533                               0.14840122243654533                               0.9999999999999994
2                                                 0.156646168017876                                 0.156646168017876                                 0.9999999999999989
2                                                 0.1632433697422353                                0.1632433697422353                                0.9999999999999997
2                                                 0.16611227789072944+6.35288768378644E-17i         0.16611227789072944+6.352887683786441E-17i        0.9999999999999982
2                                                 0.1669868334557854+2.761203745858105E-17i         0.1669868334557854+2.7612037458581052E-17i        0.999999999999999
2                                                 0.17606931543827342+7.381514192554783E-16i        0.17606931543827342+7.381514192554784E-16i        1.0000000000000007
2                                                 0.1796570590662171-4.572317532202392E-14i         0.1796570590662171-4.572317532202393E-14i         0.9999999999999989
2                                                 0.181033303823886-3.997730577078206E-13i          0.18103330382388602-3.997730577078206E-13i        1.0000000000000007
2.2                                               0.0396679813307322                                0.0396679813307322                                1.000000000000001
2.2                                               0.04944559241423667                               0.049445592414236676                              1.0000000000000009
2.2                                               0.05324090457775551                               0.053240904577755516                              1.0000000000000022
2.2                                               0.0753224608210718                                0.0753224608210718                                0.999999999999998
2.2                                               0.07694036940957535                               0.07694036940957535                               0.9999999999999997
2.2                                               0.08158580429280288                               0.08158580429280288                               1.000000000000001
2.2                                               0.08256352233863823                               0.08256352233863823                               0.9999999999999988
2.2                                               0.08433519226480583                               0.08433519226480583                               1.0000000000000018
2.2                                               0.08478410178440547+1.3659566355807228E-17i       0.08478410178440549+1.3659566355807228E-17i       0.9999999999999981
2.2                                               0.08577285580398979                               0.08577285580398979                               0.9999999999999991
2.2                                               0.08945374285357052                               0.08945374285357054                               1.000000000000001
2.2                                               0.0916549455920518                                0.0916549455920518                                1
2.2                                               0.09691523677882714                               0.09691523677882714                               1.0000000000000007
2.2                                               0.0998980814055852                                0.09989808140558522                               1.0000000000000002
2.2                                               0.10673902156628577                               0.10673902156628577                               0.9999999999999998
2.2                                               0.11041687325736824                               0.11041687325736825                               1.0000000000000004
2.2                                               0.11678768173786307                               0.11678768173786307                               1.0000000000000004
2.2                                               0.11883917573178512                               0.11883917573178514                               0.9999999999999993
2.2                                               0.12316823966110348                               0.12316823966110349                               1.0000000000000002
2.2                                               0.1281777216440715                                0.1281777216440715                                1.0000000000000004
2.2                                               0.13318578952767385                               0.13318578952767385                               1.0000000000000002
2.2                                               0.13811842099564237                               0.13811842099564237                               0.999999999999998
2.2                                               0.1497522582908336                                0.1497522582908336                                0.9999999999999989
2.2                                               0.15523552434187765                               0.15523552434187765                               1.0000000000000007
2.2                                               0.16316654901604438                               0.16316654901604438                               0.9999999999999991
2.2                                               0.16554841554394956+2.3222499993538176E-17i       0.16554841554394956+2.3222499993538176E-17i       1.0000000000000004
2.2                                               0.16851148321065593                               0.16851148321065593                               0.9999999999999991
2.2                                               0.1744864804357204+1.0175682484049281E-16i        0.1744864804357204+1.0175682484049281E-16i        0.9999999999999989
2.2                                               0.18037006234900343-1.0296799352035476E-13i       0.18037006234900343-1.0296799352035476E-13i       0.9999999999999993
2.2                                               0.1808886438917458-3.696273985906558E-13i         0.18088864389174583-3.696273985906558E-13i        1.0000000000000002
2.4000000000000004                                0.03968814554923708                               0.03968814554923708                               0.9999999999999984
2.4000000000000004                                0.04929529916404132                               0.04929529916404133                               0.9999999999999987
2.4000000000000004                                0.05343464275445201                               0.05343464275445202                               0.9999999999999997
2.4000000000000004                                0.07531969261592347                               0.07531969261592347                               1.0000000000000002
2.4000000000000004                                0.07663691475555809                               0.07663691475555809                               1.0000000000000004
2.4000000000000004                                0.08161392802215404                               0.08161392802215406                               1.0000000000000007
2.4000000000000004                                0.08248558495501157                               0.08248558495501157                               1.0000000000000016
2.4000000000000004                                0.08463042562528221                               0.08463042562528221                               0.9999999999999999
2.4000000000000004                                0.08513757264985189                               0.08513757264985189                               0.9999999999999991
2.4000000000000004                                0.0854386371178377                                0.0854386371178377                                1.0000000000000013
2.4000000000000004                                0.08993809478796619                               0.08993809478796619                               0.9999999999999983
2.4000000000000004                                0.091130507974534                                 0.09113050797453401                               1.0000000000000016
2.4000000000000004                                0.09758077319081788                               0.09758077319081788                               0.9999999999999999
2.4000000000000004                                0.09919495321442824                               0.09919495321442824                               1
2.4000000000000004                                0.10758103267309829                               0.10758103267309829                               0.9999999999999984
2.4000000000000004                                0.10953870576192423                               0.10953870576192423                               1.0000000000000007
2.4000000000000004                                0.11629684025428287                               0.11629684025428287                               0.9999999999999991
2.4000000000000004                                0.11985590723753642                               0.11985590723753642                               0.9999999999999999
2.4000000000000004                                0.12211654897785615                               0.12211654897785616                               0.9999999999999977
2.4000000000000004                                0.1287222962714708                                0.1287222962714708                                1.0000000000000002
2.4000000000000004                                0.1343765736978192                                0.1343765736978192                                1.0000000000000002
2.4000000000000004                                0.136893926652285                                 0.136893926652285                                 1.0000000000000004
2.4000000000000004                                0.15111682575880514                               0.15111682575880514                               0.9999999999999991
2.4000000000000004                                0.15383862248654512                               0.15383862248654512                               0.9999999999999991
2.4000000000000004                                0.16303180335724127                               0.16303180335724127                               1.0000000000000004
2.4000000000000004                                0.16504685623445842                               0.16504685623445842                               0.9999999999999991
2.4000000000000004                                0.1700497241172856                                0.1700497241172856                                1.000000000000002
2.4000000000000004                                0.17291743799214002+1.9963703621634083E-17i       0.17291743799214002+1.9963703621634086E-17i       1.0000000000000016
2.4000000000000004                                0.1807313969691109-1.476676641110199E-13i         0.1807313969691109-1.476676641110199E-13i         0.999999999999999
2.4000000000000004                                0.18110051892347706+6.510966179039558E-14i        0.18110051892347706+6.510966179039558E-14i        0.9999999999999994
2.6                                               0.039710058466188074                              0.039710058466188074                              1.0000000000000018
2.6                                               0.049146865809768465                              0.049146865809768465                              0.9999999999999996
2.6                                               0.05363029727168984                               0.05363029727168984                               1.0000000000000024
2.6                                               0.0753133883967731                                0.0753133883967731                                1.0000000000000004
2.6                                               0.07633783509393502                               0.07633783509393502                               0.999999999999999
2.6                                               0.08163064663386801                               0.08163064663386801                               1
2.6                                               0.08245169092598331                               0.08245169092598331                               1.0000000000000002
2.6                                               0.08492152796324742                               0.08492152796324742                               0.9999999999999989
2.6                                               0.08512798640864344+1.2955289821209527E-17i       0.08512798640864344+1.2955289821209527E-17i       0.9999999999999987
2.6                                               0.0855066721670149                                0.08550667216701491                               0.9999999999999991
2.6                                               0.09041331297116573                               0.09041331297116574                               0.9999999999999998
2.6                                               0.0906433361676578                                0.0906433361676578                                1.000000000000001
2.6                                               0.09824884063392744                               0.09824884063392744                               0.9999999999999978
2.6                                               0.09851672007322196                               0.09851672007322197                               0.999999999999999
2.6                                               0.10842990497543972                               0.10842990497543974                               1.0000000000000022
2.6                                               0.10868086466581595                               0.10868086466581596                               1.0000000000000004
2.6                                               0.11580833809536026                               0.11580833809536027                               1.0000000000000007
2.6                                               0.12088138558786307                               0.12088138558786309                               1.000000000000002
2.6                                               0.1210832575784362                                0.1210832575784362                                1.0000000000000022
2.6                                               0.1292691982596236                                0.12926919825962363                               1.0000000000000002
2.6                                               0.1355754625951774                                0.1355754625951774                                1.0000000000000016
2.6                                               0.1356885142330446                                0.1356885142330446                                0.9999999999999996
2.6                                               0.15244690776955988                               0.15244690776955988                               1.0000000000000027
2.6                                               0.15250347548368623                               0.15250347548368623                               1.0000000000000024
2.6                                               0.16280291854401835+3.631751497882123E-17i        0.16280291854401835+3.631751497882123E-17i        1.0000000000000007
2.6                                               0.16464383968154161-3.3644494325683795E-17i       0.16464383968154161-3.3644494325683795E-17i       0.9999999999999976
2.6                                               0.17136075730085665+3.637358737986092E-17i        0.17136075730085665+3.637358737986092E-17i        0.9999999999999983
2.6                                               0.17160298306026936                               0.17160298306026936                               0.9999999999999993
2.6                                               0.18059270154888424+3.981373717543675E-15i        0.18059270154888427+3.981373717543675E-15i        1.000000000000001
2.6                                               0.18181728090314908-3.474266591934706E-15i        0.18181728090314908-3.4742665919347064E-15i       0.9999999999999983
2.8000000000000003                                0.03973371885341232                               0.03973371885341232                               1.0000000000000022
2.8000000000000003                                0.04900030029209318                               0.04900030029209318                               0.9999999999999998
2.8000000000000003                                0.05382785984718707                               0.053827859847187076                              1.000000000000002
2.8000000000000003                                0.07529908642608954                               0.07529908642608954                               0.9999999999999993
2.8000000000000003                                0.07604789288955666-9.29195874568405E-18i         0.07604789288955666-9.29195874568405E-18i         0.9999999999999976
2.8000000000000003                                0.08163081623987116                               0.08163081623987116                               1.0000000000000016
2.8000000000000003                                0.08246718751138067                               0.08246718751138067                               1.0000000000000007
2.8000000000000003                                0.08478186250462877                               0.08478186250462877                               0.9999999999999996
2.8000000000000003                                0.08528867197456072                               0.08528867197456072                               0.9999999999999967
2.8000000000000003                                0.08586978335215341                               0.08586978335215341                               1.0000000000000009
2.8000000000000003                                0.09010658325572418                               0.09010658325572418                               1.0000000000000007
2.8000000000000003                                0.09096622911735426                               0.09096622911735427                               1.000000000000001
2.8000000000000003                                0.09782219354152552                               0.09782219354152553                               1.0000000000000022
2.8000000000000003                                0.0989606142422408                                0.0989606142422408                                0.9999999999999989
2.8000000000000003                                0.10781991435271135                               0.10781991435271135                               0.9999999999999999
2.8000000000000003                                0.10930906673718864                               0.10930906673718864                               1.0000000000000002
2.8000000000000003                                0.1153221758649861                                0.11532217586498611                               1.0000000000000024
2.8000000000000003                                0.12005249669005891                               0.12005249669005891                               1.0000000000000016
2.8000000000000003                                0.12193147401960083                               0.12193147401960083                               0.9999999999999992
2.8000000000000003                                0.12981842663011853                               0.12981842663011853                               1.0000000000000007
2.8000000000000003                                0.13448510756538115                               0.13448510756538115                               1.0000000000000004
2.8000000000000003                                0.13679952815460444                               0.13679952815460444                               0.9999999999999989
2.8000000000000003                                0.15108546023649627                               0.15108546023649627                               1.0000000000000018
2.8000000000000003                                0.1538871236535862                                0.1538871236535862                                1.0000000000000004
2.8000000000000003                                0.16245361652286566                               0.16245361652286566                               1.0000000000000002
2.8000000000000003                                0.16436566434145394                               0.16436566434145397                               1.0000000000000009
2.8000000000000003                                0.16982031982665163                               0.16982031982665163                               1.0000000000000007
2.8000000000000003                                0.17316737479500127                               0.17316737479500127                               1.0000000000000027
2.8000000000000003                                0.18045214706986235+7.036139238497335E-16i        0.18045214706986235+7.036139238497335E-16i        1
2.8000000000000003                                0.1825407481332454-2.140080923329079E-15i         0.1825407481332454-2.140080923329079E-15i         0.9999999999999978
3                                                 0.039759125362963534                              0.039759125362963534                              1.000000000000001
3                                                 0.04885560859990942                               0.04885560859990942                               0.9999999999999992
3                                                 0.05402732414606496                               0.05402732414606496                               1.0000000000000002
3                                                 0.07526332160600278+1.2882834244392973E-17i       0.0752633216060028+1.2882834244392975E-17i        1.000000000000001
3                                                 0.07578077580115766-1.603149287638616E-17i        0.07578077580115766-1.603149287638616E-17i        1.0000000000000009
3                                                 0.08161606886147027                               0.08161606886147027                               0.9999999999999999
3                                                 0.08253042877124303                               0.08253042877124303                               1.0000000000000018
3                                                 0.08449456565482828                               0.08449456565482828                               1.0000000000000009
3                                                 0.08562612007500937                               0.08562612007500937                               1.0000000000000004
3                                                 0.0862381017298617-1.9094538645310724E-17i        0.0862381017298617-1.9094538645310724E-17i        0.9999999999999992
3                                                 0.08962593557704661                               0.08962593557704661                               0.9999999999999998
3                                                 0.0914911689213231                                0.09149116892132311                               1.000000000000001
3                                                 0.09716098462912341                               0.09716098462912341                               1
3                                                 0.09966648301838311                               0.09966648301838313                               0.9999999999999971
3                                                 0.10698287089171608                               0.1069828708917161                                1.000000000000001
3                                                 0.11019149975688346                               0.11019149975688346                               1
3                                                 0.11483835375324028                               0.1148383537532403                                0.9999999999999964
3                                                 0.11904172706649624                               0.11904172706649624                               0.9999999999999993
3                                                 0.12298870865941147                               0.12298870865941147                               0.9999999999999991
3                                                 0.13036998027717303                               0.13036998027717303                               1.000000000000004
3                                                 0.13330156179661745                               0.13330156179661745                               1.0000000000000004
3                                                 0.13803091179916696                               0.13803091179916696                               1.0000000000000007
3                                                 0.14972963495926794                               0.14972963495926794                               1.0000000000000002
3                                                 0.1552924115097207                                0.1552924115097207                                1.0000000000000018
3                                                 0.16199604522233202                               0.16199604522233202                               0.9999999999999999
3                                                 0.16420019897841986                               0.16420019897841986                               0.9999999999999996
3                                                 0.1682925333330596                                0.1682925333330596                                0.9999999999999986
3                                                 0.17474648760828565+3.733120462940651E-17i        0.17474648760828565+3.733120462940651E-17i        1.000000000000001
3                                                 0.18031322035117292+6.802683962744855E-16i        0.18031322035117295+6.802683962744855E-16i        1.000000000000001
3                                                 0.18326742113162237-9.037256092163104E-15i        0.18326742113162237-9.037256092163104E-15i        1.0000000000000007
3.2                                               0.03978627652135464                               0.03978627652135464                               1.0000000000000002
3.2                                               0.04871279539457279                               0.04871279539457279                               0.9999999999999993
3.2                                               0.05422868516269427                               0.05422868516269427                               0.9999999999999978
3.2                                               0.0751657678927471+1.9721714438433322E-17i        0.07516576789274712+1.9721714438433325E-17i       1.0000000000000002
3.2                                               0.07557697746261126-1.672363769489145E-17i        0.07557697746261126-1.672363769489145E-17i        1.000000000000002
3.2                                               0.08159338904983222                               0.08159338904983222                               1.0000000000000002
3.2                                               0.0826342009047892                                0.08263420090478922                               1.0000000000000004
3.2                                               0.08421923651503607                               0.08421923651503609                               0.9999999999999982
3.2                                               0.08598238868429763                               0.08598238868429763                               1.000000000000001
3.2                                               0.0866099382221131                                0.0866099382221131                                0.999999999999999
3.2                                               0.0891568579750915                                0.0891568579750915                                1.0000000000000024
3.2                                               0.09203271048723094                               0.09203271048723094                               1.0000000000000002
3.2                                               0.09651234866658201                               0.09651234866658201                               0.9999999999999993
3.2                                               0.10038720770562884                               0.10038720770562885                               1.0000000000000007
3.2                                               0.10615899108748862                               0.10615899108748864                               0.9999999999999986
3.2                                               0.11108795131668435                               0.11108795131668435                               1.0000000000000018
3.2                                               0.11435687197009746                               0.11435687197009747                               1.0000000000000018
3.2                                               0.11804438159520135                               0.11804438159520136                               1.0000000000000002
3.2                                               0.12405965612092917                               0.12405965612092917                               0.9999999999999987
3.2                                               0.1309238575855014                                0.1309238575855014                                1.0000000000000004
3.2                                               0.13213157321817573                               0.13213157321817573                               1.000000000000002
3.2                                               0.13927591523707678                               0.13927591523707678                               1.0000000000000013
3.2                                               0.14838745722583438                               0.1483874572258344                                1.0000000000000018
3.2                                               0.15671131019821977                               0.15671131019821977                               1
3.2                                               0.16146659846400574                               0.16146659846400574                               1.0000000000000009
3.2                                               0.1641110635918273                                0.16411106359182734                               1.0000000000000007
3.2                                               0.1667784746338215                                0.1667784746338215                                1.000000000000002
3.2                                               0.17633924040466303                               0.17633924040466303                               1.0000000000000018
3.2                                               0.18017626269620737                               0.1801762626962074                                1.0000000000000007
3.2                                               0.18399694097363228                               0.18399694097363228                               1.0000000000000009
3.4000000000000004                                0.03981517072295554                               0.03981517072295554                               1.0000000000000007
3.4000000000000004                                0.04857186441744843                               0.04857186441744843                               0.9999999999999983
3.4000000000000004                                0.0544319388198767                                0.05443193881987671                               0.999999999999998
3.4000000000000004                                0.07496522051860331+2.5857302925902057E-17i       0.07496522051860331+2.5857302925902057E-17i       1.0000000000000004
3.4000000000000004                                0.07547783099460159-2.7447302105004107E-17i       0.07547783099460159-2.7447302105004107E-17i       0.9999999999999999
3.4000000000000004                                0.08157034898239801                               0.08157034898239802                               0.9999999999999993
3.4000000000000004                                0.08277036507381538                               0.08277036507381538                               0.9999999999999993
3.4000000000000004                                0.08396003993334868                               0.08396003993334868                               1.0000000000000018
3.4000000000000004                                0.08635393076230292                               0.08635393076230292                               0.9999999999999982
3.4000000000000004                                0.08698490120042167                               0.08698490120042167                               1.0000000000000018
3.4000000000000004                                0.0887017227042885                                0.08870172270428851                               1.0000000000000002
3.4000000000000004                                0.09258858239220415                               0.09258858239220415                               0.9999999999999994
3.4000000000000004                                0.09587737619267367                               0.09587737619267368                               0.999999999999997
3.4000000000000004                                0.10112174717777846                               0.10112174717777847                               0.9999999999999994
3.4000000000000004                                0.10534870969476087                               0.10534870969476087                               0.9999999999999999
3.4000000000000004                                0.11199800348454625                               0.11199800348454626                               0.9999999999999997
3.4000000000000004                                0.11387773143499708                               0.11387773143499708                               0.9999999999999986
3.4000000000000004                                0.1170606392857905                                0.11706063928579051                               1.000000000000002
3.4000000000000004                                0.12514414261759524                               0.12514414261759524                               1.0000000000000002
3.4000000000000004                                0.130975214463027                                 0.130975214463027                                 0.9999999999999971
3.4000000000000004                                0.1314800641637528                                0.1314800641637528                                1.0000000000000016
3.4000000000000004                                0.14053445894449443                               0.14053445894449443                               0.9999999999999993
3.4000000000000004                                0.14705896626110287                               0.14705896626110287                               1.0000000000000013
3.4000000000000004                                0.15814377730138746                               0.15814377730138746                               0.9999999999999992
3.4000000000000004                                0.16089607258143246                               0.16089607258143246                               0.9999999999999991
3.4000000000000004                                0.1640674731925483                                0.1640674731925483                                1
3.4000000000000004                                0.16527816708146198                               0.16527816708146198                               0.9999999999999988
3.4000000000000004                                0.17794560458261777                               0.17794560458261777                               1.000000000000001
3.4000000000000004                                0.18004136905056653                               0.18004136905056653                               0.9999999999999998
3.4000000000000004                                0.18472917780747825                               0.18472917780747825                               0.9999999999999976
3.6                                               0.03984580622260303                               0.03984580622260303                               0.9999999999999989
3.6                                               0.04843281876530345                               0.04843281876530345                               0.999999999999999
3.6                                               0.0546370817012012                                0.054637081701201205                              1.0000000000000007
3.6                                               0.07470291327615457                               0.07470291327615457                               1.0000000000000013
3.6                                               0.07544220271329098                               0.07544220271329098                               1
3.6                                               0.08155250092761038                               0.08155250092761038                               1.000000000000001
3.6                                               0.08293192165791906                               0.08293192165791907                               0.9999999999999992
3.6                                               0.08371912991472259                               0.0837191299147226                                1
3.6                                               0.08673957058854949                               0.08673957058854949                               0.9999999999999993
3.6                                               0.08736275709781684                               0.08736275709781685                               1
3.6                                               0.08826151374071974                               0.08826151374071975                               0.999999999999999
3.6                                               0.09315808648634018                               0.09315808648634019                               0.9999999999999994
3.6                                               0.09525654378989246                               0.09525654378989246                               1.0000000000000016
3.6                                               0.10186978771070766                               0.10186978771070768                               1.0000000000000002
3.6                                               0.10455222978993693                               0.10455222978993693                               0.9999999999999987
3.6                                               0.11292150360157735                               0.11292150360157735                               1.0000000000000007
3.6                                               0.1134009459732417                                0.1134009459732417                                0.9999999999999986
3.6                                               0.11609059229827468                               0.11609059229827468                               1
3.6                                               0.12624210165959843                               0.12624210165959843                               1.000000000000001
3.6                                               0.1298325444678366                                0.1298325444678366                                1.000000000000001
3.6                                               0.1320385848703401                                0.1320385848703401                                1.0000000000000007
3.6                                               0.14180650681462062                               0.14180650681462062                               0.9999999999999991
3.6                                               0.1457441866275261                                0.1457441866275261                                0.9999999999999991
3.6                                               0.1595897821184634                                0.15958978211846342                               1
3.6                                               0.16030284298988962                               0.16030284298988962                               1.0000000000000004
3.6                                               0.16379161035551904                               0.16379161035551906                               0.9999999999999977
3.6                                               0.16405108548307115                               0.16405108548307115                               1.0000000000000022
3.6                                               0.17956551389935446                               0.17956551389935446                               0.9999999999999989
3.6                                               0.17990862367176627                               0.17990862367176627                               0.9999999999999989
3.6                                               0.18393883786718995                               0.18393883786718998                               0.9999999999999987
3.8000000000000003                                0.03987818112717248                               0.03987818112717248                               0.9999999999999979
3.8000000000000003                                0.048295661082420074                              0.04829566108242008                               0.9999999999999989
3.8000000000000003                                0.0548441108675183                                0.0548441108675183                                1.0000000000000007
3.8000000000000003                                0.07442003477631784-8.737942549141426E-18i        0.07442003477631784-8.737942549141426E-18i        0.9999999999999992
3.8000000000000003                                0.07542898372622686+1.3957041551195505E-17i       0.07542898372622686+1.3957041551195505E-17i       1
3.8000000000000003                                0.0815431974530451                                0.08154319745304511                               1.0000000000000013
3.8000000000000003                                0.08310937932228715                               0.08310937932228717                               0.9999999999999993
3.8000000000000003                                0.08350290104544522                               0.08350290104544522                               1.0000000000000004
3.8000000000000003                                0.08713618251423957                               0.08713618251423959                               1.0000000000000013
3.8000000000000003                                0.08774200801635348                               0.0877420080163535                                0.9999999999999996
3.8000000000000003                                0.08784063111202339                               0.08784063111202339                               0.9999999999999996
3.8000000000000003                                0.09373930651599767                               0.09373930651599767                               1.0000000000000007
3.8000000000000003                                0.09465169348741566                               0.09465169348741566                               1.0000000000000002
3.8000000000000003                                0.10263045330875871                               0.10263045330875872                               1.0000000000000004
3.8000000000000003                                0.10377038802886573                               0.10377038802886573                               1.0000000000000002
3.8000000000000003                                0.11292644305780461                               0.11292644305780462                               0.9999999999999996
3.8000000000000003                                0.11385807686497731                               0.11385807686497731                               0.9999999999999984
3.8000000000000003                                0.11513466943745432                               0.11513466943745433                               1.0000000000000002
3.8000000000000003                                0.12735327877977776                               0.12735327877977776                               1
3.8000000000000003                                0.12870379655223296                               0.12870379655223296                               1.0000000000000016
3.8000000000000003                                0.1325994290555187                                0.1325994290555187                                1.0000000000000007
3.8000000000000003                                0.1430918897376467                                0.1430918897376467                                0.9999999999999999
3.8000000000000003                                0.14444328024060232                               0.14444328024060232                               0.9999999999999997
3.8000000000000003                                0.15969692628832943                               0.15969692628832943                               1.0000000000000007
3.8000000000000003                                0.16104922139199118                               0.16104922139199118                               1.0000000000000007
3.8000000000000003                                0.16231897669682613                               0.16231897669682613                               0.9999999999999999
3.8000000000000003                                0.1640518171011692-2.7390584218077052E-17i        0.1640518171011692-2.7390584218077055E-17i        0.9999999999999989
3.8000000000000003                                0.17977785612164815+2.8501513074092716E-17i       0.17977785612164815+2.8501513074092716E-17i       1.0000000000000007
3.8000000000000003                                0.18119900582670712                               0.18119900582670714                               0.9999999999999983
3.8000000000000003                                0.18229480957348038                               0.1822948095734804                                1.0000000000000009
4                                                 0.039912293386062205                              0.039912293386062205                              0.9999999999999979
4                                                 0.048160393699042646                              0.04816039369904265                               1.0000000000000009
4                                                 0.05505302372821975                               0.055053023728219755                              1.0000000000000018
4                                                 0.0741304100094565+1.3099041378519943E-17i        0.0741304100094565+1.3099041378519944E-17i        1.0000000000000004
4                                                 0.07542441404255773-8.518935095655751E-18i        0.07542441404255774-8.518935095655751E-18i        0.9999999999999977
4                                                 0.08154410868098613                               0.08154410868098613                               1.0000000000000013
4                                                 0.0832128182810351                                0.08321281828103512                               0.9999999999999992
4                                                 0.08339970580959308                               0.08339970580959309                               1
4                                                 0.0873801573722685                                0.0873801573722685                                1.0000000000000004
4                                                 0.0875976569418705                                0.08759765694187051                               1.0000000000000016
4                                                 0.08812754256774577                               0.08812754256774577                               1.0000000000000027
4                                                 0.09403630875810721                               0.09403630875810721                               0.9999999999999997
4                                                 0.09435872983472557                               0.09435872983472557                               1.000000000000001
4                                                 0.10299193943381038                               0.10299193943381038                               1.0000000000000022
4                                                 0.10341497063789275                               0.10341497063789275                               1.0000000000000007
4                                                 0.11245432274966649                               0.1124543227496665                                0.9999999999999999
4                                                 0.11418821321366675                               0.11418821321366676                               1.0000000000000007
4                                                 0.11481227043328227                               0.11481227043328228                               1.0000000000000007
4                                                 0.12758680920309184                               0.12758680920309184                               1.0000000000000016
4                                                 0.12847982994153223                               0.12847982994153223                               0.9999999999999994
4                                                 0.13316259355452134                               0.13316259355452134                               0.9999999999999994
4                                                 0.1431550626986795                                0.1431550626986795                                0.9999999999999999
4                                                 0.14439178608762293                               0.14439178608762293                               0.9999999999999998
4                                                 0.15908395100411807                               0.15908395100411807                               1.0000000000000018
4                                                 0.16085943071278336                               0.16085943071278336                               0.9999999999999972
4                                                 0.16252283743878318                               0.16252283743878318                               0.9999999999999982
4                                                 0.1640641338535323                                0.1640641338535323                                1.0000000000000027
4                                                 0.1796492972647391                                0.1796492972647391                                0.9999999999999991
4                                                 0.18066403986716273                               0.18066403986716273                               0.9999999999999992
4                                                 0.18284657294984175                               0.18284657294984177                               1.0000000000000007
4.2                                               0.03994814078042157                               0.03994814078042157                               0.9999999999999993
4.2                                               0.0480270187344999                                0.0480270187344999                                1.0000000000000004
4.2                                               0.0552638179490688                                0.0552638179490688                                0.999999999999999
4.2                                               0.0738386348580447                                0.0738386348580447                                0.9999999999999993
4.2                                               0.07542395213536673                               0.07542395213536673                               1.000000000000001
4.2                                               0.0815556180498952                                0.0815556180498952                                1.0000000000000013
4.2                                               0.08306931655357655                               0.08306931655357655                               0.9999999999999997
4.2                                               0.08358209900957297                               0.08358209900957299                               0.9999999999999999
4.2                                               0.087011068063366                                 0.08701106806336602                               0.9999999999999992
4.2                                               0.08799851089879589                               0.0879985108987959                                0.9999999999999999
4.2                                               0.08851378546488634+1.3717737884064047E-17i       0.08851378546488634+1.3717737884064047E-17i       0.9999999999999994
4.2                                               0.09346875936135055                               0.09346875936135055                               0.9999999999999998
4.2                                               0.09495797982832613                               0.09495797982832613                               0.9999999999999981
4.2                                               0.10224118317887006                               0.10224118317887007                               0.9999999999999993
4.2                                               0.10419903234155618                               0.10419903234155618                               0.9999999999999987
4.2                                               0.11198453091936475                               0.11198453091936475                               1.0000000000000018
4.2                                               0.11326062740898922                               0.11326062740898923                               1
4.2                                               0.11577472829561497                               0.11577472829561497                               0.9999999999999994
4.2                                               0.12648561688538776                               0.12648561688538776                               0.9999999999999994
4.2                                               0.12961771413027565                               0.12961771413027565                               0.999999999999999
4.2                                               0.1337280775630596                                0.1337280775630596                                1
4.2                                               0.14188155522093418                               0.1418815552209342                                1.000000000000001
4.2                                               0.14570416907856618                               0.14570416907856618                               1.000000000000001
4.2                                               0.15846711836256328                               0.15846711836256328                               0.9999999999999997
4.2                                               0.15941423392324533+1.9760629497247704E-17i       0.15941423392324533+1.9760629497247707E-17i       0.9999999999999983
4.2                                               0.1640090114728588                                0.1640090114728588                                1.0000000000000016
4.2                                               0.1640851919797095                                0.16408519197970953                               0.9999999999999998
4.2                                               0.1790474499311338                                0.1790474499311338                                1.000000000000001
4.2                                               0.17952295350226904                               0.17952295350226907                               1.0000000000000009
4.2                                               0.18450728540034456                               0.18450728540034456                               1.000000000000001
4.4                                               0.03998572091092922                               0.03998572091092922                               0.999999999999999
4.4                                               0.047895538176786434                              0.047895538176786434                              0.9999999999999999
4.4                                               0.05547649138496057                               0.05547649138496057                               1.0000000000000004
4.4                                               0.07354655883030399                               0.07354655883030399                               1.000000000000002
4.4                                               0.07542579506911537                               0.07542579506911538                               1.0000000000000002
4.4                                               0.0815769359720386                                0.08157693597203862                               1.0000000000000013
4.4                                               0.08290879158037684                               0.08290879158037684                               0.9999999999999983
4.4                                               0.08382089345991471                               0.08382089345991471                               0.9999999999999972
4.4                                               0.08663035712937388                               0.08663035712937388                               0.9999999999999998
4.4                                               0.08843943439450289                               0.08843943439450289                               1.000000000000001
4.4                                               0.08890301808683071                               0.08890301808683072                               1.0000000000000004
4.4                                               0.09290397936955455                               0.09290397936955455                               0.9999999999999994
4.4                                               0.09558213422666571                               0.09558213422666571                               0.9999999999999984
4.4                                               0.1014996199759057                                0.1014996199759057                                1.0000000000000002
4.4                                               0.10500113804010797                               0.10500113804010798                               0.9999999999999998
4.4                                               0.11151706308833455                               0.11151706308833456                               0.9999999999999978
4.4                                               0.11234518458606171                               0.11234518458606171                               0.9999999999999994
4.4                                               0.11675217931749608                               0.1167521793174961                                0.9999999999999982
4.4                                               0.12539752917815788                               0.12539752917815788                               0.9999999999999989
4.4                                               0.1307696156312462                                0.1307696156312462                                1.0000000000000009
4.4                                               0.13429588100413264                               0.13429588100413264                               1.0000000000000009
4.4                                               0.14062151642562432                               0.14062151642562432                               1.000000000000001
4.4                                               0.14703027490836287                               0.14703027490836287                               1.0000000000000002
4.4                                               0.15784821674509641                               0.15784821674509641                               1.0000000000000004
4.4                                               0.1579828724718644                                0.1579828724718644                                0.9999999999999984
4.4                                               0.1641117608423442                                0.1641117608423442                                1.0000000000000009
4.4                                               0.16550969887364653                               0.16550969887364653                               1.000000000000002
4.4                                               0.17744472557142943                               0.17744472557142943                               0.9999999999999999
4.4                                               0.17939863808537343                               0.17939863808537346                               0.999999999999999
4.4                                               0.18618160473845258                               0.18618160473845258                               0.9999999999999999
4.6000000000000005                                0.0400250311839598                                0.0400250311839598                                0.9999999999999997
4.6000000000000005                                0.04776595394641734                               0.04776595394641735                               1.000000000000002
4.6000000000000005                                0.055691042030065446                              0.05569104203006545                               0.9999999999999991
4.6000000000000005                                0.07325505873098964                               0.07325505873098964                               0.9999999999999984
4.6000000000000005                                0.07542910675398376                               0.07542910675398376                               1.0000000000000022
4.6000000000000005                                0.08160593237354517                               0.08160593237354517                               1.000000000000001
4.6000000000000005                                0.08276833009816419                               0.08276833009816419                               0.9999999999999986
4.6000000000000005                                0.08408097265023817                               0.08408097265023817                               1.0000000000000007
4.6000000000000005                                0.08626269370390037                               0.08626269370390037                               1.0000000000000004
4.6000000000000005                                0.08889557273944589                               0.08889557273944589                               0.9999999999999999
4.6000000000000005                                0.08929544523899785                               0.08929544523899786                               0.9999999999999999
4.6000000000000005                                0.09235235629371849                               0.09235235629371849                               0.9999999999999997
4.6000000000000005                                0.09622084455901074                               0.09622084455901074                               0.9999999999999998
4.6000000000000005                                0.1007714324756711                                0.10077143247567111                               1.0000000000000007
4.6000000000000005                                0.10581711847444886                               0.10581711847444887                               1.000000000000003
4.6000000000000005                                0.11105187072053921                               0.11105187072053922                               1
4.6000000000000005                                0.11144331372879537                               0.11144331372879537                               0.9999999999999993
4.6000000000000005                                0.11774324526291395                               0.11774324526291396                               1
4.6000000000000005                                0.12432303040272397                               0.12432303040272398                               0.9999999999999999
4.6000000000000005                                0.13193504461466665                               0.13193504461466665                               0.9999999999999994
4.6000000000000005                                0.1348660051791116                                0.1348660051791116                                0.9999999999999981
4.6000000000000005                                0.13937513513421318                               0.13937513513421318                               0.999999999999999
4.6000000000000005                                0.14836991035498598                               0.148369910354986                                 1
4.6000000000000005                                0.15656473623735023                               0.15656473623735023                               0.9999999999999984
4.6000000000000005                                0.15722919489643694                               0.15722919489643694                               0.9999999999999994
4.6000000000000005                                0.16414392434060457                               0.16414392434060457                               1.0000000000000013
4.6000000000000005                                0.16702347574874066                               0.16702347574874069                               1.0000000000000002
4.6000000000000005                                0.17585577046967926                               0.17585577046967926                               1.0000000000000016
4.6000000000000005                                0.17927649770557674                               0.17927649770557674                               1.0000000000000013
4.6000000000000005                                0.18713164475932947                               0.18713164475932947                               1.0000000000000007
4.800000000000001                                 0.04006606879582264                               0.04006606879582264                               1.0000000000000027
4.800000000000001                                 0.04763826794979933                               0.047638267949799334                              1.0000000000000022
4.800000000000001                                 0.05590746798022358                               0.05590746798022358                               0.9999999999999989
4.800000000000001                                 0.07296460501376209                               0.07296460501376209                               1.000000000000001
4.800000000000001                                 0.07543345281215977                               0.07543345281215977                               1
4.800000000000001                                 0.08163874089816385                               0.08163874089816385                               1.0000000000000007
4.800000000000001                                 0.08265533501426661                               0.08265533501426661                               1.0000000000000009
4.800000000000001                                 0.0843584275244017                                0.0843584275244017                                0.9999999999999992
4.800000000000001                                 0.08590987210357573                               0.08590987210357574                               0.9999999999999989
4.800000000000001                                 0.0893645839712996                                0.08936458397129961                               0.9999999999999993
4.800000000000001                                 0.0896917219877568+1.2602176419700889E-17i        0.0896917219877568+1.2602176419700889E-17i        0.9999999999999998
4.800000000000001                                 0.09181474984500768                               0.09181474984500768                               0.9999999999999997
4.800000000000001                                 0.09687335585749442                               0.09687335585749443                               0.9999999999999992
4.800000000000001                                 0.10005698699027586                               0.10005698699027586                               0.9999999999999989
4.800000000000001                                 0.10664665421313141                               0.10664665421313142                               0.9999999999999987
4.800000000000001                                 0.11055291489975223-2.0937366562916565E-17i       0.11055291489975225-2.0937366562916565E-17i       0.9999999999999989
4.800000000000001                                 0.11059120225047814+3.820898827254356E-17i        0.11059120225047814+3.820898827254356E-17i        1.000000000000001
4.800000000000001                                 0.11874779376054638                               0.11874779376054638                               0.9999999999999991
4.800000000000001                                 0.12326218431902942                               0.12326218431902942                               1.0000000000000002
4.800000000000001                                 0.13311393432558863                               0.13311393432558863                               1.000000000000001
4.800000000000001                                 0.13543845470103485                               0.13543845470103485                               0.9999999999999991
4.800000000000001                                 0.1381424411986468                                0.1381424411986468                                1.0000000000000002
4.800000000000001                                 0.1497230436971918                                0.14972304369719183                               0.9999999999999986
4.800000000000001                                 0.15516066244019094                               0.15516066244019094                               0.9999999999999998
4.800000000000001                                 0.15661006188711787                               0.15661006188711787                               1.0000000000000002
4.800000000000001                                 0.1641803796873642                                0.1641803796873642                                0.999999999999999
4.800000000000001                                 0.16855079736209927                               0.16855079736209927                               0.9999999999999993
4.800000000000001                                 0.17428062371570113                               0.17428062371570113                               1.000000000000001
4.800000000000001                                 0.17915650618213413+3.70044616036969E-17i         0.17915650618213413+3.70044616036969E-17i         1.0000000000000004
4.800000000000001                                 0.1873525330555104-2.288565087106359E-17i         0.1873525330555104-2.288565087106359E-17i         1
5                                                 0.040108830714854465                              0.040108830714854465                              1.0000000000000013
5                                                 0.04751248212589561                               0.047512482125895615                              0.9999999999999997
5                                                 0.05612576740421168                               0.05612576740421168                               0.9999999999999998
5                                                 0.07267547504292632                               0.07267547504292632                               0.9999999999999992
5                                                 0.07543858803543581                               0.07543858803543581                               1.0000000000000042
5                                                 0.08166944106216154                               0.08166944106216155                               0.9999999999999973
5                                                 0.08257675822353427                               0.08257675822353429                               1.0000000000000004
5                                                 0.08465105736897628                               0.0846510573689763                                1.0000000000000016
5                                                 0.08557340060493124                               0.08557340060493125                               0.9999999999999986
5                                                 0.08984360015829906-1.2795000196806302E-17i       0.08984360015829906-1.2795000196806302E-17i       0.9999999999999991
5                                                 0.09009357088906146                               0.09009357088906148                               1.0000000000000007
5                                                 0.09129207240267842                               0.09129207240267842                               0.9999999999999987
5                                                 0.09753912739519092                               0.09753912739519092                               1.0000000000000002
5                                                 0.09935672369760336                               0.09935672369760336                               1.0000000000000009
5                                                 0.10748949726095801                               0.10748949726095802                               0.9999999999999989
5                                                 0.10968021925005003                               0.10968021925005003                               1.0000000000000027
5                                                 0.11012902717727548                               0.11012902717727549                               1.0000000000000022
5                                                 0.11976570117404503                               0.11976570117404503                               0.9999999999999996
5                                                 0.12221509222097314                               0.12221509222097315                               1.0000000000000024
5                                                 0.1343061978348351                                0.1343061978348351                                1.0000000000000004
5                                                 0.13601324360013198                               0.13601324360013198                               1.0000000000000002
5                                                 0.13692349268002327                               0.13692349268002327                               1
5                                                 0.15108962703121204                               0.15108962703121204                               1
5                                                 0.15377035122175772-1.818947051432691E-17i        0.15377035122175772-1.818947051432691E-17i        0.9999999999999994
5                                                 0.1559917258870601                                0.1559917258870601                                0.999999999999999
5                                                 0.16422056621195638                               0.16422056621195638                               0.9999999999999993
5                                                 0.1700916172859091                                0.1700916172859091                                1.0000000000000004
5                                                 0.17271931995977027                               0.17271931995977027                               1.0000000000000004
5                                                 0.17903866365267057-1.8796529793734188E-15i       0.17903866365267057-1.8796529793734188E-15i       1.0000000000000009
5                                                 0.18757548829092097-3.0888606742879174E-13i       0.187575488290921-3.0888606742879174E-13i         0.9999999999999996
5.2                                               0.04015331366101839                               0.040153313661018396                              0.9999999999999996
5.2                                               0.047388598488908015                              0.047388598488908015                              0.9999999999999993
5.2                                               0.05634593852148019                               0.05634593852148019                               0.9999999999999983
5.2                                               0.07238784479124089                               0.07238784479124089                               0.9999999999999999
5.2                                               0.07544436509728733                               0.07544436509728733                               0.999999999999999
5.2                                               0.08169083570826967                               0.08169083570826967                               0.999999999999998
5.2                                               0.0825402218544471                                0.0825402218544471                                0.9999999999999999
5.2                                               0.08494879078067157                               0.08494879078067157                               1.0000000000000009
5.2                                               0.08526303689825171                               0.08526303689825172                               1.0000000000000002
5.2                                               0.09032181368926581                               0.09032181368926581                               0.9999999999999994
5.2                                               0.09050352731795082                               0.09050352731795082                               1.0000000000000007
5.2                                               0.09079248903182185                               0.09079248903182185                               0.9999999999999992
5.2                                               0.09821339289218718                               0.09821339289218718                               1.0000000000000018
5.2                                               0.09867536871486268                               0.0986753687148627                                1.0000000000000002
5.2                                               0.10834298957024671                               0.10834298957024671                               1.0000000000000022
5.2                                               0.10882232859865976                               0.10882232859865976                               0.9999999999999999
5.2                                               0.10967088001977283                               0.10967088001977285                               1.0000000000000009
5.2                                               0.12079494004735478                               0.12079494004735479                               0.9999999999999979
5.2                                               0.12118376902964878                               0.12118376902964878                               0.9999999999999989
5.2                                               0.13550922956253272                               0.13550922956253275                               1.0000000000000016
5.2                                               0.13572082782360456                               0.13572082782360456                               1
5.2                                               0.1365904280001941                                0.1365904280001941                                1.0000000000000009
5.2                                               0.15238867326630962+1.8325284316985578E-17i       0.15238867326630962+1.8325284316985578E-17i       0.999999999999998
5.2                                               0.1524747962334043                                0.1524747962334043                                0.9999999999999999
5.2                                               0.15537457492435924                               0.15537457492435924                               0.9999999999999994
5.2                                               0.16426408487020464+2.0311521795143577E-17i       0.16426408487020466+2.031152179514358E-17i        0.9999999999999988
5.2                                               0.17117102373247053                               0.17117102373247056                               1
5.2                                               0.17164676295661785                               0.17164676295661788                               0.9999999999999989
5.2                                               0.17892297149065362-1.2288635365229762E-15i       0.17892297149065362-1.2288635365229762E-15i       0.9999999999999991
5.2                                               0.18780054832960105-1.686181011343249E-13i        0.18780054832960108-1.686181011343249E-13i        0.9999999999999994
5.4                                               0.040199514082587755                              0.040199514082587755                              1.0000000000000013
5.4                                               0.047266619169023694                              0.047266619169023694                              0.9999999999999976
5.4                                               0.05656797958465897                               0.05656797958465897                               1.0000000000000004
5.4                                               0.07210183260675912                               0.07210183260675912                               1.000000000000002
5.4                                               0.07545069105193296                               0.07545069105193296                               1.0000000000000004
5.4                                               0.08169761582683246                               0.08169761582683246                               1
5.4                                               0.08255119290285207                               0.08255119290285207                               1.0000000000000004
5.4                                               0.08491881083630008                               0.08491881083630008                               0.9999999999999997
5.4                                               0.08531146489743076                               0.08531146489743076                               0.9999999999999993
5.4                                               0.09027106972991775                               0.09027106972991776                               0.9999999999999994
5.4                                               0.09080470584461628-3.3563555319731714E-17i       0.09080470584461628-3.3563555319731714E-17i       1.0000000000000009
5.4                                               0.0909609827202739+2.97631582889012E-17i          0.0909609827202739+2.97631582889012E-17i          0.9999999999999996
5.4                                               0.09798958709362357                               0.09798958709362358                               0.9999999999999993
5.4                                               0.09891946907693308                               0.09891946907693308                               1.000000000000001
5.4                                               0.10796902853728                                  0.10796902853728                                  1.0000000000000013
5.4                                               0.10921245520367029+2.1741210670149703E-17i       0.10921245520367029+2.1741210670149703E-17i       1.0000000000000018
5.4                                               0.10922163864528393-2.9765880245221157E-17i       0.10922163864528393-2.9765880245221157E-17i       0.9999999999999997
5.4                                               0.1201603373218057                                0.1201603373218057                                0.9999999999999981
5.4                                               0.12184337876027046                               0.12184337876027046                               1.0000000000000024
5.4                                               0.13452586644494138                               0.13452586644494138                               0.9999999999999996
5.4                                               0.13673122179758335                               0.13673122179758337                               0.9999999999999987
5.4                                               0.13717038574303833                               0.13717038574303833                               0.9999999999999996
5.4                                               0.15103046969714287                               0.15103046969714287                               0.9999999999999999
5.4                                               0.15386370188375095                               0.15386370188375095                               0.9999999999999998
5.4                                               0.15475890153387212                               0.15475890153387212                               0.9999999999999996
5.4                                               0.16431064604663392                               0.16431064604663395                               1.000000000000001
5.4                                               0.16963779193682577                               0.16963779193682577                               0.9999999999999997
5.4                                               0.17321416977415688                               0.1732141697741569                                1.0000000000000004
5.4                                               0.1788094312303572-1.0637025965115555E-15i        0.1788094312303572-1.0637025965115555E-15i        0.9999999999999993
5.4                                               0.18802771613003885-2.5169748505367497E-13i       0.18802771613003888-2.5169748505367497E-13i       1.0000000000000016
5.6000000000000005                                0.04024742812940552                               0.04024742812940552                               0.9999999999999999
5.6000000000000005                                0.047146546452872785                              0.04714654645287279                               1.000000000000002
5.6000000000000005                                0.056791888865588114                              0.056791888865588114                              0.9999999999999996
5.6000000000000005                                0.07181752191814406                               0.07181752191814406                               1.000000000000001
5.6000000000000005                                0.07545750487978145                               0.07545750487978146                               1.0000000000000009
5.6000000000000005                                0.08169018456317864                               0.08169018456317864                               0.9999999999999998
5.6000000000000005                                0.08260924276552895                               0.08260924276552896                               1.0000000000000007
5.6000000000000005                                0.08463576190931418                               0.08463576190931418                               1.0000000000000007
5.6000000000000005                                0.08564403725603886                               0.08564403725603886                               1
5.6000000000000005                                0.08979496094573108                               0.08979496094573108                               0.9999999999999997
5.6000000000000005                                0.09123494157071589-1.476073060989307E-17i        0.0912349415707159-1.476073060989307E-17i         0.9999999999999992
5.6000000000000005                                0.09145610026167826                               0.09145610026167827                               1.0000000000000002
5.6000000000000005                                0.09733201797245204                               0.09733201797245204                               0.9999999999999977
5.6000000000000005                                0.09962471162022621                               0.09962471162022621                               0.999999999999999
5.6000000000000005                                0.10713602901761377                               0.10713602901761377                               1.0000000000000007
5.6000000000000005                                0.10876167310041708                               0.10876167310041708                               1.0000000000000002
5.6000000000000005                                0.11010180719506593                               0.11010180719506595                               1
5.6000000000000005                                0.11915430540871072                               0.11915430540871073                               0.9999999999999992
5.6000000000000005                                0.12290150200492168                               0.12290150200492168                               0.9999999999999982
5.6000000000000005                                0.1333479664776362                                0.1333479664776362                                1.0000000000000013
5.6000000000000005                                0.13774880011129792                               0.13774880011129792                               0.9999999999999999
5.6000000000000005                                0.13796712386588197                               0.137967123865882                                 1.000000000000001
5.6000000000000005                                0.14968133026573005                               0.14968133026573005                               0.9999999999999993
5.6000000000000005                                0.15414490042655174                               0.15414490042655174                               1.0000000000000007
5.6000000000000005                                0.1552707684008335                                0.1552707684008335                                0.9999999999999999
5.6000000000000005                                0.16436003492254336                               0.16436003492254336                               0.9999999999999999
5.6000000000000005                                0.16811785618800948                               0.1681178561880095                                1.0000000000000002
5.6000000000000005                                0.17479559811701803                               0.17479559811701803                               0.9999999999999987
5.6000000000000005                                0.17869804466688802                               0.17869804466688802                               0.9999999999999991
5.6000000000000005                                0.18825697671198113                               0.18825697671198113                               1.0000000000000018
5.800000000000001                                 0.040297051622274906                              0.040297051622274906                              1
5.800000000000001                                 0.0470283828252449                                0.0470283828252449                                0.9999999999999993
5.800000000000001                                 0.05701766464412292                               0.05701766464412292                               1.0000000000000007
5.800000000000001                                 0.07153497384097046                               0.07153497384097046                               0.9999999999999991
5.800000000000001                                 0.07546476519830363                               0.07546476519830363                               0.9999999999999991
5.800000000000001                                 0.0816743147805489                                0.0816743147805489                                0.9999999999999996
5.800000000000001                                 0.0827083854232238                                0.0827083854232238                                0.9999999999999991
5.800000000000001                                 0.08436139769695584                               0.08436139769695584                               1
5.800000000000001                                 0.08599912950539954                               0.08599912950539955                               0.9999999999999992
5.800000000000001                                 0.08932841724063012                               0.08932841724063013                               1.0000000000000016
5.800000000000001                                 0.09165082133433677+2.2841736121866772E-17i       0.09165082133433677+2.2841736121866775E-17i       0.999999999999998
5.800000000000001                                 0.09198633107314953                               0.09198633107314955                               0.9999999999999994
5.800000000000001                                 0.09668649685274429                               0.09668649685274429                               1.0000000000000004
5.800000000000001                                 0.10034529357045834                               0.10034529357045834                               1
5.800000000000001                                 0.1063160237421751                                0.1063160237421751                                1.0000000000000009
5.800000000000001                                 0.10831061004071968                               0.10831061004071968                               0.9999999999999994
5.800000000000001                                 0.11099872426538601                               0.11099872426538603                               0.9999999999999987
5.800000000000001                                 0.11816167126537323                               0.11816167126537323                               0.9999999999999999
5.800000000000001                                 0.12397330710684534                               0.12397330710684534                               1.0000000000000004
5.800000000000001                                 0.1321836393780514                                0.1321836393780514                                0.9999999999999976
5.800000000000001                                 0.13833435213289846                               0.13833435213289846                               1.0000000000000007
5.800000000000001                                 0.13921173456119623                               0.13921173456119623                               0.9999999999999997
5.800000000000001                                 0.14834587036129795                               0.14834587036129795                               0.9999999999999996
5.800000000000001                                 0.15353276726470333                               0.15353276726470333                               0.9999999999999996
5.800000000000001                                 0.15669134098710183                               0.15669134098710183                               0.999999999999999
5.800000000000001                                 0.1644120887686313                                0.1644120887686313                                1.0000000000000009
5.800000000000001                                 0.16661168931638823                               0.16661168931638823                               0.9999999999999987
5.800000000000001                                 0.17639056561302108+3.130579605454883E-17i        0.17639056561302108+3.130579605454883E-17i        1.0000000000000004
5.800000000000001                                 0.17858881523778822-3.18481622707566E-16i         0.17858881523778825-3.1848162270756607E-16i       1.0000000000000002
5.800000000000001                                 0.1869415626581621+6.932351000496684E-15i         0.1869415626581621+6.932351000496684E-15i         0.9999999999999987
6                                                 0.040348380017690505                              0.040348380017690505                              1.0000000000000004
6                                                 0.04691213101326632                               0.04691213101326633                               0.999999999999999
6                                                 0.05724530519894476                               0.05724530519894476                               0.9999999999999973
6                                                 0.07125423458232516                               0.07125423458232516                               1.0000000000000002
6                                                 0.07547244326944844                               0.07547244326944845                               0.9999999999999998
6                                                 0.08165714018383576                               0.08165714018383577                               1.0000000000000013
6                                                 0.08284098680344902                               0.08284098680344902                               0.9999999999999999
6                                                 0.08410258095539094                               0.08410258095539094                               1.0000000000000002
6                                                 0.08637019852308209                               0.08637019852308209                               0.9999999999999993
6                                                 0.08887555819146105                               0.08887555819146106                               1.0000000000000013
6                                                 0.09206248065391998                               0.09206248065391998                               1.0000000000000002
6                                                 0.09253747584990492                               0.09253747584990492                               0.9999999999999987
6                                                 0.09605455521655558                               0.09605455521655559                               1
6                                                 0.10107971735890285                               0.10107971735890285                               0.9999999999999982
6                                                 0.10550959517401405                               0.10550959517401406                               0.9999999999999993
6                                                 0.10786188512906755                               0.10786188512906755                               0.9999999999999994
6                                                 0.11190919918580136                               0.11190919918580138                               0.999999999999999
6                                                 0.1171826466801667                                0.1171826466801667                                0.9999999999999997
6                                                 0.12505858229668765                               0.12505858229668765                               1.0000000000000004
6                                                 0.13103296850866125                               0.13103296850866128                               1.0000000000000016
6                                                 0.13892080939010765                               0.13892080939010765                               1.0000000000000004
6                                                 0.14047119606206174                               0.14047119606206174                               0.9999999999999984
6                                                 0.14702412606144794                               0.14702412606144796                               1
6                                                 0.15292260915356481                               0.15292260915356481                               0.9999999999999994
6                                                 0.15812539553838137                               0.15812539553838137                               0.9999999999999997
6                                                 0.16446667849763666                               0.16446667849763666                               0.9999999999999988
6                                                 0.16511931323832107                               0.1651193132383211                                0.9999999999999993
6                                                 0.1779990117380047+7.399731134906188E-16i         0.1779990117380047+7.399731134906188E-16i         0.9999999999999998
6                                                 0.178481779188222-1.0404412293296261E-14i         0.17848177918822203-1.0404412293296261E-14i       1.000000000000001
6                                                 0.1852789797736657+2.9458038202404795E-15i        0.18527897977366573+2.94580382024048E-15i         0.9999999999999996
6.2                                               0.04040140836709711                               0.04040140836709711                               1.0000000000000013
6.2                                               0.046797794034330056                              0.04679779403433006                               1.0000000000000013
6.2                                               0.05747480879992545                               0.05747480879992545                               0.9999999999999993
6.2                                               0.07097534000163452                               0.07097534000163452                               0.9999999999999996
6.2                                               0.07548051892505973                               0.07548051892505973                               0.9999999999999986
6.2                                               0.08164430658380473                               0.08164430658380473                               0.9999999999999993
6.2                                               0.08300020562379727                               0.08300020562379727                               1.0000000000000013
6.2                                               0.08386143489275685                               0.08386143489275685                               0.9999999999999994
6.2                                               0.08675585819725551                               0.08675585819725551                               1.0000000000000002
6.2                                               0.08843735849653264                               0.08843735849653264                               0.999999999999999
6.2                                               0.09247376451538067                               0.09247376451538068                               0.9999999999999987
6.2                                               0.09310489919593859                               0.0931048991959386                                1.0000000000000004
6.2                                               0.09543663696863884                               0.09543663696863885                               0.9999999999999992
6.2                                               0.10182764882872358                               0.1018276488287236                                1.0000000000000018
6.2                                               0.10471693753074815                               0.10471693753074815                               1.0000000000000002
6.2                                               0.10741550091527749                               0.10741550091527749                               0.9999999999999997
6.2                                               0.11283308344984382                               0.11283308344984382                               0.9999999999999993
6.2                                               0.11621731564116008                               0.11621731564116008                               0.9999999999999988
6.2                                               0.12615725903633235                               0.12615725903633235                               0.9999999999999994
6.2                                               0.1298959942992391                                0.1298959942992391                                0.9999999999999997
6.2                                               0.13950942241916423                               0.13950942241916425                               1.0000000000000013
6.2                                               0.1417442172540404                                0.1417442172540404                                1.0000000000000016
6.2                                               0.14571611925072275                               0.14571611925072275                               0.9999999999999996
6.2                                               0.15231452635935894                               0.15231452635935894                               0.9999999999999979
6.2                                               0.1595729037787466                                0.1595729037787466                                0.9999999999999981
6.2                                               0.16364071665216554                               0.16364071665216554                               1.0000000000000007
6.2                                               0.16452373219082211                               0.16452373219082211                               1.0000000000000013
6.2                                               0.17837677700919807+2.155902991471872E-15i        0.17837677700919807+2.155902991471872E-15i        0.9999999999999994
6.2                                               0.17962107487538234-5.224548778763533E-16i        0.17962107487538237-5.224548778763534E-16i        0.9999999999999974
6.2                                               0.1836302699033992-1.1250587946890248E-16i        0.1836302699033992-1.1250587946890248E-16i        0.9999999999999994
6.4                                               0.04045613126981734                               0.04045613126981734                               1.0000000000000004
6.4                                               0.046685375249219944                              0.04668537524921995                               1.0000000000000009
6.4                                               0.0577061737017625                                0.0577061737017625                                1.000000000000001
6.4                                               0.0706983185365136                                0.0706983185365136                                0.9999999999999992
6.4                                               0.07548897814376346                               0.07548897814376347                               1.0000000000000009
6.4                                               0.08163942133295068                               0.08163942133295068                               1.0000000000000009
6.4                                               0.0831780723076066                                0.0831780723076066                                0.999999999999999
6.4                                               0.08364261332149721                               0.08364261332149721                               0.9999999999999996
6.4                                               0.08715385654030179                               0.08715385654030179                               1.0000000000000007
6.4                                               0.0880159131724827                                0.08801591317248271                               1.0000000000000016
6.4                                               0.0928859974170154                                0.09288599741701542                               0.9999999999999994
6.4                                               0.09368598331116225                               0.09368598331116225                               0.9999999999999999
6.4                                               0.09483391826723593                               0.09483391826723593                               1.000000000000001
6.4                                               0.10258843069654186                               0.10258843069654186                               1.0000000000000007
6.4                                               0.10393865896184738                               0.10393865896184738                               0.9999999999999994
6.4                                               0.1069714584345947                                0.1069714584345947                                1
6.4                                               0.11377003590064319                               0.11377003590064319                               0.9999999999999988
6.4                                               0.11526599359934504                               0.11526599359934504                               1.0000000000000002
6.4                                               0.12726912532676282                               0.12726912532676282                               0.9999999999999991
6.4                                               0.12877291394043228                               0.12877291394043228                               0.999999999999999
6.4                                               0.14010028439349315                               0.14010028439349315                               0.9999999999999999
6.4                                               0.14303054129667517                               0.14303054129667517                               1.0000000000000002
6.4                                               0.14442199976294498                               0.14442199976294498                               0.9999999999999991
6.4                                               0.15170859666322567                               0.15170859666322567                               1.0000000000000002
6.4                                               0.16103370276190587                               0.16103370276190587                               1.0000000000000002
6.4                                               0.1621760906575136                                0.1621760906575136                                1.0000000000000004
6.4                                               0.16458313430195992                               0.16458313430195995                               1.0000000000000016
6.4                                               0.1782740221359588-1.6564836369342754E-16i        0.1782740221359588-1.6564836369342754E-16i        0.9999999999999988
6.4                                               0.181256286874385+6.965897931597117E-16i          0.181256286874385+6.965897931597118E-16i          0.9999999999999984
6.4                                               0.18199568131047572                               0.18199568131047575                               1.0000000000000009
6.6000000000000005                                0.04051254281831585                               0.04051254281831585                               0.9999999999999988
6.6000000000000005                                0.04657487842174668                               0.04657487842174668                               0.9999999999999998
6.6000000000000005                                0.057939398138502324                              0.05793939813850233                               0.9999999999999987
6.6000000000000005                                0.07042319314692384                               0.07042319314692384                               1.0000000000000007
6.6000000000000005                                0.07549781154909606                               0.07549781154909606                               0.9999999999999973
6.6000000000000005                                0.08164442005244614                               0.08164442005244614                               0.9999999999999993
6.6000000000000005                                0.08332147804651194                               0.08332147804651195                               0.9999999999999996
6.6000000000000005                                0.08349739634738212                               0.08349739634738212                               1.0000000000000022
6.6000000000000005                                0.08750555001895598                               0.08750555001895598                               1
6.6000000000000005                                0.08766978980104846                               0.08766978980104846                               0.9999999999999982
6.6000000000000005                                0.09329971415980916                               0.09329971415980917                               1.0000000000000004
6.6000000000000005                                0.09418984279462343                               0.09418984279462343                               0.9999999999999991
6.6000000000000005                                0.09433669369811361                               0.09433669369811361                               0.9999999999999984
6.6000000000000005                                0.10315797893742484                               0.10315797893742486                               0.999999999999998
6.6000000000000005                                0.1033788174160893                                0.1033788174160893                                1.0000000000000009
6.6000000000000005                                0.10652975999333805                               0.10652975999333807                               1.0000000000000004
6.6000000000000005                                0.11432320121968864                               0.11432320121968864                               0.9999999999999999
6.6000000000000005                                0.1147255203502175                                0.11472552035021752                               1.0000000000000004
6.6000000000000005                                0.12766155130390255                               0.12766155130390255                               1
6.6000000000000005                                0.1283963460773703                                0.1283963460773703                                1.0000000000000013
6.6000000000000005                                0.14069341617967648                               0.14069341617967648                               0.9999999999999979
6.6000000000000005                                0.14314061095256198                               0.14314061095256198                               1.0000000000000018
6.6000000000000005                                0.14433129126553804                               0.14433129126553804                               1.0000000000000009
6.6000000000000005                                0.15110488218275026                               0.15110488218275026                               1.0000000000000016
6.6000000000000005                                0.16072455274080605                               0.16072455274080605                               0.9999999999999994
6.6000000000000005                                0.16250864030978046                               0.1625086403097805                                1.0000000000000009
6.6000000000000005                                0.16464484795423512                               0.16464484795423512                               0.9999999999999986
6.6000000000000005                                0.17817341433289574-3.856389691991341E-16i        0.17817341433289574-3.8563896919913414E-16i       1
6.6000000000000005                                0.1803741741488027-1.2163432144978356E-16i        0.1803741741488027-1.2163432144978356E-16i        0.999999999999998
6.6000000000000005                                0.18290577991614038-1.3667972470867274E-16i       0.18290577991614038-1.3667972470867274E-16i       0.9999999999999994
6.800000000000001                                 0.040570636534469635                              0.040570636534469635                              1.0000000000000009
6.800000000000001                                 0.04646630778664751                               0.04646630778664751                               0.9999999999999988
6.800000000000001                                 0.058174480318819416                              0.058174480318819416                              1.000000000000001
6.800000000000001                                 0.07014998264753361                               0.07014998264753361                               0.9999999999999996
6.800000000000001                                 0.07550701338515778                               0.07550701338515778                               0.9999999999999989
6.800000000000001                                 0.08165994479699071                               0.08165994479699071                               0.9999999999999989
6.800000000000001                                 0.08320822001383484                               0.08320822001383484                               1.000000000000001
6.800000000000001                                 0.08364735938962896                               0.08364735938962896                               0.9999999999999999
6.800000000000001                                 0.08719276546925492                               0.08719276546925492                               1.0000000000000007
6.800000000000001                                 0.08801713054394614                               0.08801713054394615                               0.9999999999999991
6.800000000000001                                 0.0936573438787189                                0.09365734387871891                               0.9999999999999992
6.800000000000001                                 0.0937155212189211                                0.09371552121892111                               0.9999999999999994
6.800000000000001                                 0.09490346199242405                               0.09490346199242405                               0.9999999999999999
6.800000000000001                                 0.10241739941647314                               0.10241739941647314                               1.0000000000000004
6.800000000000001                                 0.10415628580851025                               0.10415628580851026                               0.9999999999999984
6.800000000000001                                 0.10609041383806203                               0.10609041383806204                               0.9999999999999998
6.800000000000001                                 0.11340158450569565                               0.11340158450569565                               1
6.800000000000001                                 0.11568687963335617                               0.11568687963335618                               1.0000000000000002
6.800000000000001                                 0.1265662862320168                                0.1265662862320168                                1.0000000000000002
6.800000000000001                                 0.12953453173695023                               0.12953453173695023                               1.0000000000000009
6.800000000000001                                 0.14128882199170623                               0.14128882199170623                               0.9999999999999998
6.800000000000001                                 0.1418739589832015                                0.1418739589832015                                0.9999999999999993
6.800000000000001                                 0.14564444435602764                               0.14564444435602764                               0.9999999999999999
6.800000000000001                                 0.15050343317602471                               0.15050343317602471                               1.0000000000000029
6.800000000000001                                 0.15928737619508845                               0.15928737619508845                               0.9999999999999998
6.800000000000001                                 0.16399640255944598                               0.16399640255944598                               1.000000000000001
6.800000000000001                                 0.16470885389635945-2.682522601486408E-17i        0.16470885389635945-2.6825226014864082E-17i       1.000000000000001
6.800000000000001                                 0.1780749511612018-1.3045980548417688E-15i        0.1780749511612018-1.3045980548417688E-15i        1.0000000000000013
6.800000000000001                                 0.17876705849152302-1.963342183291814E-16i        0.17876705849152302-1.963342183291814E-16i        0.9999999999999998
6.800000000000001                                 0.1845682377772841+1.5479980387183076E-15i        0.18456823777728412+1.5479980387183078E-15i       1.0000000000000009
7                                                 0.040630405295004994                              0.040630405295004994                              0.9999999999999993
7                                                 0.04635966812758741                               0.04635966812758741                               0.9999999999999976
7                                                 0.05841141842181899                               0.05841141842181899                               1.000000000000001
7                                                 0.06987870264597093                               0.06987870264597093                               0.9999999999999997
7                                                 0.07551658070041159                               0.07551658070041159                               0.9999999999999978
7                                                 0.0816854849069869                                0.0816854849069869                                1.0000000000000004
7                                                 0.08304811223899702                               0.08304811223899702                               1.0000000000000009
7                                                 0.08388314093762858                               0.08388314093762858                               1.0000000000000004
7                                                 0.08681521141261114                               0.08681521141261116                               1.0000000000000013
7                                                 0.08845823268030684                               0.08845823268030684                               1.0000000000000018
7                                                 0.09309628548671135                               0.09309628548671137                               0.9999999999999988
7                                                 0.0941325682017796                                0.09413256820177962                               1.0000000000000016
7                                                 0.09552726628483658                               0.09552726628483658                               1.0000000000000002
7                                                 0.10167981433741637                               0.10167981433741638                               1.0000000000000016
7                                                 0.10495787037047838                               0.10495787037047838                               0.9999999999999989
7                                                 0.10565348670568656                               0.10565348670568656                               0.9999999999999994
7                                                 0.11249092166187805                               0.11249092166187806                               0.9999999999999989
7                                                 0.11666432763837088                               0.1166643276383709                                1.0000000000000013
7                                                 0.12548397472336786                               0.12548397472336786                               1.0000000000000007
7                                                 0.13068681773671265                               0.13068681773671265                               1.0000000000000004
7                                                 0.1406207803187382                                0.1406207803187382                                1.000000000000001
7                                                 0.14188650973046635                               0.14188650973046635                               0.9999999999999983
7                                                 0.1469712437190795                                0.14697124371907952                               1.0000000000000016
7                                                 0.1499042909262932                                0.1499042909262932                                1.0000000000000018
7                                                 0.15786387972344945                               0.15786387972344945                               1.0000000000000002
7                                                 0.16477487452956024                               0.16477487452956027                               1.0000000000000007
7                                                 0.16549789761418907                               0.16549789761418907                               1.0000000000000004
7                                                 0.1771736846006839                                0.1771736846006839                                1.0000000000000029
7                                                 0.17797870567203156+6.432639740072343E-16i        0.17797870567203156+6.432639740072343E-16i        0.999999999999998
7                                                 0.18624422739877255+2.088524597495558E-15i        0.18624422739877255+2.088524597495558E-15i        1.0000000000000004
7.2                                               0.040691841243993554                              0.040691841243993554                              1.000000000000003
7.2                                               0.04625496486760008                               0.04625496486760008                               1.0000000000000022
7.2                                               0.058650210593279205                              0.05865021059327921                               1.000000000000001
7.2                                               0.06960936621978732                               0.06960936621978733                               1.0000000000000013
7.2                                               0.07552651259177663                               0.07552651259177663                               1.0000000000000009
7.2                                               0.0817192426643252                                0.0817192426643252                                0.9999999999999988
7.2                                               0.08290554456267951                               0.08290554456267951                               1.0000000000000013
7.2                                               0.08414200234725679                               0.0841420023472568                                0.9999999999999997
7.2                                               0.08644982931087197                               0.08644982931087199                               0.9999999999999986
7.2                                               0.08891620191109545                               0.08891620191109546                               1.0000000000000022
7.2                                               0.09254772074675162                               0.09254772074675162                               1.0000000000000013
7.2                                               0.09455185369199749+1.3672789694719833E-17i       0.09455185369199749+1.3672789694719833E-17i       0.9999999999999973
7.2                                               0.09616607177943791                               0.09616607177943791                               0.9999999999999987
7.2                                               0.10095549929756935                               0.10095549929756935                               1.000000000000002
7.2                                               0.10521844475893774                               0.10521844475893774                               0.9999999999999977
7.2                                               0.10577383561642754                               0.10577383561642754                               1.0000000000000016
7.2                                               0.11159374023861665                               0.11159374023861666                               1.000000000000002
7.2                                               0.11765533356584908                               0.11765533356584908                               1.0000000000000007
7.2                                               0.12441525628087372                               0.12441525628087372                               1.000000000000001
7.2                                               0.13185255777143262                               0.13185255777143262                               0.9999999999999999
7.2                                               0.13938128047042841                               0.13938128047042841                               1.0000000000000002
7.2                                               0.1424864682010664                                0.1424864682010664                                1.0000000000000009
7.2                                               0.14831148021228696                               0.14831148021228696                               1.0000000000000002
7.2                                               0.14930749231108179                               0.14930749231108179                               0.9999999999999989
7.2                                               0.1564541351012327                                0.1564541351012327                                1.0000000000000009
7.2                                               0.16484326706380165                               0.16484326706380167                               1.0000000000000004
7.2                                               0.16701265286238093                               0.16701265286238093                               0.9999999999999998
7.2                                               0.17559419781964325                               0.17559419781964328                               1.0000000000000004
7.2                                               0.1778845660498164+8.211765474099496E-17i         0.17788456604981642+8.211765474099496E-17i        1.0000000000000018
7.2                                               0.18793370154789057+3.0063788266113896E-15i       0.1879337015478906+3.00637882661139E-15i          1.0000000000000002
7.4                                               0.04075493568975949                               0.04075493568975949                               0.9999999999999993
7.4                                               0.04615220417473276                               0.046152204174732765                              0.9999999999999989
7.4                                               0.05889085494223456                               0.05889085494223456                               0.9999999999999999
7.4                                               0.06934198441565585                               0.06934198441565585                               1.0000000000000007
7.4                                               0.07553680945210223                               0.07553680945210223                               1.000000000000001
7.4                                               0.08175773377766138                               0.08175773377766138                               1.0000000000000027
7.4                                               0.08278888645974698                               0.08278888645974698                               1.0000000000000004
7.4                                               0.08441874247447624                               0.08441874247447624                               0.9999999999999992
7.4                                               0.08609902322867102                               0.08609902322867104                               0.9999999999999999
7.4                                               0.08938874786185233                               0.08938874786185233                               0.9999999999999999
7.4                                               0.09201303468400422                               0.09201303468400422                               1.0000000000000004
7.4                                               0.09497313568660558                               0.09497313568660558                               0.9999999999999983
7.4                                               0.09681880493589527                               0.09681880493589527                               1.0000000000000002
7.4                                               0.10024487707545147                               0.10024487707545149                               1.0000000000000004
7.4                                               0.104786235543246                                 0.104786235543246                                 1.0000000000000002
7.4                                               0.1066028428619284                                0.1066028428619284                                1.000000000000001
7.4                                               0.11071020373054341                               0.11071020373054341                               1.000000000000001
7.4                                               0.11865974212494564                               0.11865974212494564                               1.0000000000000013
7.4                                               0.12336019532421301                               0.12336019532421302                               1.0000000000000004
7.4                                               0.1330316852926058                                0.1330316852926058                                1.0000000000000016
7.4                                               0.13815548207484007                               0.13815548207484007                               1
7.4                                               0.14308869982544073                               0.14308869982544073                               1.0000000000000022
7.4                                               0.14871304213799633                               0.14871304213799633                               1
7.4                                               0.14966514206757847                               0.14966514206757847                               0.999999999999999
7.4                                               0.15505815524635108                               0.15505815524635108                               0.9999999999999997
7.4                                               0.16491376821897152                               0.16491376821897152                               1.000000000000001
7.4                                               0.16854088106471157                               0.16854088106471157                               1.0000000000000022
7.4                                               0.1740285402999069                                0.1740285402999069                                1.0000000000000004
7.4                                               0.17779259885093956+3.116226910549483E-17i        0.1777925988509396+3.116226910549484E-17i         0.9999999999999996
7.4                                               0.1896365992260891                                0.18963659922608914                               0.9999999999999997
7.6000000000000005                                0.04081967898285077                               0.04081967898285078                               1.0000000000000004
7.6000000000000005                                0.04605139308622461                               0.04605139308622461                               0.9999999999999997
7.6000000000000005                                0.05913334953776872                               0.05913334953776873                               0.9999999999999993
7.6000000000000005                                0.06907656662473385                               0.06907656662473385                               0.9999999999999971
7.6000000000000005                                0.07554747223075599                               0.07554747223075599                               0.9999999999999999
7.6000000000000005                                0.0817953182671507                                0.0817953182671507                                0.9999999999999984
7.6000000000000005                                0.08270503777577237                               0.08270503777577237                               1.0000000000000002
7.6000000000000005                                0.08471123018691396                               0.08471123018691397                               0.9999999999999993
7.6000000000000005                                0.08576408913370959                               0.0857640891337096                                1.0000000000000009
7.6000000000000005                                0.08987486424971752                               0.08987486424971754                               1
7.6000000000000005                                0.091492975932867                                 0.091492975932867                                 1.0000000000000007
7.6000000000000005                                0.09539643577709543                               0.09539643577709543                               0.9999999999999996
7.6000000000000005                                0.09748494676951217                               0.09748494676951218                               0.9999999999999997
7.6000000000000005                                0.09954829960591159                               0.09954829960591159                               0.9999999999999983
7.6000000000000005                                0.10435625637684423                               0.10435625637684424                               0.9999999999999991
7.6000000000000005                                0.1074452682876466                                0.1074452682876466                                1.0000000000000009
7.6000000000000005                                0.10984048044564049                               0.10984048044564049                               0.9999999999999993
7.6000000000000005                                0.11967743881407762                               0.11967743881407762                               0.9999999999999996
7.6000000000000005                                0.12231887676908527                               0.12231887676908527                               0.9999999999999994
7.6000000000000005                                0.13422413191909482                               0.13422413191909482                               0.9999999999999998
7.6000000000000005                                0.13694343616668708-1.7113961266353577E-17i       0.13694343616668708-1.7113961266353577E-17i       1.0000000000000007
7.6000000000000005                                0.1436932011230294                                0.1436932011230294                                0.9999999999999997
7.6000000000000005                                0.14812100277273424-1.8062550826453956E-17i       0.14812100277273424-1.8062550826453956E-17i       1.0000000000000007
7.6000000000000005                                0.15103213973380092                               0.15103213973380092                               0.9999999999999989
7.6000000000000005                                0.15367597692500157                               0.15367597692500157                               1.0000000000000013
7.6000000000000005                                0.16498638686798509                               0.1649863868679851                                0.9999999999999996
7.6000000000000005                                0.17008250156565238                               0.17008250156565238                               1.0000000000000002
7.6000000000000005                                0.17247675643416444                               0.17247675643416446                               1.0000000000000009
7.6000000000000005                                0.177702796949183                                 0.17770279694918303                               0.999999999999998
7.6000000000000005                                0.19066508938168222                               0.19066508938168225                               0.9999999999999993
7.800000000000001                                 0.04088606037095638                               0.04088606037095638                               0.999999999999997
7.800000000000001                                 0.04595253965538414                               0.04595253965538414                               1
7.800000000000001                                 0.05937769240593503                               0.05937769240593503                               1.0000000000000024
7.800000000000001                                 0.06881312086993085                               0.06881312086993087                               0.9999999999999976
7.800000000000001                                 0.0755585017592948                                0.0755585017592948                                0.999999999999999
7.800000000000001                                 0.08182453550060037                               0.08182453550060038                               1.0000000000000009
7.800000000000001                                 0.08266196415100562                               0.08266196415100562                               0.9999999999999981
7.800000000000001                                 0.08501382252898071                               0.08501382252898071                               0.9999999999999982
7.800000000000001                                 0.08545029511266583                               0.08545029511266583                               0.9999999999999997
7.800000000000001                                 0.09037048571330152                               0.09037048571330152                               0.9999999999999983
7.800000000000001                                 0.09099150949466009                               0.0909915094946601                                0.9999999999999998
7.800000000000001                                 0.09582176864171202                               0.09582176864171202                               0.9999999999999983
7.800000000000001                                 0.09816206668397773                               0.09816206668397773                               1.000000000000001
7.800000000000001                                 0.09886812246821558                               0.09886812246821558                               1
7.800000000000001                                 0.10392860626483139                               0.1039286062648314                                0.9999999999999993
7.800000000000001                                 0.10829947029783228                               0.10829947029783228                               0.9999999999999973
7.800000000000001                                 0.1089860865520545                                0.10898608655205451                               0.9999999999999987
7.800000000000001                                 0.12070727606522344                               0.12070727606522344                               1.000000000000001
7.800000000000001                                 0.12129243029248594                               0.12129243029248594                               1.0000000000000004
7.800000000000001                                 0.1354283591824761                                0.1354283591824761                                1.0000000000000007
7.800000000000001                                 0.13574666765266377                               0.13574666765266377                               0.9999999999999994
7.800000000000001                                 0.14429996838663303                               0.14429996838663303                               1.0000000000000002
7.800000000000001                                 0.14753137030423424                               0.14753137030423424                               1.0000000000000004
7.800000000000001                                 0.15230376412805177                               0.15230376412805177                               0.9999999999999991
7.800000000000001                                 0.15241632094657442                               0.15241632094657442                               0.9999999999999992
7.800000000000001                                 0.16506110594281287+2.1969863358508014E-17i       0.16506110594281287+2.1969863358508014E-17i       1.0000000000000018
7.800000000000001                                 0.1709381950933928                                0.17093819509339284                               1.0000000000000022
7.800000000000001                                 0.17163815163642143                               0.17163815163642143                               1.0000000000000016
7.800000000000001                                 0.1776151608491482                                0.17761516084914822                               1.0000000000000013
7.800000000000001                                 0.19091746149888383                               0.19091746149888383                               1.000000000000001
8                                                 0.04095406782571978                               0.04095406782571978                               0.9999999999999988
8                                                 0.04585565312645137                               0.04585565312645138                               0.9999999999999997
8                                                 0.05962388152683384                               0.05962388152683384                               0.9999999999999989
8                                                 0.06855165402941274                               0.06855165402941274                               1.0000000000000013
8                                                 0.07556989821121157                               0.07556989821121157                               1
8                                                 0.08183887196667632                               0.08183887196667632                               0.9999999999999977
8                                                 0.08266638230929138                               0.0826663823092914                                0.9999999999999997
8                                                 0.08510667481093581                               0.08510667481093583                               1.0000000000000002
8                                                 0.08537731326479658                               0.0853773132647966                                0.9999999999999988
8                                                 0.09047413954474177                               0.09047413954474177                               1.0000000000000002
8                                                 0.09091006171626605                               0.09091006171626606                               0.9999999999999988
8                                                 0.0962491429852757                                0.09624914298527572                               1.000000000000002
8                                                 0.09818769828412745                               0.09818769828412745                               1.0000000000000004
8                                                 0.09886677027967322                               0.09886677027967324                               1.0000000000000013
8                                                 0.10350329693930631                               0.10350329693930631                               0.9999999999999998
8                                                 0.10813853224947147                               0.10813853224947147                               1.0000000000000016
8                                                 0.10917391164958166                               0.10917391164958166                               1.000000000000001
8                                                 0.12027569546847604                               0.12027569546847604                               1.0000000000000009
8                                                 0.12175440024408557                               0.12175440024408557                               0.9999999999999993
8                                                 0.13455967042981154                               0.13455967042981154                               0.999999999999999
8                                                 0.136649860754882                                 0.136649860754882                                 1.0000000000000024
8                                                 0.14490899687063152                               0.14490899687063152                               0.9999999999999989
8                                                 0.14694416577855646                               0.14694416577855646                               0.9999999999999981
8                                                 0.1509524276067886                                0.1509524276067886                                1.0000000000000007
8                                                 0.15380676007329974                               0.15380676007329974                               1.0000000000000002
8                                                 0.1651379085960916                                0.16513790859609162                               0.9999999999999992
8                                                 0.1694143184031247                                0.16941431840312474                               1.0000000000000009
8                                                 0.17320635698670778                               0.17320635698670778                               1
8                                                 0.1775296921374054                                0.17752969213740544                               0.9999999999999992
8                                                 0.18990180323915928                               0.1899018032391593                                1.000000000000001
8.200000000000001                                 0.04102368783486801                               0.04102368783486802                               0.9999999999999998
8.200000000000001                                 0.04576074414388383                               0.04576074414388383                               0.9999999999999987
8.200000000000001                                 0.05987191483171013                               0.05987191483171013                               0.9999999999999996
8.200000000000001                                 0.06829217201298057+8.428200448984637E-18i        0.06829217201298059+8.428200448984637E-18i        0.9999999999999983
8.200000000000001                                 0.07558166075742279                               0.07558166075742279                               1.0000000000000002
8.200000000000001                                 0.08183727551256745                               0.08183727551256745                               0.9999999999999994
8.200000000000001                                 0.08271935655018418                               0.08271935655018418                               0.9999999999999988
8.200000000000001                                 0.08483241002888309                               0.0848324100288831                                1.0000000000000007
8.200000000000001                                 0.08570248403009637                               0.08570248403009637                               1.0000000000000002
8.200000000000001                                 0.0900047102350784                                0.0900047102350784                                1.000000000000001
8.200000000000001                                 0.09142973208218785                               0.09142973208218787                               1.0000000000000004
8.200000000000001                                 0.09667856269449011                               0.09667856269449011                               1.0000000000000024
8.200000000000001                                 0.09753517270732881                               0.09753517270732882                               0.9999999999999993
8.200000000000001                                 0.09957088877535776                               0.09957088877535776                               0.999999999999999
8.200000000000001                                 0.10308033414170614                               0.10308033414170614                               1.0000000000000022
8.200000000000001                                 0.10731055688374312                               0.10731055688374312                               0.9999999999999994
8.200000000000001                                 0.11005583876520993                               0.11005583876520993                               0.9999999999999993
8.200000000000001                                 0.11927553830360757                               0.11927553830360757                               1.000000000000002
8.200000000000001                                 0.12281193329774184                               0.12281193329774186                               1.0000000000000004
8.200000000000001                                 0.13338872164864973                               0.13338872164864973                               1.000000000000002
8.200000000000001                                 0.1378823474428767                                0.1378823474428767                                1.0000000000000024
8.200000000000001                                 0.14552027472381962                               0.14552027472381962                               1.0000000000000007
8.200000000000001                                 0.14635941158015203                               0.14635941158015203                               1
8.200000000000001                                 0.14961147377809883                               0.14961147377809883                               0.9999999999999998
8.200000000000001                                 0.1552139392138214                                0.1552139392138214                                1.0000000000000007
8.200000000000001                                 0.16521677965039988                               0.16521677965039988                               0.9999999999999999
8.200000000000001                                 0.16790395393391916                               0.16790395393391916                               0.9999999999999977
8.200000000000001                                 0.17478827711422062                               0.17478827711422062                               0.9999999999999999
8.200000000000001                                 0.1774463938657132+2.2614597954952336E-17i        0.1774463938657132+2.2614597954952336E-17i        1.000000000000001
8.200000000000001                                 0.1882226585229976                                0.18822265852299763                               0.9999999999999996
8.4                                               0.041094905151415013                              0.04109490515141502                               0.9999999999999998
8.4                                               0.04566782500430642                               0.04566782500430642                               0.9999999999999998
8.4                                               0.06012179019998874                               0.06012179019998874                               0.9999999999999994
8.4                                               0.06803467990312514                               0.06803467990312514                               0.9999999999999992
8.4                                               0.0755937874527915                                0.0755937874527915                                0.9999999999999992
8.4                                               0.0818250520908789                                0.0818250520908789                                0.9999999999999989
8.4                                               0.08281541307696687                               0.08281541307696687                               1.000000000000001
8.4                                               0.08456034902383139                               0.08456034902383139                               1.0000000000000009
8.4                                               0.08605657871972705                               0.08605657871972705                               1.0000000000000002
8.4                                               0.0895413156935828                                0.08954131569358281                               1.0000000000000018
8.4                                               0.09197141414973513                               0.09197141414973513                               1.0000000000000033
8.4                                               0.09689354628380191                               0.09689354628380192                               1.0000000000000013
8.4                                               0.09711003915547715                               0.09711003915547715                               1.0000000000000029
8.4                                               0.10029140219754647                               0.10029140219754647                               0.999999999999999
8.4                                               0.10265972461911466                               0.10265972461911467                               0.9999999999999982
8.4                                               0.10649533755243373                               0.10649533755243375                               1.0000000000000007
8.4                                               0.11095206738628571                               0.11095206738628573                               0.9999999999999992
8.4                                               0.11828872203949783                               0.11828872203949783                               1.0000000000000007
8.4                                               0.12388310197600937                               0.12388310197600937                               1.0000000000000002
8.4                                               0.13223134397125544                               0.13223134397125544                               0.9999999999999981
8.4                                               0.13912828481491052                               0.13912828481491052                               1.0000000000000002
8.4                                               0.1457770169950239                                0.1457770169950239                                0.9999999999999997
8.4                                               0.14613390070690185                               0.14613390070690185                               1.0000000000000004
8.4                                               0.14828421422290652                               0.14828421422290652                               1.0000000000000009
8.4                                               0.15663453600163146                               0.15663453600163146                               1
8.4                                               0.16529770461095453                               0.16529770461095453                               1.0000000000000007
8.4                                               0.16640737940982298                               0.16640737940982298                               1.0000000000000004
8.4                                               0.1763836107272024                                0.1763836107272024                                1.0000000000000007
8.4                                               0.17736528098160215-7.599572714487381E-17i        0.17736528098160217-7.599572714487381E-17i        1.0000000000000004
8.4                                               0.18655738544367917-3.0357151988403406E-15i       0.18655738544367917-3.035715198840341E-15i        1.0000000000000004
8.6                                               0.041167702489572605                              0.041167702489572605                              1.0000000000000018
8.6                                               0.04557690996176577                               0.04557690996176577                               0.9999999999999981
8.6                                               0.06037350545633938                               0.060373505456339384                              1.0000000000000002
8.6                                               0.06777918206929756                               0.06777918206929756                               0.9999999999999996
8.6                                               0.07560627535086782                               0.07560627535086782                               0.9999999999999993
8.6                                               0.08180980345960406                               0.08180980345960406                               0.9999999999999999
8.6                                               0.08294653152946274                               0.08294653152946274                               0.9999999999999997
8.6                                               0.0843032509892596                                0.0843032509892596                                0.9999999999999997
8.6                                               0.08642709979328213                               0.08642709979328214                               0.9999999999999997
8.6                                               0.08909130267743318                               0.08909130267743319                               0.9999999999999994
8.6                                               0.09252781288054324                               0.09252781288054324                               0.9999999999999997
8.6                                               0.09626539351782312                               0.09626539351782314                               1
8.6                                               0.09754354490531485                               0.09754354490531485                               0.9999999999999998
8.6                                               0.10102576763479254                               0.10102576763479254                               0.9999999999999992
8.6                                               0.10224148452380472                               0.10224148452380473                               0.9999999999999999
8.6                                               0.10569366024175825                               0.10569366024175826                               0.9999999999999988
8.6                                               0.11186181441776834                               0.11186181441776834                               0.9999999999999983
8.6                                               0.1173155055754636                                0.11731550557546361                               0.9999999999999996
8.6                                               0.12496764134309124                               0.12496764134309124                               0.9999999999999994
8.6                                               0.13108762528052978                               0.13108762528052978                               0.9999999999999979
8.6                                               0.1403875740225969                                0.1403875740225969                                0.9999999999999991
8.6                                               0.14519720450464652                               0.14519720450464652                               0.9999999999999993
8.6                                               0.14674965501031195+2.4045226513885526E-17i       0.14674965501031195+2.4045226513885526E-17i       0.9999999999999983
8.6                                               0.14697068584149636                               0.14697068584149636                               0.9999999999999987
8.6                                               0.1580685072647452                                0.1580685072647452                                0.9999999999999997
8.6                                               0.16492459100520973                               0.16492459100520973                               1.0000000000000013
8.6                                               0.16538068906619752                               0.16538068906619752                               1
8.6                                               0.17728623929156445-5.4136995022967475E-16i       0.17728623929156448-5.4136995022967475E-16i       0.9999999999999989
8.6                                               0.17799244872331552-6.527226477966529E-17i        0.17799244872331554-6.527226477966529E-17i        0.9999999999999972
8.6                                               0.18490599271728797-4.457438725284086E-16i        0.18490599271728797-4.457438725284087E-16i        1.0000000000000016
8.8                                               0.04124206015377786                               0.04124206015377786                               1.0000000000000013
8.8                                               0.0454880155996646                                0.0454880155996646                                1.0000000000000007
8.8                                               0.0606270583675962                                0.06062705836759621                               1.0000000000000004
8.8                                               0.06752568226145036                               0.06752568226145036                               0.9999999999999983
8.8                                               0.07561912080357905                               0.07561912080357905                               0.9999999999999973
8.8                                               0.08179782051393616                               0.08179782051393616                               0.9999999999999993
8.8                                               0.0831054635441366                                0.08310546354413662                               0.9999999999999978
8.8                                               0.0840633293616562                                0.0840633293616562                                1.0000000000000007
8.8                                               0.08681242308359077                               0.08681242308359077                               1.000000000000001
8.8                                               0.0886557310486842                                0.0886557310486842                                1.0000000000000016
8.8                                               0.0930980156125192                                0.0930980156125192                                1.0000000000000002
8.8                                               0.09565115372868437                               0.09565115372868437                               0.999999999999999
8.8                                               0.09797909136189593                               0.09797909136189595                               0.9999999999999991
8.8                                               0.10177274497023238                               0.10177274497023238                               0.9999999999999998
8.8                                               0.1018264813321198                                0.1018264813321198                                0.9999999999999978
8.8                                               0.1049057110125445                                0.1049057110125445                                1.0000000000000016
8.8                                               0.11278492377112198                               0.11278492377112198                               1.0000000000000007
8.8                                               0.11635596832981382                               0.11635596832981383                               0.9999999999999996
8.8                                               0.1260654782852324                                0.1260654782852324                                1.0000000000000007
8.8                                               0.12995760160191508                               0.1299576016019151                                1.0000000000000007
8.8                                               0.14166017150889604                               0.14166017150889604                               0.9999999999999992
8.8                                               0.14461982299687987                               0.14461982299687987                               1.0000000000000007
8.8                                               0.14567089715404247                               0.14567089715404247                               1.0000000000000007
8.8                                               0.14736770575470592                               0.14736770575470592                               0.9999999999999998
8.8                                               0.15951582480866114                               0.15951582480866114                               0.9999999999999991
8.8                                               0.1634556369037435                                0.1634556369037435                                1.0000000000000016
8.8                                               0.1654656872403853                                0.1654656872403853                                1.0000000000000009
8.8                                               0.17720948118496538-2.034126424359844E-16i        0.1772094811849654-2.0341264243598443E-16i        0.9999999999999997
8.8                                               0.17961455450354127-7.929743512243394E-17i        0.17961455450354127-7.929743512243394E-17i        1.0000000000000009
8.8                                               0.1832684934318866-2.452799610765006E-16i         0.1832684934318866-2.452799610765006E-16i         0.9999999999999989
9                                                 0.041317955583419844                              0.041317955583419844                              1.0000000000000002
9                                                 0.04540116128681922-7.430681647762324E-18i        0.04540116128681922-7.430681647762324E-18i        1.0000000000000018
9                                                 0.06088244663949011                               0.06088244663949011                               0.9999999999999996
9                                                 0.06727418368738745                               0.06727418368738745                               0.9999999999999982
9                                                 0.07563231986980429                               0.07563231986980429                               1.0000000000000009
9                                                 0.081793187702731                                 0.081793187702731                                 1.0000000000000004
9                                                 0.08328512605684989                               0.08328512605684989                               1
9                                                 0.08384394241215398                               0.08384394241215398                               0.9999999999999983
9                                                 0.08721084670598832                               0.08721084670598832                               0.9999999999999996
9                                                 0.08823610906086211                               0.08823610906086213                               0.9999999999999998
9                                                 0.09368105372452315                               0.09368105372452316                               0.9999999999999987
9                                                 0.09505166779579095                               0.09505166779579095                               1.0000000000000004
9                                                 0.09841665334499604                               0.09841665334499604                               1.0000000000000004
9                                                 0.10141200589672633                               0.10141200589672633                               0.9999999999999987
9                                                 0.10253456656475361                               0.10253456656475361                               0.9999999999999984
9                                                 0.10413192323388938                               0.1041319232338894                                0.9999999999999994
9                                                 0.11372111826404113                               0.11372111826404113                               1.0000000000000022
9                                                 0.11541035626784574                               0.11541035626784575                               1.0000000000000007
9                                                 0.12717643349003668                               0.12717643349003668                               1.0000000000000009
9                                                 0.12884143116714672                               0.12884143116714672                               0.9999999999999999
9                                                 0.14294591610640586                               0.14294591610640586                               1.0000000000000007
9                                                 0.14404489501903764                               0.14404489501903764                               1.0000000000000013
9                                                 0.14438502163583744                               0.14438502163583744                               1.0000000000000007
9                                                 0.1479880040845722                                0.1479880040845722                                0.9999999999999997
9                                                 0.16097630099336713                               0.16097630099336713                               1.000000000000002
9                                                 0.16200066382653916                               0.16200066382653916                               0.9999999999999996
9                                                 0.16555271744615752                               0.16555271744615752                               1.0000000000000002
9                                                 0.177134870198987-1.6953569454709265E-16i         0.177134870198987-1.6953569454709265E-16i         0.9999999999999999
9                                                 0.18124952131523864-1.1736816123538425E-15i       0.18124952131523864-1.1736816123538425E-15i       0.999999999999998
9                                                 0.18164542002871387-9.275326041038824E-16i        0.1816454200287139-9.275326041038824E-16i         1.0000000000000009
9.200000000000001                                 0.04139536279070233                               0.04139536279070233                               1.0000000000000009
9.200000000000001                                 0.045316369740442085-5.970084849314049E-18i       0.04531636974044209-5.970084849314049E-18i        1
9.200000000000001                                 0.06113966791324681                               0.06113966791324681                               0.9999999999999991
9.200000000000001                                 0.0670246890774372+8.532796879497458E-18i         0.0670246890774372+8.532796879497458E-18i         0.9999999999999967
9.200000000000001                                 0.07564586873897637                               0.07564586873897637                               0.9999999999999996
9.200000000000001                                 0.08179815359279577                               0.08179815359279577                               1.0000000000000016
9.200000000000001                                 0.08345895532101687                               0.08345895532101688                               1.0000000000000002
9.200000000000001                                 0.08366953870092424                               0.08366953870092424                               1.0000000000000027
9.200000000000001                                 0.08760320201056032                               0.08760320201056032                               0.9999999999999988
9.200000000000001                                 0.08785151110742245                               0.08785151110742247                               1.000000000000001
9.200000000000001                                 0.09425933947256036                               0.09425933947256036                               1.0000000000000007
9.200000000000001                                 0.09448446558796979                               0.09448446558796979                               1.0000000000000007
9.200000000000001                                 0.09885617761761795                               0.09885617761761796                               0.9999999999999999
9.200000000000001                                 0.10100097031408141                               0.10100097031408141                               0.9999999999999987
9.200000000000001                                 0.10328117220106699-2.2046280837548205E-17i       0.103281172201067-2.2046280837548205E-17i         0.9999999999999994
9.200000000000001                                 0.10339946626463595                               0.10339946626463595                               1.0000000000000018
9.200000000000001                                 0.11447005209594796                               0.11447005209594797                               1.0000000000000004
9.200000000000001                                 0.11467899539894308                               0.11467899539894308                               1.0000000000000009
9.200000000000001                                 0.12773678800465274                               0.12773678800465277                               1.0000000000000004
9.200000000000001                                 0.12830281573909066                               0.12830281573909066                               1.0000000000000002
9.200000000000001                                 0.14311176964125358                               0.14311176964125358                               0.9999999999999984
9.200000000000001                                 0.14347255005825088                               0.14347255005825088                               0.9999999999999991
9.200000000000001                                 0.14424594839974517                               0.14424594839974517                               1.0000000000000009
9.200000000000001                                 0.14861055548155333                               0.14861055548155333                               1.0000000000000007
9.200000000000001                                 0.16055875454992113                               0.16055875454992113                               0.9999999999999997
9.200000000000001                                 0.16245084351585704                               0.16245084351585704                               0.9999999999999984
9.200000000000001                                 0.16564176801391128                               0.16564176801391128                               0.9999999999999997
9.200000000000001                                 0.17706243111944947-1.815214485082807E-16i        0.17706243111944947-1.815214485082807E-16i        1.0000000000000009
9.200000000000001                                 0.1800348606021839+7.265016273484918E-17i         0.1800348606021839+7.265016273484918E-17i         1.0000000000000016
9.200000000000001                                 0.1828992253083392+3.128454705191268E-16i         0.1828992253083392+3.1284547051912685E-16i        0.9999999999999992
9.4                                               0.041474251661773175                              0.041474251661773175                              1.0000000000000016
9.4                                               0.04523366772566735                               0.04523366772566735                               0.9999999999999996
9.4                                               0.06139871976184841                               0.06139871976184841                               1.0000000000000004
9.4                                               0.0667772007389288                                0.0667772007389288                                0.9999999999999979
9.4                                               0.0756597640770628                                0.0756597640770628                                1
9.4                                               0.08181359414769417                               0.08181359414769417                               0.9999999999999998
9.4                                               0.08340918901692046                               0.08340918901692047                               1.0000000000000013
9.4                                               0.08375703551941971                               0.08375703551941972                               1.0000000000000002
9.4                                               0.08741773613346407                               0.08741773613346408                               1.0000000000000004
9.4                                               0.0880736453659024                                0.08807364536590241                               1.0000000000000013
9.4                                               0.09388270685856713                               0.09388270685856714                               0.9999999999999988
9.4                                               0.09489968475588705                               0.09489968475588706                               0.9999999999999996
9.4                                               0.09929747280851195                               0.09929747280851195                               0.9999999999999993
9.4                                               0.10059255697549498                               0.10059255697549498                               1.000000000000002
9.4                                               0.10262019516797519                               0.10262019516797519                               1.0000000000000009
9.4                                               0.10410169716168972                               0.10410169716168972                               0.9999999999999992
9.4                                               0.11355759585013156                               0.11355759585013157                               0.999999999999999
9.4                                               0.11563600002517377                               0.11563600002517378                               1.0000000000000016
9.4                                               0.12664876515475143                               0.12664876515475143                               1.0000000000000004
9.4                                               0.12943951616784685                               0.12943951616784685                               1.0000000000000009
9.4                                               0.14185339336801694                               0.14185339336801694                               0.9999999999999989
9.4                                               0.14290259774494146                               0.14290259774494146                               0.9999999999999992
9.4                                               0.14555818347447919                               0.14555818347447919                               1.0000000000000018
9.4                                               0.14923536804465112                               0.14923536804465112                               0.9999999999999991
9.4                                               0.15913121327851337                               0.15913121327851337                               1.0000000000000018
9.4                                               0.16393812618797804                               0.16393812618797804                               1.000000000000002
9.4                                               0.16573284063586569                               0.16573284063586569                               1.0000000000000002
9.4                                               0.17699216583269323-2.368378750664518E-17i        0.17699216583269323-2.3683787506645182E-17i       0.9999999999999994
9.4                                               0.17843896488743796+2.426105715062057E-17i        0.178438964887438+2.4261057150620573E-17i         1
9.4                                               0.18456150347311545-2.3380567108032608E-17i       0.18456150347311548-2.338056710803261E-17i        1.0000000000000022
9.600000000000001                                 0.04155458708190939                               0.04155458708190939                               1.0000000000000004
9.600000000000001                                 0.04515308693098567                               0.04515308693098567                               0.9999999999999989
9.600000000000001                                 0.061659599685940876                              0.061659599685940876                              0.9999999999999989
9.600000000000001                                 0.0665317206025598                                0.0665317206025598                                0.9999999999999996
9.600000000000001                                 0.07567400322309831                               0.07567400322309831                               1.0000000000000004
9.600000000000001                                 0.08183923720832091                               0.08183923720832091                               0.9999999999999989
9.600000000000001                                 0.08325393065441286                               0.08325393065441286                               0.9999999999999996
9.600000000000001                                 0.08398855818701606                               0.08398855818701607                               1.000000000000001
9.600000000000001                                 0.08704436078715894                               0.08704436078715894                               0.9999999999999993
9.600000000000001                                 0.08851259311574657                               0.08851259311574657                               0.9999999999999997
9.600000000000001                                 0.09332565388372055                               0.09332565388372056                               0.9999999999999973
9.600000000000001                                 0.09552281819109855                               0.09552281819109855                               1
9.600000000000001                                 0.09973890432571571                               0.09973890432571571                               0.999999999999997
9.600000000000001                                 0.10018841407990509                               0.10018841407990509                               1
9.600000000000001                                 0.10188748634624628                               0.10188748634624628                               0.9999999999999996
9.600000000000001                                 0.1049027420555593                                0.10490274205555931                               1.000000000000001
9.600000000000001                                 0.1126527485112565                                0.1126527485112565                                0.9999999999999991
9.600000000000001                                 0.11661235926298459                               0.11661235926298459                               0.9999999999999989
9.600000000000001                                 0.12557341298461844                               0.12557341298461844                               0.999999999999999
9.600000000000001                                 0.13059046939415747                               0.13059046939415747                               0.9999999999999984
9.600000000000001                                 0.14060845864664673                               0.14060845864664673                               0.9999999999999996
9.600000000000001                                 0.14233515716888837                               0.14233515716888837                               1.0000000000000007
9.600000000000001                                 0.1468838966125689                                0.1468838966125689                                0.9999999999999997
9.600000000000001                                 0.1498624655960761                                0.1498624655960761                                0.9999999999999989
9.600000000000001                                 0.15771736751882623                               0.15771736751882623                               0.9999999999999974
9.600000000000001                                 0.16543866096981708                               0.16543866096981708                               0.999999999999999
9.600000000000001                                 0.16582607626140047                               0.16582607626140047                               0.9999999999999999
9.600000000000001                                 0.1768567202114667-2.1765584874762358E-16i        0.1768567202114667-2.1765584874762358E-16i        1.0000000000000009
9.600000000000001                                 0.1769242450467575+1.4563095419665015E-15i        0.1769242450467575+1.4563095419665017E-15i        1
9.600000000000001                                 0.1862371856903609+2.878879298815906E-16i         0.18623718569036093+2.878879298815906E-16i        0.9999999999999992
9.8                                               0.04163632783246573                               0.04163632783246573                               0.9999999999999987
9.8                                               0.04507466507186797                               0.04507466507186798                               1.0000000000000016
9.8                                               0.0619223051092083                                0.061922305109208306                              0.9999999999999972
9.8                                               0.06628825026227639                               0.06628825026227639                               0.9999999999999973
9.8                                               0.07568858419967756                               0.07568858419967757                               0.9999999999999988
9.8                                               0.0818736137137511                                0.0818736137137511                                0.999999999999999
9.8                                               0.08311198947171637                               0.08311198947171637                               1.0000000000000002
9.8                                               0.08424664054199847                               0.08424664054199847                               1.000000000000002
9.8                                               0.08668175350011045                               0.08668175350011045                               0.9999999999999998
9.8                                               0.08896970929585456                               0.08896970929585456                               0.9999999999999987
9.8                                               0.09278080297022975                               0.09278080297022975                               1.000000000000002
9.8                                               0.09616125564408362                               0.09616125564408362                               1.0000000000000002
9.8                                               0.09977649390028626                               0.09977649390028626                               0.9999999999999999
9.8                                               0.10019252506300547                               0.10019252506300547                               0.9999999999999989
9.8                                               0.10116787255405978                               0.10116787255405978                               0.9999999999999996
9.8                                               0.10571777099267017                               0.10571777099267017                               0.9999999999999992
9.8                                               0.11176133568645345                               0.11176133568645347                               1.0000000000000013
9.8                                               0.117602239712189                                 0.117602239712189                                 1.0000000000000004
9.8                                               0.12451163979177982                               0.12451163979177982                               1.0000000000000009
9.8                                               0.13175475332746708                               0.13175475332746708                               1.000000000000001
9.8                                               0.13937719303285312                               0.13937719303285315                               1.0000000000000007
9.8                                               0.14177021694215722                               0.14177021694215722                               1.0000000000000004
9.8                                               0.14822279037115532                               0.14822279037115532                               0.999999999999999
9.8                                               0.15049191271501838                               0.15049191271501838                               1.000000000000001
9.8                                               0.15631727791047528                               0.1563172779104753                                0.9999999999999989
9.8                                               0.16592080315545316                               0.16592080315545316                               1.0000000000000002
9.8                                               0.1669530400210123                                0.1669530400210123                                1.0000000000000004
9.8                                               0.17528862578165755                               0.17528862578165755                               1.000000000000001
9.8                                               0.17685819283954357                               0.17685819283954357                               1.000000000000002
9.8                                               0.18792623498455707-5.338445265559333E-16i        0.18792623498455707-5.338445265559333E-16i        0.9999999999999967
10                                                0.041719425189476154                              0.04171942518947616                               0.9999999999999977
10                                                0.04499844729266721                               0.04499844729266721                               1
10                                                0.062186833372964274                              0.06218683337296428                               0.9999999999999979
10                                                0.06604679101007761+1.7867148159673346E-17i       0.06604679101007761+1.7867148159673346E-17i       0.9999999999999979
10                                                0.07570350554336092                               0.07570350554336092                               0.9999999999999986
10                                                0.08191375487549209                               0.08191375487549209                               0.9999999999999993
10                                                0.08299423501448269                               0.08299423501448269                               1.0000000000000004
10                                                0.08452311294888583                               0.08452311294888584                               1.0000000000000024
10                                                0.08633342785587918                               0.08633342785587919                               1
10                                                0.08944157050126854                               0.08944157050126854                               1.0000000000000002
10                                                0.09224968504805152                               0.09224968504805152                               0.9999999999999991
10                                                0.0968135178773228                                0.09681351787732281                               1.0000000000000002
10                                                0.09937734041489668                               0.0993773404148967                                1.0000000000000024
10                                                0.10046188775380395                               0.10046188775380396                               1
10                                                0.10063780025879888-2.1066873531010338E-17i       0.10063780025879888-2.106687353101034E-17i        1.000000000000001
10                                                0.10654626648994436                               0.10654626648994436                               0.9999999999999993
10                                                0.11088354004310542                               0.11088354004310544                               1.0000000000000002
10                                                0.11860545992908782                               0.11860545992908783                               1.000000000000002
10                                                0.12346351217331042                               0.12346351217331042                               0.9999999999999999
10                                                0.1329322910752242                                0.1329322910752242                                0.9999999999999999
10                                                0.1381596241285648                                0.1381596241285648                                0.9999999999999998
10                                                0.14120777855182964                               0.14120777855182964                               0.9999999999999991
10                                                0.14957461590023396                               0.14957461590023396                               1.0000000000000009
10                                                0.15112391266179243-2.537699096991976E-17i        0.15112391266179243-2.5376990969919763E-17i       0.999999999999999
10                                                0.15493095461106776                               0.1549309546110678                                0.9999999999999987
10                                                0.1660178925126285                                0.1660178925126285                                0.9999999999999989
10                                                0.16848036359661586                               0.16848036359661586                               0.9999999999999992
10                                                0.17373423017061532                               0.17373423017061532                               1.0000000000000018
10                                                0.1767944664591182                                0.1767944664591182                                1.0000000000000004
10                                                0.18962860600474                                  0.18962860600474                                  1.0000000000000009
10.200000000000001                                0.041803821129239305                              0.041803821129239305                              1
10.200000000000001                                0.044924487961507255-5.958992854759941E-18i       0.04492448796150726-5.958992854759941E-18i        0.9999999999999986
10.200000000000001                                0.06245318172941678                               0.06245318172941678                               0.9999999999999997
10.200000000000001                                0.0658073438671534+1.4464460611233588E-17i        0.0658073438671534+1.446446061123359E-17i         1
10.200000000000001                                0.07571876600125055                               0.07571876600125055                               0.9999999999999977
10.200000000000001                                0.08195477062641386                               0.08195477062641386                               1.000000000000001
10.200000000000001                                0.08290719767356264                               0.08290719767356264                               0.9999999999999997
10.200000000000001                                0.08481565580738357                               0.08481565580738357                               0.9999999999999997
10.200000000000001                                0.08600060984342135                               0.08600060984342135                               1
10.200000000000001                                0.08992717245392108                               0.08992717245392108                               1.0000000000000009
10.200000000000001                                0.09173296507879014                               0.09173296507879014                               1.000000000000001
10.200000000000001                                0.09747911008168217                               0.09747911008168217                               1.0000000000000018
10.200000000000001                                0.09897840305012559                               0.0989784030501256                                1.000000000000003
10.200000000000001                                0.09976984409696717                               0.09976984409696718                               1.0000000000000004
10.200000000000001                                0.10108729037498902                               0.10108729037498904                               1.0000000000000013
10.200000000000001                                0.10738801177330888                               0.10738801177330888                               0.9999999999999989
10.200000000000001                                0.11001950231945513                               0.11001950231945515                               0.9999999999999998
10.200000000000001                                0.11962191130925118                               0.11962191130925118                               0.9999999999999998
10.200000000000001                                0.12242910313217795                               0.12242910313217796                               1.000000000000001
10.200000000000001                                0.13412301294168114                               0.13412301294168114                               1.0000000000000009
10.200000000000001                                0.13695579599132204                               0.13695579599132204                               1.0000000000000007
10.200000000000001                                0.14064784428776356                               0.14064784428776356                               0.9999999999999989
10.200000000000001                                0.15093834078317955                               0.15093834078317955                               0.9999999999999999
10.200000000000001                                0.15175943652141988                               0.15175943652141988                               1.0000000000000024
10.200000000000001                                0.15355843198308053                               0.15355843198308053                               1.0000000000000009
10.200000000000001                                0.16611692981711026                               0.16611692981711026                               1.0000000000000002
10.200000000000001                                0.1700209860075469                                0.1700209860075469                                0.9999999999999972
10.200000000000001                                0.1721937165995489                                0.1721937165995489                                1.0000000000000004
10.200000000000001                                0.1767329228047707+2.050967546616388E-17i         0.17673292280477074+2.0509675466163882E-17i       1.0000000000000018
10.200000000000001                                0.18922579566829095+7.11922494490325E-14i         0.18922579566829098+7.11922494490325E-14i         0.9999999999999993
10.4                                              0.04188944601210551                               0.04188944601210551                               1.0000000000000013
10.4                                              0.04485285298691931-5.899777119191057E-18i        0.044852852986919316-5.899777119191058E-18i       1.0000000000000007
10.4                                              0.06272134733241468                               0.06272134733241468                               0.9999999999999998
10.4                                              0.06556990961327797+1.6842312069413195E-17i       0.06556990961327797+1.6842312069413195E-17i       0.9999999999999982
10.4                                              0.0757343641693706                                0.07573436416937061                               0.9999999999999986
10.4                                              0.08198992047125625                               0.08198992047125625                               0.9999999999999983
10.4                                              0.08285822291384395                               0.08285822291384395                               0.9999999999999991
10.4                                              0.08512053799263897                               0.08512053799263898                               0.9999999999999993
10.4                                              0.08568658125708345                               0.08568658125708345                               0.9999999999999994
10.4                                              0.09042398444589174                               0.09042398444589174                               0.9999999999999994
10.4                                              0.09123304937916436                               0.09123304937916438                               0.9999999999999976
10.4                                              0.09815637481597503                               0.09815637481597503                               0.9999999999999987
10.4                                              0.09858172603472622                               0.09858172603472622                               0.9999999999999987
10.4                                              0.09909315237693996                               0.09909315237693997                               0.9999999999999997
10.4                                              0.1015391359621294                                0.1015391359621294                                0.9999999999999993
10.4                                              0.108242062945923                                 0.108242062945923                                 0.9999999999999999
10.4                                              0.10917013144340704                               0.10917013144340705                               1
10.4                                              0.12065081827056842                               0.12065081827056842                               1.0000000000000002
10.4                                              0.1214091665823992                                0.12140916658239921                               1.0000000000000009
10.4                                              0.13532591537901362                               0.13532591537901362                               1.000000000000002
10.4                                              0.13576669016734538                               0.1357666901673454                                0.9999999999999996
10.4                                              0.14009041639639402                               0.14009041639639402                               1.0000000000000004
10.4                                              0.15219578055181704                               0.15219578055181704                               1.0000000000000002
10.4                                              0.15229055900862926                               0.15229055900862926                               1.0000000000000002
10.4                                              0.15242579385589994                               0.15242579385589997                               1.0000000000000007
10.4                                              0.1662179405582523-2.1107342432613443E-17i        0.16621794055825231-2.1107342432613443E-17i       1.0000000000000022
10.4                                              0.17066651409776984                               0.17066651409776984                               1.0000000000000004
10.4                                              0.17157543486217575                               0.17157543486217575                               0.999999999999998
10.4                                              0.17667355948452995+8.487546190754586E-17i        0.17667355948452998+8.487546190754588E-17i        1.0000000000000002
10.4                                              0.18850926011454436+1.502929401602108E-13i        0.18850926011454439+1.502929401602108E-13i        0.9999999999999982
10.600000000000001                                0.041976215568235796                              0.041976215568235796                              1.0000000000000009
10.600000000000001                                0.04478362283248436-7.082754080277245E-18i        0.04478362283248436-7.082754080277245E-18i        1.0000000000000016
10.600000000000001                                0.06299132722248442-7.62926293085976E-18i         0.06299132722248442-7.629262930859762E-18i        0.9999999999999978
10.600000000000001                                0.06533448881817075+1.577330925111614E-17i        0.06533448881817075+1.577330925111614E-17i        0.999999999999999
10.600000000000001                                0.07575029816053817                               0.07575029816053819                               1.0000000000000024
10.600000000000001                                0.08201252762638095                               0.08201252762638095                               1.0000000000000004
10.600000000000001                                0.08285423126337042                               0.08285423126337042                               0.9999999999999987
10.600000000000001                                0.08532717482917875                               0.08532717482917875                               1.0000000000000016
10.600000000000001                                0.08550171847170616                               0.08550171847170616                               1.0000000000000013
10.600000000000001                                0.09071082078578695                               0.09071082078578695                               0.9999999999999974
10.600000000000001                                0.0909710640882135                                0.0909710640882135                                1.0000000000000007
10.600000000000001                                0.09818641466978241                               0.09818641466978241                               0.9999999999999982
10.600000000000001                                0.09841609660400309                               0.09841609660400309                               1.000000000000002
10.600000000000001                                0.09886210103515601                               0.09886210103515601                               0.9999999999999987
10.600000000000001                                0.10199313088615568                               0.10199313088615568                               1
10.600000000000001                                0.10832849947369844                               0.10832849947369845                               1.0000000000000002
10.600000000000001                                0.10911532558152227                               0.10911532558152227                               1.0000000000000002
10.600000000000001                                0.12039968362767453                               0.12039968362767454                               0.9999999999999984
10.600000000000001                                0.12169618245470692                               0.12169618245470692                               0.9999999999999984
10.600000000000001                                0.1345884640523654                                0.1345884640523654                                0.999999999999998
10.600000000000001                                0.1365448190144655                                0.1365448190144655                                1.0000000000000009
10.600000000000001                                0.13953549728046546                               0.13953549728046546                               0.999999999999999
10.600000000000001                                0.15085419078328233                               0.15085419078328233                               1.0000000000000002
10.600000000000001                                0.1530232116103874                                0.1530232116103874                                1.000000000000002
10.600000000000001                                0.15371982692089342                               0.15371982692089342                               1.0000000000000002
10.600000000000001                                0.1663209251072993+4.0458718739997963E-17i        0.16632092510729932+4.0458718739997963E-17i       0.9999999999999991
10.600000000000001                                0.16915380026139026                               0.16915380026139026                               1.0000000000000004
10.600000000000001                                0.17314251290606025                               0.17314251290606025                               0.9999999999999997
10.600000000000001                                0.1766163743289363                                0.1766163743289363                                0.9999999999999984
10.600000000000001                                0.1877956227795885-7.628566744976042E-15i         0.1877956227795885-7.628566744976042E-15i         0.9999999999999996
10.8                                              0.04206402694292614                               0.04206402694292614                               0.9999999999999999
10.8                                              0.04471689647186589-1.4774598881255785E-17i       0.04471689647186589-1.4774598881255788E-17i       0.9999999999999981
10.8                                              0.06326311829610116                               0.06326311829610116                               1.0000000000000007
10.8                                              0.06510108188529631+2.3439332055860613E-17i       0.06510108188529631+2.3439332055860613E-17i       0.999999999999997
10.8                                              0.07576656538193731                               0.07576656538193731                               1.0000000000000009
10.8                                              0.08201996004211906                               0.08201996004211907                               1.0000000000000009
10.8                                              0.08289789236143856                               0.08289789236143856                               0.9999999999999997
10.8                                              0.08507506914736102                               0.08507506914736102                               0.9999999999999996
10.8                                              0.08580645489356764                               0.08580645489356764                               1.0000000000000033
10.8                                              0.09025502413963961                               0.09025502413963962                               1.0000000000000004
10.8                                              0.09147963947221743                               0.09147963947221743                               1
10.8                                              0.09776839640073268                               0.09776839640073269                               1.0000000000000013
10.8                                              0.09779652226539066                               0.09779652226539068                               1.0000000000000009
10.8                                              0.09956256233624189                               0.09956256233624189                               0.9999999999999998
10.8                                              0.10244921855521094                               0.10244921855521094                               0.9999999999999996
10.8                                              0.10750670165471439                               0.1075067016547144                                0.9999999999999988
10.8                                              0.10999568828378307                               0.10999568828378307                               1
10.8                                              0.11940649003241623                               0.11940649003241624                               1.0000000000000007
10.8                                              0.12275215307154555                               0.12275215307154556                               1.0000000000000002
10.8                                              0.13342572822247606                               0.13342572822247606                               0.9999999999999991
10.8                                              0.1377750870223325                                0.1377750870223325                                1.0000000000000022
10.8                                              0.13898309287293203                               0.13898309287293203                               1.0000000000000016
10.8                                              0.14952287899748484                               0.14952287899748484                               1.0000000000000018
10.8                                              0.15366586237258575                               0.15366586237258575                               0.9999999999999981
10.8                                              0.15512272866954388                               0.15512272866954388                               0.9999999999999997
10.8                                              0.16642588030395056                               0.16642588030395056                               1.0000000000000024
10.8                                              0.16765469035062341                               0.16765469035062341                               1.0000000000000004
10.8                                              0.17472308566004874                               0.17472308566004874                               0.9999999999999989
10.8                                              0.17656136617156928                               0.17656136617156928                               0.9999999999999989
10.8                                              0.18708488680482566-1.0369536874431253E-14i       0.18708488680482566-1.0369536874431253E-14i       1.0000000000000022
11                                                0.04215275346711069                               0.0421527534671107                                1.0000000000000007
11                                                0.0446527966186529-7.975839811694655E-18i         0.0446527966186529-7.975839811694655E-18i         0.999999999999997
11                                                0.06353671721893159                               0.0635367172189316                                0.9999999999999999
11                                                0.06486968914870177+2.076983992964714E-17i        0.06486968914870177+2.076983992964714E-17i        0.9999999999999989
11                                                0.0757831624771419                                0.0757831624771419                                1.000000000000002
11                                                0.08201572564531122                               0.08201572564531122                               0.9999999999999997
11                                                0.08298555868816024                               0.08298555868816024                               0.9999999999999998
11                                                0.08480595860708291                               0.08480595860708293                               1.0000000000000018
11                                                0.08615911383101746                               0.08615911383101747                               0.9999999999999987
11                                                0.08979545102123607                               0.08979545102123607                               1.0000000000000013
11                                                0.09201991796418535                               0.09201991796418535                               1.0000000000000002
11                                                0.0971332376318253                                0.0971332376318253                                1.0000000000000016
11                                                0.09740486274698561                               0.09740486274698561                               1
11                                                0.10028178740297876                               0.10028178740297876                               1.0000000000000002
11                                                0.10290737641189739                               0.1029073764118974                                1.0000000000000004
11                                                0.10669717510778064                               0.10669717510778064                               0.9999999999999992
11                                                0.11089070308299676                               0.11089070308299677                               1.0000000000000002
11                                                0.11842655220651821                               0.11842655220651821                               0.9999999999999997
11                                                0.12382175071591228                               0.12382175071591228                               0.999999999999999
11                                                0.13227654138592473                               0.13227654138592476                               1.0000000000000016
11                                                0.1384331537284455                                0.1384331537284455                                1
11                                                0.13901868884492058                               0.13901868884492058                               1.000000000000001
11                                                0.14820525366254875                               0.14820525366254875                               1.0000000000000007
11                                                0.1543087791803684                                0.1543087791803684                                0.9999999999999997
11                                                0.1565407950336229                                0.15654079503362292                               1.0000000000000002
11                                                0.1661693531502721                                0.16616935315027212                               1.0000000000000002
11                                                0.16653281698736933                               0.16653281698736933                               1.0000000000000007
11                                                0.17631681294192555+2.2665067031373415E-16i       0.17631681294192558+2.2665067031373415E-16i       1.0000000000000002
11                                                0.17650866876740595+7.197898786791668E-16i        0.17650866876740598+7.197898786791669E-16i        1.0000000000000016
11                                                0.18612089486711342+9.926439683223942E-14i        0.18612089486711342+9.926439683223943E-14i        0.9999999999999999
11.200000000000001                                0.0422422376919351                                0.04224223769193511                               1.000000000000002
11.200000000000001                                0.044591476692097-1.1265121353880783E-17i         0.04459147669209701-1.1265121353880783E-17i       1.0000000000000024
11.200000000000001                                0.06381212004698597-7.34274384621351E-18i         0.06381212004698597-7.34274384621351E-18i         1.0000000000000009
11.200000000000001                                0.0646403112591798+3.3512505675562095E-17i        0.0646403112591798+3.3512505675562095E-17i        0.999999999999998
11.200000000000001                                0.07580008545001107                               0.07580008545001109                               0.999999999999999
11.200000000000001                                0.08200671951659812                               0.08200671951659813                               1.0000000000000007
11.200000000000001                                0.08310997134766406                               0.08310997134766406                               1.0000000000000007
11.200000000000001                                0.08455093536379242                               0.08455093536379242                               1.0000000000000002
11.200000000000001                                0.08652881395411469                               0.08652881395411469                               1.0000000000000009
11.200000000000001                                0.08934885267575812                               0.08934885267575812                               0.9999999999999998
11.200000000000001                                0.09257518077673205                               0.09257518077673206                               0.9999999999999991
11.200000000000001                                0.09650966425611318                               0.09650966425611318                               0.9999999999999992
11.200000000000001                                0.09701731516451943                               0.09701731516451945                               1.0000000000000002
11.200000000000001                                0.10101489376435266                               0.10101489376435266                               0.9999999999999989
11.200000000000001                                0.10336759340464814                               0.10336759340464816                               0.9999999999999997
11.200000000000001                                0.10590112920286787                               0.10590112920286787                               1
11.200000000000001                                0.11179915795008319                               0.11179915795008319                               1.0000000000000016
11.200000000000001                                0.11746018706777148                               0.11746018706777148                               1.0000000000000022
11.200000000000001                                0.12490464890699655                               0.12490464890699655                               1.0000000000000004
11.200000000000001                                0.1311409981055653                                0.1311409981055653                                1.000000000000002
11.200000000000001                                0.13788578281097774                               0.13788578281097777                               1.0000000000000016
11.200000000000001                                0.14027540506298328                               0.1402754050629833                                1.0000000000000013
11.200000000000001                                0.14690134457904303                               0.14690134457904303                               1.0000000000000007
11.200000000000001                                0.15495337679933308                               0.15495337679933308                               0.999999999999999
11.200000000000001                                0.15797255309859848                               0.15797255309859848                               0.9999999999999988
11.200000000000001                                0.16469782870881874                               0.16469782870881874                               0.9999999999999999
11.200000000000001                                0.1666417017521067                                0.16664170175210674                               1.0000000000000029
11.200000000000001                                0.17645776687678907-2.615505153085368E-16i        0.1764577668767891-2.615505153085368E-16i         0.9999999999999987
11.200000000000001                                0.17792417141800887-8.214505551998651E-17i        0.1779241714180089-8.214505551998651E-17i         0.9999999999999999
11.200000000000001                                0.18448271093094565+1.1738249166048375E-14i       0.18448271093094565+1.1738249166048377E-14i       1.0000000000000007
11.4                                              0.042332282055388394                              0.042332282055388394                              1.0000000000000027
11.4                                              0.04453313015077554-1.5180340317289034E-17i       0.04453313015077555-1.5180340317289034E-17i       0.9999999999999981
11.4                                              0.06408931837734685-2.0615965072549765E-17i       0.06408931837734685-2.0615965072549765E-17i       0.9999999999999996
11.4                                              0.0644129530382351+4.6398712488484606E-17i        0.0644129530382351+4.639871248848461E-17i         0.9999999999999989
11.4                                              0.07581732994683439                               0.07581732994683439                               1.0000000000000013
11.4                                              0.08199941430465872                               0.08199941430465872                               1.0000000000000018
11.4                                              0.08326386552793769                               0.0832638655279377                                1
11.4                                              0.08431259081712582                               0.08431259081712582                               1.0000000000000009
11.4                                              0.08691343188252103                               0.08691343188252103                               1.000000000000001
11.4                                              0.08891648864456991                               0.08891648864456993                               0.9999999999999996
11.4                                              0.09314427117133267                               0.09314427117133267                               1.0000000000000004
11.4                                              0.09589984634511221                               0.09589984634511223                               1.0000000000000018
11.4                                              0.09663226177071713                               0.09663226177071714                               1
11.4                                              0.10176141814709927                               0.10176141814709928                               0.9999999999999991
11.4                                              0.10382986360615036-1.1622908849635849E-17i       0.10382986360615037-1.1622908849635849E-17i       1.0000000000000004
11.4                                              0.10511875591598116                               0.10511875591598117                               1.0000000000000013
11.4                                              0.11272087906388911                               0.11272087906388913                               1.000000000000001
11.4                                              0.1165074698033772                                0.1165074698033772                                0.9999999999999996
11.4                                              0.12600077210931537                               0.12600077210931537                               1.0000000000000022
11.4                                              0.13001913094935305                               0.13001913094935305                               1.0000000000000016
11.4                                              0.1373409073168396                                0.13734090731683962                               1.0000000000000007
11.4                                              0.14154525558178582                               0.14154525558178582                               1.0000000000000018
11.4                                              0.14561116750995481                               0.14561116750995481                               1.0000000000000002
11.4                                              0.15559990847171123                               0.15559990847171123                               0.9999999999999996
11.4                                              0.1594177046824348                                0.1594177046824348                                1
11.4                                              0.16324010319552348                               0.16324010319552348                               1.0000000000000009
11.4                                              0.166752556600065                                 0.166752556600065                                 1.0000000000000009
11.4                                              0.1764092027204131-2.3341627439183087E-16i        0.17640920272041313-2.3341627439183087E-16i       1.000000000000002
11.4                                              0.17954456759821574-9.383292955058765E-17i        0.17954456759821577-9.383292955058765E-17i        0.9999999999999992
11.4                                              0.18285831855103524+1.5562755329800518E-15i       0.18285831855103524+1.5562755329800518E-15i       0.9999999999999992
11.600000000000001                                0.04242263632815513                               0.04242263632815513                               1.0000000000000013
11.600000000000001                                0.044478003047018065                              0.044478003047018065                              0.999999999999998
11.600000000000001                                0.0641875630392642-3.0740178614967745E-17i        0.0641875630392642-3.0740178614967745E-17i        1.0000000000000004
11.600000000000001                                0.06436835978919905+3.687726525236609E-17i        0.06436835978919905+3.687726525236609E-17i        0.9999999999999997
11.600000000000001                                0.07583489163740953                               0.07583489163740953                               1
11.600000000000001                                0.0819983292120388                                0.0819983292120388                                0.9999999999999991
11.600000000000001                                0.08344056164959632                               0.08344056164959633                               1
11.600000000000001                                0.08409352283349414                               0.08409352283349414                               0.9999999999999989
11.600000000000001                                0.08731153129545077                               0.08731153129545077                               1.0000000000000004
11.600000000000001                                0.08849953980915914                               0.08849953980915916                               0.9999999999999992
11.600000000000001                                0.09372636131215042                               0.09372636131215042                               0.9999999999999999
11.600000000000001                                0.09530446432229824                               0.09530446432229825                               0.9999999999999999
11.600000000000001                                0.09624971366988713                               0.09624971366988715                               1.0000000000000004
11.600000000000001                                0.1025209511126545                                0.10252095111265451                               0.9999999999999992
11.600000000000001                                0.1042941836365945-2.5603301579706267E-17i        0.10429418363659451-2.560330157970627E-17i        1.0000000000000002
11.600000000000001                                0.10435038311841956                               0.10435038311841956                               1.0000000000000004
11.600000000000001                                0.1136556410107634                                0.1136556410107634                                1.0000000000000013
11.600000000000001                                0.11556858790353595                               0.11556858790353597                               0.9999999999999978
11.600000000000001                                0.12710996520248377                               0.1271099652024838                                1.000000000000001
11.600000000000001                                0.12891107129736012                               0.12891107129736012                               1.000000000000001
11.600000000000001                                0.1367985426099014                                0.1367985426099014                                0.9999999999999992
11.600000000000001                                0.14282807206537773                               0.14282807206537773                               0.999999999999999
11.600000000000001                                0.14433484173889402                               0.14433484173889402                               1
11.600000000000001                                0.15624844523773584                               0.15624844523773584                               1.000000000000002
11.600000000000001                                0.16087595084565534                               0.16087595084565534                               1.0000000000000022
11.600000000000001                                0.16179637721363943                               0.16179637721363943                               1.0000000000000002
11.600000000000001                                0.16686537370861332+5.573777364380005E-17i        0.16686537370861332+5.573777364380005E-17i        0.9999999999999989
11.600000000000001                                0.17636272580310244-1.5688747232746134E-16i       0.17636272580310244-1.5688747232746134E-16i       1.000000000000001
11.600000000000001                                0.18117487410044494-1.4597329140972218E-14i       0.18117487410044497-1.4597329140972218E-14i       1.0000000000000007
11.600000000000001                                0.18125113337405202+2.2962771118514484E-14i       0.18125113337405202+2.2962771118514484E-14i       1.0000000000000016
11.8                                              0.04251298072544707                               0.04251298072544707                               1.0000000000000009
11.8                                              0.044426410915326175-8.536536830079476E-18i       0.044426410915326175-8.536536830079478E-18i       0.9999999999999999
11.8                                              0.06396424010973734                               0.06396424010973734                               1.0000000000000018
11.8                                              0.06464914128137483+3.678975100942989E-17i        0.06464914128137483+3.678975100942989E-17i        0.9999999999999998
11.8                                              0.07585276661342022                               0.07585276661342022                               0.9999999999999979
11.8                                              0.08200611128999453                               0.08200611128999455                               1
11.8                                              0.08362512123243993                               0.08362512123243993                               1.0000000000000009
11.8                                              0.08390616688508201                               0.08390616688508203                               0.9999999999999999
11.8                                              0.08771447171368957                               0.08771447171368958                               0.9999999999999992
11.8                                              0.08810651898432206                               0.08810651898432206                               1.0000000000000009
11.8                                              0.09431464184020269                               0.09431464184020269                               1.0000000000000013
11.8                                              0.09473018218963308                               0.0947301821896331                                1.000000000000002
11.8                                              0.09586977991801848                               0.0958697799180185                                0.9999999999999992
11.8                                              0.10328739260927901                               0.10328739260927902                               0.9999999999999986
11.8                                              0.10360206465442257                               0.10360206465442257                               0.9999999999999987
11.8                                              0.10476055642293353                               0.10476055642293353                               0.9999999999999992
11.8                                              0.11458173351075426                               0.11458173351075428                               0.9999999999999996
11.8                                              0.11466522755674227                               0.11466522755674229                               0.9999999999999989
11.8                                              0.12781415180118305                               0.12781415180118305                               0.9999999999999989
11.8                                              0.12823487645719298                               0.12823487645719298                               0.9999999999999988
11.8                                              0.13625869012593905                               0.13625869012593905                               0.9999999999999984
11.8                                              0.1430712820689888                                0.1430712820689888                                0.9999999999999996
11.8                                              0.14412490239064957                               0.14412490239064957                               0.9999999999999997
11.8                                              0.1568990070413369-1.879671611171683E-17i         0.15689900704133694-1.879671611171683E-17i        1.0000000000000018
11.8                                              0.1603656679528972                                0.1603656679528972                                0.999999999999999
11.8                                              0.16234822122535653                               0.16234822122535653                               0.9999999999999979
11.8                                              0.1669801513405988                                0.1669801513405988                                0.9999999999999986
11.8                                              0.17631829271048888-2.390366432539186E-16i        0.17631829271048888-2.390366432539186E-16i        1.0000000000000009
11.8                                              0.1796508412877878-2.580134409978012E-16i         0.1796508412877878-2.580134409978012E-16i         1.0000000000000007
11.8                                              0.182825381172885+1.7291000284357159E-15i         0.182825381172885+1.729100028435716E-15i          1.0000000000000016
12                                                0.04260290332871071-6.151608814980961E-18i        0.042602903328710716-6.1516088149809615E-18i      0.9999999999999987
12                                                0.044378761350916-1.873416493948293E-17i          0.044378761350916-1.8734164939482933E-17i         1.0000000000000007
12                                                0.06374291447488238+7.294221039499589E-18i        0.0637429144748824+7.294221039499589E-18i         1
12                                                0.06493172818592523+4.893013800754364E-17i        0.06493172818592523+4.893013800754364E-17i        1.0000000000000018
12                                                0.07587095171822472                               0.07587095171822474                               1.0000000000000018
12                                                0.08202395852389127                               0.08202395852389127                               0.9999999999999997
12                                                0.08365341703149133                               0.08365341703149133                               0.9999999999999989
12                                                0.08391347563344545                               0.08391347563344545                               0.9999999999999994
12                                                0.08768482821835598                               0.08768482821835598                               0.9999999999999997
12                                                0.08817477307083912                               0.08817477307083912                               0.9999999999999993
12                                                0.09414352057000318                               0.09414352057000318                               1
12                                                0.0949418738035222                                0.09494187380352222                               1.0000000000000007
12                                                0.09549318701918191                               0.09549318701918193                               1.0000000000000004
12                                                0.10284963982782609                               0.10284963982782609                               0.9999999999999976
12                                                0.10408487056467067                               0.10408487056467067                               0.9999999999999987
12                                                0.1052289868456854                                0.10522898684568541                               0.9999999999999988
12                                                0.11372941903238731                               0.11372941903238733                               0.9999999999999978
12                                                0.11556710743179464                               0.11556710743179464                               0.999999999999997
12                                                0.1267346698405274                                0.1267346698405274                                0.9999999999999997
12                                                0.12936919114934467                               0.1293691911493447                                1.0000000000000009
12                                                0.13572135036923938                               0.13572135036923938                               1.0000000000000009
12                                                0.14182246248180244                               0.14182246248180244                               0.9999999999999998
12                                                0.14543373190969885                               0.14543373190969885                               0.9999999999999987
12                                                0.15755159429238297                               0.15755159429238297                               0.9999999999999964
12                                                0.15894931321954553                               0.15894931321954553                               0.9999999999999978
12                                                0.16383314331508925                               0.16383314331508925                               0.999999999999999
12                                                0.16709688896227998                               0.16709688896227998                               1.0000000000000004
12                                                0.17627582704348504-4.0665341330375626E-16i       0.17627582704348507-4.0665341330375626E-16i       1.000000000000001
12                                                0.17806798400062257-1.4570328545559896E-16i       0.17806798400062257-1.4570328545559898E-16i       1.0000000000000009
12                                                0.18288420683345952+1.669750146999178E-14i        0.18288420683345952+1.669750146999178E-14i        1.0000000000000013
12.200000000000001                                0.04269187040998526-5.267289591864189E-18i        0.04269187040998527-5.26728959186419E-18i         0.9999999999999988
12.200000000000001                                0.04433558368558597-1.732133632223312E-17i        0.04433558368558597-1.732133632223312E-17i        0.9999999999999997
12.200000000000001                                0.06352359859317239+9.048594820104675E-18i        0.06352359859317239+9.048594820104675E-18i        1.0000000000000004
12.200000000000001                                0.06521610330733385+3.8942202216631433E-17i       0.06521610330733386+3.8942202216631433E-17i       1.0000000000000013
12.200000000000001                                0.07588944473708926                               0.07588944473708926                               1.0000000000000024
12.200000000000001                                0.08205188474124098                               0.08205188474124098                               1.0000000000000016
12.200000000000001                                0.08350737714200704                               0.08350737714200704                               1.0000000000000002
12.200000000000001                                0.08413344955009988                               0.08413344955009988                               0.999999999999999
12.200000000000001                                0.08731748780261854                               0.08731748780261854                               1.0000000000000004
12.200000000000001                                0.08860936353284343                               0.08860936353284343                               1.0000000000000013
12.200000000000001                                0.09359176533637732                               0.09359176533637732                               0.9999999999999998
12.200000000000001                                0.09511454449736335                               0.09511454449736335                               1
12.200000000000001                                0.09556620696969684                               0.09556620696969685                               1.000000000000001
12.200000000000001                                0.10212266537921133                               0.10212266537921133                               1.000000000000001
12.200000000000001                                0.10488378284727083                               0.10488378284727085                               1.0000000000000007
12.200000000000001                                0.10569950147641169-1.318857749555733E-17i        0.10569950147641169-1.3188577495557331E-17i       0.9999999999999976
12.200000000000001                                0.11283136489766897                               0.11283136489766897                               1.0000000000000004
12.200000000000001                                0.11654154458937246                               0.11654154458937246                               1
12.200000000000001                                0.1256674090709054                                0.1256674090709054                                1
12.200000000000001                                0.1305181092163493                                0.13051810921634932                               0.9999999999999999
12.200000000000001                                0.13518652374718437                               0.13518652374718437                               0.9999999999999999
12.200000000000001                                0.1405870734678298                                0.1405870734678298                                0.9999999999999998
12.200000000000001                                0.14675582366646464                               0.14675582366646464                               1.0000000000000013
12.200000000000001                                0.15754663901153176                               0.15754663901153176                               1.0000000000000027
12.200000000000001                                0.15820620754152057                               0.15820620754152057                               0.9999999999999998
12.200000000000001                                0.16533135421918974                               0.16533135421918974                               1.000000000000002
12.200000000000001                                0.16721558878975235                               0.16721558878975235                               1.0000000000000007
12.200000000000001                                0.17623518789318948-3.4892546428586087E-15i       0.1762351878931895-3.4892546428586087E-15i        0.9999999999999991
12.200000000000001                                0.17649895485571238-9.101414292525099E-16i        0.17649895485571238-9.101414292525099E-16i        1
12.200000000000001                                0.18219538926671874+5.710352175316914E-15i        0.18219538926671874+5.710352175316914E-15i        1.0000000000000004
12.4                                              0.04277918883051523-6.632980533145235E-18i        0.04277918883051523-6.6329805331452354E-18i       0.9999999999999996
12.4                                              0.044297566589311325-1.407976019486289E-17i       0.04429756658931133-1.407976019486289E-17i        1.000000000000002
12.4                                              0.06330629268715465+1.2812877052645684E-17i       0.06330629268715465+1.2812877052645684E-17i       1.0000000000000016
12.4                                              0.06550226138369253+2.6000448869470984E-17i       0.06550226138369253+2.6000448869470987E-17i       1.000000000000002
12.4                                              0.07590824440746209                               0.07590824440746209                               0.9999999999999963
12.4                                              0.08208873106081244                               0.08208873106081244                               0.9999999999999987
12.4                                              0.0833667831266693                                0.0833667831266693                                1.0000000000000007
12.4                                              0.08438732604068784                               0.08438732604068785                               1.0000000000000002
12.4                                              0.08695819836826603                               0.08695819836826603                               0.9999999999999993
12.4                                              0.08906450557167009                               0.08906450557167009                               1.0000000000000013
12.4                                              0.0930512839230813                                0.09305128392308132                               1.0000000000000013
12.4                                              0.09474354965765236                               0.09474354965765236                               0.9999999999999991
12.4                                              0.09620166999665407                               0.09620166999665408                               1.0000000000000007
12.4                                              0.10140852636170182                               0.10140852636170183                               1.0000000000000009
12.4                                              0.10569662290010254                               0.10569662290010255                               0.9999999999999993
12.4                                              0.1061722123243778                                0.1061722123243778                                0.9999999999999992
12.4                                              0.1119466666854365                                0.1119466666854365                                0.999999999999999
12.4                                              0.11752943152807935                               0.11752943152807935                               0.9999999999999991
12.4                                              0.12461369540594569                               0.12461369540594569                               0.999999999999999
12.4                                              0.1316802888925726                                0.1316802888925726                                0.9999999999999986
12.4                                              0.13465421137700787                               0.13465421137700787                               1.0000000000000004
12.4                                              0.13936533626752862                               0.13936533626752862                               0.9999999999999971
12.4                                              0.14809090195733998                               0.14809090195733998                               0.9999999999999976
12.4                                              0.1561577118310558                                0.1561577118310558                                1.0000000000000007
12.4                                              0.15886282154390077                               0.15886282154390077                               1
12.4                                              0.16684274608113492                               0.16684274608113492                               0.9999999999999986
12.4                                              0.16733628505188025-3.1624607907105394E-17i       0.16733628505188025-3.1624607907105394E-17i       1.0000000000000009
12.4                                              0.17494368635185759+1.1008821713955928E-16i       0.17494368635185759+1.1008821713955929E-16i       0.9999999999999976
12.4                                              0.17619626599400295+1.023996223315223E-15i        0.17619626599400298+1.023996223315223E-15i        1.000000000000001
12.4                                              0.18151023516498876+7.616987963711421E-15i        0.18151023516498876+7.616987963711421E-15i        0.9999999999999987
12.600000000000001                                0.04286396185628638                               0.04286396185628638                               0.9999999999999997
12.600000000000001                                0.044265602254956106-1.2318749536886004E-17i      0.044265602254956106-1.2318749536886004E-17i      1.0000000000000004
12.600000000000001                                0.0630909960613645                                0.0630909960613645                                0.9999999999999996
12.600000000000001                                0.06579019775797601+3.7229534326954834E-17i       0.06579019775797601+3.7229534326954834E-17i       0.9999999999999992
12.600000000000001                                0.07592735024841746                               0.07592735024841746                               0.999999999999999
12.600000000000001                                0.08213192696233612                               0.08213192696233612                               0.9999999999999998
12.600000000000001                                0.08324866170661907                               0.08324866170661907                               0.9999999999999988
12.600000000000001                                0.08466038502475748                               0.08466038502475748                               0.9999999999999996
12.600000000000001                                0.08661278614124947                               0.08661278614124947                               0.9999999999999972
12.600000000000001                                0.08953433954541368                               0.08953433954541368                               0.9999999999999988
12.600000000000001                                0.09252436262101589                               0.0925243626210159                                0.9999999999999988
12.600000000000001                                0.09437424881173884                               0.09437424881173884                               0.9999999999999983
12.600000000000001                                0.09685210796598143                               0.09685210796598144                               0.9999999999999987
12.600000000000001                                0.10070793645294002                               0.10070793645294002                               1.0000000000000007
12.600000000000001                                0.10652126251501438                               0.10652126251501438                               1
12.600000000000001                                0.10664854134167023                               0.10664854134167025                               0.9999999999999994
12.600000000000001                                0.11107554131444557                               0.11107554131444557                               1.0000000000000004
12.600000000000001                                0.11853054677422595                               0.11853054677422595                               1.0000000000000007
12.600000000000001                                0.12357359754280424                               0.12357359754280424                               0.9999999999999987
12.600000000000001                                0.13285564174155198                               0.13285564174155198                               1.0000000000000033
12.600000000000001                                0.13412442124112875                               0.13412442124112875                               1.0000000000000018
12.600000000000001                                0.13815727405295558                               0.13815727405295558                               1.0000000000000004
12.600000000000001                                0.14943887854137963                               0.14943887854137963                               0.9999999999999998
12.600000000000001                                0.15478252799430597                               0.15478252799430597                               1.0000000000000004
12.600000000000001                                0.15952143780284572                               0.15952143780284572                               0.999999999999999
12.600000000000001                                0.16745880329979562                               0.16745880329979562                               0.9999999999999999
12.600000000000001                                0.16836746630328564                               0.16836746630328564                               1.0000000000000002
12.600000000000001                                0.17340227919219664+3.438527031436503E-17i        0.17340227919219664+3.438527031436503E-17i        1.0000000000000002
12.600000000000001                                0.1761586484468809+7.355736423259375E-16i         0.1761586484468809+7.355736423259375E-16i         0.9999999999999994
12.600000000000001                                0.18082911601223056+6.445771329253889E-15i        0.18082911601223056+6.4457713292538894E-15i       0.9999999999999997
12.8                                              0.04294504529299779                               0.04294504529299779                               1.000000000000001
12.8                                              0.04424083026339507-8.870159179796788E-18i        0.04424083026339507-8.87015917979679E-18i         0.9999999999999996
12.8                                              0.06287770774636117                               0.06287770774636117                               1
12.8                                              0.06607990771993039+2.537433745393425E-17i        0.06607990771993039+2.5374337453934253E-17i       0.9999999999999983
12.8                                              0.07594676224779558                               0.07594676224779558                               0.999999999999999
12.8                                              0.08217709475262776                               0.08217709475262777                               0.9999999999999998
12.8                                              0.08315967422358089                               0.08315967422358089                               1.0000000000000013
12.8                                              0.08494978406682883                               0.08494978406682883                               0.9999999999999989
12.8                                              0.08628248651042153                               0.08628248651042154                               1.0000000000000002
12.8                                              0.09001758434538007                               0.09001758434538007                               0.9999999999999991
12.8                                              0.09201164615630271                               0.09201164615630271                               1.0000000000000016
12.8                                              0.09400784709981228                               0.09400784709981228                               0.9999999999999994
12.8                                              0.0975160420924915                                0.0975160420924915                                1.0000000000000007
12.8                                              0.10002117153833497                               0.10002117153833498                               1
12.8                                              0.10712118480389589                               0.1071211848038959                                0.9999999999999992
12.8                                              0.10736478677766444                               0.10736478677766444                               1.0000000000000018
12.8                                              0.11021811114824584                               0.11021811114824584                               0.9999999999999983
12.8                                              0.11954478599089984                               0.11954478599089984                               0.9999999999999998
12.8                                              0.12254717675649855                               0.12254717675649857                               0.9999999999999997
12.8                                              0.13359703331676573                               0.13359703331676573                               1.0000000000000016
12.8                                              0.13404422343414074                               0.13404422343414074                               0.9999999999999996
12.8                                              0.13696292454907064                               0.13696292454907064                               1.0000000000000004
12.8                                              0.1507996348925033                                0.1507996348925033                                1.0000000000000002
12.8                                              0.15342112032007724                               0.15342112032007724                               1
12.8                                              0.16018204862616645                               0.16018204862616647                               0.9999999999999971
12.8                                              0.16758339745154693+3.606800071978446E-17i        0.16758339745154696+3.606800071978446E-17i        0.9999999999999991
12.8                                              0.16990519778225233                               0.16990519778225233                               0.9999999999999993
12.8                                              0.17187473754031862                               0.17187473754031862                               0.9999999999999987
12.8                                              0.17612183474734205+4.748382837932831E-16i        0.17612183474734205+4.748382837932832E-16i        0.9999999999999986
12.8                                              0.1801526373685043+3.464947287795389E-15i         0.1801526373685043+3.4649472877953895E-15i        1.000000000000004
13                                                0.0430210222523392                                0.0430210222523392                                0.9999999999999978
13                                                0.04422466281754662-1.0397805932798276E-17i       0.044224662817546626-1.0397805932798276E-17i      0.9999999999999956
13                                                0.06266642662227458                               0.06266642662227458                               0.9999999999999989
13                                                0.06637138636518072+2.051675430091874E-17i        0.06637138636518072+2.051675430091874E-17i        0.9999999999999994
13                                                0.0759664804765641                                0.0759664804765641                                1.0000000000000027
13                                                0.08221795953250899                               0.08221795953250899                               0.9999999999999992
13                                                0.08310686661617309                               0.08310686661617309                               0.9999999999999997
13                                                0.08525285768824563                               0.08525285768824563                               1.0000000000000024
13                                                0.0859693100389956                                0.0859693100389956                                1.0000000000000002
13                                                0.09051211055399601                               0.09051211055399602                               1.0000000000000002
13                                                0.09151474264000284                               0.09151474264000284                               1.0000000000000007
13                                                0.09364489201828201                               0.09364489201828202                               1.000000000000003
13                                                0.09819235597092625                               0.09819235597092625                               1.0000000000000002
13                                                0.09934916777827756                               0.09934916777827757                               1.0000000000000004
13                                                0.10760048150991036                               0.10760048150991036                               0.9999999999999994
13                                                0.10821621341004095                               0.10821621341004097                               1.0000000000000004
13                                                0.10937497559620876                               0.10937497559620876                               1.0000000000000002
13                                                0.12057162300007641                               0.12057162300007641                               1
13                                                0.12153493324699184                               0.12153493324699186                               0.9999999999999993
13                                                0.1330723070268175                                0.1330723070268175                                0.9999999999999996
13                                                0.13524502324692755                               0.13524502324692755                               1.0000000000000002
13                                                0.13578301787589173                               0.13578301787589173                               1.000000000000002
13                                                0.15206971675378206                               0.15206971675378206                               0.999999999999998
13                                                0.15217683298395074                               0.15217683298395074                               1.0000000000000007
13                                                0.1608446576933023                                0.1608446576933023                                1.000000000000002
13                                                0.1677099438171233                                0.1677099438171233                                1.0000000000000018
13                                                0.17036052933986257-2.1196246986610394E-17i       0.17036052933986257-2.1196246986610397E-17i       0.999999999999999
13                                                0.1714565827456805                                0.1714565827456805                                1.0000000000000002
13                                                0.1760848409579472+1.0645160820116404E-15i        0.1760848409579472+1.0645160820116404E-15i        0.9999999999999998
13                                                0.1794818578850271+6.9742793421713715E-15i        0.17948185788502713+6.974279342171372E-15i        1
13.200000000000001                                0.043090232822928                                 0.043090232822928                                 1.0000000000000024
13.200000000000001                                0.04421875507150693-8.817732270835418E-18i        0.04421875507150693-8.817732270835418E-18i        0.9999999999999989
13.200000000000001                                0.06245715145723769                               0.062457151457237695                              0.9999999999999983
13.200000000000001                                0.06666462853537039+2.4598691089333177E-17i       0.06666462853537039+2.4598691089333177E-17i       0.9999999999999996
13.200000000000001                                0.0759865047149446                                0.07598650471494461                               0.9999999999999973
13.200000000000001                                0.08224774248639465                               0.08224774248639465                               0.9999999999999974
13.200000000000001                                0.08309733448181991                               0.08309733448181991                               1.000000000000001
13.200000000000001                                0.08553807947350626                               0.08553807947350626                               1.0000000000000002
13.200000000000001                                0.08570440546286127                               0.08570440546286127                               0.9999999999999993
13.200000000000001                                0.09094836870914039                               0.09094836870914039                               1.000000000000001
13.200000000000001                                0.09110218324109787                               0.09110218324109787                               1.0000000000000002
13.200000000000001                                0.09328646894716301                               0.09328646894716301                               0.9999999999999978
13.200000000000001                                0.09866998844371566                               0.09866998844371566                               0.9999999999999981
13.200000000000001                                0.09890291795392321                               0.09890291795392323                               1.0000000000000002
13.200000000000001                                0.1080812021468289                                0.1080812021468289                                1
13.200000000000001                                0.10853937059836749                               0.10853937059836749                               1.0000000000000002
13.200000000000001                                0.1090875063108595                                0.1090875063108595                                0.9999999999999992
13.200000000000001                                0.12053357845684712                               0.12053357845684713                               0.9999999999999986
13.200000000000001                                0.12161432540437764                               0.12161432540437765                               1.0000000000000004
13.200000000000001                                0.132550041426673                                 0.132550041426673                                 0.9999999999999977
13.200000000000001                                0.13461448838270706                               0.13461448838270706                               0.9999999999999986
13.200000000000001                                0.13646128822290687                               0.1364612882229069                                1.0000000000000002
13.200000000000001                                0.15073905380469424                               0.15073905380469424                               0.9999999999999993
13.200000000000001                                0.15355959062799984                               0.15355959062799987                               1
13.200000000000001                                0.16150928654589622                               0.16150928654589622                               1.0000000000000002
13.200000000000001                                0.16783846154503784-2.247803471389888E-17i        0.16783846154503784-2.247803471389888E-17i        1.0000000000000002
13.200000000000001                                0.16886067191284204                               0.16886067191284204                               1.0000000000000002
13.200000000000001                                0.17302057271747268                               0.17302057271747268                               1.0000000000000002
13.200000000000001                                0.17604574306260307+9.98251936969551E-16i         0.17604574306260307+9.98251936969551E-16i         0.9999999999999997
13.200000000000001                                0.17881879301515896+3.583072588723203E-15i        0.178818793015159+3.583072588723203E-15i          0.9999999999999997
13.4                                              0.04315091076005228                               0.04315091076005228                               0.9999999999999988
13.4                                              0.044224868440989606-1.190659872464287E-17i       0.044224868440989606-1.190659872464287E-17i       1.0000000000000013
13.4                                              0.06224988092410119                               0.06224988092410119                               1.0000000000000009
13.4                                              0.06695962877568246+2.828275270087514E-17i        0.06695962877568247+2.8282752700875144E-17i       1.0000000000000027
13.4                                              0.07600683417158698                               0.07600683417158698                               1.000000000000001
13.4                                              0.08226274232786696                               0.08226274232786696                               1.000000000000003
13.4                                              0.08313486364523273                               0.08313486364523273                               0.9999999999999992
13.4                                              0.08536419852449599                               0.085364198524496                                 0.9999999999999993
13.4                                              0.08592876437591979                               0.0859287643759198                                0.9999999999999991
13.4                                              0.09054504411444483                               0.09054504411444485                               1.0000000000000004
13.4                                              0.09155187421876733                               0.09155187421876733                               1.0000000000000013
13.4                                              0.09293612189218312                               0.09293612189218313                               0.9999999999999992
13.4                                              0.09803755673537645                               0.09803755673537645                               0.9999999999999982
13.4                                              0.09959377000365272                               0.09959377000365272                               0.9999999999999978
13.4                                              0.10772504635759399                               0.107725046357594                                 0.9999999999999992
13.4                                              0.10856383399017643                               0.10856383399017643                               1.0000000000000004
13.4                                              0.10996440508875488                               0.10996440508875488                               0.9999999999999997
13.4                                              0.11954842298262575                               0.11954842298262575                               0.9999999999999997
13.4                                              0.12266756395502823                               0.12266756395502823                               0.9999999999999998
13.4                                              0.13203028082130253                               0.13203028082130253                               0.9999999999999998
13.4                                              0.13346116823898568                               0.1334611682389857                                0.9999999999999998
13.4                                              0.13768912309620035                               0.13768912309620035                               1.0000000000000009
13.4                                              0.14941878176963283                               0.14941878176963286                               0.9999999999999997
13.4                                              0.15495805646289276                               0.1549580564628928                                0.999999999999999
13.4                                              0.1621759892221189                                0.16217598922211893                               0.9999999999999987
13.4                                              0.16737443560556714                               0.16737443560556714                               0.9999999999999999
13.4                                              0.16796897215666085+4.922777622185006E-17i        0.16796897215666085+4.9227776221850066E-17i       1.0000000000000007
13.4                                              0.17459786641998595                               0.17459786641998598                               1.0000000000000007
13.4                                              0.17600036019902815+3.070153562499219E-15i        0.17600036019902815+3.0701535624992196E-15i       0.999999999999999
13.4                                              0.17816773542146774+8.690360647695548E-15i        0.17816773542146774+8.690360647695548E-15i        0.9999999999999991
13.600000000000001                                0.043201464654757896                              0.0432014646547579                                0.9999999999999997
13.600000000000001                                0.04424458943441493-7.786253486908117E-18i        0.044244589434414935-7.786253486908117E-18i       1
13.600000000000001                                0.062044613609838754                              0.062044613609838754                              1.0000000000000002
13.600000000000001                                0.06725638129459684+2.2730131700336045E-17i       0.06725638129459684+2.2730131700336045E-17i       0.9999999999999988
13.600000000000001                                0.07602746735566723                               0.07602746735566723                               0.9999999999999978
13.600000000000001                                0.08226514432020059                               0.08226514432020059                               0.9999999999999979
13.600000000000001                                0.08321717172341937                               0.08321717172341937                               1.000000000000002
13.600000000000001                                0.08509896478368627                               0.08509896478368627                               1.0000000000000016
13.600000000000001                                0.08627443403455982                               0.08627443403455982                               0.9999999999999998
13.600000000000001                                0.09009011580208114                               0.09009011580208114                               1.0000000000000004
13.600000000000001                                0.09205080065056921                               0.09205080065056921                               1.000000000000001
13.600000000000001                                0.092619119637518-1.0986798908488326E-17i         0.09261911963751801-1.0986798908488326E-17i       0.9999999999999998
13.600000000000001                                0.09740597883293137                               0.09740597883293138                               1.0000000000000013
13.600000000000001                                0.10031078903400814                               0.10031078903400815                               0.9999999999999994
13.600000000000001                                0.10692206732884561                               0.10692206732884563                               1
13.600000000000001                                0.10904843817402436+1.9582939539712934E-17i       0.10904843817402438+1.9582939539712934E-17i       0.9999999999999987
13.600000000000001                                0.11085676626292904                               0.11085676626292904                               0.9999999999999992
13.600000000000001                                0.11857637619745276                               0.11857637619745277                               1.0000000000000022
13.600000000000001                                0.12373441244679016                               0.12373441244679016                               0.9999999999999989
13.600000000000001                                0.1315130252047736                                0.1315130252047736                                0.9999999999999989
13.600000000000001                                0.13232136081999038                               0.1323213608199904                                1.0000000000000016
13.600000000000001                                0.13893020641995002                               0.13893020641995002                               1
13.600000000000001                                0.14811216856925058                               0.14811216856925058                               1
13.600000000000001                                0.15636867227547313                               0.15636867227547313                               0.9999999999999997
13.600000000000001                                0.1628448790915437                                0.1628448790915437                                1.0000000000000024
13.600000000000001                                0.16590196545862454                               0.16590196545862454                               0.9999999999999999
13.600000000000001                                0.1681014782531327-2.398507571790791E-17i         0.16810147825313274-2.398507571790791E-17i        0.9999999999999998
13.600000000000001                                0.17593820114370845+7.003021587804007E-15i        0.17593820114370845+7.003021587804008E-15i        1.0000000000000004
13.600000000000001                                0.1761883517969109+6.317367254655348E-16i         0.1761883517969109+6.317367254655348E-16i         1.0000000000000002
13.600000000000001                                0.17753927297094313-6.6685717708168764E-15i       0.17753927297094316-6.6685717708168764E-15i       0.9999999999999998
13.8                                              0.04324086000522471-5.568695815360031E-18i        0.04324086000522471-5.568695815360031E-18i        0.9999999999999997
13.8                                              0.04427894758165236-5.400043730598928E-18i        0.04427894758165236-5.4000437305989286E-18i       0.9999999999999983
13.8                                              0.061841348021924716                              0.061841348021924716                              1.0000000000000007
13.8                                              0.06755487992072459+1.7984198656409493E-17i       0.06755487992072459+1.7984198656409496E-17i       1.0000000000000016
13.8                                              0.0760484021274669                                0.0760484021274669                                0.9999999999999992
13.8                                              0.08226127639382078                               0.08226127639382078                               1.0000000000000002
13.8                                              0.08333762303549919                               0.08333762303549919                               1.0000000000000024
13.8                                              0.08484646996628409                               0.08484646996628409                               1.0000000000000004
13.8                                              0.08663714263873075                               0.08663714263873075                               1.0000000000000007
13.8                                              0.08964746163919007                               0.08964746163919007                               0.9999999999999994
13.8                                              0.09214380640478458                               0.09214380640478458                               0.9999999999999988
13.8                                              0.09272712786023476                               0.09272712786023478                               1.0000000000000009
13.8                                              0.09678749447005472                               0.09678749447005472                               1.0000000000000018
13.8                                              0.10104173678004408                               0.10104173678004408                               0.9999999999999994
13.8                                              0.10613248584930737                               0.10613248584930739                               0.9999999999999992
13.8                                              0.10953503531527595                               0.10953503531527595                               0.9999999999999989
13.8                                              0.11176250601364739                               0.11176250601364739                               1.0000000000000007
13.8                                              0.11761785622134777                               0.11761785622134778                               1.0000000000000002
13.8                                              0.12481443862621006                               0.12481443862621007                               1.0000000000000009
13.8                                              0.13099824519163686                               0.13099824519163686                               0.9999999999999998
13.8                                              0.1311951959563455                                0.1311951959563455                                0.9999999999999972
13.8                                              0.14018442097562958                               0.14018442097562958                               1.000000000000001
13.8                                              0.14681924115052655                               0.14681924115052655                               0.9999999999999999
13.8                                              0.15779096994037395                               0.15779096994037395                               0.999999999999999
13.8                                              0.16351617814299596                               0.16351617814299596                               1.0000000000000024
13.8                                              0.1644432596392531                                0.1644432596392531                                0.9999999999999982
13.8                                              0.16823601834831511                               0.16823601834831514                               1.000000000000001
13.8                                              0.17582894002088117+1.221887515513162E-15i        0.1758289400208812+1.221887515513162E-15i         1.0000000000000007
13.8                                              0.1769639707262765+2.243394158445571E-14i         0.17696397072627654+2.2433941584455713E-14i       1.000000000000002
13.8                                              0.1777919270859065-1.7564790625236233E-16i        0.17779192708590652-1.7564790625236235E-16i       0.9999999999999998
14                                                0.04326893605063626                               0.04326893605063626                               0.9999999999999984
14                                                0.04432809860027093                               0.04432809860027093                               1.000000000000001
14                                                0.06164008259324094                               0.06164008259324095                               0.9999999999999981
14                                                0.06785511805422095+2.3017305842851095E-17i       0.06785511805422095+2.3017305842851098E-17i       0.9999999999999993
14                                                0.07606963591339552                               0.07606963591339552                               0.9999999999999987
14                                                0.08225775895953186                               0.08225775895953186                               0.999999999999998
14                                                0.08348892208478599                               0.08348892208478599                               0.9999999999999993
14                                                0.08461021898463807                               0.08461021898463807                               0.9999999999999984
14                                                0.08701322565446841                               0.08701322565446841                               0.9999999999999992
14                                                0.08921874615521813                               0.08921874615521815                               0.9999999999999993
14                                                0.09183318738354725                               0.09183318738354725                               1
14                                                0.09325684602139168                               0.0932568460213917                                1.0000000000000002
14                                                0.09618270604798282                               0.09618270604798283                               0.9999999999999989
14                                                0.10178604840708672                               0.10178604840708672                               0.9999999999999994
14                                                0.10535650993769796                               0.10535650993769796                               1.0000000000000002
14                                                0.11002363058820237                               0.11002363058820237                               1.0000000000000007
14                                                0.11268141667271434                               0.11268141667271435                               0.9999999999999983
14                                                0.11667293708225948                               0.1166729370822595                                1.000000000000001
14                                                0.12590756082041532                               0.12590756082041532                               1.0000000000000002
14                                                0.1300825559604687                                0.1300825559604687                                0.9999999999999996
14                                                0.13048608768294911                               0.13048608768294911                               1.0000000000000007
14                                                0.14145172388298063                               0.14145172388298063                               1.0000000000000004
14                                                0.1455400126198363                                0.1455400126198363                                1.0000000000000007
14                                                0.15922422317251927-1.9503538888839153E-17i       0.15922422317251927-1.9503538888839156E-17i       0.9999999999999993
14                                                0.1629983084177244                                0.1629983084177244                                1.0000000000000007
14                                                0.16419034868485827                               0.16419034868485827                               0.9999999999999996
14                                                0.16837263410213293                               0.16837263410213293                               0.9999999999999984
14                                                0.17558971121110317-1.306766256920951E-15i        0.1755897112111032-1.306766256920951E-15i         1.0000000000000013
14                                                0.17652485303344928+8.405171297898978E-15i        0.17652485303344928+8.405171297898978E-15i        0.9999999999999988
14                                                0.17940860030580208-2.945803131348705E-16i        0.17940860030580208-2.9458031313487056E-16i       1.0000000000000007
14.200000000000001                                0.04328646161010982-5.579481978960838E-18i        0.04328646161010982-5.579481978960838E-18i        1
14.200000000000001                                0.044391268556725164                              0.044391268556725164                              1.0000000000000016
14.200000000000001                                0.06144081568615198                               0.06144081568615198                               1.0000000000000018
14.200000000000001                                0.06815708861087891+2.791240910608948E-17i        0.06815708861087892+2.791240910608949E-17i        0.999999999999999
14.200000000000001                                0.07609116603519056                               0.07609116603519056                               0.9999999999999994
14.200000000000001                                0.08225948150721198                               0.08225948150721198                               0.9999999999999989
14.200000000000001                                0.08366446170469118                               0.08366446170469118                               1.0000000000000013
14.200000000000001                                0.0843925001418999                                0.0843925001418999                                1.000000000000001
14.200000000000001                                0.08740045556297693                               0.08740045556297693                               1.000000000000001
14.200000000000001                                0.08880483840043846                               0.08880483840043846                               0.9999999999999983
14.200000000000001                                0.09149889659689586                               0.09149889659689586                               1.0000000000000013
14.200000000000001                                0.09382864414526002                               0.09382864414526002                               0.9999999999999988
14.200000000000001                                0.0955921269169371                                0.0955921269169371                                0.9999999999999981
14.200000000000001                                0.10254337090008306                               0.10254337090008306                               0.9999999999999987
14.200000000000001                                0.10459439767767786                               0.10459439767767788                               1.0000000000000027
14.200000000000001                                0.11051422513046644                               0.11051422513046644                               0.9999999999999999
14.200000000000001                                0.11361330259338731                               0.11361330259338732                               0.9999999999999991
14.200000000000001                                0.11574176508588614                               0.11574176508588616                               0.9999999999999981
14.200000000000001                                0.1270136427423459                                0.1270136427423459                                1.0000000000000002
14.200000000000001                                0.1289837491232975                                0.1289837491232975                                1.000000000000001
14.200000000000001                                0.1299763518145434                                0.1299763518145434                                0.9999999999999997
14.200000000000001                                0.14273198395562525                               0.14273198395562525                               0.9999999999999987
14.200000000000001                                0.14427459164034356                               0.14427459164034356                               0.999999999999999
14.200000000000001                                0.1606670014089469                                0.1606670014089469                                0.9999999999999994
14.200000000000001                                0.16156732789201525                               0.16156732789201525                               1.0000000000000009
14.200000000000001                                0.16486825320850657                               0.1648682532085066                                0.9999999999999987
14.200000000000001                                0.16851139733039938                               0.16851139733039938                               0.9999999999999994
14.200000000000001                                0.17514579643858597                               0.17514579643858597                               0.9999999999999993
14.200000000000001                                0.17629688566896473-2.3843034963941314E-17i       0.17629688566896476-2.3843034963941318E-17i       1.0000000000000002
14.200000000000001                                0.18080844405224333                               0.18080844405224336                               1.0000000000000009
14.4                                              0.04329489080550186                               0.04329489080550186                               1.0000000000000009
14.4                                              0.04446699814368631                               0.04446699814368631                               0.9999999999999989
14.4                                              0.061243545596059726                              0.061243545596059726                              0.9999999999999992
14.4                                              0.06846078395710103+3.0377109830894836E-17i       0.06846078395710103+3.0377109830894836E-17i       1.0000000000000013
14.4                                              0.0761129900781571                                0.0761129900781571                                1.0000000000000002
14.4                                              0.08226943079499947                               0.08226943079499947                               1.000000000000001
14.4                                              0.0838533555020577                                0.0838533555020577                                0.999999999999997
14.4                                              0.08420139831418383                               0.08420139831418383                               1.0000000000000013
14.4                                              0.08779341633639282                               0.08779341633639283                               0.999999999999999
14.4                                              0.08840901599255518                               0.08840901599255518                               1.0000000000000002
14.4                                              0.0911668576214934                                0.0911668576214934                                0.9999999999999996
14.4                                              0.09441506971613327                               0.09441506971613327                               1.0000000000000004
14.4                                              0.0950192117808527                                0.09501921178085271                               1.000000000000001
14.4                                              0.103310944453678                                 0.103310944453678                                 0.9999999999999993
14.4                                              0.1038488628842733                                0.1038488628842733                                0.9999999999999993
14.4                                              0.111006818284304                                 0.111006818284304                                 1.0000000000000004
14.4                                              0.11455421006868935                               0.11455421006868935                               1.0000000000000004
14.4                                              0.114828262890314                                 0.11482826289031402                               1.0000000000000004
14.4                                              0.12789481621189916                               0.12789481621189916                               1.0000000000000004
14.4                                              0.12813650015686587                               0.12813650015686587                               0.9999999999999984
14.4                                              0.12946915754049518                               0.12946915754049518                               1.0000000000000013
14.4                                              0.14302192009952253                               0.14302192009952253                               1.0000000000000016
14.4                                              0.14402623856307556                               0.14402623856307556                               0.9999999999999997
14.4                                              0.1601493592566724                                0.1601493592566724                                1
14.4                                              0.1621178644855995                                0.1621178644855995                                1.0000000000000009
14.4                                              0.1655518179618427                                0.1655518179618427                                1.0000000000000013
14.4                                              0.16865243413792202-4.4173836797145503E-17i       0.16865243413792205-4.417383679714551E-17i        1.0000000000000022
14.4                                              0.17457570058961605+3.1614092577461563E-16i       0.17457570058961608+3.161409257746157E-16i        1.0000000000000007
14.4                                              0.17620188872314227-3.8358796034784194E-15i       0.17620188872314227-3.8358796034784194E-15i       1.0000000000000002
14.4                                              0.17922751579546636-1.6879639868590984E-15i       0.17922751579546636-1.6879639868590986E-15i       0.9999999999999992
14.600000000000001                                0.04329597877475059-8.494900714376858E-18i        0.04329597877475059-8.494900714376858E-18i        0.9999999999999997
14.600000000000001                                0.04455352696670635                               0.04455352696670635                               0.9999999999999984
14.600000000000001                                0.06104827055452123                               0.061048270554521236                              1.0000000000000004
14.600000000000001                                0.06876619583360212+2.100213586507868E-17i        0.06876619583360212+2.100213586507868E-17i        1.0000000000000013
14.600000000000001                                0.07613510621518106                               0.07613510621518106                               1.0000000000000002
14.600000000000001                                0.0822890758640048                                0.08228907586400482                               0.9999999999999997
14.600000000000001                                0.08394189478328391                               0.08394189478328391                               0.9999999999999999
14.600000000000001                                0.08414920025342447                               0.08414920025342447                               0.9999999999999997
14.600000000000001                                0.0879863931033263                                0.0879863931033263                                1.0000000000000016
14.600000000000001                                0.08823261791783774                               0.08823261791783775                               0.9999999999999986
14.600000000000001                                0.09084467571685287                               0.09084467571685288                               0.9999999999999999
14.600000000000001                                0.09443983544266255                               0.09443983544266255                               0.9999999999999994
14.600000000000001                                0.0950369162753501                                0.0950369162753501                                1
14.600000000000001                                0.10310600367350858                               0.10310600367350858                               0.9999999999999977
14.600000000000001                                0.10410264146224768                               0.10410264146224768                               0.9999999999999996
14.600000000000001                                0.11150140850432634                               0.11150140850432634                               1.0000000000000016
14.600000000000001                                0.11391801571188767                               0.11391801571188767                               0.9999999999999984
14.600000000000001                                0.11551852946317853                               0.11551852946317855                               1.0000000000000016
14.600000000000001                                0.12682581886447944                               0.12682581886447944                               0.9999999999999991
14.600000000000001                                0.1289640825181148                                0.1289640825181148                                0.9999999999999987
14.600000000000001                                0.1292664721893635                                0.1292664721893635                                1.0000000000000013
14.600000000000001                                0.14178395424426737                               0.14178395424426737                               1.0000000000000013
14.600000000000001                                0.14533251133966948                               0.14533251133966948                               0.9999999999999981
14.600000000000001                                0.15874567600507022                               0.15874567600507025                               0.9999999999999981
14.600000000000001                                0.1635703714595686                                0.1635703714595686                                1.0000000000000009
14.600000000000001                                0.1662455306674272-3.179093467105748E-17i         0.1662455306674272-3.179093467105749E-17i         1.0000000000000004
14.600000000000001                                0.16879598673783547                               0.1687959867378355                                0.9999999999999979
14.600000000000001                                0.17395989649831123-4.62418444428317E-16i         0.17395989649831126-4.62418444428317E-16i         0.9999999999999992
14.600000000000001                                0.17615980000558648-3.6848004135901765E-14i       0.17615980000558648-3.6848004135901765E-14i       1.0000000000000007
14.600000000000001                                0.17765943966940645-8.58400874100688E-16i         0.17765943966940645-8.584008741006881E-16i        1.000000000000001
14.8                                              0.043291453253013965-5.974281161642924E-18i       0.04329145325301397-5.974281161642924E-18i        0.9999999999999988
14.8                                              0.04464912196322443                               0.04464912196322444                               1.0000000000000027
14.8                                              0.06085498873215148                               0.060854988732151484                              0.9999999999999977
14.8                                              0.06907331526553113+2.0413417690309186E-17i       0.06907331526553115+2.0413417690309186E-17i       1.0000000000000016
14.8                                              0.07615751341380109                               0.07615751341380109                               1.0000000000000004
14.8                                              0.08231866864121053                               0.08231866864121053                               0.9999999999999994
14.8                                              0.08381016967386547                               0.08381016967386547                               1.0000000000000002
14.8                                              0.08435552720123166                               0.08435552720123166                               1.0000000000000004
14.8                                              0.08763424431778095                               0.08763424431778097                               0.9999999999999993
14.8                                              0.08860988806997544                               0.08860988806997545                               1.0000000000000013
14.8                                              0.09054416371895074                               0.09054416371895074                               1.0000000000000024
14.8                                              0.09389452151348959                               0.09389452151348959                               1.0000000000000004
14.8                                              0.09565270977932815                               0.09565270977932816                               0.9999999999999992
14.8                                              0.10238564507752865                               0.10238564507752865                               0.9999999999999976
14.8                                              0.10489861636318581                               0.10489861636318581                               0.9999999999999994
14.8                                              0.11199799375345554                               0.11199799375345555                               0.9999999999999992
14.8                                              0.11302768024245495                               0.11302768024245495                               1.0000000000000002
14.8                                              0.11648958336859495                               0.11648958336859495                               0.999999999999999
14.8                                              0.12576772802822497                               0.12576772802822497                               1.0000000000000013
14.8                                              0.1284621057441094                                0.1284621057441094                                1.0000000000000007
14.8                                              0.1304115884627181                                0.1304115884627181                                0.9999999999999996
14.8                                              0.1405593700304347                                0.1405593700304347                                0.9999999999999996
14.8                                              0.14665210655139005                               0.14665210655139005                               1.0000000000000018
14.8                                              0.1573556442398914                                0.15735564423989143                               0.999999999999999
14.8                                              0.16501185880167096-1.9568803029900038E-17i       0.16501185880167096-1.9568803029900038E-17i       0.9999999999999997
14.8                                              0.16696158502031827+2.5933655252947443E-17i       0.16696158502031827+2.5933655252947446E-17i       1.0000000000000007
14.8                                              0.16894259390143357                               0.16894259390143357                               0.9999999999999997
14.8                                              0.17332767800947319                               0.17332767800947319                               0.999999999999999
14.8                                              0.1761051055346557                                0.1761051055346557                                0.9999999999999993
14.8                                              0.17614188638179124                               0.17614188638179124                               1.000000000000001
15                                                0.04328282893976896                               0.04328282893976896                               1.0000000000000009
15                                                0.044752263035522044                              0.044752263035522044                              0.9999999999999997
15                                                0.060663698241253235                              0.060663698241253235                              1.0000000000000004
15                                                0.06938213245585687                               0.06938213245585687                               1.0000000000000009
15                                                0.076180211479914                                 0.07618021147991401                               1.0000000000000004
15                                                0.08235730928007431                               0.08235730928007433                               1.0000000000000007
15                                                0.08367159360340115                               0.08367159360340115                               0.9999999999999993
15                                                0.08460774957217682                               0.08460774957217682                               1.0000000000000004
15                                                0.08727900661018942                               0.08727900661018942                               0.9999999999999984
15                                                0.08896528689071048                               0.08896528689071048                               1
15                                                0.0902992133411398                                0.0902992133411398                                1.0000000000000007
15                                                0.09335900684138812                               0.09335900684138812                               0.9999999999999977
15                                                0.09628635143107293                               0.09628635143107293                               1.0000000000000002
15                                                0.10167773111167994                               0.10167773111167994                               1.0000000000000022
15                                                0.10570891306950705                               0.10570891306950705                               1.000000000000001
15                                                0.11215059065834325                               0.11215059065834325                               1.0000000000000013
15                                                0.1124965718091233                                0.1124965718091233                                0.9999999999999989
15                                                0.11747402035238552                               0.11747402035238552                               1
15                                                0.12472313124747322                               0.12472313124747322                               1.0000000000000002
15                                                0.1279624102519573                                0.1279624102519573                                0.9999999999999973
15                                                0.1315700592651242                                0.1315700592651242                                0.9999999999999999
15                                                0.13934839687093523                               0.13934839687093523                               0.9999999999999989
15                                                0.14798477539442975                               0.14798477539442975                               1.0000000000000002
15                                                0.15597931009162302                               0.15597931009162302                               1.0000000000000002
15                                                0.16640037530358964                               0.16640037530358964                               0.999999999999998
15                                                0.16773955178743027-2.476372080134549E-16i        0.16773955178743027-2.476372080134549E-16i        1.0000000000000004
15                                                0.16909383779092987-1.078259008432551E-15i        0.16909383779092987-1.078259008432551E-15i        1.0000000000000004
15                                                0.17268926363980763-1.3304100248829248E-15i       0.17268926363980763-1.3304100248829248E-15i       1.000000000000001
15                                                0.17456459009243774-1.7773414792591085E-15i       0.17456459009243774-1.7773414792591085E-15i       0.9999999999999999
15                                                0.17613858642910446+1.1649978845766821E-14i       0.17613858642910446+1.1649978845766821E-14i       0.9999999999999993
15.200000000000001                                0.04327134692717479                               0.04327134692717479                               0.9999999999999964
15.200000000000001                                0.04486170362232156                               0.04486170362232156                               0.9999999999999986
15.200000000000001                                0.06047439713822466                               0.06047439713822467                               0.9999999999999989
15.200000000000001                                0.06969263665828021+1.0849764181709427E-17i       0.06969263665828021+1.0849764181709428E-17i       1.000000000000002
15.200000000000001                                0.07620320092836101                               0.07620320092836101                               1.0000000000000002
15.200000000000001                                0.08240276754874389                               0.0824027675487439                                1.0000000000000009
15.200000000000001                                0.08355370839356274                               0.08355370839356274                               0.9999999999999993
15.200000000000001                                0.08488032720013736                               0.08488032720013736                               0.9999999999999998
15.200000000000001                                0.08693704135623075                               0.08693704135623075                               1.0000000000000016
15.200000000000001                                0.08917528985592357+3.7060334622725066E-17i       0.08917528985592357+3.706033462272507E-17i        1.0000000000000007
15.200000000000001                                0.09021723077880009-3.8519897255125996E-17i       0.09021723077880009-3.8519897255125996E-17i       1.0000000000000002
15.200000000000001                                0.09283687835114664                               0.09283687835114664                               1.0000000000000024
15.200000000000001                                0.09693412051834778                               0.09693412051834778                               1.0000000000000033
15.200000000000001                                0.10098326829012762                               0.10098326829012763                               1.000000000000001
15.200000000000001                                0.10653252710416222                               0.10653252710416222                               0.9999999999999999
15.200000000000001                                0.1112870136091179                                0.11128701360911791                               0.9999999999999997
15.200000000000001                                0.11299713994182606                               0.11299713994182606                               0.9999999999999992
15.200000000000001                                0.1184715630272083                                0.11847156302720831                               1.0000000000000013
15.200000000000001                                0.1236921024991521                                0.1236921024991521                                0.9999999999999998
15.200000000000001                                0.12746520416030727                               0.12746520416030727                               1.0000000000000018
15.200000000000001                                0.13274158589715662                               0.13274158589715662                               1.000000000000001
15.200000000000001                                0.1381510555859095                                0.1381510555859095                                1.0000000000000027
15.200000000000001                                0.1493304782935277                                0.1493304782935277                                1.000000000000001
15.200000000000001                                0.15461667881330904                               0.15461667881330904                               1.0000000000000002
15.200000000000001                                0.16760677560186546+2.6424202044960616E-16i       0.16760677560186546+2.6424202044960616E-16i       1.0000000000000016
15.200000000000001                                0.16869734870016279-4.9016931282940224E-15i       0.1686973487001628-4.9016931282940224E-15i        1.0000000000000004
15.200000000000001                                0.1692598849858037-6.633177752464111E-15i         0.1692598849858037-6.633177752464112E-15i         1.0000000000000004
15.200000000000001                                0.17204889273252477-5.165432788563273E-15i        0.1720488927325248-5.165432788563274E-15i         0.9999999999999996
15.200000000000001                                0.17303783304868925-2.4678629447377528E-15i       0.17303783304868928-2.4678629447377528E-15i       1.0000000000000007
15.200000000000001                                0.1761467502372991+4.619563310595137E-15i         0.1761467502372991+4.619563310595137E-15i         1.0000000000000013
15.4                                              0.04325798640026025                               0.04325798640026025                               1.0000000000000002
15.4                                              0.044976458998689815                              0.044976458998689815                              1.0000000000000002
15.4                                              0.060287083425875305                              0.06028708342587531                               1.0000000000000004
15.4                                              0.07000481602499278+1.3089974822168855E-17i       0.07000481602499278+1.3089974822168855E-17i       0.9999999999999996
15.4                                              0.0762264827091671                                0.0762264827091671                                1.0000000000000007
15.4                                              0.08245112889994619                               0.08245112889994619                               1.0000000000000002
15.4                                              0.08346349501456757                               0.08346349501456757                               1
15.4                                              0.08516971829147169                               0.0851697182914717                                1
15.4                                              0.08660989857941247                               0.08660989857941248                               0.999999999999998
15.4                                              0.0891122407328553                                0.0891122407328553                                1.0000000000000004
15.4                                              0.09042454344331863                               0.09042454344331864                               1.0000000000000002
15.4                                              0.09232882751373075                               0.09232882751373075                               0.9999999999999987
15.4                                              0.09759537210053931                               0.09759537210053933                               0.9999999999999988
15.4                                              0.1003025228797533                                0.1003025228797533                                1
15.4                                              0.1073692321314112                                0.1073692321314112                                1.0000000000000016
15.4                                              0.11043705910434122                               0.11043705910434123                               0.9999999999999982
15.4                                              0.1134996956757745                                0.1134996956757745                                1.0000000000000018
15.4                                              0.11948210720881652                               0.11948210720881652                               1.0000000000000024
15.4                                              0.12267469379363824                               0.12267469379363825                               0.9999999999999982
15.4                                              0.1269704959374463                                0.1269704959374463                                0.9999999999999978
15.4                                              0.13392609711677878                               0.13392609711677878                               1.0000000000000002
15.4                                              0.13696737737404382                               0.13696737737404382                               0.999999999999999
15.4                                              0.15068916219838566                               0.15068916219838566                               0.9999999999999982
15.4                                              0.15326777917195208                               0.15326777917195208                               0.9999999999999994
15.4                                              0.16851131292632143                               0.16851131292632143                               1.0000000000000016
15.4                                              0.16938351991272937                               0.16938351991272937                               1.000000000000001
15.4                                              0.17001012898104773                               0.17001012898104773                               0.9999999999999996
15.4                                              0.17140882054009005                               0.17140882054009007                               0.9999999999999999
15.4                                              0.17152501096653933                               0.17152501096653933                               1.0000000000000007
15.4                                              0.1761657263404887                                0.1761657263404887                                1.000000000000002
15.600000000000001                                0.043243505387926075                              0.043243505387926075                              1.000000000000002
15.600000000000001                                0.04509576552501024-5.688191422416605E-18i        0.04509576552501024-5.688191422416605E-18i        1.000000000000003
15.600000000000001                                0.06010175505555978                               0.06010175505555978                               0.9999999999999992
15.600000000000001                                0.07031865742315323                               0.07031865742315323                               1.000000000000002
15.600000000000001                                0.07625005784986462                               0.07625005784986462                               1.0000000000000022
15.600000000000001                                0.08249661621305876                               0.08249661621305876                               1.0000000000000004
15.600000000000001                                0.08340767094793715                               0.08340767094793715                               1.0000000000000007
15.600000000000001                                0.08547354767585562                               0.08547354767585562                               1.0000000000000018
15.600000000000001                                0.08629917830533251                               0.08629917830533253                               0.9999999999999992
15.600000000000001                                0.08888099838385494                               0.08888099838385494                               1.0000000000000007
15.600000000000001                                0.09081483253853279                               0.09081483253853279                               0.9999999999999999
15.600000000000001                                0.09183625632391093                               0.09183625632391093                               1.0000000000000002
15.600000000000001                                0.09826929645786092                               0.09826929645786094                               0.9999999999999996
15.600000000000001                                0.09963615706956624                               0.09963615706956624                               1
15.600000000000001                                0.10821856012801842                               0.10821856012801842                               1.0000000000000018
15.600000000000001                                0.10960114627136966                               0.10960114627136966                               1.000000000000001
15.600000000000001                                0.11400423622634069                               0.11400423622634069                               1.0000000000000016
15.600000000000001                                0.12050527306087769                               0.1205052730608777                                0.9999999999999986
15.600000000000001                                0.12167125334575934                               0.12167125334575936                               0.9999999999999994
15.600000000000001                                0.12647828718947635                               0.12647828718947635                               1.0000000000000018
15.600000000000001                                0.1351230562273483                                0.1351230562273483                                0.9999999999999987
15.600000000000001                                0.135797872328553                                 0.135797872328553                                 0.9999999999999992
15.600000000000001                                0.15192966927220525                               0.15192966927220525                               1.000000000000001
15.600000000000001                                0.1520637466171146                                0.15206374661711464                               0.9999999999999998
15.600000000000001                                0.16920837605516015+3.65271678854584E-17i         0.16920837605516018+3.65271678854584E-17i         1.0000000000000007
15.600000000000001                                0.16960395927119448                               0.1696039592711945                                1
15.600000000000001                                0.1700252774110435                                0.1700252774110435                                1.0000000000000007
15.600000000000001                                0.17076814074022378                               0.1707681407402238                                0.9999999999999999
15.600000000000001                                0.17144503466564975                               0.17144503466564978                               0.999999999999999
15.600000000000001                                0.1761964918677414                                0.17619649186774142                               0.9999999999999991
15.8                                              0.043228486489759334                              0.04322848648975934                               1.0000000000000009
15.8                                              0.04521903492011007                               0.04521903492011008                               0.9999999999999989
15.8                                              0.059918409929197294                              0.059918409929197294                              0.9999999999999969
15.8                                              0.07063414621238404                               0.07063414621238404                               1.0000000000000004
15.8                                              0.07627392709252981                               0.07627392709252981                               0.9999999999999999
15.8                                              0.08253257351674537                               0.08253257351674537                               1.0000000000000018
15.8                                              0.08339327377039618                               0.0833932737703962                                0.9999999999999981
15.8                                              0.0857773836438682                                0.0857773836438682                                0.9999999999999977
15.8                                              0.08601881585257803                               0.08601881585257805                               1.0000000000000002
15.8                                              0.08859451677105054                               0.08859451677105054                               1.0000000000000016
15.8                                              0.09123557663955847                               0.09123557663955847                               0.9999999999999981
15.8                                              0.09139886137049753                               0.09139886137049755                               0.9999999999999997
15.8                                              0.09891075275687695                               0.09891075275687695                               1.000000000000002
15.8                                              0.09902923054860835                               0.09902923054860835                               0.9999999999999989
15.8                                              0.10877081299690333                               0.10877081299690333                               1.0000000000000009
15.8                                              0.10908894149264395                               0.10908894149264395                               0.9999999999999991
15.8                                              0.11451075876342386                               0.11451075876342387                               1.000000000000001
15.8                                              0.12067884070624721                               0.12067884070624722                               0.9999999999999998
15.8                                              0.12154397470636541                               0.12154397470636542                               1.0000000000000007
15.8                                              0.12598857864369659                               0.12598857864369659                               1.0000000000000009
15.8                                              0.13464016113241511                               0.13464016113241511                               1.0000000000000009
15.8                                              0.13633481912530523                               0.13633481912530523                               0.9999999999999976
15.8                                              0.15061059745533303                               0.15061059745533303                               0.9999999999999996
15.8                                              0.1534459613055312                                0.1534459613055312                                1.0000000000000013
15.8                                              0.1685398195371253-2.2329589439150494E-16i        0.1685398195371253-2.2329589439150494E-16i        1.0000000000000002
15.8                                              0.1695966506816679+4.948998182759225E-14i         0.1695966506816679+4.948998182759225E-14i         1.0000000000000007
15.8                                              0.17004073404949643-8.279380759995643E-14i        0.17004073404949646-8.279380759995643E-14i        0.9999999999999981
15.8                                              0.1701564189417556-2.5694215129578012E-14i        0.1701564189417556-2.5694215129578015E-14i        0.9999999999999987
15.8                                              0.17295015590716356+6.273932058403852E-16i        0.1729501559071636+6.273932058403853E-16i         0.9999999999999994
15.8                                              0.17624195930234632-3.586209923703111E-15i        0.17624195930234632-3.586209923703111E-15i        0.9999999999999991
16                                                0.04321337745096014                               0.04321337745096014                               0.9999999999999989
16                                                0.04534581368625861                               0.04534581368625861                               0.9999999999999992
16                                                0.059737045901199666                              0.05973704590119967                               1.0000000000000029
16                                                0.07095126597329213                               0.07095126597329214                               0.9999999999999999
16                                                0.0762980906047367                                0.0762980906047367                                0.9999999999999999
16                                                0.08255454524284717                               0.08255454524284717                               1.0000000000000004
16                                                0.08342488066253256                               0.08342488066253256                               0.9999999999999999
16                                                0.08569882551267739                               0.0856988255126774                                0.9999999999999989
16                                                0.08615067407309104                               0.08615067407309104                               0.9999999999999996
16                                                0.08828976610972629                               0.08828976610972629                               0.9999999999999994
16                                                0.09087579732039804                               0.09087579732039804                               1.0000000000000016
16                                                0.0917910401176419                                0.0917910401176419                                0.9999999999999999
16                                                0.09833663737240196                               0.09833663737240196                               0.9999999999999999
16                                                0.09966479592463749                               0.09966479592463749                               0.9999999999999989
16                                                0.10796619220141768                               0.10796619220141769                               0.9999999999999996
16                                                0.10996021874434841                               0.10996021874434841                               0.999999999999999
16                                                0.11501926038699614                               0.11501926038699614                               1.0000000000000013
16                                                0.11970275444276074                               0.11970275444276075                               1.0000000000000022
16                                                0.12259288827695031                               0.12259288827695031                               1.0000000000000022
16                                                0.12550137212002968                               0.12550137212002968                               1.0000000000000009
16                                                0.13349739573345568                               0.13349739573345568                               1.0000000000000004
16                                                0.1375582116258428                                0.1375582116258428                                0.9999999999999988
16                                                0.14930268891788817                               0.1493026889178882                                0.9999999999999983
16                                                0.15484365927446286                               0.15484365927446286                               0.9999999999999999
16                                                0.16706802457146452                               0.16706802457146452                               1.0000000000000009
16                                                0.16948366677601126+1.6501710781357226E-15i       0.16948366677601126+1.6501710781357228E-15i       0.9999999999999991
16                                                0.1697991165812003-8.47094472646605E-15i          0.16979911658120034-8.47094472646605E-15i         1
16                                                0.17069585436716112-3.947965430853054E-17i        0.17069585436716112-3.9479654308530546E-17i       0.9999999999999994
16                                                0.17448245380025884+5.614392256354977E-16i        0.17448245380025887+5.614392256354977E-16i        1.0000000000000009
16                                                0.17631075096548762-3.992623726326338E-15i        0.17631075096548765-3.992623726326338E-15i        0.999999999999999
16.2                                              0.04319852381658951                               0.043198523816589514                              1
16.2                                              0.04547575045486275                               0.04547575045486275                               0.999999999999998
16.2                                              0.059557660780340735                              0.059557660780340735                              1
16.2                                              0.07126999817404173                               0.07126999817404174                               1.0000000000000004
16.2                                              0.07632254782668038                               0.07632254782668038                               0.9999999999999999
16.2                                              0.08256344597962453                               0.08256344597962455                               1.0000000000000004
16.2                                              0.0835015109576001                                0.0835015109576001                                1.0000000000000002
16.2                                              0.08543836638023172                               0.08543836638023174                               0.9999999999999983
16.2                                              0.08649311715966197                               0.08649311715966197                               0.9999999999999983
16.2                                              0.08797963600579466                               0.08797963600579467                               1.0000000000000004
16.2                                              0.0904256092852919                                0.0904256092852919                                0.9999999999999999
16.2                                              0.09231094268147023                               0.09231094268147023                               0.999999999999999
16.2                                              0.09771115604102143                               0.09771115604102143                               0.9999999999999997
16.2                                              0.1003786159084948                                0.1003786159084948                                1.0000000000000002
16.2                                              0.10717056871891675                               0.10717056871891677                               0.9999999999999997
16.2                                              0.11084908743761095                               0.11084908743761095                               0.9999999999999987
16.2                                              0.11552973812994098                               0.11552973812994098                               1.0000000000000004
16.2                                              0.11873955203404704                               0.11873955203404706                               0.9999999999999994
16.2                                              0.12365542343031219                               0.12365542343031219                               0.9999999999999967
16.2                                              0.12501667873270222                               0.12501667873270225                               1
16.2                                              0.1323680754971006                                0.1323680754971006                                1.0000000000000022
16.2                                              0.13879471286440545                               0.13879471286440545                               1.0000000000000013
16.2                                              0.1480083903987105                                0.1480083903987105                                1.0000000000000004
16.2                                              0.15625437198717512                               0.15625437198717512                               1.0000000000000024
16.2                                              0.16560992901640936                               0.16560992901640936                               0.9999999999999982
16.2                                              0.1688540544127523-4.625809477044836E-16i         0.1688540544127523-4.625809477044836E-16i         1.0000000000000009
16.2                                              0.16996347864609587-1.977702740904855E-15i        0.1699634786460959-1.977702740904855E-15i         0.9999999999999992
16.2                                              0.17132628578725095-1.138204615826735E-15i        0.17132628578725098-1.138204615826735E-15i        1.0000000000000009
16.2                                              0.17594722603201615+1.818080342646E-14i           0.17594722603201615+1.8180803426460003E-14i       1
16.2                                              0.17648866421929216-2.471147195279269E-14i        0.17648866421929216-2.4711471952792692E-14i       0.9999999999999992
16.400000000000002                                0.04318419400831808                               0.04318419400831808                               0.9999999999999981
16.400000000000002                                0.04560857090954015                               0.04560857090954016                               1
16.400000000000002                                0.05938025233153509                               0.0593802523315351                                1.0000000000000013
16.400000000000002                                0.07159032175779263                               0.07159032175779263                               1.000000000000002
16.400000000000002                                0.07634729748615625                               0.07634729748615625                               1.0000000000000022
16.400000000000002                                0.08256482633981131                               0.08256482633981131                               1.0000000000000016
16.400000000000002                                0.08361734645538077                               0.08361734645538077                               0.9999999999999987
16.400000000000002                                0.08518881702580189                               0.08518881702580189                               0.9999999999999989
16.400000000000002                                0.0868485042411191                                0.0868485042411191                                0.9999999999999993
16.400000000000002                                0.08767371148788129                               0.08767371148788129                               0.9999999999999973
16.400000000000002                                0.08998737209602548                               0.08998737209602548                               0.9999999999999996
16.400000000000002                                0.09285163708358524                               0.09285163708358524                               1.0000000000000013
16.400000000000002                                0.09709849454615181                               0.09709849454615181                               1
16.400000000000002                                0.10110649253880503                               0.10110649253880503                               1
16.400000000000002                                0.1063882351888244                                0.10638823518882441                               0.9999999999999958
16.400000000000002                                0.11175124153724891                               0.11175124153724891                               1
16.400000000000002                                0.1160421889562063                                0.1160421889562063                                1
16.400000000000002                                0.11778981268589975                               0.11778981268589975                               1.0000000000000007
16.400000000000002                                0.12453414966319246                               0.12453414966319246                               1.0000000000000002
16.400000000000002                                0.12473133056686238                               0.12473133056686238                               0.9999999999999993
16.400000000000002                                0.13125231178886168                               0.13125231178886168                               1.0000000000000013
16.400000000000002                                0.14004419091140036                               0.14004419091140036                               0.9999999999999997
16.400000000000002                                0.1467277256211897                                0.1467277256211897                                0.9999999999999984
16.400000000000002                                0.15767805380457703                               0.15767805380457706                               1.0000000000000013
16.400000000000002                                0.16416553856241656                               0.16416553856241656                               0.9999999999999991
16.400000000000002                                0.16822264558064298-5.5042117824979204E-17i       0.16822264558064298-5.504211782497921E-17i        0.9999999999999992
16.400000000000002                                0.17012677427119605-6.618421409091943E-16i        0.17012677427119607-6.618421409091943E-16i        0.9999999999999988
16.400000000000002                                0.17193887152205287-5.081135943130894E-16i        0.17193887152205287-5.081135943130894E-16i        1.0000000000000009
16.400000000000002                                0.176408608343938+7.27499299287133E-15i           0.17640860834393804+7.27499299287133E-15i         0.9999999999999991
16.400000000000002                                0.17771258489648978+2.3713764308230293E-16i       0.1777125848964898+2.3713764308230293E-16i        0.9999999999999998
16.6                                              0.04317059815478233                               0.04317059815478233                               1.0000000000000004
16.6                                              0.04574405895558825                               0.04574405895558826                               1.0000000000000022
16.6                                              0.05920481827757975                               0.05920481827757976                               0.9999999999999994
16.6                                              0.07191221262837429                               0.07191221262837429                               0.9999999999999997
16.6                                              0.07637233777594807                               0.07637233777594807                               1.0000000000000024
16.6                                              0.08256526284604146                               0.08256526284604146                               0.9999999999999983
16.6                                              0.08376522012467491                               0.08376522012467491                               1.0000000000000018
16.6                                              0.0849550651663726                                0.0849550651663726                                1.0000000000000013
16.6                                              0.08714894671997651+3.093429931834613E-17i        0.08714894671997651+3.093429931834613E-17i        0.9999999999999999
16.6                                              0.08743749411601703-2.2606964533335326E-17i       0.08743749411601705-2.260696453333533E-17i        1.0000000000000009
16.6                                              0.0895629500399267                                0.0895629500399267                                1
16.6                                              0.09340920123284396                               0.09340920123284396                               1.0000000000000009
16.6                                              0.09649940930475005                               0.09649940930475005                               0.9999999999999972
16.6                                              0.10184769058680704                               0.10184769058680704                               0.9999999999999994
16.6                                              0.10561942717712376                               0.10561942717712378                               0.9999999999999996
16.6                                              0.11266644528643599                               0.112666445286436                                 0.9999999999999988
16.6                                              0.11655660975160531                               0.11655660975160531                               0.9999999999999997
16.6                                              0.11685361159214312                               0.11685361159214314                               0.9999999999999991
16.6                                              0.12405467504779896                               0.12405467504779898                               1.000000000000001
16.6                                              0.1258196308406694                                0.12581963084066944                               0.9999999999999984
16.6                                              0.13015013033134873                               0.13015013033134873                               0.9999999999999974
16.6                                              0.14130660108130366                               0.14130660108130366                               0.9999999999999994
16.6                                              0.14546070472210088                               0.14546070472210088                               1
16.6                                              0.1591146706535021                                0.1591146706535021                                1.000000000000002
16.6                                              0.16273486106897797                               0.16273486106897797                               1.0000000000000013
16.6                                              0.16759301862840348+2.062600066914895E-17i        0.1675930186284035+2.062600066914895E-17i         1.0000000000000002
16.6                                              0.1702899472973527-2.597336870448401E-16i         0.17028994729735272-2.597336870448401E-16i        0.9999999999999998
16.6                                              0.17252310036454618-9.396705136553103E-16i        0.1725231003645462-9.396705136553103E-16i         1.0000000000000027
16.6                                              0.1765624568481628+1.1061880085612889E-14i        0.17656245684816282+1.106188008561289E-14i        0.9999999999999993
16.6                                              0.1792925997802008-4.504260888756455E-15i         0.17929259978020082-4.504260888756455E-15i        1.0000000000000016
16.8                                              0.04315790210145581                               0.043157902101455814                              1
16.8                                              0.04588204270986409                               0.04588204270986409                               0.9999999999999988
16.8                                              0.05903135630086294                               0.05903135630086294                               0.9999999999999994
16.8                                              0.0722356430037676                                0.0722356430037676                                1.0000000000000018
16.8                                              0.07639766665238804                               0.07639766665238804                               1.0000000000000007
16.8                                              0.08256992840934302                               0.08256992840934303                               1.000000000000002
16.8                                              0.08393854838256198                               0.08393854838256198                               0.9999999999999996
16.8                                              0.08473922969941018                               0.08473922969941018                               0.9999999999999989
16.8                                              0.08698608108764025                               0.08698608108764025                               1
16.8                                              0.08767920145401031                               0.08767920145401033                               0.9999999999999996
16.8                                              0.08915318829215733                               0.08915318829215733                               1.0000000000000002
16.8                                              0.09398185641508393                               0.09398185641508393                               0.9999999999999982
16.8                                              0.09591435314888273                               0.09591435314888275                               0.9999999999999993
16.8                                              0.10260187918364823                               0.10260187918364823                               1.000000000000001
16.8                                              0.10486435641120206                               0.10486435641120208                               0.999999999999999
16.8                                              0.11359452847001968                               0.11359452847001969                               1
16.8                                              0.11593106527683866                               0.11593106527683868                               0.9999999999999989
16.8                                              0.11707299730165076                               0.11707299730165077                               1.0000000000000002
16.8                                              0.12357747077310069                               0.12357747077310069                               0.9999999999999998
16.8                                              0.12692099139520074                               0.12692099139520074                               0.9999999999999993
16.8                                              0.12906161427696866                               0.12906161427696866                               0.9999999999999983
16.8                                              0.14258182466087824                               0.14258182466087824                               0.9999999999999989
16.8                                              0.14420741990051913                               0.14420741990051913                               1.000000000000002
16.8                                              0.160563962183144                                 0.160563962183144                                 1
16.8                                              0.16131813218486396                               0.16131813218486396                               0.9999999999999989
16.8                                              0.1669656148823463                                0.1669656148823463                                1
16.8                                              0.1704539451531525                                0.1704539451531525                                0.9999999999999989
16.8                                              0.17306774233054606                               0.17306774233054606                               1.0000000000000013
16.8                                              0.17674354572479534                               0.17674354572479534                               0.9999999999999998
16.8                                              0.18033584343180056                               0.18033584343180056                               0.9999999999999984
17                                                0.04314623781670059                               0.0431462378167006                                1.0000000000000004
17                                                0.04602238409442891                               0.04602238409442891                               0.9999999999999996
17                                                0.058859864045060155                              0.058859864045060155                              0.9999999999999997
17                                                0.07256058059616392                               0.07256058059616392                               0.999999999999999
17                                                0.07642328218756621                               0.07642328218756621                               0.9999999999999989
17                                                0.08258212152490249                               0.08258212152490249                               1.0000000000000018
17                                                0.08412861220178715                               0.08412861220178715                               1.0000000000000009
17                                                0.08454693260437397                               0.08454693260437397                               1.0000000000000016
17                                                0.08668536543290428                               0.08668536543290428                               0.9999999999999993
17                                                0.0880711030881188                                0.08807110308811882                               1.000000000000001
17                                                0.08876086753514784                               0.08876086753514785                               1.0000000000000004
17                                                0.09456668359875119                               0.0945666835987512                                1
17                                                0.0953455272922351                                0.0953455272922351                                0.9999999999999989
17                                                0.10336747541068209                               0.1033674754106821                                1.0000000000000009
17                                                0.10412454890900352                               0.10412454890900352                               1.0000000000000007
17                                                0.11453371687906229                               0.1145337168790623                                1.0000000000000016
17                                                0.11502391401738957                               0.11502391401738957                               1.0000000000000022
17                                                0.11759134824109096                               0.11759134824109096                               0.9999999999999988
17                                                0.12310275704367392                               0.12310275704367393                               1.000000000000001
17                                                0.1279743778664571                                0.1279743778664571                                0.9999999999999993
17                                                0.1280475504290769                                0.1280475504290769                                0.9999999999999999
17                                                0.14296684348436683                               0.14296684348436683                               1.0000000000000007
17                                                0.1438708646387255+2.282405490168719E-17i         0.1438708646387255+2.282405490168719E-17i         0.9999999999999991
17                                                0.15991425806193937                               0.15991425806193937                               1.0000000000000002
17                                                0.16202699689269331                               0.16202699689269331                               1.0000000000000004
17                                                0.16634059279752883                               0.16634059279752883                               1
17                                                0.17061919316116955                               0.17061919316116955                               0.9999999999999987
17                                                0.17355962647091727-1.4419289775505172E-15i       0.17355962647091727-1.4419289775505172E-15i       0.9999999999999997
17                                                0.17697766552397842+1.5776641251236903E-14i       0.17697766552397842+1.5776641251236903E-14i       1.000000000000002
17                                                0.1787707925424531+5.648604962617405E-15i         0.1787707925424531+5.648604962617406E-15i         0.9999999999999992
17.2                                              0.0431357111425556                                0.0431357111425556                                1.0000000000000009
17.2                                              0.04616497108541992                               0.04616497108541992                               1.000000000000003
17.2                                              0.05869033911684482                               0.05869033911684483                               1.0000000000000007
17.2                                              0.07288698756213423                               0.07288698756213423                               1.0000000000000024
17.2                                              0.0764491828965299                                0.0764491828965299                                0.9999999999999957
17.2                                              0.08260357264498483                               0.08260357264498483                               0.9999999999999991
17.2                                              0.08426643908948384                               0.08426643908948384                               0.9999999999999987
17.2                                              0.08444543204204578                               0.08444543204204578                               1.0000000000000009
17.2                                              0.08637621143257786                               0.08637621143257787                               1.0000000000000002
17.2                                              0.08833320401777629                               0.0883332040177763                                0.9999999999999996
17.2                                              0.08853695109592528                               0.08853695109592528                               0.9999999999999987
17.2                                              0.09476993977167725                               0.09476993977167725                               0.9999999999999976
17.2                                              0.09518624350746427                               0.09518624350746427                               1.0000000000000009
17.2                                              0.10338948565386721                               0.10338948565386721                               1.0000000000000022
17.2                                              0.10415496113999391                               0.10415496113999391                               0.9999999999999973
17.2                                              0.11412444549015908                               0.11412444549015908                               0.9999999999999997
17.2                                              0.11549169517488252                               0.11549169517488252                               1.0000000000000007
17.2                                              0.11811165893426276                               0.11811165893426276                               0.9999999999999997
17.2                                              0.12263054218749868                               0.12263054218749869                               1.0000000000000002
17.2                                              0.126924208334213                                 0.126924208334213                                 1.0000000000000009
17.2                                              0.12916348768128338                               0.1291634876812834                                1.0000000000000002
17.2                                              0.14174095027057346                               0.14174095027057346                               0.9999999999999983
17.2                                              0.14517172208638401                               0.14517172208638401                               1.0000000000000022
17.2                                              0.1585246410799678                                0.1585246410799678                                1.0000000000000002
17.2                                              0.1635023432414621                                0.1635023432414621                                0.999999999999999
17.2                                              0.16571803746595892                               0.16571803746595892                               0.9999999999999993
17.2                                              0.17078590231895618                               0.17078590231895618                               1.0000000000000004
17.2                                              0.17398604980072058                               0.17398604980072058                               0.9999999999999973
17.2                                              0.17721909828574245-2.513631679614019E-17i        0.17721909828574248-2.513631679614019E-17i        1
17.2                                              0.17727993921585833                               0.17727993921585833                               0.9999999999999996
17.400000000000002                                0.04312640759899102                               0.04312640759899102                               1.000000000000001
17.400000000000002                                0.04630971190825212                               0.04630971190825212                               0.9999999999999998
17.400000000000002                                0.05852277908756739                               0.05852277908756739                               1.0000000000000004
17.400000000000002                                0.07321481914440524                               0.07321481914440524                               1.0000000000000004
17.400000000000002                                0.07647536796703225                               0.07647536796703225                               0.9999999999999974
17.400000000000002                                0.08263476245673201                               0.08263476245673201                               0.9999999999999989
17.400000000000002                                0.08416082850758376                               0.08416082850758376                               0.9999999999999983
17.400000000000002                                0.0846252948632899                                0.0846252948632899                                0.9999999999999981
17.400000000000002                                0.08606669661018124                               0.08606669661018125                               0.9999999999999997
17.400000000000002                                0.08799426969420635                               0.08799426969420635                               1
17.400000000000002                                0.08894497597341994                               0.08894497597341995                               0.9999999999999981
17.400000000000002                                0.09423320336141067                               0.09423320336141067                               1
17.400000000000002                                0.09579464934564506                               0.09579464934564506                               0.9999999999999993
17.400000000000002                                0.10267668409571516                               0.10267668409571518                               1.0000000000000004
17.400000000000002                                0.10494679183036289                               0.1049467918303629                                1.0000000000000009
17.400000000000002                                0.11324270646843833                               0.11324270646843833                               0.9999999999999989
17.400000000000002                                0.11645839178283157                               0.11645839178283159                               1.0000000000000002
17.400000000000002                                0.11863392514756184                               0.11863392514756185                               1.0000000000000033
17.400000000000002                                0.12216083073026646                               0.12216083073026647                               1.000000000000001
17.400000000000002                                0.12587629545546397                               0.12587629545546397                               1.0000000000000004
17.400000000000002                                0.130303586468626                                 0.130303586468626                                 1.0000000000000013
17.400000000000002                                0.14052834935171235                               0.14052834935171235                               0.9999999999999988
17.400000000000002                                0.14648576399349877                               0.14648576399349877                               0.9999999999999988
17.400000000000002                                0.157148619953774                                 0.15714861995377402                               1.000000000000003
17.400000000000002                                0.16499035342595347                               0.16499035342595347                               1.0000000000000004
17.400000000000002                                0.16509828036259738                               0.16509828036259738                               1.0000000000000009
17.400000000000002                                0.17095418780629856-2.3030526590713714E-16i       0.17095418780629856-2.3030526590713714E-16i       0.9999999999999986
17.400000000000002                                0.1743395809275231-1.0505839044111367E-15i        0.1743395809275231-1.0505839044111367E-15i        1.0000000000000004
17.400000000000002                                0.1756811981371573+2.446608009527898E-15i         0.1756811981371573+2.4466080095278984E-15i        1.0000000000000002
17.400000000000002                                0.17765844846435708-1.478726337064719E-15i        0.1776584484643571-1.478726337064719E-15i         0.9999999999999988
17.6                                              0.04311839676072296                               0.04311839676072296                               0.9999999999999998
17.6                                              0.046456530660330245                              0.046456530660330245                              1.0000000000000007
17.6                                              0.05835718149505116                               0.05835718149505116                               0.9999999999999988
17.6                                              0.07354402189497566                               0.07354402189497568                               1.000000000000004
17.6                                              0.0765018373419685                                0.0765018373419685                                1.0000000000000009
17.6                                              0.08267503329513701                               0.08267503329513702                               1.0000000000000009
17.6                                              0.08402527455764469                               0.08402527455764469                               1.0000000000000004
17.6                                              0.08487309999911169                               0.08487309999911169                               1.0000000000000002
17.6                                              0.08575904317423212                               0.08575904317423214                               1.0000000000000013
17.6                                              0.08764322728007415                               0.08764322728007416                               0.9999999999999989
17.6                                              0.08939449744185565                               0.08939449744185565                               1.0000000000000016
17.6                                              0.09370323813850462                               0.09370323813850463                               0.9999999999999996
17.6                                              0.09642380475019341                               0.09642380475019341                               1.000000000000001
17.6                                              0.10197569643343118                               0.10197569643343118                               0.9999999999999994
17.6                                              0.10575339673913521                               0.10575339673913521                               1.0000000000000016
17.6                                              0.11237406391203728                               0.11237406391203729                               1.0000000000000007
17.6                                              0.11743841667702497                               0.11743841667702497                               1
17.6                                              0.11915814094232854                               0.11915814094232854                               0.9999999999999981
17.6                                              0.12169362970361502                               0.12169362970361502                               1.0000000000000007
17.6                                              0.12484180488862087                               0.12484180488862087                               0.9999999999999992
17.6                                              0.13145665603460882                               0.13145665603460882                               1
17.6                                              0.1393292981223326                                0.1393292981223326                                0.9999999999999992
17.6                                              0.1478127092283927                                0.1478127092283927                                0.9999999999999992
17.6                                              0.15578623203882905                               0.15578623203882905                               1.0000000000000007
17.6                                              0.16448045160806882                               0.16448045160806882                               0.9999999999999977
17.6                                              0.16649186055636245                               0.16649186055636245                               0.9999999999999978
17.6                                              0.1711241202821407-1.210376387638917E-16i         0.1711241202821407-1.210376387638917E-16i         0.9999999999999988
17.6                                              0.17415694312071203+2.11171148966056E-15i         0.17415694312071203+2.11171148966056E-15i         1.000000000000002
17.6                                              0.1746219546714815+1.931494490799808E-14i         0.1746219546714815+1.931494490799808E-14i         0.9999999999999998
17.6                                              0.1781119820599948+6.151510281354877E-15i         0.1781119820599948+6.151510281354877E-15i         1.000000000000002
17.8                                              0.043111735583108844                              0.04311173558310885                               1.0000000000000009
17.8                                              0.04660536398443069                               0.046605363984430694                              1.0000000000000009
17.8                                              0.058193543845391514                              0.05819354384539152                               1.0000000000000002
17.8                                              0.07387453132179846                               0.07387453132179847                               1.0000000000000002
17.8                                              0.0765285916378677+9.710620612490288E-18i         0.07652859163786771+9.710620612490289E-18i        0.9999999999999967
17.8                                              0.08272246750436123                               0.08272246750436123                               1.0000000000000016
17.8                                              0.08390820281502523                               0.08390820281502524                               0.9999999999999983
17.8                                              0.08513797959641585                               0.08513797959641585                               1.0000000000000018
17.8                                              0.08545810304902167                               0.08545810304902168                               1.0000000000000013
17.8                                              0.08730506436747189                               0.08730506436747189                               0.9999999999999997
17.8                                              0.0898600654456382                                0.0898600654456382                                0.9999999999999992
17.8                                              0.09318638742730359                               0.09318638742730359                               0.9999999999999986
17.8                                              0.09706726349279905                               0.09706726349279905                               0.9999999999999976
17.8                                              0.10128804288195967                               0.10128804288195967                               1
17.8                                              0.10657324980719111                               0.10657324980719111                               0.9999999999999997
17.8                                              0.11151885708738898                               0.11151885708738898                               1.000000000000002
17.8                                              0.1184314077872224                                0.1184314077872224                                1.000000000000001
17.8                                              0.1196842932440747                                0.1196842932440747                                1.0000000000000013
17.8                                              0.12122895836041456                               0.12122895836041457                               1.0000000000000007
17.8                                              0.1238208178071411                                0.12382081780714112                               1.000000000000001
17.8                                              0.13262259206651247                               0.13262259206651247                               0.9999999999999992
17.8                                              0.13814381582211518                               0.13814381582211518                               0.9999999999999988
17.8                                              0.14915251498840515                               0.14915251498840515                               1.0000000000000016
17.8                                              0.15443748029506926                               0.15443748029506926                               1.0000000000000009
17.8                                              0.16386552661575937                               0.16386552661575937                               0.9999999999999992
17.8                                              0.16800585957259656                               0.16800585957259656                               1
17.8                                              0.17129575843707345-2.1508434299425414E-16i       0.17129575843707348-2.1508434299425414E-16i       1
17.8                                              0.17264638639093738+8.606587464074013E-16i        0.17264638639093738+8.606587464074013E-16i        1.0000000000000004
17.8                                              0.17484316362547428-7.871940137717853E-16i        0.17484316362547428-7.871940137717853E-16i        1.0000000000000009
17.8                                              0.1786306991330207+6.845289308549191E-15i         0.17863069913302074+6.8452893085491915E-15i       0.9999999999999996
18                                                0.04310647095006827                               0.04310647095006827                               0.9999999999999986
18                                                0.046756158519968366                              0.04675615851996837                               1.000000000000001
18                                                0.05803186361486838                               0.05803186361486838                               1.0000000000000018
18                                                0.07420626873024502                               0.07420626873024502                               0.9999999999999993
18                                                0.07655563192002814                               0.07655563192002814                               0.9999999999999996
18                                                0.0827735833358574                                0.0827735833358574                                0.9999999999999999
18                                                0.08381736115160074                               0.08381736115160074                               1.000000000000002
18                                                0.0851335586010459                                0.08513355860104592                               0.9999999999999999
18                                                0.0854459892346312                                0.0854459892346312                                0.9999999999999981
18                                                0.08698147696965858                               0.08698147696965859                               0.9999999999999991
18                                                0.09033986736482301                               0.09033986736482302                               0.9999999999999999
18                                                0.09268336574172066                               0.09268336574172066                               0.9999999999999998
18                                                0.09772429091958906                               0.09772429091958908                               1.0000000000000018
18                                                0.10061399675404746                               0.10061399675404746                               1.000000000000002
18                                                0.10740610281635467                               0.10740610281635467                               0.999999999999999
18                                                0.11067718895382486                               0.11067718895382486                               1.0000000000000016
18                                                0.11943722089222665                               0.11943722089222666                               1
18                                                0.12021229732234062                               0.12021229732234064                               0.9999999999999983
18                                                0.12076693956190557                               0.12076693956190557                               1.0000000000000007
18                                                0.12281337882450151                               0.12281337882450152                               1.0000000000000013
18                                                0.1338013303735731                                0.1338013303735731                                1
18                                                0.13697192775880748                               0.13697192775880748                               1.0000000000000004
18                                                0.15050512740723013                               0.15050512740723013                               0.9999999999999993
18                                                0.15310238969437945                               0.15310238969437945                               0.9999999999999992
18                                                0.16325318435340702                               0.16325318435340702                               1.0000000000000007
18                                                0.16953250981933637-3.754182683017155E-17i        0.1695325098193364-3.754182683017155E-17i         1
18                                                0.1711495761555119-1.2250505275307661E-15i        0.1711495761555119-1.2250505275307661E-15i        1
18                                                0.17146922139906046+2.867638444002964E-17i        0.17146922139906046+2.867638444002964E-17i        0.9999999999999984
18                                                0.17501674058395722-7.704818696628844E-16i        0.17501674058395725-7.704818696628844E-16i        0.9999999999999998
18                                                0.1792011989373835+7.881744657827283E-15i         0.1792011989373835+7.881744657827283E-15i         0.9999999999999976
18.2                                              0.04310264164207167                               0.04310264164207168                               1.0000000000000018
18.2                                              0.04690886893406157                               0.04690886893406157                               1
18.2                                              0.05787213825199068                               0.05787213825199068                               1.0000000000000009
18.2                                              0.07453913692115659                               0.07453913692115659                               0.9999999999999979
18.2                                              0.07658295938787002                               0.07658295938787002                               0.999999999999999
18.2                                              0.082823115270173                                 0.082823115270173                                 1.0000000000000007
18.2                                              0.08375916320069357                               0.08375916320069357                               1.0000000000000013
18.2                                              0.08483752962762214                               0.08483752962762216                               1.0000000000000007
18.2                                              0.085743100116151                                 0.085743100116151                                 1.0000000000000004
18.2                                              0.08667377076826877                               0.08667377076826878                               1.0000000000000002
18.2                                              0.0908327242723306                                0.0908327242723306                                1.0000000000000007
18.2                                              0.09219501529989828                               0.09219501529989828                               0.9999999999999996
18.2                                              0.09839420895167857                               0.09839420895167858                               1.0000000000000002
18.2                                              0.0999540607241959                                0.09995406072419591                               1.0000000000000002
18.2                                              0.10825159195992914                               0.10825159195992916                               1.0000000000000004
18.2                                              0.10984936534933162                               0.10984936534933162                               1.0000000000000007
18.2                                              0.12030546546636695                               0.12030546546636696                               1.000000000000003
18.2                                              0.12045700183826741                               0.12045700183826742                               1
18.2                                              0.12074282850812212+1.9299716656063186E-17i       0.12074282850812212+1.9299716656063186E-17i       1.0000000000000013
18.2                                              0.12181973906019786                               0.12181973906019786                               0.9999999999999993
18.2                                              0.13499247651456212                               0.13499247651456212                               0.9999999999999987
18.2                                              0.13581399626168314                               0.13581399626168314                               0.9999999999999976
18.2                                              0.15177712451255587                               0.15177712451255587                               0.9999999999999998
18.2                                              0.15187435514048953                               0.15187435514048953                               0.9999999999999979
18.2                                              0.16264344266669167                               0.16264344266669167                               0.9999999999999989
18.2                                              0.16966601624941685+9.746893519040563E-17i        0.16966601624941685+9.746893519040563E-17i        1.0000000000000007
18.2                                              0.17107125244910842-8.542838240163632E-17i        0.17107125244910845-8.542838240163632E-17i        1
18.2                                              0.17164554027151285-1.24486878800122E-15i         0.17164554027151285-1.24486878800122E-15i         0.9999999999999993
18.2                                              0.17515544779129827-3.711548494749526E-16i        0.1751554477912983-3.7115484947495266E-16i        0.9999999999999994
18.2                                              0.1798108091180613+5.522729916642613E-16i         0.1798108091180613+5.522729916642613E-16i         0.9999999999999992
18.400000000000002                                0.04310027986850675                               0.04310027986850675                               1.0000000000000007
18.400000000000002                                0.04706345638789747+5.512585413513979E-18i        0.04706345638789747+5.512585413513979E-18i        0.9999999999999981
18.400000000000002                                0.05771436517964197                               0.05771436517964198                               1.0000000000000004
18.400000000000002                                0.07487301423542261                               0.07487301423542261                               1.0000000000000022
18.400000000000002                                0.07661057504681684                               0.07661057504681684                               1.0000000000000022
18.400000000000002                                0.08286468091686844                               0.08286468091686844                               0.999999999999999
18.400000000000002                                0.0837404112179726                                0.0837404112179726                                1.0000000000000013
18.400000000000002                                0.08453896084765528                               0.08453896084765528                               1.0000000000000002
18.400000000000002                                0.0860528660881791                                0.08605286608817911                               1.000000000000002
18.400000000000002                                0.08638931768263317                               0.08638931768263317                               0.9999999999999993
18.400000000000002                                0.09133090730056061                               0.09133090730056062                               1
18.400000000000002                                0.09172890199495781                               0.09172890199495783                               1.0000000000000004
18.400000000000002                                0.09906654437637054                               0.09906654437637054                               1.0000000000000002
18.400000000000002                                0.09931860450622175                               0.09931860450622175                               0.9999999999999988
18.400000000000002                                0.1090148621547364                                0.10901486215473641                               0.9999999999999987
18.400000000000002                                0.1091302037675466                                0.10913020376754662                               1.000000000000001
18.400000000000002                                0.11984952511                                     0.11984952511000001                               1.000000000000001
18.400000000000002                                0.1208370106726651                                0.1208370106726651                                1.0000000000000004
18.400000000000002                                0.12127461297076522                               0.12127461297076522                               1.0000000000000016
18.400000000000002                                0.12148989521539079                               0.12148989521539079                               1.0000000000000013
18.400000000000002                                0.1346681073971183                                0.13466810739711832                               0.9999999999999984
18.400000000000002                                0.13619791374833223                               0.13619791374833226                               0.9999999999999983
18.400000000000002                                0.15047263748003437                               0.1504726374800344                                0.9999999999999991
18.400000000000002                                0.15324921860767632                               0.15324921860767635                               1.0000000000000016
18.400000000000002                                0.162036312705031                                 0.162036312705031                                 0.9999999999999994
18.400000000000002                                0.1681965488258218                                0.1681965488258218                                0.9999999999999997
18.400000000000002                                0.17181864592512774+3.005311550431549E-16i        0.17181864592512774+3.005311550431549E-16i        0.9999999999999997
18.400000000000002                                0.17262728404143884+7.880968061950563E-17i        0.17262728404143884+7.880968061950565E-17i        1.000000000000002
18.400000000000002                                0.17526942766092124+1.484923619087379E-16i        0.17526942766092124+1.484923619087379E-16i        0.9999999999999997
18.400000000000002                                0.1804494581067309+7.472364960208196E-16i         0.1804494581067309+7.472364960208196E-16i         1
18.6                                              0.04309941247049131                               0.043099412470491316                              1.0000000000000004
18.6                                              0.04721988733262513                               0.04721988733262513                               0.9999999999999987
18.6                                              0.05755854179752508                               0.05755854179752508                               1.0000000000000018
18.6                                              0.07520774615774664                               0.07520774615774664                               0.9999999999999989
18.6                                              0.0766384794550667                                0.0766384794550667                                1.0000000000000027
18.6                                              0.08289333002032626                               0.08289333002032626                               1.0000000000000018
18.6                                              0.08376606081861535                               0.08376606081861535                               1.0000000000000002
18.6                                              0.08424268616087972                               0.08424268616087972                               1.0000000000000018
18.6                                              0.08607751358648486                               0.08607751358648486                               1.0000000000000009
18.6                                              0.08642125962182384                               0.08642125962182384                               1.0000000000000002
18.6                                              0.09124363073894858                               0.09124363073894859                               0.9999999999999993
18.6                                              0.09187571752049521                               0.09187571752049521                               0.9999999999999973
18.6                                              0.09866757072789933                               0.09866757072789933                               1.0000000000000004
18.6                                              0.09978128259088363                               0.09978128259088365                               0.9999999999999996
18.6                                              0.10823081622000665                               0.10823081622000665                               0.9999999999999991
18.6                                              0.1099847714831958                                0.10998477148319581                               0.9999999999999988
18.6                                              0.11939493067810866                               0.11939493067810868                               1.0000000000000009
18.6                                              0.11987102518249428                               0.11987102518249428                               0.9999999999999968
18.6                                              0.12180855387760967-2.1318562861324602E-17i       0.12180855387760967-2.1318562861324605E-17i       1.0000000000000009
18.6                                              0.12253333009246288                               0.12253333009246288                               1.0000000000000004
18.6                                              0.13353696411609603                               0.13353696411609603                               1.0000000000000007
18.6                                              0.1374149085737188                                0.1374149085737188                                0.9999999999999999
18.6                                              0.14917833117426466                               0.14917833117426466                               1.0000000000000018
18.6                                              0.1546402880455596                                0.1546402880455596                                1.0000000000000013
18.6                                              0.16143180280107677                               0.16143180280107677                               0.9999999999999997
18.6                                              0.16674062953489094                               0.16674062953489094                               0.9999999999999974
18.6                                              0.1719977937409929+1.6003632880218207E-16i        0.17199779374099292+1.6003632880218207E-16i       1.000000000000001
18.6                                              0.17419185260715753+8.583181443855022E-17i        0.17419185260715753+8.583181443855023E-17i        0.9999999999999998
18.6                                              0.17536611066594737+4.2424893814562737E-16i       0.17536611066594737+4.2424893814562737E-16i       1.000000000000001
18.6                                              0.18110977946049656+1.1307933909715831E-15i       0.18110977946049656+1.1307933909715831E-15i       1.0000000000000024
18.8                                              0.043100061872084476                              0.043100061872084476                              1.0000000000000033
18.8                                              0.0473781325563093                                0.0473781325563093                                1.0000000000000002
18.8                                              0.05740466548473779                               0.0574046654847378                                1.0000000000000007
18.8                                              0.07554313322458812                               0.07554313322458812                               1.000000000000001
18.8                                              0.07666667264741531                               0.07666667264741531                               1.0000000000000002
18.8                                              0.08290879036303134                               0.08290879036303134                               1.0000000000000018
18.8                                              0.08383411406870202                               0.08383411406870202                               1.0000000000000009
18.8                                              0.08395169975487325-1.0608792846423276E-17i       0.08395169975487327-1.0608792846423276E-17i       0.9999999999999991
18.8                                              0.08582342645430374                               0.08582342645430374                               0.9999999999999989
18.8                                              0.08676267054212532                               0.08676267054212533                               0.999999999999997
18.8                                              0.09080045293964849                               0.0908004529396485                                1.0000000000000009
18.8                                              0.09240584880098394                               0.09240584880098394                               1.0000000000000013
18.8                                              0.09804888798456814                               0.09804888798456814                               0.9999999999999982
18.8                                              0.10049044294914934                               0.10049044294914934                               0.9999999999999978
18.8                                              0.10744330801610505                               0.10744330801610506                               1.0000000000000004
18.8                                              0.11086918918895072                               0.11086918918895072                               0.9999999999999999
18.8                                              0.11891722742431601+2.3885991827408803E-17i       0.11891722742431603+2.3885991827408803E-17i       1.0000000000000009
18.8                                              0.1189431508523828                                0.1189431508523828                                0.9999999999999989
18.8                                              0.12234442938500771                               0.12234442938500772                               1.0000000000000009
18.8                                              0.1235905944309596                                0.12359059443095961                               0.9999999999999996
18.8                                              0.1324191786062766                                0.1324191786062766                                0.9999999999999984
18.8                                              0.1386448179822136                                0.1386448179822136                                0.9999999999999994
18.8                                              0.1478975630281632                                0.1478975630281632                                0.9999999999999998
18.8                                              0.15604417794351005                               0.15604417794351005                               0.9999999999999991
18.8                                              0.16082991978496833                               0.16082991978496833                               0.9999999999999997
18.8                                              0.16529833159572488                               0.16529833159572488                               1.0000000000000007
18.8                                              0.1721778913270598+5.0076869899719917E-17i        0.1721778913270598+5.0076869899719917E-17i        0.9999999999999989
18.8                                              0.17545068776994516+1.0145874725497001E-14i       0.17545068776994516+1.0145874725497001E-14i       0.9999999999999986
18.8                                              0.17577000630595696+6.930580975770498E-16i        0.17577000630595696+6.930580975770499E-16i        0.9999999999999992
18.8                                              0.18178656496976284+1.9687936834387155E-14i       0.18178656496976284+1.9687936834387155E-14i       0.9999999999999982
19                                                0.04310224683828726                               0.04310224683828726                               1.000000000000001
19                                                0.047538166423963496                              0.047538166423963496                              0.9999999999999998
19                                                0.057252733602779875                              0.05725273360277988                               0.9999999999999997
19                                                0.0758789131268816                                0.0758789131268816                                0.9999999999999973
19                                                0.07669515442962088                               0.07669515442962088                               0.999999999999999
19                                                0.08291564446357055                               0.08291564446357055                               1.0000000000000007
19                                                0.08365608154770693                               0.08365608154770693                               1.0000000000000022
19                                                0.0839501155738221-1.0197964127671127E-17i        0.0839501155738221-1.0197964127671128E-17i        1.0000000000000002
19                                                0.0855772212372001                                0.08557722123720012                               0.9999999999999989
19                                                0.08712690642205376                               0.08712690642205376                               1.0000000000000018
19                                                0.09036726810591224                               0.09036726810591224                               0.9999999999999992
19                                                0.09295337928887999                               0.09295337928888                                  1.0000000000000004
19                                                0.09744264058413508                               0.0974426405841351                                0.9999999999999983
19                                                0.10121390701802443                               0.10121390701802443                               1.0000000000000016
19                                                0.10666895360784807                               0.10666895360784807                               1.0000000000000016
19                                                0.11176681982727674                               0.11176681982727675                               0.9999999999999983
19                                                0.11797743638938823                               0.11797743638938823                               1.0000000000000013
19                                                0.11849327167609437                               0.11849327167609437                               1.000000000000002
19                                                0.12288223951208171                               0.12288223951208171                               0.9999999999999986
19                                                0.12466076797323652                               0.12466076797323654                               0.9999999999999979
19                                                0.1313148779397068                                0.1313148779397068                                1.0000000000000027
19                                                0.13988748381880653                               0.13988748381880653                               1.0000000000000024
19                                                0.14663035495635368                               0.14663035495635368                               1.0000000000000002
19                                                0.15746083526931873                               0.15746083526931873                               1
19                                                0.16023067133593388                               0.16023067133593388                               1.000000000000001
19                                                0.16386965612411059-2.58837876940938E-17i         0.16386965612411059-2.58837876940938E-17i         0.9999999999999998
19                                                0.17235950506005365                               0.17235950506005365                               1.000000000000001
19                                                0.17552703883265253+1.3117667890789163E-15i       0.17552703883265255+1.3117667890789163E-15i       1.0000000000000004
19                                                0.17736095520889056-7.561375255460759E-16i        0.17736095520889056-7.56137525546076E-16i         0.9999999999999999
19                                                0.18247616057162258+1.4482201607503483E-13i       0.18247616057162258+1.4482201607503483E-13i       0.999999999999999
19.200000000000003                                0.043105983083219675                              0.043105983083219675                              1.0000000000000013
19.200000000000003                                0.04769996626684153                               0.04769996626684153                               1
19.200000000000003                                0.05710274349888516                               0.05710274349888516                               1.0000000000000007
19.200000000000003                                0.07621473287640587                               0.07621473287640587                               1.0000000000000009
19.200000000000003                                0.07672392595523284                               0.07672392595523284                               1.000000000000003
19.200000000000003                                0.08292014198475342                               0.08292014198475342                               0.9999999999999984
19.200000000000003                                0.08337026350122391                               0.08337026350122392                               1.0000000000000013
19.200000000000003                                0.08409329881948831                               0.08409329881948831                               0.9999999999999977
19.200000000000003                                0.08534634045432536                               0.08534634045432538                               1.0000000000000024
19.200000000000003                                0.08750678059171053                               0.08750678059171053                               0.9999999999999989
19.200000000000003                                0.08994757475591345                               0.08994757475591345                               0.9999999999999989
19.200000000000003                                0.0935148307272789                                0.09351483072727891                               1
19.200000000000003                                0.09684981926747883                               0.09684981926747883                               1.0000000000000027
19.200000000000003                                0.10195067522103615                               0.10195067522103615                               1.000000000000001
19.200000000000003                                0.10590803172890834                               0.10590803172890834                               0.9999999999999996
19.200000000000003                                0.11267737178728277                               0.11267737178728277                               1.0000000000000004
19.200000000000003                                0.11705081690768374                               0.11705081690768375                               0.9999999999999999
19.200000000000003                                0.11804623232771308                               0.1180462323277131                                1.0000000000000022
19.200000000000003                                0.12342197904501281-1.9831338663092645E-17i       0.12342197904501281-1.9831338663092648E-17i       0.9999999999999991
19.200000000000003                                0.12574374636031344                               0.12574374636031346                               0.9999999999999989
19.200000000000003                                0.13022408549103864                               0.13022408549103864                               0.9999999999999989
19.200000000000003                                0.14114285146295202                               0.14114285146295202                               1.0000000000000004
19.200000000000003                                0.14537671444436542                               0.14537671444436542                               0.9999999999999981
19.200000000000003                                0.15889018358810436                               0.15889018358810436                               1.0000000000000013
19.200000000000003                                0.15963409849352728                               0.15963409849352728                               0.9999999999999991
19.200000000000003                                0.16245460902265296                               0.162454609022653                                 0.9999999999999992
19.200000000000003                                0.1725426828533898+6.291160503864797E-17i         0.1725426828533898+6.291160503864797E-17i         0.9999999999999996
19.200000000000003                                0.17559766777165625+9.314633001970785E-16i        0.17559766777165625+9.314633001970785E-16i        1.000000000000003
19.200000000000003                                0.1789647033779001-4.3689331504428526E-17i        0.1789647033779001-4.368933150442853E-17i         1.0000000000000009
19.200000000000003                                0.18139540154835532-8.385771890633429E-15i        0.18139540154835532-8.385771890633429E-15i        1.000000000000001
19.400000000000002                                0.04311128376146552                               0.04311128376146552                               1.000000000000001
19.400000000000002                                0.047863511888079906                              0.04786351188807991                               1.0000000000000024
19.400000000000002                                0.05695469250988375                               0.056954692509883754                              0.9999999999999983
19.400000000000002                                0.07655009371043515                               0.07655009371043515                               1.0000000000000018
19.400000000000002                                0.07675300441160993                               0.07675300441160993                               1.0000000000000038
19.400000000000002                                0.08292684637988743                               0.08292684637988743                               1.0000000000000002
19.400000000000002                                0.08308896285699752+9.235310050223848E-18i        0.08308896285699752+9.235310050223848E-18i        1
19.400000000000002                                0.08426373505030553                               0.08426373505030553                               0.9999999999999993
19.400000000000002                                0.08513285999607695                               0.08513285999607695                               0.9999999999999994
19.400000000000002                                0.08790090918394329                               0.08790090918394329                               1.0000000000000033
19.400000000000002                                0.08954224366872326                               0.08954224366872328                               1.0000000000000009
19.400000000000002                                0.09408944862439511                               0.09408944862439511                               0.9999999999999999
19.400000000000002                                0.09627081197987929                               0.0962708119798793                                0.9999999999999997
19.400000000000002                                0.10270040996736113                               0.10270040996736113                               0.999999999999998
19.400000000000002                                0.10516072436669884                               0.10516072436669885                               0.9999999999999992
19.400000000000002                                0.11360067379902598                               0.11360067379902598                               0.9999999999999999
19.400000000000002                                0.11613774765329901                               0.11613774765329901                               1.0000000000000009
19.400000000000002                                0.1176017798743258                                0.11760177987432581                               0.9999999999999987
19.400000000000002                                0.12396364362578186                               0.12396364362578187                               0.9999999999999989
19.400000000000002                                0.1268394222998357                                0.1268394222998357                                1.0000000000000013
19.400000000000002                                0.12914686735547806                               0.12914686735547806                               1.0000000000000004
19.400000000000002                                0.14241080545023557                               0.14241080545023557                               0.9999999999999997
19.400000000000002                                0.14413671742294978                               0.1441367174229498                                1.0000000000000004
19.400000000000002                                0.15904000330748114                               0.15904000330748114                               0.9999999999999997
19.400000000000002                                0.16033215641610987                               0.16033215641610987                               1
19.400000000000002                                0.16105342556303504+2.4814305611896803E-17i       0.16105342556303504+2.4814305611896803E-17i       0.9999999999999993
19.400000000000002                                0.1727274124072934+9.980015012308726E-17i         0.1727274124072934+9.980015012308727E-17i         0.9999999999999998
19.400000000000002                                0.17566451835660715+3.8047550792295013E-16i       0.17566451835660718+3.8047550792295013E-16i       0.9999999999999991
19.400000000000002                                0.17983410494072033+2.1547413741407823E-16i       0.17983410494072036+2.1547413741407825E-16i       0.9999999999999991
19.400000000000002                                0.1805816141251308+8.502065844822315E-15i         0.18058161412513082+8.502065844822315E-15i        1.0000000000000013
19.6                                              0.04311815986756591                               0.04311815986756592                               0.9999999999999972
19.6                                              0.048028785159527666                              0.048028785159527666                              1
19.6                                              0.056808577966696014                              0.05680857796669602                               1.000000000000001
19.6                                              0.07678217991016462                               0.07678217991016462                               0.9999999999999993
19.6                                              0.07688453001624858                               0.07688453001624858                               0.9999999999999991
19.6                                              0.082807086076767                                 0.082807086076767                                 1.000000000000002
19.6                                              0.08294564559163951                               0.08294564559163951                               0.9999999999999994
19.6                                              0.0844534079933426                                0.0844534079933426                                1.0000000000000002
19.6                                              0.08494096485640291                               0.08494096485640291                               1.0000000000000007
19.6                                              0.08830722819576312                               0.08830722819576312                               1.0000000000000009
19.6                                              0.08915314039765505                               0.08915314039765507                               0.999999999999999
19.6                                              0.09467584095730953                               0.09467584095730955                               1.0000000000000022
19.6                                              0.09570686931587238                               0.09570686931587238                               1.0000000000000007
19.6                                              0.10346205941639017                               0.10346205941639017                               1.0000000000000013
19.6                                              0.10442800615677351                               0.10442800615677353                               1.0000000000000007
19.6                                              0.11453566007682775                               0.11453566007682775                               0.9999999999999984
19.6                                              0.11523921502487577                               0.11523921502487577                               1.0000000000000002
19.6                                              0.1171599744106703                                0.11715997441067032                               0.9999999999999989
19.6                                              0.12450722928015334                               0.12450722928015336                               1.0000000000000007
19.6                                              0.1279433265221624                                0.1279433265221624                                0.9999999999999999
19.6                                              0.12808765968613298                               0.12808765968613298                               1.000000000000001
19.6                                              0.14290935088319692                               0.14290935088319692                               0.9999999999999982
19.6                                              0.14369231951828298                               0.14369231951828298                               1.0000000000000009
19.6                                              0.1584486766144737                                0.1584486766144737                                0.9999999999999992
19.6                                              0.159665026545123                                 0.15966502654512302                               1.0000000000000002
19.6                                              0.16178751104873446                               0.16178751104873446                               1.0000000000000002
19.6                                              0.17291366133633426+1.0990244320798485E-16i       0.17291366133633426+1.0990244320798486E-16i       0.9999999999999989
19.6                                              0.17572900525794594-1.1720625706274428E-16i       0.17572900525794594-1.1720625706274428E-16i       0.9999999999999996
19.6                                              0.17828703097589213+5.701313393412152E-17i        0.17828703097589213+5.701313393412152E-17i        1.0000000000000007
19.6                                              0.1822105729230753+5.17407763886978E-15i          0.18221057292307533+5.17407763886978E-15i         0.9999999999999986
19.8                                              0.04312662056282914                               0.04312662056282914                               1.0000000000000002
19.8                                              0.04819576969043655                               0.04819576969043655                               1.0000000000000009
19.8                                              0.05666439719961937                               0.05666439719961937                               0.9999999999999997
19.8                                              0.0768118658743422                                0.0768118658743422                                0.9999999999999989
19.8                                              0.07721665363771957                               0.07721665363771958                               0.9999999999999997
19.8                                              0.08253669044927867                               0.08253669044927867                               1.0000000000000002
19.8                                              0.0829675396609526                                0.0829675396609526                                1.0000000000000002
19.8                                              0.08462264067288627                               0.08462264067288627                               1.0000000000000004
19.8                                              0.08480834657054621                               0.08480834657054621                               0.9999999999999999
19.8                                              0.08867482079706715                               0.08867482079706715                               0.9999999999999998
19.8                                              0.08883107656682601                               0.08883107656682603                               1
19.8                                              0.09512294295365839                               0.09512294295365839                               1.0000000000000009
19.8                                              0.0953089714769753                                0.0953089714769753                                0.9999999999999997
19.8                                              0.10370014888464048                               0.10370014888464049                               1.0000000000000004
19.8                                              0.1042452965215766                                0.1042452965215766                                1.0000000000000013
19.8                                              0.11434983202923762                               0.11434983202923762                               0.9999999999999982
19.8                                              0.11548743974900232                               0.11548743974900232                               0.9999999999999994
19.8                                              0.11672108646571144                               0.11672108646571144                               1.0000000000000016
19.8                                              0.12505273219839355                               0.12505273219839355                               1.0000000000000013
19.8                                              0.1270319034376248                                0.1270319034376248                                0.9999999999999979
19.8                                              0.12906998745276224                               0.12906998745276224                               1.0000000000000018
19.8                                              0.14169665977392432                               0.14169665977392432                               1.0000000000000018
19.8                                              0.14498530791231                                  0.14498530791231                                  0.9999999999999976
19.8                                              0.15785996234805322                               0.15785996234805322                               0.9999999999999987
19.8                                              0.15829078793563142-2.099270858365104E-17i        0.15829078793563145-2.099270858365104E-17i        0.9999999999999999
19.8                                              0.16325499333942248                               0.16325499333942248                               1.000000000000001
19.8                                              0.17310138487137167                               0.1731013848713717                                0.9999999999999986
19.8                                              0.17579220105965-2.9067336535285507E-15i          0.17579220105965-2.9067336535285507E-15i          1.0000000000000004
19.8                                              0.17675336068389058+4.808581326300153E-16i        0.1767533606838906+4.808581326300153E-16i         0.9999999999999993
19.8                                              0.1838521478841859+1.7167694669234872E-14i        0.1838521478841859+1.7167694669234872E-14i        1.000000000000001
20                                                0.04313667344423886                               0.04313667344423886                               1.0000000000000007
20                                                0.04836445055301246                               0.04836445055301246                               1.0000000000000007
20                                                0.05652214754463072                               0.056522147544630724                              0.9999999999999986
20                                                0.07684176575801842                               0.07684176575801842                               1.000000000000001
20                                                0.07754530848966332                               0.07754530848966332                               0.9999999999999989
20                                                0.08227238031660788                               0.08227238031660788                               1.0000000000000016
20                                                0.08300011799171331                               0.08300011799171331                               0.9999999999999996
20                                                0.08455816420434185                               0.08455816420434187                               0.999999999999998
20                                                0.08494753513404407+1.0366289150062672E-17i       0.08494753513404409+1.0366289150062672E-17i       1.0000000000000004
20                                                0.08839603101013793                               0.08839603101013793                               1.0000000000000007
20                                                0.08918365194954073                               0.08918365194954073                               1.0000000000000007
20                                                0.09460775612403483                               0.09460775612403483                               0.9999999999999986
20                                                0.09590005470852367                               0.09590005470852367                               1.0000000000000022
20                                                0.1029960812990775                                0.1029960812990775                                0.9999999999999981
20                                                0.1050311457220232                                0.10503114572202321                               1.0000000000000004
20                                                0.11347752271015055                               0.11347752271015056                               1.0000000000000002
20                                                0.11627724806437782                               0.11627724806437782                               0.9999999999999997
20                                                0.11645595995016736                               0.11645595995016736                               0.9999999999999996
20                                                0.12560014863553878                               0.12560014863553878                               0.999999999999999
20                                                0.12599510614769943                               0.12599510614769943                               1.0000000000000009
20                                                0.13020386798358674                               0.13020386798358674                               0.9999999999999982
20                                                0.1404971339603801                                0.1404971339603801                                1.0000000000000004
20                                                0.14629123754090817                               0.14629123754090817                               0.9999999999999986
20                                                0.15693001372004775                               0.15693001372004775                               0.9999999999999987
20                                                0.1572739322146549                                0.1572739322146549                                0.9999999999999983
20                                                0.16473518827034248                               0.16473518827034248                               0.999999999999999
20                                                0.17329052774726017-2.8019644365058405E-17i       0.17329052774726017-2.8019644365058405E-17i       1.0000000000000009
20                                                0.17523327255561966                               0.17523327255561966                               1.0000000000000013
20                                                0.175854949042601                                 0.17585494904260102                               0.9999999999999976
20                                                0.18550439179728972                               0.18550439179728972                               0.9999999999999996
