% Model:              PROYECTO.mph
% Version:            COMSOL 5.6.0.280
% Date:               Jul 21 2026, 22:57
% Table:              Tabla 8 - Valor propio
% B (T)                                           lambda                                            Energía propia (eV)                               Probabilidad total (1)
0                                                 0.03809386660028                                  0.03809386660028                                  0.9999999999999998
0                                                 0.044748940265072555                              0.044748940265072555                              0.9999999999999986
0                                                 0.04969189445486291                               0.04969189445486291                               1.000000000000001
0                                                 0.050119641257591184                              0.050119641257591184                              0.9999999999999983
0                                                 0.07836089318076811                               0.07836089318076811                               0.9999999999999986
0                                                 0.07948588881361637                               0.07948588881361637                               1.0000000000000004
0                                                 0.08028421538224317                               0.08028421538224319                               1.0000000000000053
0                                                 0.08137694921922947                               0.08137694921922947                               0.9999999999999977
0                                                 0.0833419819828014                                0.0833419819828014                                0.9999999999999986
0                                                 0.08383346724412125                               0.08383346724412125                               0.9999999999999992
0                                                 0.08814672682540012                               0.08814672682540012                               1.0000000000000013
0                                                 0.08896222282347004                               0.08896222282347005                               0.9999999999999983
0                                                 0.09557198677326618                               0.0955719867732662                                1
0                                                 0.09658932638702465                               0.09658932638702467                               1.0000000000000002
0                                                 0.10546288341084922                               0.10546288341084922                               0.9999999999999988
0                                                 0.1065713630641248                                0.1065713630641248                                0.999999999999999
0                                                 0.11771020491397213                               0.11771020491397213                               0.9999999999999992
0                                                 0.11884591262741082                               0.11884591262741082                               1.0000000000000009
0                                                 0.12091869211253364                               0.12091869211253364                               1.0000000000000007
0                                                 0.120977981245783                                 0.12097798124578302                               0.9999999999999997
0                                                 0.13225196606242778                               0.13225196606242778                               1.0000000000000009
0                                                 0.1333746231913857                                0.1333746231913857                                1
0                                                 0.14903434448670377                               0.14903434448670377                               0.9999999999999989
0                                                 0.1501221799247336                                0.1501221799247336                                0.999999999999998
0                                                 0.16188381470188026                               0.16188381470188026                               0.9999999999999982
0                                                 0.16801453838714095                               0.16801453838714095                               1.0000000000000002
0                                                 0.16905486009895368                               0.16905486009895368                               1.0000000000000002
0                                                 0.17108708543177292                               0.17108708543177292                               0.9999999999999983
0                                                 0.17141695645660254                               0.17141695645660254                               1.0000000000000007
0                                                 0.18098584800608036                               0.18098584800608036                               0.9999999999999996
0.2                                               0.038094721578376345                              0.038094721578376345                              0.9999999999999987
0.2                                               0.04474905064726937                               0.04474905064726937                               1.000000000000002
0.2                                               0.049632591014942815+6.6193090056079075E-18i      0.049632591014942815+6.6193090056079075E-18i      0.9999999999999996
0.2                                               0.050180860012263864                              0.050180860012263864                              0.9999999999999974
0.2                                               0.07830421161391901                               0.07830421161391901                               0.9999999999999987
0.2                                               0.07948119300303236                               0.07948119300303236                               0.9999999999999996
0.2                                               0.08034656025901221-1.1500735578437677E-17i       0.08034656025901221-1.1500735578437677E-17i       1.0000000000000004
0.2                                               0.08138715865886935                               0.08138715865886935                               0.9999999999999976
0.2                                               0.08323945256327131                               0.08323945256327131                               0.9999999999999987
0.2                                               0.08395439562741755                               0.08395439562741755                               1.0000000000000002
0.2                                               0.08794502305830779                               0.0879450230583078                                0.999999999999999
0.2                                               0.08917837893433667                               0.08917837893433667                               1
0.2                                               0.09526331029384946                               0.09526331029384948                               0.9999999999999986
0.2                                               0.09691223087213358                               0.09691223087213358                               1.0000000000000013
0.2                                               0.10502541563664512                               0.10502541563664512                               0.9999999999999993
0.2                                               0.10702301465100252                               0.10702301465100252                               0.9999999999999993
0.2                                               0.11712575801395539                               0.11712575801395539                               1.0000000000000009
0.2                                               0.11944438723557159                               0.11944438723557159                               0.9999999999999999
0.2                                               0.120430946003766                                 0.12043094600376601                               0.999999999999999
0.2                                               0.12146815772724484                               0.12146815772724484                               1.0000000000000022
0.2                                               0.131505334726334                                 0.131505334726334                                 1.000000000000002
0.2                                               0.13413531056112263                               0.13413531056112263                               0.999999999999999
0.2                                               0.14811481082547406                               0.14811481082547406                               0.9999999999999991
0.2                                               0.15105572079755758                               0.15105572079755758                               0.9999999999999998
0.2                                               0.16188370011842065                               0.16188370011842068                               0.9999999999999999
0.2                                               0.1669142519932283                                0.1669142519932283                                0.9999999999999999
0.2                                               0.17016905723345263-7.232178165775622E-15i        0.17016905723345263-7.232178165775622E-15i        0.9999999999999982
0.2                                               0.1705506891644658+4.391170334533394E-15i         0.17055068916446584+4.391170334533394E-15i        1.0000000000000013
0.2                                               0.17195711705256772-3.843905875044459E-15i        0.17195711705256772-3.843905875044459E-15i        1.0000000000000002
0.2                                               0.18094005018157572+6.202714798904772E-13i        0.18094005018157572+6.202714798904772E-13i        0.9999999999999991
0.4                                               0.038097286411724524                              0.038097286411724524                              1.0000000000000002
0.4                                               0.044749381774232884                              0.044749381774232884                              1.0000000000000007
0.4                                               0.04950540514600622                               0.04950540514600622                               1.0000000000000009
0.4                                               0.05031379188822408-6.835304510677032E-18i        0.05031379188822408-6.835304510677033E-18i        1.0000000000000009
0.4                                               0.07815029534105516                               0.07815029534105518                               1.0000000000000009
0.4                                               0.07947158723331321                               0.07947158723331321                               1.0000000000000002
0.4                                               0.08051290921751436                               0.08051290921751436                               0.9999999999999993
0.4                                               0.08141711967526356                               0.08141711967526358                               1.0000000000000004
0.4                                               0.0830523603464092                                0.0830523603464092                                0.9999999999999999
0.4                                               0.08419707075691568                               0.08419707075691568                               0.9999999999999991
0.4                                               0.08757346865097722                               0.08757346865097723                               0.9999999999999993
0.4                                               0.0895932163664816                                0.08959321636648161                               0.9999999999999999
0.4                                               0.09471667562600092                               0.09471667562600092                               1
0.4                                               0.09750154255004459                               0.0975015425500446                                1.0000000000000002
0.4                                               0.10429503137121827                               0.10429503137121827                               0.9999999999999994
0.4                                               0.10779598735739625                               0.10779598735739625                               0.9999999999999979
0.4                                               0.11620771294624621                               0.11620771294624622                               1.0000000000000004
0.4                                               0.1199167745551939                                0.1199167745551939                                1
0.4                                               0.1204050507168459                                0.12040505071684592                               1
0.4                                               0.12198913779883533                               0.12198913779883534                               1.0000000000000009
0.4                                               0.13039879980944874                               0.13039879980944874                               1.0000000000000009
0.4                                               0.1352840667377387                                0.1352840667377387                                0.9999999999999998
0.4                                               0.14682123984848466                               0.14682123984848466                               0.9999999999999976
0.4                                               0.1523913607857481                                0.1523913607857481                                1.0000000000000007
0.4                                               0.16188327741898897                               0.16188327741898897                               1.0000000000000002
0.4                                               0.1654357181158902                                0.1654357181158902                                0.9999999999999996
0.4                                               0.1698825640776339-4.893030112613374E-16i         0.1698825640776339-4.893030112613374E-16i         0.9999999999999993
0.4                                               0.17168940742217398+5.902151600617994E-15i        0.171689407422174+5.902151600617995E-15i          0.9999999999999972
0.4                                               0.17263656962259255-4.802162590587718E-15i        0.17263656962259255-4.802162590587718E-15i        1.0000000000000016
0.4                                               0.18083132447885253+2.3274327963904026E-13i       0.18083132447885256+2.3274327963904026E-13i       1.0000000000000002
0.6000000000000001                                0.038101560797040745                              0.03810156079704075                               1.0000000000000007
0.6000000000000001                                0.04474993358643534                               0.04474993358643534                               1.0000000000000027
0.6000000000000001                                0.049357245915355265                              0.04935724591535527                               0.9999999999999997
0.6000000000000001                                0.05047152800754153-6.999154754496808E-18i        0.05047152800754153-6.999154754496808E-18i        0.9999999999999987
0.6000000000000001                                0.07793109046375751                               0.07793109046375753                               1.0000000000000024
0.6000000000000001                                0.0794626025878654                                0.0794626025878654                                1
0.6000000000000001                                0.08074528510712421                               0.08074528510712421                               0.9999999999999992
0.6000000000000001                                0.08146483213116897                               0.08146483213116897                               1.0000000000000002
0.6000000000000001                                0.08286448454840456                               0.08286448454840457                               1.0000000000000016
0.6000000000000001                                0.08447888344894335                               0.08447888344894335                               1.0000000000000002
0.6000000000000001                                0.08717861560200706                               0.08717861560200706                               0.9999999999999996
0.6000000000000001                                0.09005989445784049                               0.0900598944578405                                1.0000000000000007
0.6000000000000001                                0.09413922644674182                               0.09413922644674182                               0.9999999999999991
0.6000000000000001                                0.09815008317296611                               0.09815008317296613                               0.9999999999999999
0.6000000000000001                                0.1035336821535508                                0.10353368215355081                               1.0000000000000013
0.6000000000000001                                0.1086284620531388                                0.10862846205313881                               1.000000000000001
0.6000000000000001                                0.11526223050717853                               0.11526223050717853                               1.000000000000001
0.6000000000000001                                0.11940519948658859                               0.11940519948658859                               1.0000000000000024
0.6000000000000001                                0.12142089021605483                               0.12142089021605483                               0.9999999999999978
0.6000000000000001                                0.12251294660861438                               0.12251294660861438                               0.9999999999999994
0.6000000000000001                                0.12927011537311395                               0.12927011537311395                               0.9999999999999991
0.6000000000000001                                0.13648333588047892                               0.13648333588047892                               0.9999999999999998
0.6000000000000001                                0.14551105005931642                               0.14551105005931644                               1.0000000000000013
0.6000000000000001                                0.15377185938405283                               0.15377185938405286                               0.999999999999998
0.6000000000000001                                0.16188226909543899                               0.16188226909543899                               0.9999999999999996
0.6000000000000001                                0.1639458340950834                                0.1639458340950834                                1.0000000000000009
0.6000000000000001                                0.1692124265049873                                0.1692124265049873                                1.0000000000000004
0.6000000000000001                                0.17324259867395314                               0.17324259867395314                               1.0000000000000002
0.6000000000000001                                0.173332440039967                                 0.173332440039967                                 0.9999999999999994
0.6000000000000001                                0.18069582835499554+7.363998438630569E-17i        0.18069582835499556+7.363998438630569E-17i        0.9999999999999996
0.8                                               0.03810754422731775                               0.038107544227317755                              1.000000000000001
0.8                                               0.04475070598248493                               0.04475070598248493                               0.9999999999999999
0.8                                               0.04920258861837595                               0.04920258861837596                               1
0.8                                               0.05063959339403526                               0.050639593394035266                              0.9999999999999963
0.8                                               0.07767301648733495                               0.07767301648733495                               1.0000000000000013
0.8                                               0.0794558763714289                                0.0794558763714289                                1
0.8                                               0.08101331218712861                               0.08101331218712861                               1.0000000000000018
0.8                                               0.08152743579765141                               0.08152743579765141                               1.0000000000000004
0.8                                               0.08269877481315002                               0.08269877481315002                               1
0.8                                               0.08477853823162025                               0.08477853823162027                               0.9999999999999996
0.8                                               0.08679233191150348                               0.0867923319115035                                1.0000000000000022
0.8                                               0.09054570900464558                               0.09054570900464558                               0.9999999999999988
0.8                                               0.09356956936469168                               0.0935695693646917                                1.0000000000000016
0.8                                               0.09881909643991742                               0.09881909643991743                               1.0000000000000013
0.8                                               0.10278081196980057                               0.10278081196980057                               1.0000000000000009
0.8                                               0.10948130383910615                               0.10948130383910616                               1.0000000000000002
0.8                                               0.11432608763479854                               0.11432608763479855                               0.9999999999999991
0.8                                               0.118895750774506                                 0.118895750774506                                 1.0000000000000009
0.8                                               0.12245575473691468                               0.12245575473691468                               0.9999999999999993
0.8                                               0.12303992651042792                               0.12303992651042792                               0.9999999999999994
0.8                                               0.12815165563783493                               0.12815165563783493                               0.9999999999999984
0.8                                               0.13770126609829383                               0.13770126609829383                               1.000000000000002
0.8                                               0.14421185492524474                               0.14421185492524474                               1.0000000000000004
0.8                                               0.15517008153635697                               0.15517008153635697                               1.0000000000000013
0.8                                               0.1618795738040891                                0.1618795738040891                                1.0000000000000004
0.8                                               0.1624684062655697                                0.1624684062655697                                0.9999999999999997
0.8                                               0.16854550815800123-7.20028362285653E-17i         0.16854550815800126-7.200283622856531E-17i        1.0000000000000002
0.8                                               0.1740176421975463+4.141580054879359E-15i         0.1740176421975463+4.14158005487936E-15i          0.9999999999999966
0.8                                               0.17482819050519294-1.4833020688585757E-14i       0.17482819050519294-1.4833020688585757E-14i       1.0000000000000002
0.8                                               0.18054987145728313+1.1496440311572844E-13i       0.18054987145728316+1.1496440311572844E-13i       1
1                                                 0.038115235989525764                              0.038115235989525764                              0.999999999999998
1                                                 0.04475169881579006                               0.04475169881579007                               1.000000000000001
1                                                 0.049046035072439736                              0.049046035072439736                              1.000000000000001
1                                                 0.050813386684904545                              0.050813386684904545                              1.0000000000000018
1                                                 0.07739243672113225                               0.07739243672113225                               1.0000000000000013
1                                                 0.07945147144362052                               0.07945147144362052                               1.0000000000000022
1                                                 0.08128894590974334                               0.08128894590974334                               1.0000000000000004
1                                                 0.08160697292081281                               0.08160697292081281                               1.000000000000001
1                                                 0.08256986418788317                               0.08256986418788319                               1.0000000000000007
1                                                 0.0850802184238433                                0.0850802184238433                                0.9999999999999962
1                                                 0.08643289041447365                               0.08643289041447366                               1.0000000000000022
1                                                 0.09102940934949122                               0.09102940934949123                               0.9999999999999989
1                                                 0.09303008754779943                               0.09303008754779943                               1.000000000000002
1                                                 0.0994852819505681                                0.09948528195056812                               1.0000000000000013
1                                                 0.10205942597807624                               0.10205942597807624                               1.0000000000000022
1                                                 0.11033207539682696                               0.11033207539682698                               0.9999999999999999
1                                                 0.11342081358476166                               0.11342081358476168                               1.0000000000000007
1                                                 0.11838860619032396                               0.11838860619032396                               1.000000000000002
1                                                 0.12347695380954911+4.1349070167138823E-17i       0.12347695380954912+4.1349070167138823E-17i       1.0000000000000002
1                                                 0.12358238346954967-3.504909892029589E-17i        0.12358238346954967-3.504909892029589E-17i        0.9999999999999998
1                                                 0.12706250717271306                               0.12706250717271306                               0.9999999999999978
1                                                 0.13892029572171596                               0.13892029572171596                               1.0000000000000009
1                                                 0.14294014367188573                               0.14294014367188573                               1.0000000000000007
1                                                 0.15657101253300265                               0.15657101253300268                               1.000000000000001
1                                                 0.16101348081579067                               0.16101348081579067                               1.0000000000000009
1                                                 0.16187856202998366                               0.16187856202998366                               1.0000000000000009
1                                                 0.16788353813696405                               0.16788353813696405                               0.9999999999999998
1                                                 0.17471544093739644                               0.17471544093739644                               1.0000000000000009
1                                                 0.1764090840461971                                0.1764090840461971                                1.0000000000000004
1                                                 0.18039956402706928                               0.1803995640270693                                0.9999999999999983
1.2000000000000002                                0.03812463516131593                               0.03812463516131593                               1.0000000000000007
1.2000000000000002                                0.044752911889676755                              0.044752911889676755                              1.0000000000000018
1.2000000000000002                                0.048889386498920835                              0.04888938649892084                               1.0000000000000002
1.2000000000000002                                0.05099110725658614                               0.05099110725658614                               0.9999999999999998
1.2000000000000002                                0.07709870001430172                               0.07709870001430172                               0.9999999999999978
1.2000000000000002                                0.0794492654726735                                0.0794492654726735                                0.9999999999999987
1.2000000000000002                                0.08149787317880303                               0.08149787317880303                               0.9999999999999988
1.2000000000000002                                0.08175312071042667                               0.08175312071042667                               0.9999999999999994
1.2000000000000002                                0.0824950428566578                                0.08249504285665782                               1.0000000000000016
1.2000000000000002                                0.0853365782933247                                0.0853365782933247                                0.9999999999999977
1.2000000000000002                                0.08614839127330418                               0.08614839127330419                               1.0000000000000016
1.2000000000000002                                0.0914452353315279                                0.09144523533152792                               1
1.2000000000000002                                0.0925868884239778                                0.0925868884239778                                0.9999999999999989
1.2000000000000002                                0.10007122427829876                               0.10007122427829877                               0.9999999999999977
1.2000000000000002                                0.10144678342390472                               0.10144678342390472                               0.9999999999999973
1.2000000000000002                                0.1110981401030649                                0.11109814010306492                               1.0000000000000002
1.2000000000000002                                0.11262869921932085                               0.11262869921932087                               1.0000000000000007
1.2000000000000002                                0.11788378951039008                               0.11788378951039008                               0.9999999999999991
1.2000000000000002                                0.12409176337491495                               0.12409176337491497                               1.0000000000000029
1.2000000000000002                                0.12445029045051902+1.458780844151381E-17i        0.12445029045051902+1.458780844151381E-17i        0.9999999999999989
1.2000000000000002                                0.12608499754554348                               0.12608499754554348                               1.0000000000000009
1.2000000000000002                                0.14006048476416091                               0.14006048476416091                               1.0000000000000007
1.2000000000000002                                0.14177548620036773                               0.14177548620036773                               0.9999999999999978
1.2000000000000002                                0.15789874753269276                               0.15789874753269278                               1.0000000000000002
1.2000000000000002                                0.15966265996749432                               0.15966265996749435                               0.999999999999998
1.2000000000000002                                0.1618721888908629                                0.1618721888908629                                1.0000000000000022
1.2000000000000002                                0.16722795008701108                               0.1672279500870111                                0.9999999999999996
1.2000000000000002                                0.17541625743665773                               0.17541625743665773                               1.0000000000000022
1.2000000000000002                                0.17792273024418967                               0.17792273024418967                               1.0000000000000007
1.2000000000000002                                0.1797086291998431                                0.1797086291998431                                0.999999999999998
1.4000000000000001                                0.038135740606749714                              0.03813574060674972                               1.000000000000002
1.4000000000000001                                0.04475434495081711                               0.04475434495081711                               0.9999999999999977
1.4000000000000001                                0.04873347559126293                               0.04873347559126293                               0.9999999999999999
1.4000000000000001                                0.05117192316723845                               0.05117192316723845                               0.9999999999999987
1.4000000000000001                                0.07679717689273177                               0.07679717689273177                               0.9999999999999989
1.4000000000000001                                0.07944913042169191                               0.07944913042169191                               1.0000000000000002
1.4000000000000001                                0.08156099105423235                               0.08156099105423235                               0.999999999999999
1.4000000000000001                                0.0820223534429329                                0.0820223534429329                                1.0000000000000004
1.4000000000000001                                0.08249239966189206                               0.08249239966189206                               1.0000000000000004
1.4000000000000001                                0.08536893790413003                               0.08536893790413003                               0.9999999999999993
1.4000000000000001                                0.08611775426311806                               0.08611775426311806                               0.9999999999999979
1.4000000000000001                                0.09149786837054845                               0.09149786837054845                               0.9999999999999991
1.4000000000000001                                0.09253541492857835                               0.09253541492857835                               0.9999999999999996
1.4000000000000001                                0.10014053514234239                               0.1001405351423424                                0.9999999999999984
1.4000000000000001                                0.1013792020494142                                0.1013792020494142                                0.999999999999998
1.4000000000000001                                0.11117088935481705                               0.11117088935481706                               0.9999999999999998
1.4000000000000001                                0.11255821811792961                               0.11255821811792961                               0.9999999999999994
1.4000000000000001                                0.11738131038424783                               0.11738131038424784                               1.0000000000000009
1.4000000000000001                                0.12450045964616635-1.8137334896269647E-17i       0.12450045964616636-1.8137334896269647E-17i       0.9999999999999999
1.4000000000000001                                0.12463456016634497                               0.12463456016634498                               0.999999999999999
1.4000000000000001                                0.1260277789642795                                0.1260277789642795                                0.999999999999999
1.4000000000000001                                0.14008653198692594                               0.14008653198692594                               1.0000000000000009
1.4000000000000001                                0.14175304739314756                               0.14175304739314756                               1.0000000000000002
1.4000000000000001                                0.15786205954206461                               0.15786205954206461                               0.9999999999999991
1.4000000000000001                                0.1597037425735059                                0.1597037425735059                                1.0000000000000004
1.4000000000000001                                0.1618621370734019+2.1872057548905504E-17i        0.16186213707340194+2.1872057548905507E-17i       0.9999999999999993
1.4000000000000001                                0.1665805767752186-2.3389032666754932E-17i        0.1665805767752186-2.3389032666754935E-17i        1.0000000000000016
1.4000000000000001                                0.1761200414622489                                0.1761200414622489                                0.9999999999999989
1.4000000000000001                                0.1777905517347262                                0.1777905517347262                                0.9999999999999988
1.4000000000000001                                0.17984539989174536                               0.1798453998917454                                1.0000000000000016
1.6                                               0.03814855097099671                               0.03814855097099671                               0.999999999999999
1.6                                               0.044755997680691745                              0.04475599768069175                               0.9999999999999987
1.6                                               0.048578737185894984+5.750403716716653E-18i       0.04857873718589499+5.750403716716653E-18i        1.0000000000000002
1.6                                               0.051355400499371776-5.747508660700505E-18i       0.051355400499371776-5.747508660700505E-18i       0.9999999999999994
1.6                                               0.07649106285522253                               0.07649106285522253                               1.0000000000000009
1.6                                               0.0794508463472836                                0.07945084634728361                               0.9999999999999997
1.6                                               0.08155063683955063                               0.08155063683955063                               0.9999999999999984
1.6                                               0.08232841539667948                               0.08232841539667948                               1.000000000000001
1.6                                               0.0825729100178205-1.0214046046006008E-17i        0.08257291001782051-1.0214046046006008E-17i       1.0000000000000009
1.6                                               0.08513960967420907                               0.08513960967420907                               1.0000000000000009
1.6                                               0.08637868074767766                               0.08637868074767767                               1.000000000000001
1.6                                               0.0911198967570585                                0.09111989675705852                               1.0000000000000007
1.6                                               0.09294310537243577                               0.09294310537243579                               0.9999999999999987
1.6                                               0.09959647224179094                               0.09959647224179094                               0.9999999999999999
1.6                                               0.10195340208653898                               0.10195340208653898                               1.0000000000000002
1.6                                               0.11044034969954226                               0.11044034969954226                               0.9999999999999997
1.6                                               0.11331931578894526                               0.11331931578894527                               0.9999999999999991
1.6                                               0.11688117749641297                               0.11688117749641298                               0.9999999999999989
1.6                                               0.12357817369954893                               0.12357817369954893                               1.0000000000000009
1.6                                               0.12516382760418984                               0.12516382760418984                               1.000000000000003
1.6                                               0.12698705742302585                               0.12698705742302585                               1.0000000000000018
1.6                                               0.13895654297808363                               0.13895654297808363                               0.9999999999999997
1.6                                               0.14291470274938411                               0.14291470274938411                               1.0000000000000016
1.6                                               0.15653085604936626                               0.15653085604936628                               1.0000000000000016
1.6                                               0.16106667186454665                               0.16106667186454665                               1
1.6                                               0.1618458957520828                                0.16184589575208283                               1
1.6                                               0.165944185256901                                 0.165944185256901                                 0.9999999999999996
1.6                                               0.17626097862499648                               0.17626097862499648                               0.9999999999999997
1.6                                               0.1768271433237099                                0.1768271433237099                                0.9999999999999993
1.6                                               0.17994838319196224-5.79063601823147E-17i         0.17994838319196224-5.79063601823147E-17i         0.999999999999999
1.8                                               0.038163064673920714                              0.038163064673920714                              1.0000000000000016
1.8                                               0.04475786968469985                               0.04475786968469986                               1.0000000000000002
1.8                                               0.04842542009277289                               0.04842542009277289                               1.0000000000000004
1.8                                               0.051541291546215014                              0.05154129154621502                               1.0000000000000009
1.8                                               0.07618234077139614                               0.07618234077139614                               1.0000000000000002
1.8                                               0.07945403740803562                               0.07945403740803562                               0.9999999999999979
1.8                                               0.08151087178271829                               0.08151087178271829                               1.000000000000002
1.8                                               0.08259614087161127                               0.08259614087161127                               1
1.8                                               0.08276544423941173                               0.08276544423941173                               1.0000000000000013
1.8                                               0.08484546740256242                               0.08484546740256244                               0.9999999999999982
1.8                                               0.0867341158230889                                0.08673411582308892                               1.0000000000000009
1.8                                               0.09064456027181798                               0.09064456027181798                               0.9999999999999993
1.8                                               0.0934766659615556                                0.0934766659615556                                1.0000000000000007
1.8                                               0.09893871056204405                               0.09893871056204405                               0.9999999999999996
1.8                                               0.1026697215971715                                0.10266972159717151                               0.9999999999999999
1.8                                               0.10959662070762961                               0.10959662070762961                               1.0000000000000009
1.8                                               0.11422194483842392                               0.11422194483842392                               0.9999999999999977
1.8                                               0.11638341233906893                               0.11638341233906893                               0.9999999999999993
1.8                                               0.12254838901434086                               0.12254838901434086                               0.9999999999999994
1.8                                               0.12570131088409006                               0.12570131088409006                               1.000000000000002
1.8                                               0.12807621523676738                               0.12807621523676738                               1.0000000000000004
1.8                                               0.13774190317528476                               0.13774190317528476                               1.0000000000000007
1.8                                               0.14418915182128908                               0.14418915182128908                               0.9999999999999994
1.8                                               0.15513361355865823                               0.15513361355865823                               0.999999999999998
1.8                                               0.16181525544755265+2.0900210742702657E-17i       0.16181525544755265+2.0900210742702657E-17i       1.0000000000000004
1.8                                               0.16252680862074637                               0.16252680862074637                               0.9999999999999999
1.8                                               0.16532330529556777-2.8598182394578224E-17i       0.16532330529556777-2.8598182394578224E-17i       0.9999999999999982
1.8                                               0.17468338133889272-5.978930877951444E-17i        0.17468338133889272-5.978930877951444E-17i        1.000000000000001
1.8                                               0.17753627400882388+1.7849361786768058E-16i       0.17753627400882388+1.7849361786768058E-16i       0.999999999999999
1.8                                               0.17980014535986383-2.8737160579359076E-13i       0.17980014535986383-2.8737160579359076E-13i       0.9999999999999992
2                                                 0.0381792799024436                                0.03817927990244361                               0.9999999999999996
2                                                 0.04475996047840064                               0.04475996047840065                               1.0000000000000009
2                                                 0.048273677208944855                              0.04827367720894486                               0.9999999999999993
2                                                 0.05172944471893575                               0.05172944471893576                               0.9999999999999996
2                                                 0.07587229207417429                               0.07587229207417429                               0.9999999999999996
2                                                 0.0794581735698277                                0.0794581735698277                                0.9999999999999982
2                                                 0.08146412829885888                               0.08146412829885888                               0.9999999999999989
2                                                 0.08279761822630258                               0.08279761822630258                               1.000000000000001
2                                                 0.08307295099722602                               0.08307295099722602                               1
2                                                 0.08454926730027074                               0.08454926730027074                               0.999999999999999
2                                                 0.08712078092117567                               0.08712078092117569                               0.9999999999999977
2                                                 0.0901613340347413                                0.0901613340347413                                1.0000000000000007
2                                                 0.09404642123132213                               0.09404642123132215                               1.0000000000000002
2                                                 0.0982723009893826                                0.0982723009893826                                0.9999999999999996
2                                                 0.10342314922414339                               0.10342314922414339                               1.0000000000000018
2                                                 0.10874660979525574                               0.10874660979525574                               0.9999999999999996
2                                                 0.11515922971032481                               0.11515922971032481                               0.9999999999999979
2                                                 0.11588819332593607                               0.11588819332593608                               0.9999999999999994
2                                                 0.1215155346049044                                0.12151553460490441                               0.9999999999999991
2                                                 0.1262412221425253                                0.1262412221425253                                1
2                                                 0.1291968670665396                                0.1291968670665396                                0.9999999999999992
2                                                 0.1365276713225379                                0.1365276713225379                                0.9999999999999986
2                                                 0.14549158843087495                               0.14549158843087495                               0.9999999999999999
2                                                 0.15373976627617522                               0.15373976627617525                               0.999999999999999
2                                                 0.16176880966652957-2.873248971461683E-17i        0.16176880966652957-2.873248971461683E-17i        0.9999999999999967
2                                                 0.16400858652101677                               0.16400858652101677                               1.0000000000000009
2                                                 0.1647257606259263-2.3807935257523693E-17i        0.1647257606259263-2.3807935257523693E-17i        0.9999999999999994
2                                                 0.173111473105514                                 0.17311147310551403                               1.0000000000000004
2                                                 0.17824774617043826-3.4895794510075954E-15i       0.17824774617043826-3.4895794510075954E-15i       1.0000000000000007
2                                                 0.17965406414322635-1.9572872054962895E-13i       0.17965406414322635-1.9572872054962895E-13i       1.0000000000000016
2.2                                               0.038197194601745456                              0.038197194601745456                              1.0000000000000002
2.2                                               0.04476226947032336                               0.044762269470323364                              0.9999999999999972
2.2                                               0.04812360811180807                               0.04812360811180807                               1.0000000000000002
2.2                                               0.05191976197905477                               0.05191976197905477                               1.0000000000000024
2.2                                               0.07556177592133612                               0.07556177592133612                               0.9999999999999999
2.2                                               0.07946263279768628                               0.07946263279768628                               1.0000000000000016
2.2                                               0.08142364439282634                               0.08142364439282634                               0.9999999999999984
2.2                                               0.08299727173354332                               0.08299727173354332                               1.0000000000000004
2.2                                               0.08341242203460533                               0.08341242203460533                               0.9999999999999999
2.2                                               0.08426972264294405                               0.08426972264294405                               1.0000000000000007
2.2                                               0.08751873699602836                               0.08751873699602836                               1.0000000000000016
2.2                                               0.08969409545891317                               0.08969409545891317                               0.9999999999999996
2.2                                               0.09462780714284563                               0.09462780714284563                               1.0000000000000002
2.2                                               0.09762264192635627                               0.09762264192635628                               1.0000000000000018
2.2                                               0.10418825695242614                               0.10418825695242614                               0.9999999999999991
2.2                                               0.10791416192696086                               0.10791416192696088                               0.9999999999999988
2.2                                               0.1153942629698499                                0.1153942629698499                                0.999999999999998
2.2                                               0.1161090497526186                                0.11610904975261861                               1.0000000000000002
2.2                                               0.12050057019114227                               0.12050057019114228                               0.9999999999999996
2.2                                               0.12678346470933086                               0.12678346470933086                               1
2.2                                               0.1303287878955894                                0.1303287878955894                                1.0000000000000004
2.2                                               0.13533143615213816                               0.13533143615213816                               0.9999999999999996
2.2                                               0.14680507625040126                               0.14680507625040126                               0.9999999999999998
2.2                                               0.15236386188173878                               0.1523638618817388                                0.9999999999999999
2.2                                               0.16168877188010483                               0.16168877188010483                               1.0000000000000007
2.2                                               0.16416543547219922+2.140123098091834E-17i        0.16416543547219922+2.1401230980918344E-17i       1.0000000000000016
2.2                                               0.16550200204320778                               0.16550200204320778                               0.9999999999999994
2.2                                               0.1715573836082554                                0.1715573836082554                                0.9999999999999997
2.2                                               0.17895794207587323-4.962852013307846E-14i        0.17895794207587323-4.962852013307847E-14i        0.9999999999999958
2.2                                               0.17951375854476836-3.754583186780819E-13i        0.17951375854476836-3.7545831867808197E-13i       1.0000000000000009
2.4000000000000004                                0.03821680646500407                               0.038216806465004076                              1.0000000000000022
2.4000000000000004                                0.044764795940324474                              0.044764795940324474                              1.0000000000000018
2.4000000000000004                                0.04797528093754361                               0.04797528093754361                               0.9999999999999974
2.4000000000000004                                0.052112176991210804                              0.05211217699121081                               1.0000000000000007
2.4000000000000004                                0.07525138739654368                               0.07525138739654368                               0.9999999999999969
2.4000000000000004                                0.07946680780652446                               0.07946680780652446                               1.0000000000000002
2.4000000000000004                                0.08139675532860027                               0.08139675532860029                               0.999999999999998
2.4000000000000004                                0.08319983433464309                               0.0831998343346431                                0.999999999999998
2.4000000000000004                                0.08374617209292408                               0.08374617209292408                               1.0000000000000007
2.4000000000000004                                0.08403669812279724                               0.08403669812279725                               0.9999999999999999
2.4000000000000004                                0.08790150031658775                               0.08790150031658776                               1.0000000000000007
2.4000000000000004                                0.08927035611544182                               0.08927035611544182                               1
2.4000000000000004                                0.09518972336329871                               0.09518972336329871                               1.0000000000000002
2.4000000000000004                                0.09702092048001612                               0.09702092048001613                               0.9999999999999992
2.4000000000000004                                0.104932227261497                                 0.10493222726149701                               1.0000000000000002
2.4000000000000004                                0.1071315233586862                                0.1071315233586862                                1
2.4000000000000004                                0.11490372889260979                               0.1149037288926098                                0.9999999999999999
2.4000000000000004                                0.11703731069604964                               0.11703731069604964                               0.9999999999999994
2.4000000000000004                                0.11953472599403578                               0.11953472599403579                               0.9999999999999972
2.4000000000000004                                0.1273280277639525                                0.1273280277639525                                0.9999999999999984
2.4000000000000004                                0.1314419306482437                                0.1314419306482437                                1.0000000000000016
2.4000000000000004                                0.13418247571577419                               0.13418247571577419                               0.999999999999999
2.4000000000000004                                0.1481017919197594                                0.1481017919197594                                1.0000000000000024
2.4000000000000004                                0.15103305511979997                               0.15103305511979997                               0.9999999999999996
2.4000000000000004                                0.16155197897580034-4.5281929873104824E-17i       0.16155197897580037-4.5281929873104824E-17i       0.9999999999999999
2.4000000000000004                                0.16366613006579306+6.208289895418736E-17i        0.16366613006579306+6.208289895418736E-17i        1.0000000000000018
2.4000000000000004                                0.16698067859550184                               0.16698067859550184                               1.0000000000000004
2.4000000000000004                                0.17004634181435083                               0.17004634181435083                               1.0000000000000007
2.4000000000000004                                0.1793466881453862+2.0591600864258045E-13i        0.1793466881453862+2.0591600864258045E-13i        0.9999999999999979
2.4000000000000004                                0.17969946565349865-3.8544755464217116E-14i       0.17969946565349867-3.854475546421712E-14i        1.0000000000000018
2.6                                               0.03823811292169409                               0.03823811292169409                               1
2.6                                               0.04476753901238705                               0.04476753901238705                               0.9999999999999997
2.6                                               0.0478287444036295                                0.0478287444036295                                0.999999999999999
2.6                                               0.0523066431389383                                0.052306643138938305                              0.9999999999999994
2.6                                               0.07494155062493738                               0.07494155062493738                               1
2.6                                               0.07947023109181861                               0.07947023109181862                               1.0000000000000049
2.6                                               0.08138725169400915                               0.08138725169400915                               0.9999999999999998
2.6                                               0.08335105727929147                               0.08335105727929147                               0.9999999999999988
2.6                                               0.08381865094295679-1.3339863068736374E-17i       0.0838186509429568-1.3339863068736376E-17i        1.0000000000000016
2.6                                               0.08415782805939602                               0.08415782805939602                               0.9999999999999996
2.6                                               0.08815713935518153                               0.08815713935518153                               1.0000000000000009
2.6                                               0.08900239072019255                               0.08900239072019256                               0.9999999999999998
2.6                                               0.09558031525938049                               0.09558031525938049                               0.9999999999999998
2.6                                               0.09661899928952565                               0.09661899928952565                               0.9999999999999989
2.6                                               0.10546018628888777                               0.10546018628888777                               0.9999999999999999
2.6                                               0.10659333866841036                               0.10659333866841036                               1.0000000000000007
2.6                                               0.11441532009163055                               0.11441532009163057                               0.9999999999999992
2.6                                               0.11770534260640755                               0.11770534260640757                               0.9999999999999996
2.6                                               0.11885765603776322                               0.11885765603776323                               1.0000000000000004
2.6                                               0.12787490844794625                               0.12787490844794625                               1.0000000000000002
2.6                                               0.1322442431451716                                0.1322442431451716                                1.0000000000000004
2.6                                               0.13337255761292785                               0.13337255761292785                               1.0000000000000004
2.6                                               0.1490209697938091                                0.1490209697938091                                1.0000000000000007
2.6                                               0.1501078674870656                                0.1501078674870656                                1.0000000000000002
2.6                                               0.16132529445771326-2.6743342067676278E-17i       0.16132529445771326-2.6743342067676278E-17i       1.0000000000000009
2.6                                               0.16326106375867883+3.586575246332503E-17i        0.16326106375867883+3.586575246332503E-17i        1.0000000000000002
2.6                                               0.16798239719183633                               0.16798239719183633                               0.9999999999999983
2.6                                               0.1690403117187282                                0.1690403117187282                                1.0000000000000013
2.6                                               0.17921492591226+2.426265425355644E-14i           0.17921492591226+2.4262654253556443E-14i          1.0000000000000002
2.6                                               0.18041026883325667-5.779791303230818E-15i        0.18041026883325667-5.779791303230819E-15i        1.0000000000000002
2.8000000000000003                                0.03826111112428496                               0.03826111112428496                               0.9999999999999988
2.8000000000000003                                0.044770497620229915                              0.044770497620229915                              1.0000000000000042
2.8000000000000003                                0.047684034798745514                              0.04768403479874552                               0.9999999999999991
2.8000000000000003                                0.052503126581890915                              0.05250312658189092                               0.9999999999999983
2.8000000000000003                                0.07463257557256865                               0.07463257557256865                               1.0000000000000002
2.8000000000000003                                0.0794726814562762                                0.07947268145627621                               1
2.8000000000000003                                0.08139660786857647                               0.08139660786857647                               0.9999999999999991
2.8000000000000003                                0.0833023959122156                                0.0833023959122156                                0.9999999999999999
2.8000000000000003                                0.08390119492257876                               0.08390119492257876                               1.0000000000000002
2.8000000000000003                                0.08450925105168544                               0.08450925105168544                               0.9999999999999999
2.8000000000000003                                0.08802496773484686                               0.08802496773484686                               1.000000000000001
2.8000000000000003                                0.08915097629706478                               0.0891509762970648                                1.000000000000001
2.8000000000000003                                0.09537228535764594                               0.09537228535764596                               0.9999999999999977
2.8000000000000003                                0.09684417099281516                               0.09684417099281517                               0.9999999999999996
2.8000000000000003                                0.10513476088878543                               0.10513476088878543                               0.9999999999999997
2.8000000000000003                                0.10693688996965303                               0.10693688996965303                               1.0000000000000013
2.8000000000000003                                0.11392922013326291                               0.11392922013326293                               0.9999999999999993
2.8000000000000003                                0.11722069032752647                               0.11722069032752648                               1.000000000000002
2.8000000000000003                                0.11936152867687697                               0.11936152867687697                               0.9999999999999994
2.8000000000000003                                0.12842409994651302                               0.12842409994651305                               1.0000000000000018
2.8000000000000003                                0.13156017078943855                               0.13156017078943855                               0.9999999999999999
2.8000000000000003                                0.1340771417801804                                0.1340771417801804                                0.9999999999999997
2.8000000000000003                                0.1481019207014323                                0.14810192070143233                               1.0000000000000002
2.8000000000000003                                0.15104890356643016                               0.15104890356643016                               0.9999999999999972
2.8000000000000003                                0.16098408886783572                               0.16098408886783572                               0.9999999999999991
2.8000000000000003                                0.16297490213235294                               0.16297490213235294                               1
2.8000000000000003                                0.1668024205594522                                0.1668024205594522                                1.0000000000000009
2.8000000000000003                                0.17024394860310169                               0.17024394860310169                               0.9999999999999998
2.8000000000000003                                0.17907657596121002+6.787978676028159E-15i        0.17907657596121004+6.78797867602816E-15i         0.999999999999999
2.8000000000000003                                0.18113223309324578+5.583735880846608E-16i        0.18113223309324578+5.583735880846608E-16i        0.9999999999999999
3                                                 0.0382857979331124                                0.0382857979331124                                0.9999999999999996
3                                                 0.044773670463453805                              0.04477367046345381                               0.9999999999999989
3                                                 0.04754118025072296                               0.04754118025072296                               1.0000000000000022
3                                                 0.052701602046115945                              0.05270160204611595                               0.9999999999999998
3                                                 0.07432469384041174                               0.07432469384041174                               1.0000000000000002
3                                                 0.0794742349819968                                0.07947423498199681                               1.0000000000000044
3                                                 0.08142443427544054                               0.08142443427544054                               1.0000000000000007
3                                                 0.08312800803045298                               0.08312800803045298                               0.9999999999999998
3                                                 0.08413630187884713+1.3054724646266417E-17i       0.08413630187884713+1.3054724646266417E-17i       0.9999999999999991
3                                                 0.084874172883513-1.7525796751177693E-17i         0.08487417288351301-1.7525796751177693E-17i       0.9999999999999989
3                                                 0.08767146454102645                               0.08767146454102645                               1.0000000000000004
3                                                 0.08954956249435607                               0.08954956249435607                               0.9999999999999979
3                                                 0.09484594960083                                  0.09484594960083                                  1.000000000000001
3                                                 0.09741610838773454                               0.09741610838773454                               1.0000000000000004
3                                                 0.10442244143184404                               0.10442244143184404                               0.9999999999999986
3                                                 0.10769567220273452                               0.10769567220273453                               1.0000000000000018
3                                                 0.11344544984519309                               0.1134454498451931                                1
3                                                 0.116315685338951                                 0.116315685338951                                 0.9999999999999993
3                                                 0.12031399628615964                               0.12031399628615964                               1.0000000000000007
3                                                 0.12897556195486323                               0.12897556195486323                               1.0000000000000016
3                                                 0.13046197477799                                  0.13046197477799                                  0.9999999999999997
3                                                 0.1352240146679069                                0.1352240146679069                                0.9999999999999992
3                                                 0.14681288650369326                               0.14681288650369326                               1.0000000000000022
3                                                 0.1523879309260077                                0.1523879309260077                                0.9999999999999998
3                                                 0.16053720227979668-1.985530805408611E-17i        0.16053720227979668-1.985530805408611E-17i        0.9999999999999964
3                                                 0.1627988208196679+2.3609578152678253E-17i        0.1627988208196679+2.3609578152678253E-17i        1.000000000000001
3                                                 0.1653260426146958                                0.1653260426146958                                0.9999999999999986
3                                                 0.17177197212927267                               0.17177197212927267                               1.0000000000000018
3                                                 0.17893921321518058+1.1467270651174636E-14i       0.17893921321518058+1.1467270651174637E-14i       1.0000000000000007
3                                                 0.18185770961767633-3.555325178865469E-15i        0.18185770961767633-3.555325178865469E-15i        1.000000000000001
3.2                                               0.038312169899299864                              0.038312169899299864                              1
3.2                                               0.04477705595117976                               0.04477705595117977                               0.9999999999999977
3.2                                               0.04740020345226519                               0.04740020345226519                               0.9999999999999976
3.2                                               0.05290205017104775                               0.05290205017104775                               1.000000000000001
3.2                                               0.07401808189250834                               0.07401808189250834                               1.000000000000001
3.2                                               0.07947524053877825                               0.07947524053877825                               0.9999999999999998
3.2                                               0.08146841281845721                               0.08146841281845721                               0.9999999999999998
3.2                                               0.08294292253340062                               0.08294292253340062                               0.9999999999999967
3.2                                               0.08441815886169036                               0.08441815886169036                               0.9999999999999972
3.2                                               0.08524408165917949-9.762301830501392E-18i        0.08524408165917949-9.762301830501392E-18i        0.9999999999999977
3.2                                               0.08728153714054648                               0.08728153714054648                               0.9999999999999999
3.2                                               0.09001295689721303                               0.09001295689721303                               1.0000000000000004
3.2                                               0.09427410918448553                               0.09427410918448553                               0.9999999999999986
3.2                                               0.09806197916736775                               0.09806197916736777                               0.9999999999999994
3.2                                               0.10366637504113084                               0.10366637504113085                               1.0000000000000009
3.2                                               0.10852658574164686                               0.10852658574164688                               0.9999999999999998
3.2                                               0.11296401771287287                               0.11296401771287287                               1.0000000000000018
3.2                                               0.11537499524695398                               0.11537499524695398                               1.0000000000000013
3.2                                               0.12133049664765397                               0.12133049664765398                               1.0000000000000004
3.2                                               0.12933665194847285                               0.12933665194847285                               1.0000000000000018
3.2                                               0.1295306727521098                                0.12953067275210983                               1.0000000000000022
3.2                                               0.1364249215762551                                0.1364249215762551                                1
3.2                                               0.14550743997848542                               0.14550743997848542                               1
3.2                                               0.15377148545694666                               0.15377148545694666                               1.0000000000000002
3.2                                               0.16001719683760324                               0.16001719683760324                               1.0000000000000009
3.2                                               0.16270022311639903                               0.16270022311639903                               1
3.2                                               0.1638413019548255                                0.1638413019548255                                0.9999999999999982
3.2                                               0.17333649036807275                               0.17333649036807275                               1.000000000000002
3.2                                               0.17880356410515305+5.098159957688661E-15i        0.17880356410515308+5.098159957688661E-15i        0.9999999999999996
3.2                                               0.18258575326603438-7.003596526711225E-14i        0.18258575326603438-7.003596526711225E-14i        0.9999999999999991
3.4000000000000004                                0.038340223245517835                              0.038340223245517835                              1.0000000000000018
3.4000000000000004                                0.04478065212886009                               0.0447806521288601                                0.9999999999999957
3.4000000000000004                                0.04726112348095601                               0.04726112348095601                               1.0000000000000027
3.4000000000000004                                0.053104455781251475                              0.05310445578125148                               0.9999999999999994
3.4000000000000004                                0.0737128765315703                                0.07371287653157031                               0.9999999999999992
3.4000000000000004                                0.0794762281648756                                0.0794762281648756                                0.9999999999999982
3.4000000000000004                                0.08152370079700288                               0.08152370079700288                               0.9999999999999996
3.4000000000000004                                0.08277643832911223                               0.08277643832911223                               0.9999999999999983
3.4000000000000004                                0.08472035315805226                               0.08472035315805226                               0.9999999999999997
3.4000000000000004                                0.08561734045753391                               0.08561734045753391                               0.9999999999999981
3.4000000000000004                                0.08689614470776645                               0.08689614470776645                               1
3.4000000000000004                                0.09049943972905854                               0.09049943972905854                               1.000000000000001
3.4000000000000004                                0.0937061553519247                                0.09370615535192471                               0.9999999999999991
3.4000000000000004                                0.09873226692351142                               0.09873226692351142                               0.9999999999999986
3.4000000000000004                                0.10291537936074531                               0.10291537936074531                               1.0000000000000016
3.4000000000000004                                0.10938091373323401                               0.10938091373323401                               1.0000000000000009
3.4000000000000004                                0.11248493945539642                               0.11248493945539642                               0.9999999999999997
3.4000000000000004                                0.11444148642567605                               0.11444148642567605                               1
3.4000000000000004                                0.12236843512680715                               0.12236843512680715                               1.0000000000000002
3.4000000000000004                                0.1282227734677424                                0.1282227734677424                                1.0000000000000022
3.4000000000000004                                0.1300858661858251                                0.1300858661858251                                1.0000000000000024
3.4000000000000004                                0.13764516816608854                               0.13764516816608854                               1.0000000000000009
3.4000000000000004                                0.14421292313293865                               0.14421292313293865                               0.9999999999999997
3.4000000000000004                                0.1551725017289099                                0.1551725017289099                                1.0000000000000002
3.4000000000000004                                0.15945384683762046                               0.15945384683762046                               1.0000000000000009
3.4000000000000004                                0.16236792248633553                               0.16236792248633553                               1.0000000000000004
3.4000000000000004                                0.16265041236540467                               0.1626504123654047                                1.0000000000000016
3.4000000000000004                                0.17491695857888473                               0.17491695857888473                               0.999999999999999
3.4000000000000004                                0.17866984620229132                               0.17866984620229132                               0.9999999999999977
3.4000000000000004                                0.18264709027114123                               0.18264709027114123                               1.0000000000000016
3.6                                               0.03836995384424503                               0.03836995384424503                               0.9999999999999972
3.6                                               0.04478445658205887                               0.044784456582058874                              0.9999999999999959
3.6                                               0.04712395707503969                               0.0471239570750397                                0.9999999999999986
3.6                                               0.05330880672766986                               0.05330880672766986                               0.999999999999999
3.6                                               0.07340918545612757                               0.07340918545612757                               0.9999999999999996
3.6                                               0.0794777814438811                                0.0794777814438811                                1.0000000000000018
3.6                                               0.08158166719922821                               0.08158166719922821                               0.9999999999999997
3.6                                               0.08264299173621008                               0.08264299173621008                               0.9999999999999997
3.6                                               0.08502907149364945-1.008587716321292E-17i        0.08502907149364945-1.0085877163212921E-17i       1.0000000000000007
3.6                                               0.0859921166423335                                0.08599211664233351                               0.9999999999999976
3.6                                               0.08653392180657307                               0.08653392180657309                               0.999999999999998
3.6                                               0.0909884599147685                                0.0909884599147685                                0.9999999999999999
3.6                                               0.09316377192827237                               0.09316377192827237                               1.0000000000000002
3.6                                               0.09940455227090753                               0.09940455227090753                               1.0000000000000013
3.6                                               0.10219120265306053                               0.10219120265306054                               0.9999999999999984
3.6                                               0.11023677318340289                               0.1102367731834029                                0.9999999999999997
3.6                                               0.11200829281193989                               0.1120082928119399                                1.000000000000001
3.6                                               0.1135354201314031                                0.11353542013140311                               0.9999999999999996
3.6                                               0.12340798237603591                               0.12340798237603591                               1.0000000000000007
3.6                                               0.12713530219759214                               0.12713530219759214                               1
3.6                                               0.13064432072530466                               0.13064432072530469                               1.0000000000000004
3.6                                               0.1388672177754615                                0.1388672177754615                                1.0000000000000004
3.6                                               0.14294535109787365                               0.14294535109787365                               0.9999999999999987
3.6                                               0.15657545809048573                               0.15657545809048573                               1.000000000000001
3.6                                               0.1588659490277866                                0.1588659490277866                                0.9999999999999989
3.6                                               0.1609225586636403                                0.1609225586636403                                0.9999999999999999
3.6                                               0.16262820263487224                               0.16262820263487224                               1.0000000000000004
3.6                                               0.17649951507521688-3.0541222753670867E-16i       0.17649951507521688-3.0541222753670867E-16i       1
3.6                                               0.17853823375926398+3.511193108809538E-15i        0.17853823375926398+3.511193108809538E-15i        0.9999999999999989
3.6                                               0.18102448124843148+9.857969563168003E-15i        0.1810244812484315+9.857969563168003E-15i         0.9999999999999991
3.8000000000000003                                0.03840135719339317                               0.03840135719339317                               1.0000000000000013
3.8000000000000003                                0.04478846630839583                               0.044788466308395836                              0.9999999999999999
3.8000000000000003                                0.046988719581809786                              0.04698871958180979                               1.0000000000000007
3.8000000000000003                                0.053515093090981104                              0.05351509309098111                               1.0000000000000007
3.8000000000000003                                0.07310709461777629                               0.07310709461777629                               0.999999999999997
3.8000000000000003                                0.07948041051988397                               0.07948041051988398                               0.9999999999999979
3.8000000000000003                                0.0816286447046417                                0.08162864470464172                               0.9999999999999998
3.8000000000000003                                0.08255800340581546                               0.08255800340581546                               0.9999999999999999
3.8000000000000003                                0.08531156457977537                               0.08531156457977539                               1.0000000000000016
3.8000000000000003                                0.08620869759077895                               0.08620869759077895                               1.0000000000000004
3.8000000000000003                                0.08638820265195468                               0.0863882026519547                                0.9999999999999999
3.8000000000000003                                0.09142992939421304                               0.09142992939421304                               0.9999999999999996
3.8000000000000003                                0.09269734013156902                               0.09269734013156902                               0.9999999999999989
3.8000000000000003                                0.10002051582082262                               0.10002051582082264                               0.9999999999999996
3.8000000000000003                                0.10155189753670794                               0.10155189753670796                               0.9999999999999984
3.8000000000000003                                0.11102852084654119                               0.11102852084654119                               0.9999999999999992
3.8000000000000003                                0.11153504098108546                               0.11153504098108548                               0.999999999999998
3.8000000000000003                                0.11272094987306852                               0.11272094987306853                               0.9999999999999954
3.8000000000000003                                0.12437943598687122                               0.12437943598687123                               0.9999999999999988
3.8000000000000003                                0.12614428822149412                               0.12614428822149412                               0.9999999999999999
3.8000000000000003                                0.13120513353155216                               0.13120513353155216                               1.0000000000000013
3.8000000000000003                                0.14001609906511153                               0.14001609906511156                               0.9999999999999996
3.8000000000000003                                0.1417792025020197                                0.1417792025020197                                1.000000000000003
3.8000000000000003                                0.15789578033746665                               0.15789578033746665                               1.000000000000001
3.8000000000000003                                0.15826600170430646                               0.15826600170430646                               0.9999999999999981
3.8000000000000003                                0.15958544445267914                               0.15958544445267914                               1.0000000000000018
3.8000000000000003                                0.16262503542284545                               0.16262503542284545                               0.9999999999999986
3.8000000000000003                                0.17798582574245236                               0.17798582574245236                               1.0000000000000002
3.8000000000000003                                0.17841085607440044                               0.17841085607440044                               1
3.8000000000000003                                0.1795237895161163                                0.17952378951611633                               0.9999999999999996
4                                                 0.03843442838884659                               0.03843442838884659                               0.9999999999999989
4                                                 0.04479267754455187                               0.04479267754455187                               0.9999999999999966
4                                                 0.046855425717336814                              0.04685542571733682                               1.0000000000000018
4                                                 0.05372330662151048                               0.05372330662151049                               0.9999999999999977
4                                                 0.07280667344862882                               0.07280667344862882                               0.9999999999999987
4                                                 0.07948445289433531                               0.07948445289433533                               1.0000000000000002
4                                                 0.08164883791973196                               0.08164883791973196                               0.9999999999999997
4                                                 0.08253780596889321                               0.08253780596889321                               0.9999999999999998
4                                                 0.08542450884851269                               0.0854245088485127                                0.9999999999999996
4                                                 0.08610831769482646                               0.08610831769482646                               0.9999999999999976
4                                                 0.0867613217891471                                0.08676132178914711                               1.0000000000000004
4                                                 0.0915797292440096                                0.0915797292440096                                1.000000000000001
4                                                 0.09255106144004802                               0.09255106144004803                               1.0000000000000029
4                                                 0.10022169188252457                               0.10022169188252458                               1.0000000000000018
4                                                 0.10135581567996994                               0.10135581567996994                               1
4                                                 0.11105635557169233                               0.11105635557169233                               1.0000000000000004
4                                                 0.11125131505437143                               0.11125131505437144                               0.9999999999999992
4                                                 0.11251153609053703                               0.11251153609053705                               0.9999999999999982
4                                                 0.12456116001872172                               0.12456116001872172                               1.0000000000000018
4                                                 0.1259711761111334                                0.1259711761111334                                1.0000000000000002
4                                                 0.13176827982581554                               0.13176827982581554                               0.9999999999999991
4                                                 0.1400951775564948                                0.1400951775564948                                1.000000000000002
4                                                 0.1417109230162041                                0.1417109230162041                                1.0000000000000013
4                                                 0.15764667912142322                               0.15764667912142322                               1.0000000000000024
4                                                 0.15779707813232677                               0.1577970781323268                                0.9999999999999983
4                                                 0.15970662125117474                               0.15970662125117474                               0.9999999999999997
4                                                 0.16263443671375521                               0.16263443671375521                               0.9999999999999992
4                                                 0.17759634391158446+5.7489752934694085E-15i       0.17759634391158446+5.7489752934694085E-15i       1.0000000000000004
4                                                 0.17828190053108287-1.171147020125916E-13i        0.17828190053108287-1.171147020125916E-13i        0.9999999999999989
4                                                 0.1799304450776531-9.187026910556841E-15i         0.1799304450776531-9.187026910556841E-15i         0.9999999999999986
4.2                                               0.038469162093543306                              0.038469162093543306                              1.000000000000002
4.2                                               0.04479708552873993                               0.044797085528739934                              0.9999999999999981
4.2                                               0.046724090235625425                              0.046724090235625425                              0.9999999999999992
4.2                                               0.05393344033752879                               0.053933440337528796                              0.9999999999999993
4.2                                               0.07250797864174535+9.69257149260417E-18i         0.07250797864174535+9.69257149260417E-18i         0.9999999999999983
4.2                                               0.0794900153464239                                0.0794900153464239                                0.9999999999999991
4.2                                               0.08163583625959214                               0.08163583625959214                               1.0000000000000007
4.2                                               0.08258887456972688                               0.08258887456972688                               0.9999999999999997
4.2                                               0.0852389284845917                                0.0852389284845917                                1.0000000000000016
4.2                                               0.08632769319798625                               0.08632769319798626                               1
4.2                                               0.08714552371204357                               0.08714552371204357                               0.999999999999999
4.2                                               0.09125227506013511                               0.09125227506013511                               1.000000000000004
4.2                                               0.09291050735133237                               0.09291050735133238                               1.0000000000000018
4.2                                               0.09973358062731408                               0.09973358062731408                               1.0000000000000004
4.2                                               0.10187741115944604                               0.10187741115944605                               0.9999999999999984
4.2                                               0.11054347896319466-3.515311075237479E-17i        0.11054347896319468-3.5153110752374797E-17i       0.9999999999999987
4.2                                               0.11061127683234435+4.027707885686911E-17i        0.11061127683234437+4.027707885686911E-17i        0.999999999999999
4.2                                               0.11322974175252025                               0.11322974175252025                               1.0000000000000016
4.2                                               0.12366309993673183                               0.12366309993673183                               0.9999999999999993
4.2                                               0.12690595494339604                               0.12690595494339604                               0.9999999999999988
4.2                                               0.13233375520832558                               0.13233375520832558                               0.9999999999999996
4.2                                               0.13897716176885774                               0.13897716176885774                               1.0000000000000004
4.2                                               0.14286774772329744                               0.14286774772329744                               1.0000000000000004
4.2                                               0.15645583901012222                               0.15645583901012222                               1.000000000000001
4.2                                               0.15704093235500213                               0.15704093235500213                               0.9999999999999984
4.2                                               0.16108003049919448                               0.16108003049919448                               1
4.2                                               0.1626529878298751                                0.1626529878298751                                0.9999999999999993
4.2                                               0.17606004071602727+1.3532212063345835E-16i       0.17606004071602727+1.3532212063345835E-16i       1.0000000000000022
4.2                                               0.17815534361765917-9.798036950882914E-15i        0.1781553436176592-9.798036950882915E-15i         1.0000000000000009
4.2                                               0.18151148041700543-6.6883243484410205E-15i       0.18151148041700546-6.688324348441021E-15i        0.9999999999999996
4.4                                               0.03850555250276458                               0.03850555250276458                               0.9999999999999988
4.4                                               0.04480168416883156                               0.04480168416883157                               1.0000000000000033
4.4                                               0.04659472858765965                               0.04659472858765966                               1.0000000000000009
4.4                                               0.05414548823206268                               0.05414548823206268                               1.000000000000001
4.4                                               0.07221105693004085                               0.07221105693004085                               0.9999999999999984
4.4                                               0.07949696060288446                               0.07949696060288446                               1.0000000000000013
4.4                                               0.08159947398148512                               0.08159947398148513                               0.9999999999999986
4.4                                               0.08270109565099497                               0.08270109565099497                               1.0000000000000002
4.4                                               0.08495397254905368                               0.0849539725490537                                0.9999999999999996
4.4                                               0.08667532990624668                               0.0866753299062467                                0.9999999999999982
4.4                                               0.08753292648786065                               0.08753292648786065                               1.0000000000000016
4.4                                               0.09078819700972963                               0.09078819700972963                               0.9999999999999997
4.4                                               0.093434939891299                                 0.09343493989129902                               1.0000000000000009
4.4                                               0.09908668783672928                               0.09908668783672928                               1.0000000000000009
4.4                                               0.10258617134822422                               0.10258617134822422                               0.9999999999999994
4.4                                               0.1097257332844342                                0.1097257332844342                                0.9999999999999992
4.4                                               0.11012696809338089                               0.11012696809338089                               1.0000000000000009
4.4                                               0.11412769475452463                               0.11412769475452464                               1
4.4                                               0.12264025995956734                               0.12264025995956736                               0.9999999999999996
4.4                                               0.12799364851919268                               0.12799364851919268                               0.9999999999999998
4.4                                               0.13290155988869723                               0.13290155988869723                               1
4.4                                               0.1377682836367361                                0.1377682836367361                                0.9999999999999992
4.4                                               0.14414348047231706                               0.14414348047231706                               1.0000000000000013
4.4                                               0.15506470837806552                               0.15506470837806552                               0.9999999999999989
4.4                                               0.15642321922728442                               0.15642321922728442                               0.999999999999999
4.4                                               0.16253587266607122                               0.16253587266607122                               1.0000000000000002
4.4                                               0.16268342424753146                               0.16268342424753146                               0.999999999999997
4.4                                               0.17448781257841067+2.336404266828493E-17i        0.17448781257841067+2.336404266828493E-17i        1.000000000000002
4.4                                               0.17803176540901383-3.354644639074158E-15i        0.17803176540901383-3.354644639074158E-15i        1.0000000000000009
4.4                                               0.18315539631840477-1.874646696869489E-14i        0.18315539631840477-1.874646696869489E-14i        1.0000000000000009
4.6000000000000005                                0.03854359330500054                               0.03854359330500054                               1.0000000000000002
4.6000000000000005                                0.04480646556918262                               0.04480646556918263                               0.9999999999999974
4.6000000000000005                                0.04646735765033308                               0.04646735765033309                               1.000000000000001
4.6000000000000005                                0.05435944505532828                               0.05435944505532829                               1.0000000000000009
4.6000000000000005                                0.0719159471598646                                0.07191594715986462                               0.9999999999999991
4.6000000000000005                                0.07950493816987858                               0.07950493816987858                               1.0000000000000004
4.6000000000000005                                0.08155575108917916                               0.08155575108917917                               0.9999999999999989
4.6000000000000005                                0.08285755092145171                               0.08285755092145172                               0.9999999999999996
4.6000000000000005                                0.08465956159833157                               0.08465956159833159                               1
4.6000000000000005                                0.08706129649187302                               0.08706129649187302                               0.9999999999999993
4.6000000000000005                                0.0879229155512026-1.2916946469877526E-17i        0.0879229155512026-1.2916946469877527E-17i        1.0000000000000013
4.6000000000000005                                0.09030853737495276                               0.09030853737495276                               1.0000000000000002
4.6000000000000005                                0.09400301883281588                               0.09400301883281588                               1
4.6000000000000005                                0.09842432466044487                               0.09842432466044489                               0.9999999999999986
4.6000000000000005                                0.10333879695617233                               0.10333879695617233                               1.0000000000000007
4.6000000000000005                                0.10888090281868075                               0.10888090281868075                               0.9999999999999984
4.6000000000000005                                0.10966084975587906                               0.10966084975587907                               1.0000000000000007
4.6000000000000005                                0.11506524165639095                               0.11506524165639095                               0.9999999999999996
4.6000000000000005                                0.12161182148081949                               0.12161182148081949                               0.9999999999999997
4.6000000000000005                                0.12911520841820293                               0.12911520841820295                               1.0000000000000016
4.6000000000000005                                0.13347169641152673                               0.13347169641152673                               0.9999999999999988
4.6000000000000005                                0.13655911286060368                               0.13655911286060368                               1.0000000000000009
4.6000000000000005                                0.14544769469613197                               0.14544769469613197                               0.9999999999999984
4.6000000000000005                                0.1536769766578502                                0.1536769766578502                                1.0000000000000007
4.6000000000000005                                0.1558051971213853                                0.1558051971213853                                1.0000000000000002
4.6000000000000005                                0.1627075631504969+2.2097410781800664E-17i        0.1627075631504969+2.2097410781800667E-17i        0.9999999999999996
4.6000000000000005                                0.1640275125994768                                0.1640275125994768                                0.999999999999998
4.6000000000000005                                0.17292290718140232                               0.17292290718140232                               1.0000000000000024
4.6000000000000005                                0.1779103879644972                                0.17791038796449724                               1.0000000000000009
4.6000000000000005                                0.1848193641013795                                0.1848193641013795                                1.0000000000000002
4.800000000000001                                 0.03858327763788259                               0.03858327763788259                               0.9999999999999988
4.800000000000001                                 0.044811419340817615                              0.044811419340817615                              1.000000000000002
4.800000000000001                                 0.046341996623209064                              0.046341996623209064                              0.9999999999999998
4.800000000000001                                 0.054575306150943706                              0.054575306150943706                              0.9999999999999983
4.800000000000001                                 0.0716226818601331                                0.0716226818601331                                0.9999999999999993
4.800000000000001                                 0.07951345642618425                               0.07951345642618425                               0.9999999999999983
4.800000000000001                                 0.08151706339488607                               0.08151706339488607                               1.0000000000000009
4.800000000000001                                 0.08304311780942776                               0.08304311780942777                               0.9999999999999997
4.800000000000001                                 0.08437740014458033                               0.08437740014458033                               0.9999999999999986
4.800000000000001                                 0.08746249026251061                               0.08746249026251061                               1.0000000000000004
4.800000000000001                                 0.08831506184551852                               0.08831506184551852                               1.0000000000000022
4.800000000000001                                 0.08984098336955389                               0.08984098336955389                               1.0000000000000007
4.800000000000001                                 0.09458617738998341                               0.09458617738998343                               1
4.800000000000001                                 0.09777551326786109                               0.0977755132678611                                0.9999999999999979
4.800000000000001                                 0.1041061859243557                                0.10410618592435571                               1.0000000000000004
4.800000000000001                                 0.10805023928411922                               0.10805023928411922                               1.0000000000000007
4.800000000000001                                 0.1091978107051664                                0.10919781070516642                               0.9999999999999984
4.800000000000001                                 0.11601637176098659                               0.11601637176098659                               1.000000000000001
4.800000000000001                                 0.1205996605834059                                0.1205996605834059                                0.9999999999999986
4.800000000000001                                 0.13024900906715262                               0.13024900906715262                               0.9999999999999992
4.800000000000001                                 0.13404416415184756                               0.13404416415184756                               0.9999999999999991
4.800000000000001                                 0.13536729035571665                               0.13536729035571665                               1.0000000000000002
4.800000000000001                                 0.14676302401776503                               0.14676302401776503                               0.9999999999999989
4.800000000000001                                 0.1523072434724049                                0.1523072434724049                                0.9999999999999992
4.800000000000001                                 0.1551872535011839                                0.1551872535011839                                1
4.800000000000001                                 0.16274302243565542                               0.16274302243565542                               1.0000000000000007
4.800000000000001                                 0.16552255621637435                               0.16552255621637435                               0.9999999999999998
4.800000000000001                                 0.17137671211759542                               0.17137671211759545                               1.0000000000000007
4.800000000000001                                 0.17779115605075715-2.521528408837252E-17i        0.17779115605075715-2.521528408837252E-17i        0.9999999999999994
4.800000000000001                                 0.18598671861066915+2.4972319549563452E-17i       0.18598671861066918+2.4972319549563456E-17i       1.0000000000000016
5                                                 0.038624598038475996                              0.038624598038475996                              1.0000000000000016
5                                                 0.04481653157012835                               0.04481653157012835                               0.9999999999999971
5                                                 0.04621866823359485                               0.04621866823359485                               0.9999999999999987
5                                                 0.05479306733092823+8.450534488398179E-18i        0.05479306733092824+8.450534488398179E-18i        0.9999999999999988
5                                                 0.07133128844530465                               0.07133128844530465                               1.0000000000000022
5                                                 0.07952198801515614                               0.07952198801515614                               1.0000000000000009
5                                                 0.08149090551489359                               0.08149090551489359                               0.9999999999999987
5                                                 0.08324102478552342                               0.08324102478552342                               1.0000000000000007
5                                                 0.08412261507514687                               0.08412261507514687                               0.9999999999999994
5                                                 0.08785826163964076                               0.08785826163964076                               0.9999999999999988
5                                                 0.08870770877247373                               0.08870770877247375                               0.9999999999999997
5                                                 0.0894089073558555                                0.08940890735585551                               0.9999999999999994
5                                                 0.09515765378211838                               0.09515765378211839                               0.9999999999999992
5                                                 0.09716692489420559                               0.0971669248942056                                0.9999999999999999
5                                                 0.10486018663793095                               0.10486018663793097                               1.0000000000000007
5                                                 0.10726156550981401                               0.10726156550981401                               1.0000000000000007
5                                                 0.10873730445931849                               0.10873730445931849                               0.9999999999999983
5                                                 0.11695276826104813                               0.11695276826104813                               1.0000000000000013
5                                                 0.11963098360451213                               0.11963098360451214                               1.0000000000000016
5                                                 0.1313670846332115                                0.1313670846332115                                1.0000000000000004
5                                                 0.1342195730003727                                0.1342195730003727                                0.9999999999999987
5                                                 0.13461913269797438                               0.13461913269797438                               1.0000000000000016
5                                                 0.14806154785115533                               0.14806154785115533                               0.9999999999999977
5                                                 0.15098265016696238                               0.15098265016696238                               0.9999999999999993
5                                                 0.15456993988992268                               0.15456993988992268                               1.0000000000000009
5                                                 0.1627821671030777                                0.1627821671030777                                0.9999999999999982
5                                                 0.16699917652588875                               0.16699917652588875                               1.0000000000000004
5                                                 0.16987740247920752                               0.16987740247920755                               1.0000000000000007
5                                                 0.17767406339261427-3.611139510329014E-16i        0.1776740633926143-3.611139510329014E-16i         0.9999999999999999
5                                                 0.18621148893912534+1.8337211597443462E-13i       0.18621148893912537+1.8337211597443462E-13i       1.0000000000000016
5.2                                               0.038667546387177086                              0.03866754638717709                               1.0000000000000009
5.2                                               0.04482178323213303                               0.04482178323213303                               1
5.2                                               0.04609740047506507                               0.04609740047506507                               0.9999999999999997
5.2                                               0.055012724779134464                              0.055012724779134464                              1.0000000000000002
5.2                                               0.071041790148986                                 0.071041790148986                                 0.9999999999999981
5.2                                               0.07953009080398094                               0.07953009080398094                               0.9999999999999976
5.2                                               0.08148132961861673                               0.08148132961861673                               0.9999999999999998
5.2                                               0.08340541308064535                               0.08340541308064536                               1.0000000000000024
5.2                                               0.08393939189663523                               0.08393939189663523                               0.9999999999999978
5.2                                               0.08817413135470474                               0.08817413135470474                               1.0000000000000004
5.2                                               0.08903063573456771                               0.08903063573456772                               0.9999999999999997
5.2                                               0.08915735572973442                               0.08915735572973442                               1.0000000000000004
5.2                                               0.09560485939535171                               0.09560485939535172                               0.9999999999999998
5.2                                               0.09671107705003608                               0.09671107705003608                               0.9999999999999999
5.2                                               0.10545721766226274                               0.10545721766226274                               0.9999999999999997
5.2                                               0.10665823962270347                               0.10665823962270347                               1.0000000000000013
5.2                                               0.10827922870829568                               0.10827922870829568                               0.9999999999999996
5.2                                               0.11768815113185517                               0.11768815113185517                               1.000000000000002
5.2                                               0.11889166683706338                               0.11889166683706338                               1.0000000000000004
5.2                                               0.1322191201644083                                0.1322191201644083                                1.0000000000000018
5.2                                               0.13336620025089366                               0.13336620025089366                               1.0000000000000007
5.2                                               0.13519630215377762                               0.13519630215377762                               1.0000000000000004
5.2                                               0.14898104159482464                               0.14898104159482464                               0.9999999999999992
5.2                                               0.15006512958499696-1.6831428525942166E-17i       0.15006512958499696-1.6831428525942166E-17i       0.9999999999999998
5.2                                               0.1539536841352444                                0.15395368413524443                               1.0000000000000024
5.2                                               0.16282472522141656                               0.16282472522141656                               1.0000000000000016
5.2                                               0.16788697955579457                               0.1678869795557946                                0.9999999999999983
5.2                                               0.16899495851591884                               0.16899495851591884                               1
5.2                                               0.17755911245620148-2.785451935306267E-16i        0.1775591124562015-2.785451935306267E-16i         1
5.2                                               0.18643676002394052+2.281237711419571E-13i        0.18643676002394055+2.281237711419571E-13i        1.0000000000000002
5.4                                               0.038712113844211554                              0.038712113844211554                              0.9999999999999978
5.4                                               0.04482714766737547                               0.04482714766737547                               0.9999999999999989
5.4                                               0.04597822926849487                               0.04597822926849487                               0.9999999999999996
5.4                                               0.05523427497568812                               0.05523427497568813                               0.9999999999999987
5.4                                               0.070754206756722                                 0.07075420675672202                               0.9999999999999981
5.4                                               0.07953751575630211                               0.07953751575630212                               0.9999999999999976
5.4                                               0.08149006736350309                               0.08149006736350309                               1.0000000000000004
5.4                                               0.0833975912382041                                0.0833975912382041                                0.9999999999999999
5.4                                               0.08396560702039854                               0.08396560702039854                               1.0000000000000009
5.4                                               0.08814805323057784                               0.08814805323057784                               1.0000000000000029
5.4                                               0.089112356592736+1.2433576866303851E-17i         0.089112356592736+1.2433576866303853E-17i         0.9999999999999998
5.4                                               0.08951994419053268                               0.08951994419053269                               1.0000000000000007
5.4                                               0.09550494223346667                               0.09550494223346667                               1.000000000000001
5.4                                               0.09683076686267703                               0.09683076686267704                               1.000000000000002
5.4                                               0.10526052953130072                               0.10526052953130072                               1.0000000000000004
5.4                                               0.1068768547179515                                0.1068768547179515                                0.9999999999999991
5.4                                               0.10782360670889524                               0.10782360670889524                               1.000000000000001
5.4                                               0.11731962642007256                               0.11731962642007256                               1
5.4                                               0.11928444165737244                               0.11928444165737245                               1.0000000000000007
5.4                                               0.13160666324497822                               0.13160666324497822                               1.0000000000000024
5.4                                               0.13400511382471916                               0.13400511382471916                               1.0000000000000007
5.4                                               0.13577603473576694                               0.13577603473576694                               1.0000000000000007
5.4                                               0.14806483501371084                               0.14806483501371084                               1
5.4                                               0.15101121661917147                               0.15101121661917147                               1.0000000000000007
5.4                                               0.1533388244158685                                0.1533388244158685                                1.0000000000000018
5.4                                               0.16287040034116118                               0.16287040034116118                               1
5.4                                               0.1666471691366443                                0.16664716913664432                               1.0000000000000004
5.4                                               0.17026805502889633                               0.17026805502889633                               0.9999999999999989
5.4                                               0.1774463087698042                                0.1774463087698042                                1.0000000000000018
5.4                                               0.18666345324187178+3.385946077448589E-17i        0.18666345324187178+3.385946077448589E-17i        0.9999999999999992
5.6000000000000005                                0.03875829077781013                               0.03875829077781013                               1.0000000000000022
5.6000000000000005                                0.044832586413939314                              0.044832586413939314                              0.9999999999999958
5.6000000000000005                                0.04586120276065979                               0.04586120276065979                               0.9999999999999999
5.6000000000000005                                0.05545771463731876                               0.05545771463731876                               1.0000000000000016
5.6000000000000005                                0.07046855518741812                               0.07046855518741812                               0.999999999999998
5.6000000000000005                                0.0795442695319155                                0.0795442695319155                                1.0000000000000004
5.6000000000000005                                0.08151700300479611                               0.08151700300479611                               0.9999999999999996
5.6000000000000005                                0.08323818158587043                               0.08323818158587043                               0.9999999999999998
5.6000000000000005                                0.08418068046510722                               0.08418068046510722                               0.9999999999999991
5.6000000000000005                                0.08782461052946496                               0.08782461052946496                               0.9999999999999998
5.6000000000000005                                0.08948259961279703+1.1793867280615081E-17i       0.08948259961279703+1.1793867280615083E-17i       0.9999999999999994
5.6000000000000005                                0.08992228337648984                               0.08992228337648986                               1.0000000000000016
5.6000000000000005                                0.09500511100620998                               0.09500511100621                                  0.9999999999999991
5.6000000000000005                                0.09737872343483824                               0.09737872343483824                               0.9999999999999998
5.6000000000000005                                0.10457164946308885                               0.10457164946308886                               1
5.6000000000000005                                0.10736927235340099                               0.10736927235340099                               1.0000000000000016
5.6000000000000005                                0.1076170080813907                                0.1076170080813907                                1.0000000000000022
5.6000000000000005                                0.11643115889791855                               0.11643115889791857                               0.9999999999999998
5.6000000000000005                                0.1202252958780978                                0.1202252958780978                                0.9999999999999998
5.6000000000000005                                0.1305185892772327                                0.1305185892772327                                0.9999999999999992
5.6000000000000005                                0.1351471681565195                                0.13514716815651953                               1.0000000000000004
5.6000000000000005                                0.13635856400946997                               0.13635856400946997                               0.9999999999999997
5.6000000000000005                                0.1467818027120127                                0.1467818027120127                                0.9999999999999997
5.6000000000000005                                0.15235148407766713                               0.15235148407766713                               1
5.6000000000000005                                0.15272612750498923                               0.15272612750498923                               1.0000000000000022
5.6000000000000005                                0.16291893707641797                               0.16291893707641797                               0.9999999999999981
5.6000000000000005                                0.16517514265412692                               0.16517514265412692                               1
5.6000000000000005                                0.17180128728180558                               0.17180128728180558                               1.0000000000000024
5.6000000000000005                                0.17733566160870717-8.142259812246643E-17i        0.1773356616087072-8.142259812246643E-17i         1
5.6000000000000005                                0.1856529296173211-4.977504107330105E-15i         0.1856529296173211-4.977504107330106E-15i         1.0000000000000007
5.800000000000001                                 0.038806066682675805                              0.038806066682675805                              0.9999999999999986
5.800000000000001                                 0.044838042007136106                              0.04483804200713611                               0.9999999999999942
5.800000000000001                                 0.04574638865267588                               0.045746388652675885                              1.000000000000002
5.800000000000001                                 0.05568304066962324                               0.05568304066962325                               1.0000000000000013
5.800000000000001                                 0.07018484995917518                               0.07018484995917518                               1.000000000000003
5.800000000000001                                 0.07955061058209484                               0.07955061058209484                               1.0000000000000024
5.800000000000001                                 0.08156014511099172                               0.08156014511099172                               0.999999999999997
5.800000000000001                                 0.0830563128675027                                0.0830563128675027                                0.9999999999999999
5.800000000000001                                 0.084456381422785                                 0.08445638142278501                               1.0000000000000016
5.800000000000001                                 0.08744228340832466                               0.08744228340832468                               0.9999999999999982
5.800000000000001                                 0.08993652865159729                               0.0899365286515973                                1.0000000000000009
5.800000000000001                                 0.09033044731288803+1.4373375885272887E-17i       0.09033044731288803+1.4373375885272887E-17i       1.0000000000000022
5.800000000000001                                 0.09444041763582009                               0.09444041763582009                               1.0000000000000002
5.800000000000001                                 0.0980197831503391                                0.0980197831503391                                1.0000000000000007
5.800000000000001                                 0.10382248467449255                               0.10382248467449255                               1.0000000000000002
5.800000000000001                                 0.10691891241588293                               0.10691891241588294                               0.9999999999999991
5.800000000000001                                 0.1084441243790296                                0.10844412437902962                               1.000000000000001
5.800000000000001                                 0.11549664668864228                               0.11549664668864228                               1.0000000000000013
5.800000000000001                                 0.12124036390995359                               0.1212403639099536                                0.9999999999999999
5.800000000000001                                 0.1294004910242817                                0.1294004910242817                                0.9999999999999977
5.800000000000001                                 0.1363452593483046                                0.1363452593483046                                1.0000000000000002
5.800000000000001                                 0.13694544904551692                               0.13694544904551692                               0.9999999999999991
5.800000000000001                                 0.1454825418048329                                0.1454825418048329                                1.0000000000000016
5.800000000000001                                 0.1521136867103119                                0.1521136867103119                                0.9999999999999989
5.800000000000001                                 0.1537374695296911                                0.15373746952969114                               1.0000000000000002
5.800000000000001                                 0.16296989749513316                               0.16296989749513316                               1.0000000000000002
5.800000000000001                                 0.16369755283532167                               0.16369755283532167                               1.0000000000000002
5.800000000000001                                 0.17336828029994789                               0.17336828029994789                               1
5.800000000000001                                 0.1772271918146449-7.451253677049487E-16i         0.1772271918146449-7.451253677049487E-16i         1.0000000000000016
5.800000000000001                                 0.18399868431488672+6.0484740339035886E-15i       0.18399868431488672+6.0484740339035886E-15i       1.0000000000000002
6                                                 0.03885543008735321                               0.03885543008735321                               1.0000000000000007
6                                                 0.0448434248639852                                0.04484342486398521                               0.9999999999999978
6                                                 0.045633887445562155                              0.04563388744556216                               0.9999999999999993
6                                                 0.05591025012852384                               0.05591025012852384                               1.0000000000000013
6                                                 0.06990310356599581                               0.06990310356599581                               1.0000000000000016
6                                                 0.07955698024462918                               0.07955698024462919                               0.999999999999998
6                                                 0.08161508678255791                               0.08161508678255792                               0.9999999999999988
6                                                 0.08288971582882886                               0.08288971582882887                               0.9999999999999987
6                                                 0.08475668292348623                               0.08475668292348623                               0.9999999999999987
6                                                 0.08705914659359111                               0.08705914659359111                               1.0000000000000013
6                                                 0.09041533436761276+1.473096616209986E-17i        0.09041533436761277+1.473096616209986E-17i        0.9999999999999994
6                                                 0.09074441959732259-1.43314415276939E-17i         0.0907444195973226-1.43314415276939E-17i          0.9999999999999984
6                                                 0.09387491949384613                               0.09387491949384615                               1.0000000000000007
6                                                 0.09868959045379752                               0.09868959045379753                               1.000000000000001
6                                                 0.10307485274084188                               0.10307485274084188                               0.9999999999999993
6                                                 0.10647031587540243                               0.10647031587540244                               1.0000000000000007
6                                                 0.10929864708104489                               0.10929864708104489                               0.9999999999999997
6                                                 0.1145669617650754                                0.11456696176507541                               1.0000000000000009
6                                                 0.1222788638271869                                0.12227886382718692                               1.0000000000000002
6                                                 0.12829051443919245                               0.12829051443919245                               0.9999999999999993
6                                                 0.1374852679923828                                0.1374852679923828                                1.0000000000000002
6                                                 0.13761278539879437                               0.13761278539879437                               0.9999999999999996
6                                                 0.14419411763478784                               0.14419411763478784                               1.0000000000000007
6                                                 0.15150415969238146                               0.15150415969238146                               1.000000000000001
6                                                 0.1551396876912634                                0.1551396876912634                                0.999999999999999
6                                                 0.16223144934999714                               0.16223144934999714                               1.0000000000000002
6                                                 0.16302489772566375                               0.16302489772566375                               1.0000000000000004
6                                                 0.17495020372501613+5.378745360372538E-17i        0.17495020372501613+5.378745360372538E-17i        1.0000000000000007
6                                                 0.17712098015796768-2.387254505036226E-16i        0.1771209801579677-2.387254505036226E-16i         1.0000000000000002
6                                                 0.18235877507289522+2.398008360330684E-15i        0.18235877507289525+2.398008360330684E-15i        0.9999999999999998
6.2                                               0.03890636844878611                               0.03890636844878611                               0.9999999999999998
6.2                                               0.044848587826602636                              0.044848587826602636                              1.0000000000000042
6.2                                               0.04552385803254788                               0.04552385803254788                               0.9999999999999999
6.2                                               0.056139340188806536                              0.056139340188806536                              1.0000000000000004
6.2                                               0.0696233267850508+9.445653976053266E-18i         0.0696233267850508+9.445653976053267E-18i         1.0000000000000009
6.2                                               0.0795638922150936                                0.0795638922150936                                0.9999999999999992
6.2                                               0.08167381715757961                               0.08167381715757961                               1.0000000000000007
6.2                                               0.08275407911504135                               0.08275407911504136                               1.0000000000000004
6.2                                               0.08506711848456523                               0.08506711848456523                               1.0000000000000007
6.2                                               0.08669401619315839                               0.08669401619315839                               1.0000000000000002
6.2                                               0.09089695624634818                               0.09089695624634818                               1
6.2                                               0.09116508341692828                               0.09116508341692828                               0.9999999999999989
6.2                                               0.09333035358947742                               0.09333035358947742                               1.0000000000000002
6.2                                               0.09936523141491262                               0.09936523141491262                               1.0000000000000007
6.2                                               0.10235042428614721                               0.10235042428614721                               1.0000000000000004
6.2                                               0.10602403680755304                               0.10602403680755305                               1.0000000000000013
6.2                                               0.11015812738402385                               0.11015812738402385                               0.9999999999999991
6.2                                               0.11366167077505618                               0.11366167077505619                               1.000000000000001
6.2                                               0.12332104267335314                               0.12332104267335314                               0.9999999999999997
6.2                                               0.12720602755176533                               0.12720602755176533                               0.999999999999999
6.2                                               0.13810900726057426                               0.13810900726057426                               1.0000000000000013
6.2                                               0.1388012308422098                                0.13880123084220983                               0.9999999999999993
6.2                                               0.1429320370790666                                0.1429320370790666                                1.0000000000000004
6.2                                               0.15089659041744236                               0.15089659041744236                               1
6.2                                               0.15654333122969014                               0.15654333122969014                               1.0000000000000004
6.2                                               0.16079399644827594                               0.16079399644827594                               0.9999999999999981
6.2                                               0.16308098657784298                               0.16308098657784298                               1.000000000000001
6.2                                               0.17653077510341775+2.330997565608958E-16i        0.17653077510341778+2.330997565608958E-16i        1.0000000000000007
6.2                                               0.17701824445559589+4.443985987214434E-15i        0.17701824445559589+4.443985987214434E-15i        1
6.2                                               0.1807472757705482+1.3550122092909074E-15i        0.1807472757705482+1.3550122092909076E-15i        1
6.4                                               0.038958868032029824                              0.038958868032029824                              1.0000000000000024
6.4                                               0.04485327280945457                               0.04485327280945457                               0.9999999999999968
6.4                                               0.045416571196763116                              0.045416571196763116                              0.9999999999999994
6.4                                               0.05637030811813858                               0.05637030811813859                               1.0000000000000018
6.4                                               0.06934552892926378                               0.06934552892926378                               0.9999999999999993
6.4                                               0.079571812901658                                 0.079571812901658                                 0.9999999999999997
6.4                                               0.08172338430142564                               0.08172338430142564                               1.0000000000000004
6.4                                               0.08266466555688436                               0.08266466555688436                               0.9999999999999986
6.4                                               0.0853621690661226                                0.0853621690661226                                1.000000000000001
6.4                                               0.08637364076541863                               0.08637364076541863                               0.9999999999999998
6.4                                               0.09135318299601541-2.053851251436657E-17i        0.09135318299601541-2.0538512514366574E-17i       0.9999999999999998
6.4                                               0.09158279952880517+1.3053641389175445E-17i       0.09158279952880519+1.3053641389175446E-17i       1.0000000000000022
6.4                                               0.09284471604032446                               0.09284471604032447                               1.000000000000001
6.4                                               0.10000057193014769                               0.10000057193014769                               0.9999999999999994
6.4                                               0.10169488810345091                               0.10169488810345093                               1.0000000000000029
6.4                                               0.10558010464510552                               0.10558010464510552                               1
6.4                                               0.11097092608344064                               0.11097092608344064                               0.9999999999999993
6.4                                               0.1128316626936288                                0.1128316626936288                                1.0000000000000002
6.4                                               0.12430791065793605                               0.12430791065793605                               1.0000000000000016
6.4                                               0.1262052871863573                                0.12620528718635732                               1.000000000000001
6.4                                               0.13870208377443266                               0.1387020837744327                                1.0000000000000016
6.4                                               0.13995518712216665                               0.13995518712216665                               0.9999999999999996
6.4                                               0.141765663549119                                 0.141765663549119                                 1.0000000000000018
6.4                                               0.15029111763994543                               0.15029111763994543                               0.9999999999999994
6.4                                               0.15785844513287844                               0.15785844513287844                               0.9999999999999983
6.4                                               0.1594729298360937                                0.1594729298360937                                1
6.4                                               0.16313975415395499                               0.16313975415395499                               0.9999999999999984
6.4                                               0.17691319106966197-1.83953019443376E-15i         0.17691319106966197-1.83953019443376E-15i         1.0000000000000007
6.4                                               0.17798315589604813-2.059126445334396E-15i        0.17798315589604813-2.059126445334396E-15i        1.0000000000000013
6.4                                               0.17929646832360213+2.035906126903796E-15i        0.17929646832360213+2.0359061269037966E-15i       0.9999999999999977
6.6000000000000005                                0.03901291377277354                               0.03901291377277354                               1.0000000000000013
6.6000000000000005                                0.04485698811682981                               0.04485698811682981                               0.9999999999999996
6.6000000000000005                                0.04531253245150417                               0.04531253245150418                               0.9999999999999991
6.6000000000000005                                0.056603151255365684-8.870165270016673E-18i       0.056603151255365684-8.870165270016673E-18i       1.0000000000000007
6.6000000000000005                                0.0690697180565151                                0.0690697180565151                                0.9999999999999992
6.6000000000000005                                0.0795810602573175                                0.0795810602573175                                1.0000000000000027
6.6000000000000005                                0.08174800244537221                               0.08174800244537223                               0.9999999999999981
6.6000000000000005                                0.08263802690068162                               0.08263802690068162                               0.9999999999999997
6.6000000000000005                                0.08553181907371912                               0.08553181907371912                               1.000000000000001
6.6000000000000005                                0.08620843293869007                               0.08620843293869007                               1.0000000000000024
6.6000000000000005                                0.09164829966501548                               0.09164829966501549                               0.9999999999999999
6.6000000000000005                                0.09194351612435056                               0.09194351612435056                               0.9999999999999992
6.6000000000000005                                0.09260780119668088                               0.09260780119668088                               0.999999999999998
6.6000000000000005                                0.1003120811451785                                0.10031208114517852                               0.9999999999999983
6.6000000000000005                                0.10139157581540786                               0.10139157581540788                               0.9999999999999986
6.6000000000000005                                0.10513853439846539                               0.1051385343984654                                0.9999999999999972
6.6000000000000005                                0.11132029004215625                               0.11132029004215625                               1.0000000000000002
6.6000000000000005                                0.1124934018030316                                0.11249340180303162                               0.9999999999999996
6.6000000000000005                                0.12460927088524237                               0.12460927088524239                               1.0000000000000018
6.6000000000000005                                0.1259182041093664                                0.1259182041093664                                0.9999999999999997
6.6000000000000005                                0.13929537937905573                               0.13929537937905573                               1
6.6000000000000005                                0.14008914827064947                               0.14008914827064947                               1
6.6000000000000005                                0.1416493735174323                                0.1416493735174323                                1.000000000000001
6.6000000000000005                                0.14968782001551406                               0.14968782001551406                               0.9999999999999994
6.6000000000000005                                0.1576836721595944                                0.15768367215959442                               0.9999999999999983
6.6000000000000005                                0.15966960793314772                               0.15966960793314772                               1.0000000000000007
6.6000000000000005                                0.163200927534364                                 0.163200927534364                                 1.0000000000000013
6.6000000000000005                                0.17681275436020705-9.115829598700265E-16i        0.17681275436020705-9.115829598700265E-16i        1.0000000000000024
6.6000000000000005                                0.17735034369355532-2.053126223979966E-15i        0.17735034369355535-2.053126223979966E-15i        1.0000000000000002
6.6000000000000005                                0.17995627665519964+1.1206322112529565E-15i       0.17995627665519964+1.1206322112529565E-15i       0.9999999999999977
6.800000000000001                                 0.03906848911986616                               0.039068489119866164                              0.9999999999999988
6.800000000000001                                 0.044858694199937175                              0.044858694199937175                              0.9999999999999933
6.800000000000001                                 0.045212796457367414                              0.04521279645736742                               0.9999999999999991
6.800000000000001                                 0.05683786699211407                               0.05683786699211408                               1.0000000000000002
6.800000000000001                                 0.0687959011440917                                0.0687959011440917                                0.9999999999999991
6.800000000000001                                 0.07959173745278121                               0.07959173745278121                               1.000000000000001
6.800000000000001                                 0.08173965660724537                               0.08173965660724537                               0.9999999999999998
6.800000000000001                                 0.08268237576914975                               0.08268237576914975                               1.0000000000000002
6.800000000000001                                 0.0853977463567137                                0.0853977463567137                                0.9999999999999993
6.800000000000001                                 0.08637679639627893                               0.08637679639627895                               0.9999999999999993
6.800000000000001                                 0.09141603926902353                               0.09141603926902353                               0.9999999999999998
6.800000000000001                                 0.09232941158377579                               0.09232941158377579                               1.0000000000000004
6.800000000000001                                 0.09290365663537047                               0.09290365663537047                               1
6.800000000000001                                 0.09989446298498827                               0.09989446298498829                               1.0000000000000002
6.800000000000001                                 0.10184566132353705                               0.10184566132353705                               1.0000000000000002
6.800000000000001                                 0.10469935293632555                               0.10469935293632557                               1.0000000000000002
6.800000000000001                                 0.11069908329243058                               0.1106990832924306                                0.999999999999998
6.800000000000001                                 0.1131539079255393                                0.1131539079255393                                0.9999999999999998
6.800000000000001                                 0.1237488442602134                                0.1237488442602134                                0.9999999999999981
6.800000000000001                                 0.1268209427178617                                0.1268209427178617                                1.000000000000001
6.800000000000001                                 0.1389830787114539-2.18135071899591E-17i          0.1389830787114539-2.18135071899591E-17i          1
6.800000000000001                                 0.13989287198876213                               0.13989287198876213                               0.9999999999999994
6.800000000000001                                 0.14279912495316668                               0.14279912495316668                               1
6.800000000000001                                 0.1490867584700552                                0.1490867584700552                                0.9999999999999998
6.800000000000001                                 0.15635243589465073                               0.15635243589465073                               1.0000000000000009
6.800000000000001                                 0.16105047913935225-2.5107714521714685E-17i       0.16105047913935225-2.5107714521714688E-17i       0.9999999999999998
6.800000000000001                                 0.16326450061644154-3.100276718016275E-17i        0.16326450061644154-3.100276718016275E-17i        1.0000000000000004
6.800000000000001                                 0.17580830575395728+8.687113801544623E-17i        0.17580830575395728+8.687113801544623E-17i        0.9999999999999999
6.800000000000001                                 0.17671739009282872+2.3954328304481355E-15i       0.17671739009282872+2.3954328304481355E-15i       1.0000000000000013
6.800000000000001                                 0.1815502180177733+1.0908220433298395E-15i        0.18155021801777332+1.0908220433298395E-15i       0.9999999999999974
7                                                 0.03912557585455156                               0.03912557585455156                               1.0000000000000007
7                                                 0.0448559126122007+7.016121807611315E-18i         0.044855912612200705+7.016121807611317E-18i       1.0000000000000016
7                                                 0.04511985826168557-1.1283448352230373E-17i       0.04511985826168557-1.1283448352230373E-17i       0.9999999999999987
7                                                 0.05707445275697225                               0.05707445275697226                               1.0000000000000009
7                                                 0.06852408423512427                               0.06852408423512427                               1.0000000000000013
7                                                 0.07960370833676135                               0.07960370833676135                               1.0000000000000002
7                                                 0.08170648542399492                               0.08170648542399492                               0.999999999999999
7                                                 0.08278943055918978                               0.08278943055918979                               0.9999999999999964
7                                                 0.0851258877810849                                0.08512588778108492                               0.9999999999999986
7                                                 0.08671266187008879                               0.08671266187008879                               0.9999999999999986
7                                                 0.09096933407479715                               0.09096933407479715                               1.000000000000001
7                                                 0.09274661366979077                               0.09274661366979078                               0.9999999999999994
7                                                 0.09341309830618132                               0.09341309830618132                               0.9999999999999988
7                                                 0.09926122177569952                               0.09926122177569953                               1
7                                                 0.10254348065045876                               0.10254348065045878                               0.9999999999999974
7                                                 0.10426265413936417                               0.10426265413936418                               1.0000000000000004
7                                                 0.10987560514443256                               0.10987560514443256                               1.0000000000000002
7                                                 0.11404485529407019                               0.11404485529407019                               1.0000000000000007
7                                                 0.12273466769124391                               0.12273466769124391                               1.0000000000000007
7                                                 0.1279054418422089                                0.1279054418422089                                1.0000000000000013
7                                                 0.13778179059278403                               0.13778179059278403                               1.0000000000000018
7                                                 0.14049018423700838                               0.1404901842370084                                0.9999999999999987
7                                                 0.1440744607052811                                0.1440744607052811                                1.000000000000001
7                                                 0.1484879867074602                                0.1484879867074602                                1.0000000000000013
7                                                 0.1549672706506645                                0.1549672706506645                                1.000000000000001
7                                                 0.16251240197222686                               0.16251240197222688                               1
7                                                 0.1633310223844674                                0.1633310223844674                                0.9999999999999998
7                                                 0.17424391101345837+2.5643699379042254E-17i       0.1742439110134584+2.5643699379042258E-17i        1.0000000000000033
7                                                 0.17662134612034874+3.689677353241298E-16i        0.17662134612034874+3.689677353241298E-16i        0.9999999999999998
7                                                 0.18319715577433893+1.4727797109218008E-15i       0.18319715577433893+1.472779710921801E-15i        1.0000000000000018
7.2                                               0.039184153882509475                              0.039184153882509475                              0.9999999999999996
7.2                                               0.04484229302160093                               0.044842293021600935                              1
7.2                                               0.04504008650587469-7.578388646415636E-18i        0.04504008650587469-7.578388646415636E-18i        1.0000000000000009
7.2                                               0.05731290600160717                               0.057312906001607176                              1.0000000000000007
7.2                                               0.06825427256230718                               0.06825427256230718                               1.0000000000000024
7.2                                               0.0796166168354101                                0.0796166168354101                                1.0000000000000009
7.2                                               0.08166428364376259                               0.0816642836437626                                0.9999999999999982
7.2                                               0.08294272692164234                               0.08294272692164234                               1.0000000000000002
7.2                                               0.08483576727391337                               0.08483576727391337                               1.0000000000000007
7.2                                               0.0870960384402868                                0.0870960384402868                                0.9999999999999998
7.2                                               0.09049507959315735                               0.09049507959315735                               0.9999999999999999
7.2                                               0.09316829839970363                               0.09316829839970363                               1.0000000000000018
7.2                                               0.09397575252249378                               0.09397575252249378                               0.9999999999999989
7.2                                               0.0986039980078467                                0.0986039980078467                                0.9999999999999999
7.2                                               0.10329237897077771                               0.10329237897077771                               1.0000000000000002
7.2                                               0.10382935531984032                               0.10382935531984032                               0.9999999999999991
7.2                                               0.10903509441834604                               0.10903509441834605                               0.9999999999999989
7.2                                               0.11498103628276453                               0.11498103628276453                               1.0000000000000002
7.2                                               0.12171191222529947                               0.12171191222529947                               1.0000000000000009
7.2                                               0.12902656206273055                               0.12902656206273055                               1.0000000000000016
7.2                                               0.13657906853812143                               0.13657906853812143                               1.0000000000000016
7.2                                               0.14109012563928727                               0.14109012563928727                               0.9999999999999999
7.2                                               0.14537879320457994                               0.14537879320457994                               1.0000000000000009
7.2                                               0.14789157171564696                               0.14789157171564696                               1.0000000000000002
7.2                                               0.1535867373729399                                0.1535867373729399                                0.9999999999999996
7.2                                               0.16339536161695817                               0.16339536161695817                               0.9999999999999997
7.2                                               0.1640019233058422                                0.1640019233058422                                1
7.2                                               0.17268783560442708                               0.1726878356044271                                1.0000000000000002
7.2                                               0.1765278436875557-6.200892756884409E-17i         0.1765278436875557-6.200892756884409E-17i         0.9999999999999989
7.2                                               0.1848631517968326+6.500202721144682E-17i         0.1848631517968326+6.500202721144682E-17i         1.000000000000002
7.4                                               0.039244200994063345                              0.03924420099406335                               1.000000000000002
7.4                                               0.04480549785523+8.264275285212048E-18i           0.044805497855230005+8.264275285212048E-18i       0.9999999999999987
7.4                                               0.044985839030573516-7.35332939008255E-18i        0.04498583903057352-7.35332939008255E-18i         0.9999999999999971
7.4                                               0.057553224188307266                              0.057553224188307266                              1.0000000000000022
7.4                                               0.06798647065310687                               0.06798647065310688                               0.9999999999999984
7.4                                               0.07962994987334497                               0.07962994987334497                               1.0000000000000004
7.4                                               0.08162597981325653                               0.08162597981325653                               1.0000000000000016
7.4                                               0.08312726380704655                               0.08312726380704655                               0.9999999999999998
7.4                                               0.08455480576649478                               0.08455480576649478                               1.0000000000000016
7.4                                               0.08749813960310751                               0.08749813960310751                               0.9999999999999994
7.4                                               0.09002878103040834                               0.09002878103040834                               1.0000000000000002
7.4                                               0.09359164188745507                               0.09359164188745508                               0.9999999999999982
7.4                                               0.09455808089495857                               0.09455808089495858                               0.9999999999999992
7.4                                               0.09795682047552264                               0.09795682047552264                               1.0000000000000013
7.4                                               0.10339376262415798                               0.10339376262415799                               0.9999999999999978
7.4                                               0.10406366998915602                               0.10406366998915602                               1.0000000000000004
7.4                                               0.10820707063100034                               0.10820707063100035                               1.000000000000003
7.4                                               0.11593291725812829                               0.1159329172581283                                1.000000000000001
7.4                                               0.1207038210261055                                0.1207038210261055                                0.9999999999999998
7.4                                               0.1301610083938608                                0.1301610083938608                                0.9999999999999996
7.4                                               0.13539295295887052                               0.13539295295887052                               1
7.4                                               0.14169235297963245                               0.14169235297963248                               1.0000000000000016
7.4                                               0.14669394359001803                               0.14669394359001803                               1.000000000000001
7.4                                               0.1472979397001718                                0.1472979397001718                                1.0000000000000002
7.4                                               0.15222443095633262                               0.15222443095633265                               0.9999999999999996
7.4                                               0.1634666921648455                                0.1634666921648455                                0.9999999999999998
7.4                                               0.16549601563886113                               0.16549601563886113                               1.0000000000000013
7.4                                               0.1711512823324738                                0.1711512823324738                                0.9999999999999993
7.4                                               0.17643656766014107-1.4815731254265626E-16i       0.1764365676601411-1.4815731254265626E-16i        0.9999999999999994
7.4                                               0.18653677937074198+3.5669993155445783E-16i       0.186536779370742+3.566999315544579E-16i          0.9999999999999993
7.6000000000000005                                0.03930569258705076                               0.03930569258705076                               0.9999999999999984
7.6000000000000005                                0.04474105780420678                               0.044741057804206785                              0.9999999999999992
7.6000000000000005                                0.04496160765627511                               0.04496160765627511                               1.0000000000000004
7.6000000000000005                                0.057795404778458646                              0.057795404778458646                              0.9999999999999982
7.6000000000000005                                0.06772068241985915                               0.06772068241985915                               1.000000000000001
7.6000000000000005                                0.07964313853668034                               0.07964313853668034                               1.0000000000000016
7.6000000000000005                                0.08159959563147348                               0.08159959563147348                               0.9999999999999998
7.6000000000000005                                0.08332815208797907                               0.08332815208797908                               1.000000000000001
7.6000000000000005                                0.08429711440260185                               0.08429711440260185                               0.9999999999999994
7.6000000000000005                                0.08790012083340873                               0.08790012083340873                               0.9999999999999992
7.6000000000000005                                0.08959071093531784                               0.08959071093531785                               0.9999999999999982
7.6000000000000005                                0.09401646579840757                               0.09401646579840758                               1.0000000000000007
7.6000000000000005                                0.09513657048473173                               0.09513657048473173                               0.9999999999999998
7.6000000000000005                                0.09734277621053235                               0.09734277621053235                               0.9999999999999997
7.6000000000000005                                0.10296484103162869                               0.1029648410316287                                1.0000000000000022
7.6000000000000005                                0.10482305132416038                               0.10482305132416038                               1.0000000000000013
7.6000000000000005                                0.10741558425199399                               0.107415584251994                                 0.9999999999999999
7.6000000000000005                                0.11687505637036236                               0.11687505637036236                               0.9999999999999989
7.6000000000000005                                0.11973432915771555                               0.11973432915771556                               0.9999999999999998
7.6000000000000005                                0.13128274121175054                               0.13128274121175054                               1.000000000000002
7.6000000000000005                                0.13424816947612292                               0.13424816947612292                               0.9999999999999981
7.6000000000000005                                0.1422968357537185                                0.1422968357537185                                0.9999999999999998
7.6000000000000005                                0.14670520333741327                               0.1467052033374133                                1.0000000000000007
7.6000000000000005                                0.1479940049867826                                0.1479940049867826                                0.9999999999999998
7.6000000000000005                                0.15090712217461744                               0.15090712217461744                               0.9999999999999978
7.6000000000000005                                0.16353899985832732                               0.16353899985832732                               1.000000000000001
7.6000000000000005                                0.1669684241224808                                0.1669684241224808                                0.9999999999999996
7.6000000000000005                                0.16966576087633312                               0.16966576087633312                               0.9999999999999997
7.6000000000000005                                0.17634748192520566                               0.17634748192520566                               1.0000000000000004
7.6000000000000005                                0.1881753000655695                                0.18817530006556954                               1.000000000000002
7.800000000000001                                 0.03936860134585152                               0.03936860134585152                               1.0000000000000007
7.800000000000001                                 0.04466134954519149+6.615260741059258E-18i        0.04466134954519149+6.615260741059258E-18i        0.9999999999999987
7.800000000000001                                 0.04495504079006589                               0.04495504079006589                               1.000000000000001
7.800000000000001                                 0.058039445221549524                              0.058039445221549524                              1.0000000000000007
7.800000000000001                                 0.06745691123761755                               0.06745691123761755                               0.9999999999999987
7.800000000000001                                 0.07965568216173563                               0.07965568216173563                               1.0000000000000029
7.800000000000001                                 0.08158958869966224                               0.08158958869966224                               1.000000000000003
7.800000000000001                                 0.08351154499174124                               0.08351154499174124                               0.9999999999999983
7.800000000000001                                 0.08409493622811985                               0.08409493622811985                               0.999999999999999
7.800000000000001                                 0.08824637772490891                               0.08824637772490893                               1.0000000000000004
7.800000000000001                                 0.089236922075941                                 0.089236922075941                                 0.9999999999999993
7.800000000000001                                 0.09444285595656979                               0.0944428559565698                                1.0000000000000029
7.800000000000001                                 0.09563072831440353                               0.09563072831440354                               0.9999999999999992
7.800000000000001                                 0.09684205363375255                               0.09684205363375255                               1.000000000000001
7.800000000000001                                 0.10253752720016965                               0.10253752720016965                               0.9999999999999999
7.800000000000001                                 0.10546727925882189                               0.10546727925882189                               1.0000000000000013
7.800000000000001                                 0.10676848443439625                               0.10676848443439625                               0.9999999999999997
7.800000000000001                                 0.11766358420102072                               0.11766358420102072                               1.0000000000000007
7.800000000000001                                 0.11894678467153944                               0.11894678467153944                               1
7.800000000000001                                 0.13217895463768592                               0.13217895463768592                               0.9999999999999999
7.800000000000001                                 0.13335705759982563                               0.13335705759982563                               1.0000000000000007
7.800000000000001                                 0.14290356164079532                               0.14290356164079532                               0.9999999999999966
7.800000000000001                                 0.14611602258221248                               0.14611602258221248                               1.0000000000000027
7.800000000000001                                 0.14891614080156115                               0.14891614080156118                               0.9999999999999994
7.800000000000001                                 0.1499946368691331                                0.14999463686913314                               1.0000000000000004
7.800000000000001                                 0.1636132605927174                                0.1636132605927174                                0.9999999999999999
7.800000000000001                                 0.16773383381304646                               0.16773383381304646                               1
7.800000000000001                                 0.16891531060925058                               0.16891531060925058                               0.9999999999999998
7.800000000000001                                 0.17626058051923715                               0.17626058051923718                               1.0000000000000002
7.800000000000001                                 0.1885116912882101                                0.1885116912882101                                1.0000000000000002
8                                                 0.03943289686868746                               0.03943289686868746                               1.0000000000000002
8                                                 0.04457644504308698                               0.04457644504308698                               1.0000000000000009
8                                                 0.044956094501726676-6.492303537516834E-18i       0.044956094501726676-6.492303537516834E-18i       1
8                                                 0.05828534294410436                               0.05828534294410436                               1
8                                                 0.06719516001202624                               0.06719516001202624                               0.9999999999999998
8                                                 0.07966726720798102                               0.07966726720798102                               1.0000000000000013
8                                                 0.08159803559865479                               0.08159803559865479                               0.9999999999999997
8                                                 0.08355506063645499                               0.08355506063645499                               0.9999999999999999
8                                                 0.08406974202837546                               0.08406974202837546                               0.9999999999999997
8                                                 0.08830582251509911                               0.08830582251509911                               0.9999999999999996
8                                                 0.08919863430053353                               0.08919863430053353                               1.0000000000000004
8                                                 0.09487074461696474                               0.09487074461696475                               1.0000000000000002
8                                                 0.0956587808200296                                0.0956587808200296                                1.0000000000000007
8                                                 0.09683637556322292                               0.09683637556322292                               1.0000000000000004
8                                                 0.10211246183929998                               0.10211246183929998                               1.0000000000000004
8                                                 0.10540184348709317                               0.10540184348709318                               1.000000000000002
8                                                 0.1068594463750707                                0.10685944637507071                               0.9999999999999996
8                                                 0.11742452253063315                               0.11742452253063315                               1.0000000000000004
8                                                 0.1192149519892807                                0.11921495198928071                               0.9999999999999987
8                                                 0.13164670567703834                               0.13164670567703834                               1.0000000000000016
8                                                 0.13392236387006878                               0.13392236387006878                               0.9999999999999987
8                                                 0.14351250302620344                               0.14351250302620344                               1.000000000000001
8                                                 0.1455291404626288                                0.1455291404626288                                0.9999999999999989
8                                                 0.1480063576107497                                0.1480063576107497                                1.0000000000000029
8                                                 0.15094210998666122                               0.15094210998666122                               0.9999999999999976
8                                                 0.16368953277081488                               0.16368953277081488                               0.999999999999999
8                                                 0.16645200158292267                               0.1664520015829227                                1.0000000000000004
8                                                 0.17023997327764                                  0.17023997327764                                  1.0000000000000013
8                                                 0.17617586689658948                               0.17617586689658948                               0.9999999999999996
8                                                 0.18693856005547477                               0.18693856005547477                               0.9999999999999997
8.200000000000001                                 0.03949854523410066                               0.039498545234100665                              1.0000000000000029
8.200000000000001                                 0.0444904921442194                                0.0444904921442194                                1.000000000000001
8.200000000000001                                 0.04496065236959829                               0.04496065236959829                               1.0000000000000018
8.200000000000001                                 0.05853309533814791                               0.05853309533814791                               0.9999999999999997
8.200000000000001                                 0.06693543123950108                               0.06693543123950109                               1.0000000000000022
8.200000000000001                                 0.07967784577043324                               0.07967784577043324                               1.0000000000000002
8.200000000000001                                 0.081625179419603                                 0.08162517941960301                               0.9999999999999998
8.200000000000001                                 0.08341726690832965                               0.08341726690832965                               0.9999999999999986
8.200000000000001                                 0.084262837537246                                 0.084262837537246                                 0.9999999999999984
8.200000000000001                                 0.08801764420029073                               0.08801764420029073                               1.0000000000000002
8.200000000000001                                 0.08953661992692509                               0.08953661992692509                               0.9999999999999979
8.200000000000001                                 0.09519145521780975+1.2285520284882951E-17i       0.09519145521780975+1.2285520284882951E-17i       1.000000000000002
8.200000000000001                                 0.09530650710990714-1.6015356973988002E-17i       0.09530650710990714-1.6015356973988002E-17i       0.9999999999999997
8.200000000000001                                 0.09734853507786809                               0.09734853507786809                               0.9999999999999996
8.200000000000001                                 0.10168973432491657                               0.10168973432491657                               0.9999999999999993
8.200000000000001                                 0.10474225449101518                               0.10474225449101518                               0.9999999999999987
8.200000000000001                                 0.10757278315850512                               0.10757278315850513                               0.999999999999998
8.200000000000001                                 0.11655651629623265                               0.11655651629623265                               1.0000000000000002
8.200000000000001                                 0.12014010350216406                               0.12014010350216406                               1
8.200000000000001                                 0.13057064742438285                               0.13057064742438287                               0.9999999999999988
8.200000000000001                                 0.13505935367261018                               0.13505935367261018                               1.0000000000000013
8.200000000000001                                 0.14412348670100056                               0.14412348670100056                               1.0000000000000002
8.200000000000001                                 0.14494482537236975                               0.14494482537236977                               0.9999999999999996
8.200000000000001                                 0.14673084170663514                               0.14673084170663514                               0.9999999999999979
8.200000000000001                                 0.15228321159326716                               0.15228321159326716                               1
8.200000000000001                                 0.16376771062154621                               0.16376771062154621                               0.9999999999999992
8.200000000000001                                 0.16498648530112                                  0.16498648530112                                  0.9999999999999999
8.200000000000001                                 0.17177621651000224                               0.17177621651000224                               1.0000000000000016
8.200000000000001                                 0.17609335501511136-1.1406565399776658E-16i       0.17609335501511136-1.1406565399776658E-16i       1.0000000000000007
8.200000000000001                                 0.1852900988343171-3.149573133801281E-15i         0.1852900988343171-3.149573133801281E-15i         0.9999999999999987
8.4                                               0.03956550849542166                               0.03956550849542166                               1.000000000000001
8.4                                               0.04440515297373058                               0.044405152973730586                              1.0000000000000007
8.4                                               0.04496708759337884                               0.04496708759337884                               0.9999999999999998
8.4                                               0.058782699748313696                              0.058782699748313696                              1.0000000000000013
8.4                                               0.0666777270615562-7.576331487722227E-18i         0.0666777270615562-7.576331487722227E-18i         1.0000000000000004
8.4                                               0.07968764665711042                               0.07968764665711042                               1.0000000000000018
8.4                                               0.08166949620077338                               0.08166949620077338                               0.9999999999999999
8.4                                               0.08323959441291605                               0.08323959441291605                               0.999999999999999
8.4                                               0.08453343908790291                               0.08453343908790291                               1.0000000000000002
8.4                                               0.08764447358847911                               0.08764447358847911                               1.000000000000001
8.4                                               0.08998802121276783                               0.08998802121276785                               0.9999999999999998
8.4                                               0.0946407323987238                                0.0946407323987238                                1.0000000000000002
8.4                                               0.09573386813672805                               0.09573386813672806                               0.9999999999999992
8.4                                               0.09798267203805386                               0.09798267203805386                               0.9999999999999996
8.4                                               0.10126938754067373                               0.10126938754067373                               0.9999999999999982
8.4                                               0.10400133434780737                               0.10400133434780737                               0.999999999999999
8.4                                               0.10839558787024203                               0.10839558787024205                               0.999999999999999
8.4                                               0.11562961267680553                               0.11562961267680553                               1
8.4                                               0.12115218159263444                               0.12115218159263445                               0.9999999999999984
8.4                                               0.12945977513593782                               0.12945977513593782                               1.0000000000000004
8.4                                               0.13625900664102467                               0.13625900664102467                               1
8.4                                               0.1443611837228365                                0.1443611837228365                                1.0000000000000002
8.4                                               0.14473820268216003                               0.14473820268216003                               0.9999999999999989
8.4                                               0.14543953482539368                               0.14543953482539368                               1.0000000000000004
8.4                                               0.1536681987605929                                0.1536681987605929                                0.9999999999999978
8.4                                               0.16351540855492264                               0.16351540855492264                               0.9999999999999997
8.4                                               0.16384981082543806+2.1037135412499716E-17i       0.16384981082543806+2.103713541249972E-17i        0.9999999999999991
8.4                                               0.17334380644738637                               0.1733438064473864                                0.9999999999999987
8.4                                               0.17601309488035097-1.4793208401731278E-16i       0.17601309488035097-1.479320840173128E-16i        1.0000000000000007
8.4                                               0.18364569994949714+1.819535584730538E-15i        0.18364569994949717+1.819535584730538E-15i        1.000000000000001
8.6                                               0.03963374409023797                               0.03963374409023797                               0.9999999999999987
8.6                                               0.04432118861149409                               0.04432118861149409                               1.0000000000000009
8.6                                               0.04497467891289539                               0.04497467891289539                               0.9999999999999991
8.6                                               0.05903415345666471                               0.05903415345666471                               1.0000000000000004
8.6                                               0.0664220493154341-1.0436639261333355E-17i        0.0664220493154341-1.0436639261333357E-17i        0.9999999999999998
8.6                                               0.0796971150177386                                0.0796971150177386                                0.9999999999999999
8.6                                               0.08172731535186353                               0.08172731535186353                               0.9999999999999998
8.6                                               0.08307229335558056                               0.08307229335558056                               1.0000000000000007
8.6                                               0.08483267743783443                               0.08483267743783443                               0.9999999999999992
8.6                                               0.08726481512089636                               0.08726481512089636                               1.0000000000000016
8.6                                               0.09047371408518412                               0.09047371408518413                               0.9999999999999989
8.6                                               0.0940793107132318                                0.09407931071323182                               1
8.6                                               0.09616740671005014+1.080968329775597E-17i        0.09616740671005014+1.0809683297755972E-17i       1.0000000000000013
8.6                                               0.09865115071653771                               0.09865115071653771                               0.9999999999999976
8.6                                               0.10085147498426                                  0.10085147498426                                  1.0000000000000004
8.6                                               0.10325790961578406                               0.10325790961578406                               0.9999999999999992
8.6                                               0.10924890149601234                               0.10924890149601235                               0.9999999999999996
8.6                                               0.1147051369135103                                0.1147051369135103                                1.0000000000000018
8.6                                               0.12218986383081007                               0.12218986383081007                               1.000000000000003
8.6                                               0.12835589185606647                               0.12835589185606647                               0.9999999999999987
8.6                                               0.13747946157376317                               0.13747946157376317                               0.999999999999999
8.6                                               0.14378153396648416                               0.14378153396648416                               1.0000000000000002
8.6                                               0.14415882387356718                               0.14415882387356718                               0.9999999999999982
8.6                                               0.14535377062880733                               0.14535377062880733                               1.0000000000000013
8.6                                               0.1550701733765498                                0.15507017337654982                               1.000000000000002
8.6                                               0.16206053659161404                               0.16206053659161404                               1.0000000000000004
8.6                                               0.16393119491267724-3.0828666549153854E-17i       0.16393119491267727-3.0828666549153854E-17i       0.9999999999999989
8.6                                               0.17492504484972346                               0.1749250448497235                                0.9999999999999993
8.6                                               0.175935466371208-8.840055664880403E-16i          0.17593546637120802-8.840055664880403E-16i        1.0000000000000004
8.6                                               0.1820167767732519+1.2363001914819113E-15i        0.1820167767732519+1.2363001914819113E-15i        1.0000000000000009
8.8                                               0.039703204149307635                              0.039703204149307635                              0.9999999999999986
8.8                                               0.04423900318551311                               0.04423900318551311                               0.9999999999999976
8.8                                               0.044983067209464704                              0.044983067209464704                              0.9999999999999997
8.8                                               0.0592874536636813                                0.05928745366368131                               0.9999999999999969
8.8                                               0.06616839958339069                               0.06616839958339069                               0.9999999999999997
8.8                                               0.07970680199396143                               0.07970680199396143                               0.9999999999999997
8.8                                               0.08179186038781269                               0.08179186038781269                               0.9999999999999988
8.8                                               0.0829321834876873                                0.0829321834876873                                0.9999999999999996
8.8                                               0.08514500012978617                               0.08514500012978617                               0.9999999999999994
8.8                                               0.08689975045502296                               0.08689975045502296                               0.9999999999999982
8.8                                               0.0909707595648719                                0.0909707595648719                                1.000000000000002
8.8                                               0.09353469540301447                               0.09353469540301447                               1.0000000000000013
8.8                                               0.09660296611618797                               0.09660296611618799                               0.999999999999998
8.8                                               0.0993293529229283                                0.0993293529229283                                1
8.8                                               0.10043614760670588                               0.10043614760670588                               0.9999999999999987
8.8                                               0.10253408353444318                               0.10253408353444318                               0.9999999999999988
8.8                                               0.11010990419017663                               0.11010990419017663                               0.9999999999999994
8.8                                               0.11380258781829042                               0.11380258781829043                               1.0000000000000002
8.8                                               0.12323321891900307                               0.12323321891900309                               0.9999999999999997
8.8                                               0.12727570758174256                               0.12727570758174256                               0.9999999999999999
8.8                                               0.13870318607930504                               0.13870318607930507                               0.999999999999999
8.8                                               0.14290105336998488                               0.14290105336998488                               1.0000000000000002
8.8                                               0.14320708113716318                               0.14320708113716318                               0.9999999999999998
8.8                                               0.14597162376506173-2.0893432120112048E-17i       0.14597162376506173-2.0893432120112048E-17i       0.9999999999999993
8.8                                               0.15647290608684167                               0.15647290608684167                               1
8.8                                               0.16063255971543153                               0.16063255971543153                               0.9999999999999989
8.8                                               0.16401558900116744-2.4848193001919297E-17i       0.16401558900116744-2.4848193001919297E-17i       1.0000000000000007
8.8                                               0.17585695593403003+2.09525458395278E-15i         0.17585695593403006+2.09525458395278E-15i         1.0000000000000004
8.8                                               0.17650678378978837+1.1014422453505954E-16i       0.1765067837897884+1.1014422453505954E-16i        0.9999999999999998
8.8                                               0.1804187757554858+1.024346832847241E-15i         0.1804187757554858+1.024346832847241E-15i         1
9                                                 0.039773834686593325                              0.039773834686593325                              0.9999999999999984
9                                                 0.04415884420455181                               0.04415884420455181                               0.9999999999999997
9                                                 0.044992055986491024                              0.044992055986491024                              0.9999999999999967
9                                                 0.05954259746302103                               0.05954259746302103                               0.9999999999999994
9                                                 0.06591677924374324                               0.06591677924374324                               0.9999999999999983
9                                                 0.07971723901002759                               0.07971723901002759                               0.9999999999999993
9                                                 0.0818518504564354                                0.0818518504564354                                0.9999999999999994
9                                                 0.0828333865478754                                0.0828333865478754                                1.000000000000002
9                                                 0.08545026935459916                               0.08545026935459916                               1.0000000000000016
9                                                 0.08657092211698908                               0.0865709221169891                                0.9999999999999991
9                                                 0.09144973156616551                               0.09144973156616551                               1.0000000000000002
9                                                 0.09303651561312992                               0.09303651561312992                               1.0000000000000013
9                                                 0.09704035354710991                               0.09704035354710991                               0.9999999999999996
9                                                 0.09997270016077993+2.7558178192721114E-17i       0.09997270016077993+2.7558178192721117E-17i       0.9999999999999988
9                                                 0.10003176194377893                               0.10003176194377894                               0.9999999999999991
9                                                 0.1018654494730623                                0.10186544947306231                               1.0000000000000018
9                                                 0.11093588967712399                               0.11093588967712399                               0.9999999999999998
9                                                 0.11296370367551306                               0.11296370367551307                               1.000000000000001
9                                                 0.12423226740896795                               0.12423226740896796                               1.0000000000000004
9                                                 0.12626827215674613+1.627239256664379E-17i        0.12626827215674613+1.627239256664379E-17i        0.9999999999999997
9                                                 0.13986539714818158                               0.13986539714818158                               0.999999999999998
9                                                 0.14173645368141957                               0.14173645368141957                               1.000000000000001
9                                                 0.14263148305858636                               0.14263148305858636                               0.9999999999999999
9                                                 0.1465918948209254                                0.14659189482092544                               1.0000000000000013
9                                                 0.15777968552733085                               0.15777968552733085                               0.9999999999999997
9                                                 0.1593285270356616                                0.1593285270356616                                1.0000000000000018
9                                                 0.1641020802807947                                0.1641020802807947                                1.0000000000000016
9                                                 0.17578410907258973-9.617524539842979E-17i        0.17578410907258973-9.61752453984298E-17i         0.9999999999999993
9                                                 0.17789681179068023-4.184487931977703E-17i        0.17789681179068023-4.184487931977703E-17i        1
9                                                 0.17903695955205445-8.05307747502846E-17i         0.17903695955205445-8.05307747502846E-17i         0.9999999999999998
9.200000000000001                                 0.03984557464889341                               0.03984557464889341                               0.9999999999999996
9.200000000000001                                 0.04408088547171384                               0.04408088547171384                               1.0000000000000036
9.200000000000001                                 0.04500152940917288+5.514675290803269E-18i        0.04500152940917288+5.514675290803269E-18i        1.0000000000000016
9.200000000000001                                 0.059799581806067106                              0.05979958180606711                               1.000000000000001
9.200000000000001                                 0.06566718952826812                               0.06566718952826812                               0.9999999999999973
9.200000000000001                                 0.07972882804207673                               0.07972882804207673                               0.9999999999999998
9.200000000000001                                 0.08189193954731241                               0.08189193954731243                               1
9.200000000000001                                 0.08279214596421458                               0.08279214596421458                               1.0000000000000007
9.200000000000001                                 0.08566778337826106                               0.08566778337826106                               1.0000000000000009
9.200000000000001                                 0.08635951650629942                               0.08635951650629942                               1.000000000000001
9.200000000000001                                 0.09177673983883113                               0.09177673983883113                               0.9999999999999976
9.200000000000001                                 0.09271869468438441                               0.09271869468438441                               1
9.200000000000001                                 0.09747930732317996                               0.09747930732317996                               0.9999999999999989
9.200000000000001                                 0.09961205878536916                               0.09961205878536916                               1.0000000000000002
9.200000000000001                                 0.10039858864266746                               0.10039858864266746                               0.9999999999999984
9.200000000000001                                 0.10146082964531392                               0.10146082964531392                               1.0000000000000016
9.200000000000001                                 0.1113953074897496                                0.1113953074897496                                1.0000000000000004
9.200000000000001                                 0.11251965946865089                               0.1125196594686509                                1.0000000000000007
9.200000000000001                                 0.12465047967095212                               0.12465047967095212                               0.999999999999999
9.200000000000001                                 0.12586975833521444                               0.12586975833521444                               0.9999999999999991
9.200000000000001                                 0.14006384926274146                               0.14006384926274146                               1
9.200000000000001                                 0.14156242997520166                               0.14156242997520166                               1.0000000000000016
9.200000000000001                                 0.14205937792818216                               0.14205937792818218                               0.9999999999999997
9.200000000000001                                 0.14721448454045363                               0.14721448454045363                               0.9999999999999979
9.200000000000001                                 0.15754677283554158                               0.15754677283554158                               0.9999999999999991
9.200000000000001                                 0.15959197936466418                               0.15959197936466418                               0.9999999999999993
9.200000000000001                                 0.164190628555836                                 0.16419062855583602                               1.0000000000000013
9.200000000000001                                 0.17571239352075446-1.511318819769393E-16i        0.17571239352075446-1.511318819769393E-16i        1.0000000000000013
9.200000000000001                                 0.17704931942043212                               0.17704931942043214                               1.0000000000000004
9.200000000000001                                 0.1799214985731409                                0.17992149857314094                               0.9999999999999993
9.4                                               0.039918354800031634                              0.039918354800031634                              0.9999999999999998
9.4                                               0.04400526549066255                               0.04400526549066255                               1.0000000000000007
9.4                                               0.04501141501671095                               0.04501141501671095                               1.0000000000000027
9.4                                               0.06005840344937937                               0.06005840344937937                               0.9999999999999993
9.4                                               0.0654196315933083                                0.0654196315933083                                1.0000000000000002
9.4                                               0.07974176695681884                               0.07974176695681884                               1.0000000000000004
9.4                                               0.08190050441499323                               0.08190050441499323                               1.0000000000000013
9.4                                               0.08282030745065883                               0.08282030745065883                               1.0000000000000007
9.4                                               0.08559636877928063                               0.08559636877928063                               0.9999999999999988
9.4                                               0.0864668278915898                                0.08646682789158981                               1.0000000000000004
9.4                                               0.09161495462931284                               0.09161495462931284                               1.0000000000000004
9.4                                               0.09291802484685883                               0.09291802484685883                               0.9999999999999998
9.4                                               0.09791891923904981                               0.09791891923904981                               0.9999999999999997
9.4                                               0.09920577728254705                               0.09920577728254706                               1.0000000000000002
9.4                                               0.10007968950836095                               0.10007968950836095                               0.9999999999999998
9.4                                               0.10181957552245174                               0.10181957552245176                               0.9999999999999997
9.4                                               0.11084938771628638                               0.11084938771628638                               0.9999999999999996
9.4                                               0.11310905532603395                               0.11310905532603395                               0.9999999999999994
9.4                                               0.12383717819935906                               0.12383717819935908                               0.9999999999999991
9.4                                               0.12673069045894275                               0.12673069045894275                               1.0000000000000009
9.4                                               0.1389777169153227                                0.1389777169153227                                1.0000000000000007
9.4                                               0.14148904223292605                               0.14148904223292608                               1.0000000000000013
9.4                                               0.14270139061154766                               0.14270139061154766                               0.9999999999999981
9.4                                               0.1478393976404422                                0.1478393976404422                                1.0000000000000009
9.4                                               0.15621922330869675                               0.15621922330869675                               1.000000000000001
9.4                                               0.16097772781060335                               0.16097772781060335                               1.000000000000001
9.4                                               0.16428125459481294                               0.16428125459481294                               1.000000000000001
9.4                                               0.175506883950632-1.4435217462206956E-16i         0.17550688395063202-1.4435217462206958E-16i       0.9999999999999999
9.4                                               0.17564790668427163+1.0613248322229704E-15i       0.17564790668427163+1.0613248322229704E-15i       1.0000000000000007
9.4                                               0.18152363221179424                               0.18152363221179424                               1.0000000000000002
9.600000000000001                                 0.039992096410851524                              0.039992096410851524                              1.0000000000000002
9.600000000000001                                 0.043932107251541855                              0.04393210725154186                               1.0000000000000027
9.600000000000001                                 0.04502166524881911                               0.045021665248819114                              0.9999999999999991
9.600000000000001                                 0.06031905887250143                               0.060319058872501434                              1.000000000000001
9.600000000000001                                 0.06517410661760753                               0.06517410661760753                               0.9999999999999993
9.600000000000001                                 0.07975601750837927                               0.07975601750837927                               0.9999999999999996
9.600000000000001                                 0.08188069833786665                               0.08188069833786665                               0.9999999999999991
9.600000000000001                                 0.08291459410584964                               0.08291459410584964                               1.0000000000000004
9.600000000000001                                 0.08534170140451065                               0.08534170140451065                               1
9.600000000000001                                 0.08678708397577545                               0.08678708397577545                               0.999999999999999
9.600000000000001                                 0.09118800540814512                               0.09118800540814512                               0.9999999999999998
9.600000000000001                                 0.09341076022067066                               0.09341076022067066                               1.0000000000000027
9.600000000000001                                 0.0983515230962023                                0.09835152309620232                               0.9999999999999993
9.600000000000001                                 0.09881063282966396                               0.09881063282966397                               0.9999999999999986
9.600000000000001                                 0.09946506326896616                               0.09946506326896618                               0.9999999999999991
9.600000000000001                                 0.10250247864188032                               0.10250247864188033                               0.9999999999999993
9.600000000000001                                 0.11003930128801147                               0.11003930128801147                               1.0000000000000002
9.600000000000001                                 0.1139906360826703                                0.1139906360826703                                1.0000000000000009
9.600000000000001                                 0.1228332676340001                                0.1228332676340001                                1.0000000000000013
9.600000000000001                                 0.1278101041164464                                0.1278101041164464                                1.000000000000003
9.600000000000001                                 0.13778464888484165                               0.13778464888484165                               1
9.600000000000001                                 0.1409218558989297                                0.1409218558989297                                1.0000000000000018
9.600000000000001                                 0.14397420243074946                               0.14397420243074946                               1.0000000000000002
9.600000000000001                                 0.1484666730348777                                0.1484666730348777                                1
9.600000000000001                                 0.15484246676893235                               0.15484246676893235                               0.9999999999999996
9.600000000000001                                 0.16244013777453561+1.9065241851518413E-17i       0.16244013777453561+1.9065241851518413E-17i       1.0000000000000007
9.600000000000001                                 0.16437409993513347+3.2634259516144993E-17i       0.16437409993513347+3.2634259516144993E-17i       1.0000000000000009
9.600000000000001                                 0.17395553248729234                               0.17395553248729237                               1.000000000000001
9.600000000000001                                 0.17557657869895654+8.80809161607192E-17i         0.17557657869895654+8.80809161607192E-17i         0.9999999999999971
9.600000000000001                                 0.1831713367193537                                0.18317133671935373                               1.0000000000000007
9.8                                               0.040066709722507414                              0.040066709722507414                              1.0000000000000004
9.8                                               0.04386152958847623                               0.04386152958847623                               0.9999999999999997
9.8                                               0.04503224762697761                               0.04503224762697761                               0.999999999999994
9.8                                               0.060581544141896024                              0.060581544141896024                              1.0000000000000018
9.8                                               0.06493061595127153                               0.06493061595127153                               1.0000000000000002
9.8                                               0.0797713171983392                                0.0797713171983392                                1.0000000000000002
9.8                                               0.08184703979306572                               0.08184703979306573                               0.9999999999999986
9.8                                               0.08305992527373887                               0.08305992527373887                               1.0000000000000018
9.8                                               0.08505696145679262                               0.08505696145679262                               1.0000000000000007
9.8                                               0.08716670953829082                               0.08716670953829082                               0.9999999999999992
9.8                                               0.0907203449943176                                0.0907203449943176                                1.0000000000000027
9.8                                               0.09397216909355614                               0.09397216909355616                               0.9999999999999996
9.8                                               0.09837156595708721                               0.09837156595708722                               1
9.8                                               0.09880918919965577                               0.09880918919965578                               0.9999999999999987
9.8                                               0.09883798765357851                               0.09883798765357853                               1.0000000000000002
9.8                                               0.10324911978750505                               0.10324911978750505                               1.0000000000000016
9.8                                               0.10920531321966967                               0.10920531321966968                               1.0000000000000016
9.8                                               0.1149240658388912                                0.1149240658388912                                1.0000000000000007
9.8                                               0.12181747448126445                               0.12181747448126447                               1.0000000000000004
9.8                                               0.1289292466202757                                0.1289292466202757                                0.9999999999999992
9.8                                               0.1365895737228593                                0.1365895737228593                                1.0000000000000007
9.8                                               0.1403571024756936                                0.1403571024756936                                1.000000000000001
9.8                                               0.14527649966411607                               0.14527649966411607                               1.0000000000000009
9.8                                               0.14909639460157348                               0.14909639460157348                               0.9999999999999992
9.8                                               0.15347082916581367                               0.15347082916581367                               1.0000000000000022
9.8                                               0.16392307343964507                               0.16392307343964507                               1
9.8                                               0.1644708694991121                                0.1644708694991121                                0.9999999999999987
9.8                                               0.17241005658645092                               0.17241005658645092                               0.9999999999999986
9.8                                               0.17551132910818465+4.787720571793356E-17i        0.17551132910818468+4.7877205717933563E-17i       0.9999999999999994
9.8                                               0.1848367198407145-2.4567022011424826E-17i        0.1848367198407145-2.456702201142483E-17i         0.9999999999999988
10                                                0.040142092147683876                              0.040142092147683876                              0.999999999999998
10                                                0.0437936545122428                                0.0437936545122428                                1.0000000000000009
10                                                0.04504313922261869                               0.0450431392226187                                1.0000000000000022
10                                                0.06084585467167168                               0.06084585467167168                               0.9999999999999982
10                                                0.0646891613657336                                0.0646891613657336                                0.9999999999999983
10                                                0.07978723332280989                               0.07978723332280989                               0.9999999999999994
10                                                0.08181366146208836                               0.08181366146208838                               1.0000000000000013
10                                                0.08324052853656583                               0.08324052853656583                               0.9999999999999991
10                                                0.08477799485364416                               0.08477799485364418                               0.9999999999999991
10                                                0.08756870817901435                               0.08756870817901437                               1.0000000000000013
10                                                0.09025667302578937                               0.09025667302578938                               0.9999999999999994
10                                                0.09455679383225372                               0.09455679383225374                               1.0000000000000007
10                                                0.09798019513115602                               0.09798019513115602                               0.999999999999999
10                                                0.09817159616551423                               0.09817159616551423                               0.9999999999999979
10                                                0.09926934561992617                               0.09926934561992617                               0.9999999999999998
10                                                0.10401692749608561                               0.10401692749608561                               0.9999999999999992
10                                                0.1083812503198947                                0.10838125031989472                               0.9999999999999989
10                                                0.11587524796900886                               0.11587524796900886                               0.9999999999999991
10                                                0.12081489656512773                               0.12081489656512773                               0.9999999999999993
10                                                0.13006282159656601                               0.13006282159656601                               0.9999999999999999
10                                                0.13541037288962388                               0.13541037288962388                               1.0000000000000009
10                                                0.1397948399257909                                0.1397948399257909                                1.0000000000000002
10                                                0.14658975169056132                               0.14658975169056132                               1.0000000000000002
10                                                0.1497287355571345                                0.1497287355571345                                1.0000000000000004
10                                                0.15211743344388245                               0.15211743344388245                               1.0000000000000002
10                                                0.16456204023115228+2.1213279528966163E-17i       0.16456204023115228+2.1213279528966166E-17i       0.9999999999999962
10                                                0.16542223746650303                               0.16542223746650303                               0.9999999999999991
10                                                0.1708848204018676                                0.1708848204018676                                1.0000000000000016
10                                                0.1754483768717932+3.3959310403463146E-17i        0.1754483768717932+3.3959310403463146E-17i        0.9999999999999998
10                                                0.1865078951745221+3.5767562304786264E-16i        0.1865078951745221+3.576756230478627E-16i         0.9999999999999994
10.200000000000001                                0.04021812617248611                               0.04021812617248611                               0.9999999999999989
10.200000000000001                                0.043728612582756496                              0.043728612582756496                              1.000000000000001
10.200000000000001                                0.045054323384490357                              0.04505432338449036                               0.9999999999999986
10.200000000000001                                0.061111984771778316                              0.061111984771778316                              1.0000000000000016
10.200000000000001                                0.06444974551401474-9.000178360053568E-18i        0.06444974551401474-9.000178360053568E-18i        1.0000000000000004
10.200000000000001                                0.07980325381271504                               0.07980325381271504                               0.9999999999999997
10.200000000000001                                0.08178988400073688                               0.08178988400073688                               0.9999999999999999
10.200000000000001                                0.08344200554503084                               0.08344200554503084                               0.9999999999999987
10.200000000000001                                0.08451878193329551                               0.08451878193329551                               1.0000000000000004
10.200000000000001                                0.0879752475459987                                0.08797524754599871                               1.0000000000000007
10.200000000000001                                0.08981640679594914                               0.08981640679594916                               1.0000000000000013
10.200000000000001                                0.09514243784019093                               0.09514243784019093                               1.000000000000001
10.200000000000001                                0.0975455193049706                                0.0975455193049706                                0.9999999999999996
10.200000000000001                                0.09759309488511145                               0.09759309488511145                               0.999999999999998
10.200000000000001                                0.09971706389556695                               0.09971706389556696                               1.0000000000000007
10.200000000000001                                0.10478252930572221                               0.10478252930572222                               0.9999999999999981
10.200000000000001                                0.10758852174330467                               0.10758852174330467                               0.9999999999999993
10.200000000000001                                0.1168205783507553                                0.11682057835075531                               1.0000000000000007
10.200000000000001                                0.1198471554948516                                0.1198471554948516                                1.0000000000000013
10.200000000000001                                0.1311866310157932                                0.1311866310157932                                0.9999999999999998
10.200000000000001                                0.13426958277536544                               0.13426958277536544                               1.0000000000000018
10.200000000000001                                0.13923507871054389                               0.13923507871054389                               0.9999999999999991
10.200000000000001                                0.14788616040969493                               0.14788616040969493                               1.0000000000000004
10.200000000000001                                0.1503639627393722                                0.1503639627393722                                0.9999999999999994
10.200000000000001                                0.1508085429402983                                0.1508085429402983                                1.0000000000000009
10.200000000000001                                0.1646617057189344                                0.16466170571893443                               1.0000000000000007
10.200000000000001                                0.16688763195704603                               0.16688763195704603                               0.9999999999999999
10.200000000000001                                0.16941495381800806                               0.16941495381800808                               1.000000000000001
10.200000000000001                                0.17538763951708786                               0.17538763951708788                               0.9999999999999996
10.200000000000001                                0.18779458841507707                               0.1877945884150771                                0.9999999999999989
10.4                                              0.040294676923305045                              0.040294676923305045                              0.9999999999999987
10.4                                              0.043666547361741456                              0.043666547361741456                              0.9999999999999998
10.4                                              0.045065787720777184                              0.04506578772077719                               0.9999999999999971
10.4                                              0.06137992671902867                               0.06137992671902868                               0.999999999999999
10.4                                              0.06421237286625558                               0.06421237286625558                               0.9999999999999992
10.4                                              0.07981890165934971                               0.07981890165934971                               1.0000000000000024
10.4                                              0.08178102224717738                               0.08178102224717738                               1.0000000000000022
10.4                                              0.08363921584543135                               0.08363921584543135                               1.0000000000000016
10.4                                              0.0843024544784845                                0.0843024544784845                                0.9999999999999967
10.4                                              0.08834526172791361                               0.08834526172791361                               0.9999999999999991
10.4                                              0.08944110735144227                               0.08944110735144228                               0.9999999999999993
10.4                                              0.09567031334805084                               0.09567031334805086                               0.9999999999999989
10.4                                              0.09702202892150262                               0.09702202892150263                               1.0000000000000016
10.4                                              0.09719060491847432                               0.09719060491847432                               0.9999999999999989
10.4                                              0.10016821716543273                               0.10016821716543274                               0.999999999999997
10.4                                              0.10546601292783742                               0.10546601292783742                               0.9999999999999992
10.4                                              0.10690639259992898                               0.106906392599929                                 1.000000000000001
10.4                                              0.1176460943404517                                0.1176460943404517                                1.0000000000000004
10.4                                              0.11902755092552983                               0.11902755092552983                               0.9999999999999998
10.4                                              0.13212242246520722                               0.13212242246520722                               1.0000000000000007
10.4                                              0.1333448874374143                                0.1333448874374143                                1
10.4                                              0.1386778254777801                                0.1386778254777801                                1.0000000000000016
10.4                                              0.1488175056920373                                0.1488175056920373                                0.999999999999999
10.4                                              0.14988998329597863                               0.14988998329597863                               0.999999999999999
10.4                                              0.15100400892030924+1.9219995959712174E-17i       0.15100400892030924+1.9219995959712174E-17i       1.0000000000000002
10.4                                              0.1647623480824973                                0.1647623480824973                                1.0000000000000007
10.4                                              0.16752983810870165                               0.16752983810870167                               1.0000000000000007
10.4                                              0.16879708336586496                               0.16879708336586496                               0.9999999999999976
10.4                                              0.17532910036475313                               0.17532910036475313                               0.9999999999999996
10.4                                              0.18707952739754058                               0.1870795273975406                                1.0000000000000002
10.600000000000001                                0.040371589369488606                              0.040371589369488606                              0.9999999999999978
10.600000000000001                                0.043607619500706456                              0.04360761950070646                               0.9999999999999984
10.600000000000001                                0.04507752280997816                               0.04507752280997817                               1.0000000000000004
10.600000000000001                                0.0616496686274783                                0.0616496686274783                                1.0000000000000013
10.600000000000001                                0.06397705184406281                               0.06397705184406281                               0.9999999999999981
10.600000000000001                                0.079833848898106                                 0.07983384889810602                               0.9999999999999972
10.600000000000001                                0.08178971188557983                               0.08178971188557983                               0.9999999999999999
10.600000000000001                                0.08373822320057447                               0.08373822320057447                               0.9999999999999988
10.600000000000001                                0.0842216790225624                                0.0842216790225624                                0.9999999999999968
10.600000000000001                                0.08849038218611047                               0.08849038218611048                               1.0000000000000009
10.600000000000001                                0.0893192948060828                                0.08931929480608282                               0.9999999999999993
10.600000000000001                                0.09582449818518951                               0.09582449818518952                               0.9999999999999996
10.600000000000001                                0.09679533514663496                               0.09679533514663496                               1.0000000000000016
10.600000000000001                                0.09689522935717623                               0.09689522935717623                               0.9999999999999977
10.600000000000001                                0.10062187624534787                               0.10062187624534787                               1.0000000000000018
10.600000000000001                                0.10555069638382568                               0.10555069638382568                               1.000000000000001
10.600000000000001                                0.10685126966208208                               0.10685126966208208                               0.9999999999999982
10.600000000000001                                0.11753536427768196                               0.11753536427768196                               1.0000000000000004
10.600000000000001                                0.11917223562190693                               0.11917223562190694                               0.999999999999998
10.600000000000001                                0.1316819705741879                                0.1316819705741879                                1.0000000000000009
10.600000000000001                                0.13382426609882594                               0.13382426609882594                               0.9999999999999984
10.600000000000001                                0.13812308995873918                               0.13812308995873918                               0.9999999999999996
10.600000000000001                                0.14792678892720762                               0.14792678892720762                               0.9999999999999989
10.600000000000001                                0.15081400672700912                               0.15081400672700912                               1.000000000000001
10.600000000000001                                0.1516534075131964                                0.15165340751319642                               1.0000000000000002
10.600000000000001                                0.1648646596572616                                0.1648646596572616                                1.000000000000001
10.600000000000001                                0.1662207273565931                                0.1662207273565931                                1.0000000000000024
10.600000000000001                                0.17015849183850407                               0.17015849183850407                               0.9999999999999996
10.600000000000001                                0.17527275627997024                               0.17527275627997027                               0.9999999999999987
10.600000000000001                                0.18636245092631082                               0.18636245092631082                               1.0000000000000013
10.8                                              0.040448685148216375                              0.040448685148216375                              1.0000000000000002
10.8                                              0.043552010766650294                              0.043552010766650294                              0.9999999999999989
10.8                                              0.04508952135171285                               0.04508952135171285                               0.9999999999999971
10.8                                              0.06192118879421017                               0.06192118879421018                               0.9999999999999973
10.8                                              0.06374380047774905                               0.06374380047774905                               0.9999999999999997
10.8                                              0.07984799892600736                               0.07984799892600736                               1.0000000000000013
10.8                                              0.08181663327485525                               0.08181663327485525                               1.0000000000000013
10.8                                              0.08363754776861645                               0.08363754776861645                               0.9999999999999991
10.8                                              0.08437753765107173                               0.08437753765107174                               1.0000000000000007
10.8                                              0.0882500673478593                                0.0882500673478593                                0.9999999999999986
10.8                                              0.08961148641179001                               0.08961148641179001                               0.9999999999999993
10.8                                              0.09541694101077136                               0.09541694101077138                               1.0000000000000018
10.8                                              0.09640378099763608                               0.09640378099763608                               1.0000000000000022
10.8                                              0.09735683411104883                               0.09735683411104883                               0.9999999999999984
10.8                                              0.1010777877462485                                0.1010777877462485                                1.000000000000002
10.8                                              0.10493324927245115                               0.10493324927245115                               1.0000000000000016
10.8                                              0.10752634058977058                               0.10752634058977058                               0.999999999999999
10.8                                              0.11669167615410211                               0.11669167615410211                               1.0000000000000027
10.8                                              0.12007778845634119                               0.12007778845634119                               1.0000000000000024
10.8                                              0.1306200461356533                                0.1306200461356533                                0.9999999999999998
10.8                                              0.13495281104933624                               0.13495281104933624                               0.9999999999999988
10.8                                              0.1375709005887495                                0.1375709005887495                                0.9999999999999978
10.8                                              0.1466607318062695                                0.14666073180626954                               0.9999999999999993
10.8                                              0.1520675460449985                                0.1520675460449985                                1.0000000000000013
10.8                                              0.15237838478061358                               0.15237838478061358                               0.9999999999999992
10.8                                              0.1647605795857755                                0.1647605795857755                                0.9999999999999996
10.8                                              0.16497187881244818                               0.1649718788124482                                1.0000000000000007
10.8                                              0.17169555143406026                               0.1716955514340603                                1.0000000000000022
10.8                                              0.17521861941548794-9.44535146918554E-17i         0.17521861941548797-9.445351469185541E-17i        0.9999999999999992
10.8                                              0.18487361814588962+1.9711632077605386E-14i       0.18487361814588962+1.9711632077605386E-14i       1.000000000000002
11                                                0.04052575902791682                               0.04052575902791683                               0.9999999999999984
11                                                0.043499928154514346                              0.043499928154514346                              0.9999999999999977
11                                                0.04510177759213812                               0.045101777592138126                              1.0000000000000022
11                                                0.06219443709213833                               0.06219443709213834                               1.0000000000000007
11                                                0.0635126650149088                                0.0635126650149088                                0.9999999999999997
11                                                0.07986151064879585                               0.07986151064879585                               1.0000000000000029
11                                                0.0818607046002075                                0.08186070460020752                               1
11                                                0.08346875441990258                               0.08346875441990258                               1.0000000000000004
11                                                0.08463888780198678                               0.08463888780198679                               0.9999999999999996
11                                                0.08788864755814475                               0.08788864755814475                               0.9999999999999984
11                                                0.09005314866095973                               0.09005314866095974                               0.9999999999999993
11                                                0.09487440957965682                               0.09487440957965682                               1.0000000000000004
11                                                0.0960142339861372                                0.0960142339861372                                1
11                                                0.09798175745633583                               0.09798175745633585                               0.9999999999999994
11                                                0.10153585432114923                               0.10153585432114923                               1.0000000000000007
11                                                0.10420292230771805                               0.10420292230771806                               1.0000000000000002
11                                                0.10834224922137224                               0.10834224922137226                               1.0000000000000002
11                                                0.11577363098712959                               0.11577363098712959                               0.9999999999999998
11                                                0.12108552847703279                               0.1210855284770328                                1.0000000000000004
11                                                0.12951770785254696                               0.12951770785254696                               1.000000000000001
11                                                0.13614916212840603                               0.13614916212840603                               0.9999999999999984
11                                                0.1370214997147353                                0.1370214997147353                                0.9999999999999987
11                                                0.1453781054693408                                0.1453781054693408                                0.9999999999999994
11                                                0.15287505382948408                               0.15287505382948408                               1.0000000000000018
11                                                0.15359560947844147+1.8053798874514516E-17i       0.1535956094784415+1.805379887451452E-17i         1.0000000000000004
11                                                0.163303506006037                                 0.163303506006037                                 1.0000000000000009
11                                                0.16507610634812772                               0.16507610634812772                               0.9999999999999989
11                                                0.1732618353945415                                0.17326183539454154                               0.9999999999999994
11                                                0.1751667810974279+6.397119063201268E-17i         0.1751667810974279+6.397119063201268E-17i         1.0000000000000004
11                                                0.18324167048059636+3.989563989700331E-15i        0.18324167048059636+3.989563989700331E-15i        0.9999999999999993
11.200000000000001                                0.04060257507840748                               0.04060257507840748                               1.0000000000000004
11.200000000000001                                0.04345160811627604                               0.04345160811627604                               1.000000000000002
11.200000000000001                                0.04511428692594586                               0.04511428692594586                               0.9999999999999961
11.200000000000001                                0.062469247388544036                              0.062469247388544036                              0.9999999999999982
11.200000000000001                                0.063283807501681                                 0.063283807501681                                 1.0000000000000018
11.200000000000001                                0.07987475636751477                               0.07987475636751477                               1.0000000000000036
11.200000000000001                                0.08191882329146281                               0.08191882329146281                               1.0000000000000013
11.200000000000001                                0.08330354287937633                               0.08330354287937633                               1
11.200000000000001                                0.08493524184473078                               0.08493524184473078                               1.0000000000000007
11.200000000000001                                0.08751356784382276                               0.08751356784382276                               0.9999999999999996
11.200000000000001                                0.0905362813953304                                0.09053628139533042                               1.000000000000001
11.200000000000001                                0.09431825391123311                               0.09431825391123311                               1.0000000000000009
11.200000000000001                                0.09562710557640902                               0.09562710557640902                               0.9999999999999973
11.200000000000001                                0.0986480010004264                                0.09864800100042641                               0.999999999999999
11.200000000000001                                0.10199603036062392                               0.10199603036062392                               1
11.200000000000001                                0.1034651094072128                                0.1034651094072128                                0.9999999999999997
11.200000000000001                                0.10919341593395007                               0.10919341593395007                               1.0000000000000007
11.200000000000001                                0.11485535840743695                               0.11485535840743695                               1.000000000000002
11.200000000000001                                0.12212117965290381                               0.12212117965290382                               1.0000000000000018
11.200000000000001                                0.12842124845851416                               0.12842124845851416                               1.0000000000000009
11.200000000000001                                0.13647322438596834                               0.13647322438596834                               1.0000000000000009
11.200000000000001                                0.13736855538303364                               0.13736855538303364                               0.9999999999999996
11.200000000000001                                0.1441058986713002                                0.1441058986713002                                1.0000000000000018
11.200000000000001                                0.1535355020479639                                0.1535355020479639                                1
11.200000000000001                                0.15497881510125794                               0.15497881510125794                               0.9999999999999994
11.200000000000001                                0.16185829295948972                               0.16185829295948972                               0.9999999999999974
11.200000000000001                                0.16518429383186556                               0.1651842938318656                                0.9999999999999989
11.200000000000001                                0.17483852542205375-4.130975126807451E-16i        0.17483852542205375-4.130975126807451E-16i        1.0000000000000004
11.200000000000001                                0.17511984766131525-2.088464825670912E-15i        0.17511984766131525-2.0884648256709123E-15i       1.000000000000002
11.200000000000001                                0.18162575654914517+1.937513320212129E-15i        0.1816257565491452+1.937513320212129E-15i         1
11.4                                              0.040678862699873135                              0.040678862699873135                              1
11.4                                              0.043407320814538665                              0.043407320814538665                              1.0000000000000007
11.4                                              0.045127045614836485                              0.04512704561483649                               0.9999999999999972
11.4                                              0.06274440745818904                               0.06274440745818904                               1.0000000000000004
11.4                                              0.0630584358677636                                0.06305843586776361                               1.0000000000000009
11.4                                              0.07988822841096141                               0.07988822841096141                               0.9999999999999974
11.4                                              0.08198506544491722                               0.08198506544491722                               0.9999999999999999
11.4                                              0.08316229310492779                               0.0831622931049278                                0.9999999999999991
11.4                                              0.0852477137763584                                0.0852477137763584                                1.0000000000000016
11.4                                              0.08714977323757894                               0.08714977323757894                               1.000000000000001
11.4                                              0.09103432504592254                               0.09103432504592256                               0.9999999999999991
11.4                                              0.09377537729178714-1.232323127808768E-17i        0.09377537729178714-1.232323127808768E-17i        0.9999999999999996
11.4                                              0.09524245485947068                               0.0952424548594707                                1.0000000000000004
11.4                                              0.09932765160697159                               0.09932765160697159                               1.0000000000000013
11.4                                              0.1024582815050537+2.28353779851799E-17i          0.10245828150505372+2.2835377985179904E-17i       1.0000000000000002
11.4                                              0.10274369073908553                               0.10274369073908553                               0.9999999999999977
11.4                                              0.11005517169889506                               0.11005517169889507                               0.9999999999999996
11.4                                              0.11395651758257958                               0.11395651758257958                               1.0000000000000002
11.4                                              0.12316420988812748                               0.12316420988812748                               1.0000000000000016
11.4                                              0.1273470168245721                                0.1273470168245721                                0.9999999999999988
11.4                                              0.13592883280069326                               0.13592883280069326                               1.0000000000000004
11.4                                              0.13859080323474937                               0.13859080323474937                               1.0000000000000002
11.4                                              0.1428584728135396                                0.1428584728135396                                0.9999999999999998
11.4                                              0.15418653003301847                               0.15418653003301847                               1.000000000000001
11.4                                              0.15637379134872728                               0.15637379134872728                               1.0000000000000007
11.4                                              0.16044131153705316                               0.16044131153705316                               1.0000000000000013
11.4                                              0.16529452982207107-1.9748423367490053E-17i       0.16529452982207107-1.9748423367490056E-17i       1.0000000000000009
11.4                                              0.17506772694491074+5.133255140381151E-16i        0.17506772694491074+5.133255140381152E-16i        1.0000000000000022
11.4                                              0.17641713606935439-6.342004477501627E-17i        0.17641713606935439-6.342004477501627E-17i        0.9999999999999989
11.4                                              0.18004340043625816+3.8873346220723836E-16i       0.18004340043625816+3.887334622072384E-16i        0.9999999999999973
11.600000000000001                                0.0407543127910871                                0.0407543127910871                                1.0000000000000016
11.600000000000001                                0.04336737415816397-6.2423321996666255E-18i       0.04336737415816397-6.2423321996666255E-18i       0.9999999999999991
11.600000000000001                                0.04514005058468128                               0.045140050584681284                              0.9999999999999998
11.600000000000001                                0.06282529722119362                               0.06282529722119362                               0.9999999999999997
11.600000000000001                                0.06303116568507663+7.886633205435818E-18i        0.06303116568507663+7.886633205435818E-18i        0.999999999999999
11.600000000000001                                0.0799024241712388                                0.07990242417123881                               1.000000000000002
11.600000000000001                                0.08204937692736433                               0.08204937692736433                               0.9999999999999989
11.600000000000001                                0.08305895013634293                               0.08305895013634293                               0.9999999999999996
11.600000000000001                                0.0855596193260226                                0.0855596193260226                                0.9999999999999986
11.600000000000001                                0.08681548203605885                               0.08681548203605885                               0.9999999999999993
11.600000000000001                                0.0915227165502487                                0.0915227165502487                                1.0000000000000018
11.600000000000001                                0.09327038501768127                               0.09327038501768128                               0.9999999999999993
11.600000000000001                                0.09486035561354188                               0.09486035561354188                               0.9999999999999992
11.600000000000001                                0.09999071924965001                               0.09999071924965003                               0.9999999999999978
11.600000000000001                                0.10206752516744994                               0.10206752516744994                               0.9999999999999993
11.600000000000001                                0.10292264402275271                               0.10292264402275271                               1
11.600000000000001                                0.11089230813784036                               0.11089230813784036                               1.0000000000000009
11.600000000000001                                0.11311099252397662                               0.11311099252397662                               0.9999999999999998
11.600000000000001                                0.1241711616249987                                0.1241711616249987                                1
11.600000000000001                                0.1263373185658135                                0.1263373185658135                                0.9999999999999986
11.600000000000001                                0.13538668213351243                               0.13538668213351243                               0.9999999999999999
11.600000000000001                                0.13975867746893147                               0.13975867746893147                               0.9999999999999976
11.600000000000001                                0.14169380758493846                               0.14169380758493846                               0.9999999999999998
11.600000000000001                                0.1548366709158361                                0.1548366709158361                                1.000000000000001
11.600000000000001                                0.15766921604518616                               0.15766921604518616                               1.0000000000000007
11.600000000000001                                0.1591547293874739                                0.1591547293874739                                0.9999999999999986
11.600000000000001                                0.16540676004920027                               0.16540676004920027                               0.9999999999999998
11.600000000000001                                0.1750222817865045+4.5188387066988704E-17i        0.17502228178650453+4.518838706698871E-17i        0.9999999999999978
11.600000000000001                                0.17772575741782456-5.142796751298221E-16i        0.1777257574178246-5.142796751298221E-16i         0.9999999999999987
11.600000000000001                                0.17875420476029313+4.255108907630283E-16i        0.17875420476029316+4.2551089076302835E-16i       1
11.8                                              0.040828574521264746                              0.040828574521264746                              1.0000000000000002
11.8                                              0.04333211717997733-5.426269966395693E-18i        0.043332117179977335-5.426269966395693E-18i       1.0000000000000018
11.8                                              0.045153299276951664                              0.04515329927695167                               0.999999999999998
11.8                                              0.06260547849764353+8.01248700474421E-18i         0.06260547849764353+8.01248700474421E-18i         1.0000000000000013
11.8                                              0.06330843040802703                               0.06330843040802703                               1.0000000000000013
11.8                                              0.07991773949321723                               0.07991773949321723                               1.0000000000000027
11.8                                              0.08209735233442234                               0.08209735233442234                               0.9999999999999979
11.8                                              0.08300916705735409                               0.0830091670573541                                1.0000000000000013
11.8                                              0.08581511925803734                               0.08581511925803734                               0.9999999999999996
11.8                                              0.08656697255688234                               0.08656697255688234                               1.0000000000000009
11.8                                              0.09190474256374868                               0.0919047425637487                                0.9999999999999999
11.8                                              0.09289992315787492                               0.09289992315787493                               0.9999999999999988
11.8                                              0.09448094193256226                               0.09448094193256228                               1.0000000000000009
11.8                                              0.10048607299572679                               0.10048607299572679                               1.0000000000000004
11.8                                              0.10158740008990955                               0.10158740008990955                               0.9999999999999998
11.8                                              0.10338905064644247                               0.10338905064644248                               0.9999999999999997
11.8                                              0.11145550115303601                               0.11145550115303603                               1.0000000000000013
11.8                                              0.1125676168566168                                0.1125676168566168                                1.0000000000000002
11.8                                              0.12468814741143466                               0.12468814741143468                               1.0000000000000007
11.8                                              0.12584560195205483                               0.12584560195205483                               1.0000000000000013
11.8                                              0.13484700545503242                               0.13484700545503242                               1.000000000000001
11.8                                              0.14002892187364546                               0.14002892187364546                               0.9999999999999991
11.8                                              0.14145457193756808                               0.14145457193756808                               0.9999999999999987
11.8                                              0.1554872779745209                                0.1554872779745209                                0.9999999999999987
11.8                                              0.1573848030633137                                0.1573848030633137                                1
11.8                                              0.1594771845471706                                0.1594771845471706                                0.9999999999999998
11.8                                              0.16552098160648587                               0.1655209816064859                                1.0000000000000004
11.8                                              0.17497844678903998-7.076365895898149E-16i        0.17497844678903998-7.07636589589815E-16i         1.000000000000001
11.8                                              0.17670345832285694-1.7057837521979538E-16i       0.17670345832285694-1.705783752197954E-16i        1.0000000000000007
11.8                                              0.1798238839462577-5.838230028345577E-16i         0.1798238839462577-5.838230028345577E-16i         0.9999999999999987
12                                                0.040901253415424735                              0.040901253415424735                              1.0000000000000018
12                                                0.04330194206270795                               0.04330194206270795                               1.0000000000000013
12                                                0.04516678953822134                               0.04516678953822134                               0.9999999999999991
12                                                0.06238484221585434                               0.062384842215854344                              0.9999999999999999
12                                                0.06359033415824938                               0.0635903341582494                                1.000000000000002
12                                                0.07993439088349077                               0.07993439088349079                               1.0000000000000016
12                                                0.08211606051225187+1.2375109469298559E-17i       0.08211606051225187+1.237510946929856E-17i        0.9999999999999997
12                                                0.0830262473593991                                0.0830262473593991                                0.999999999999999
12                                                0.08582344246251575                               0.08582344246251575                               1.000000000000002
12                                                0.08659506524215532                               0.08659506524215532                               1.0000000000000009
12                                                0.09184301435531977                               0.09184301435531977                               1
12                                                0.09300102263148426                               0.09300102263148426                               1.0000000000000007
12                                                0.09410460785620998                               0.09410460785621                                  0.9999999999999993
12                                                0.1002852440889098                                0.1002852440889098                                1.0000000000000013
12                                                0.1018315535299666                                0.10183155352996662                               0.9999999999999989
12                                                0.10385752962485946                               0.10385752962485946                               1
12                                                0.11101307119149209                               0.1110130711914921                                1.0000000000000029
12                                                0.11305784604086906                               0.11305784604086908                               0.9999999999999997
12                                                0.12392893612613314                               0.12392893612613315                               1.0000000000000002
12                                                0.12665789513630815                               0.12665789513630818                               1.0000000000000007
12                                                0.13430983099962657                               0.1343098309996266                                1.0000000000000007
12                                                0.13896316815660426                               0.13896316815660426                               1.0000000000000009
12                                                0.14257893623088788                               0.14257893623088788                               0.9999999999999994
12                                                0.15603863371053264                               0.15603863371053264                               0.9999999999999998
12                                                0.15616385974296737                               0.15616385974296737                               1.0000000000000002
12                                                0.16086490413298588                               0.16086490413298588                               1.0000000000000007
12                                                0.16563720839332868                               0.16563720839332868                               0.9999999999999992
12                                                0.17493462379727778                               0.17493462379727778                               0.9999999999999996
12                                                0.1751738385040322                                0.1751738385040322                                0.9999999999999973
12                                                0.18142260098092505-2.0515900465462422E-17i       0.18142260098092505-2.0515900465462422E-17i       0.9999999999999996
12.200000000000001                                0.040971911758428764                              0.040971911758428764                              0.9999999999999997
12.200000000000001                                0.043277283818981965                              0.04327728381898197                               1.0000000000000042
12.200000000000001                                0.04518051953693262                               0.04518051953693262                               0.9999999999999993
12.200000000000001                                0.06216589106404449+7.491435202742385E-18i        0.0621658910640445+7.491435202742385E-18i         0.9999999999999982
12.200000000000001                                0.06387436906405312                               0.06387436906405312                               1
12.200000000000001                                0.07995237624668078                               0.07995237624668078                               1.0000000000000009
12.200000000000001                                0.08210529075181688                               0.08210529075181688                               0.9999999999999988
12.200000000000001                                0.08311037659409135                               0.08311037659409135                               0.999999999999998
12.200000000000001                                0.08559691977484078                               0.0855969197748408                                1.000000000000001
12.200000000000001                                0.08688724077057486                               0.08688724077057486                               0.9999999999999992
12.200000000000001                                0.09144331033142064                               0.09144331033142064                               0.9999999999999979
12.200000000000001                                0.09346317178785503                               0.09346317178785504                               1.000000000000001
12.200000000000001                                0.09373608515830892                               0.09373608515830893                               1.0000000000000002
12.200000000000001                                0.09969439027463904                               0.09969439027463904                               0.9999999999999996
12.200000000000001                                0.10249368279436702                               0.10249368279436703                               1.0000000000000016
12.200000000000001                                0.10432808595980692                               0.10432808595980693                               1.0000000000000029
12.200000000000001                                0.11022022317074523                               0.11022022317074524                               1.0000000000000009
12.200000000000001                                0.11392634962826757                               0.11392634962826759                               1.000000000000001
12.200000000000001                                0.1229367144629957                                0.1229367144629957                                0.9999999999999979
12.200000000000001                                0.12773089655115502                               0.12773089655115502                               1.0000000000000007
12.200000000000001                                0.13377517044178133                               0.13377517044178133                               1.0000000000000027
12.200000000000001                                0.13777990382495917                               0.13777990382495917                               1.000000000000001
12.200000000000001                                0.1438483020338166                                0.1438483020338166                                1.000000000000001
12.200000000000001                                0.15469325159182945                               0.15469325159182945                               0.9999999999999993
12.200000000000001                                0.15679642855176928                               0.15679642855176928                               1.0000000000000002
12.200000000000001                                0.162325152778406                                 0.16232515277840603                               0.9999999999999999
12.200000000000001                                0.16575547891144202                               0.16575547891144202                               1.000000000000002
12.200000000000001                                0.17362710125017944                               0.17362710125017947                               0.9999999999999986
12.200000000000001                                0.17489709105826312-3.6539814567465235E-16i       0.17489709105826315-3.653981456746524E-16i        0.9999999999999986
12.200000000000001                                0.1807725272827322-2.454765020657183E-15i         0.18077252728273221-2.4547650206571834E-15i       1.0000000000000013
12.4                                              0.0410400726206413                                0.0410400726206413                                0.9999999999999984
12.4                                              0.04325861632990175                               0.04325861632990175                               0.9999999999999988
12.4                                              0.045194487699913286                              0.045194487699913286                              1.0000000000000022
12.4                                              0.061948854159691064+1.2446175300735701E-17i      0.06194885415969107+1.2446175300735701E-17i       1
12.4                                              0.06416030058009342                               0.06416030058009342                               0.9999999999999981
12.4                                              0.07997147690364248                               0.07997147690364248                               0.9999999999999992
12.4                                              0.08207777271280559                               0.08207777271280559                               0.999999999999999
12.4                                              0.08324840949309004                               0.08324840949309004                               0.9999999999999979
12.4                                              0.08532041784426327                               0.08532041784426328                               0.9999999999999997
12.4                                              0.08725813095998391                               0.08725813095998391                               0.9999999999999974
12.4                                              0.09098402910588362                               0.09098402910588363                               1.0000000000000004
12.4                                              0.09335405921253619                               0.0933540592125362                                0.999999999999999
12.4                                              0.0940291898843896                                0.09402918988438962                               0.9999999999999986
12.4                                              0.09905217999967361                               0.09905217999967363                               1.0000000000000004
12.4                                              0.10323493004330565                               0.10323493004330567                               1.000000000000001
12.4                                              0.10480073620188686                               0.10480073620188686                               0.9999999999999994
12.4                                              0.10939420177487419                               0.10939420177487419                               0.9999999999999994
12.4                                              0.11485575918889704                               0.11485575918889704                               0.9999999999999981
12.4                                              0.1219289559121988                                0.12192895591219881                               1.0000000000000016
12.4                                              0.1288470027772623                                0.12884700277726233                               0.9999999999999981
12.4                                              0.13324303868143567                               0.13324303868143567                               1.0000000000000004
12.4                                              0.13659376466085293                               0.13659376466085293                               1.0000000000000002
12.4                                              0.14514789621999502                               0.14514789621999502                               1.0000000000000007
12.4                                              0.15333234196732276                               0.15333234196732276                               1.0000000000000004
12.4                                              0.15745175600772576                               0.15745175600772576                               1.000000000000001
12.4                                              0.1638070818590887                                0.1638070818590887                                0.9999999999999999
12.4                                              0.16587592172881852                               0.16587592172881852                               1.0000000000000009
12.4                                              0.1720939085188481                                0.1720939085188481                                0.9999999999999992
12.4                                              0.1748580994555762-1.2698351069648458E-16i        0.1748580994555762-1.2698351069648458E-16i        0.9999999999999988
12.4                                              0.18008880319474035+2.77341832274654E-16i         0.18008880319474035+2.77341832274654E-16i         1.0000000000000004
12.600000000000001                                0.04110522900426241                               0.04110522900426241                               0.9999999999999982
12.600000000000001                                0.0432464432481991                                0.0432464432481991                                1.0000000000000007
12.600000000000001                                0.04520869266342512                               0.04520869266342513                               0.9999999999999958
12.600000000000001                                0.06173378982473835                               0.06173378982473835                               1.0000000000000018
12.600000000000001                                0.06444806469874545                               0.06444806469874545                               1.0000000000000013
12.600000000000001                                0.07999130019072054                               0.07999130019072054                               1
12.600000000000001                                0.0820479625794084                                0.0820479625794084                                1.0000000000000013
12.600000000000001                                0.08342463213526356                               0.08342463213526356                               1.0000000000000016
12.600000000000001                                0.08504475518230697                               0.08504475518230697                               0.9999999999999989
12.600000000000001                                0.0876557090590982                                0.08765570905909821                               1.000000000000001
12.600000000000001                                0.09052417968166868                               0.09052417968166869                               1.000000000000002
12.600000000000001                                0.09298752940002138                               0.09298752940002138                               1.000000000000002
12.600000000000001                                0.09461062926065097                               0.09461062926065097                               1.000000000000002
12.600000000000001                                0.09841252610992425                               0.09841252610992425                               1.0000000000000009
12.600000000000001                                0.1040009143430152                                0.1040009143430152                                0.999999999999999
12.600000000000001                                0.10527551362696569                               0.10527551362696569                               0.9999999999999984
12.600000000000001                                0.10857541721934776                               0.10857541721934777                               0.9999999999999991
12.600000000000001                                0.11580530122124401                               0.11580530122124402                               1.0000000000000007
12.600000000000001                                0.12093286136246317                               0.12093286136246317                               0.999999999999998
12.600000000000001                                0.1299785270021119                                0.1299785270021119                                1.0000000000000002
12.600000000000001                                0.13271348195628319                               0.13271348195628319                               0.9999999999999999
12.600000000000001                                0.1354228793354253                                0.1354228793354253                                1
12.600000000000001                                0.14645899440893667                               0.14645899440893667                               1.0000000000000016
12.600000000000001                                0.15198919762185548                               0.1519891976218555                                1.0000000000000007
12.600000000000001                                0.1581091083255936                                0.1581091083255936                                1.0000000000000002
12.600000000000001                                0.1652958272171757                                0.1652958272171757                                1.0000000000000036
12.600000000000001                                0.16599959621992944+4.890483874016954E-17i        0.16599959621992944+4.890483874016954E-17i        1.0000000000000009
12.600000000000001                                0.17058156831764404                               0.17058156831764404                               1.0000000000000007
12.600000000000001                                0.1748202814518033-5.4590132547964645E-17i        0.17482028145180334-5.4590132547964645E-17i       0.9999999999999996
12.600000000000001                                0.17940943955274835+7.451001152832521E-16i        0.17940943955274835+7.451001152832522E-16i        0.9999999999999978
12.8                                              0.041166859528787056                              0.04116685952878706                               1.0000000000000016
12.8                                              0.04324128235150181                               0.04324128235150181                               1.0000000000000024
12.8                                              0.045223133235122996                              0.045223133235123                                 0.9999999999999996
12.8                                              0.061520719032454825                              0.06152071903245483                               1.0000000000000016
12.8                                              0.06473763448734197                               0.06473763448734197                               0.9999999999999997
12.8                                              0.08001135851924113                               0.08001135851924114                               1.0000000000000007
12.8                                              0.08202598829241281                               0.08202598829241281                               1.0000000000000002
12.8                                              0.08362513649711803                               0.08362513649711804                               0.9999999999999994
12.8                                              0.08478546792080607                               0.08478546792080607                               0.9999999999999977
12.8                                              0.08806105139197463                               0.08806105139197463                               0.9999999999999994
12.8                                              0.09008345641330685                               0.09008345641330687                               1.0000000000000009
12.8                                              0.09262329750266018                               0.0926232975026602                                0.9999999999999983
12.8                                              0.09519894828530788                               0.09519894828530788                               0.9999999999999999
12.8                                              0.09779613125013406                               0.09779613125013406                               1.0000000000000013
12.8                                              0.1047689379284284                                0.10476893792842841                               1.0000000000000016
12.8                                              0.1057524605892452                                0.1057524605892452                                0.9999999999999994
12.8                                              0.10778374224316495                               0.10778374224316496                               1.000000000000001
12.8                                              0.1167528517555117                                0.1167528517555117                                1.0000000000000002
12.8                                              0.11996787806852771                               0.11996787806852771                               0.9999999999999996
12.8                                              0.13110224530887313                               0.13110224530887316                               0.9999999999999996
12.8                                              0.1321868331309584                                0.1321868331309584                                0.9999999999999988
12.8                                              0.13428811612811714                               0.13428811612811714                               1.0000000000000013
12.8                                              0.14775499488721014                               0.14775499488721017                               0.999999999999999
12.8                                              0.15068921423369366                               0.15068921423369366                               1.0000000000000013
12.8                                              0.1587681883988007                                0.1587681883988007                                0.9999999999999986
12.8                                              0.16611885166152746-7.858046803654808E-17i        0.16611885166152748-7.858046803654808E-17i        0.9999999999999979
12.8                                              0.16675943963594306+2.058382416690636E-17i        0.16675943963594306+2.058382416690636E-17i        1.0000000000000009
12.8                                              0.16912889180922638                               0.1691288918092264                                0.9999999999999983
12.8                                              0.1747827883579675-1.9451096098319782E-17i        0.1747827883579675-1.9451096098319785E-17i        0.9999999999999989
12.8                                              0.17873526239603235+9.44262981600562E-16i         0.17873526239603235+9.44262981600562E-16i         1.0000000000000007
13                                                0.041224451489865505                              0.041224451489865505                              1.0000000000000004
13                                                0.04324364251383032                               0.04324364251383032                               0.9999999999999968
13                                                0.04523780836418885                               0.04523780836418885                               0.9999999999999977
13                                                0.061309650620646736                              0.06130965062064674                               1.0000000000000018
13                                                0.06502899485600264                               0.06502899485600264                               1.0000000000000022
13                                                0.08003117412696764                               0.08003117412696764                               0.9999999999999986
13                                                0.08201779277054716                               0.08201779277054716                               1.000000000000001
13                                                0.08383010386257354                               0.08383010386257354                               0.9999999999999988
13                                                0.08456048745817352                               0.08456048745817352                               1.0000000000000004
13                                                0.08844343118487158                               0.08844343118487158                               1.0000000000000004
13                                                0.08969215458701589                               0.08969215458701589                               1
13                                                0.09226324454288665                               0.09226324454288666                               0.9999999999999998
13                                                0.0957485424367224                                0.0957485424367224                                0.9999999999999974
13                                                0.09724709831137025                               0.09724709831137027                               0.9999999999999996
13                                                0.1054787147604707                                0.1054787147604707                                1.0000000000000002
13                                                0.10623118311431183                               0.10623118311431184                               0.9999999999999978
13                                                0.1070790020619139                                0.10707900206191391                               0.9999999999999979
13                                                0.11761028411028379                               0.11761028411028379                               0.9999999999999967
13                                                0.11912128687864845                               0.11912128687864845                               1.0000000000000007
13                                                0.13165891527065757                               0.13165891527065757                               1.0000000000000009
13                                                0.13206989430237082                               0.13206989430237082                               1.000000000000002
13                                                0.1333412407185932                                0.1333412407185932                                1
13                                                0.14870309911478868                               0.14870309911478868                               1.0000000000000018
13                                                0.14976469552863128                               0.14976469552863128                               0.9999999999999981
13                                                0.15942887947624113                               0.15942887947624113                               1.0000000000000007
13                                                0.16624649791753482-3.172816347186387E-17i        0.16624649791753482-3.172816347186387E-17i        0.9999999999999996
13                                                0.16728333263489076                               0.16728333263489076                               1.0000000000000002
13                                                0.16863734713480005                               0.16863734713480005                               1.0000000000000004
13                                                0.17474428517915896+4.9353085222048305E-17i       0.174744285179159+4.9353085222048305E-17i         1.0000000000000007
13                                                0.17806767375267019+1.2051971151654662E-15i       0.17806767375267019+1.2051971151654662E-15i       1.0000000000000016
13.200000000000001                                0.04127753085277775                               0.04127753085277775                               0.9999999999999992
13.200000000000001                                0.043253993736094155                              0.043253993736094155                              1.000000000000001
13.200000000000001                                0.045252717117766364                              0.045252717117766364                              1.0000000000000007
13.200000000000001                                0.06110058848736265                               0.061100588487362655                              0.9999999999999996
13.200000000000001                                0.06532213533952477                               0.06532213533952477                               0.9999999999999997
13.200000000000001                                0.08005038895247588                               0.08005038895247588                               1.0000000000000002
13.200000000000001                                0.08202645803728605                               0.08202645803728605                               0.9999999999999981
13.200000000000001                                0.08396935211594295                               0.08396935211594296                               0.9999999999999998
13.200000000000001                                0.08443857155373109                               0.08443857155373109                               0.9999999999999996
13.200000000000001                                0.08866933312837201+1.310712852876629E-17i        0.08866933312837201+1.310712852876629E-17i        1.0000000000000002
13.200000000000001                                0.08948213739490118                               0.0894821373949012                                1.0000000000000002
13.200000000000001                                0.09190933073533815                               0.09190933073533816                               1.000000000000001
13.200000000000001                                0.09601122272871584+1.582339801703475E-17i        0.09601122272871584+1.5823398017034754E-17i       1.0000000000000002
13.200000000000001                                0.09701325452474335                               0.09701325452474337                               1.0000000000000016
13.200000000000001                                0.10570733548056277                               0.10570733548056278                               1.000000000000001
13.200000000000001                                0.10670286410805757                               0.10670286410805757                               1.0000000000000009
13.200000000000001                                0.10689257118492124                               0.10689257118492124                               0.9999999999999996
13.200000000000001                                0.1176485294090802                                0.11764852940908022                               0.9999999999999984
13.200000000000001                                0.11912180591674137                               0.11912180591674137                               1.000000000000001
13.200000000000001                                0.13113803391676968                               0.13113803391676968                               0.9999999999999992
13.200000000000001                                0.13171588699074122                               0.13171588699074122                               1.000000000000001
13.200000000000001                                0.13373924505345425                               0.13373924505345428                               0.9999999999999997
13.200000000000001                                0.14783260748672564                               0.14783260748672564                               0.999999999999999
13.200000000000001                                0.15068607781505292                               0.15068607781505292                               1.0000000000000013
13.200000000000001                                0.16009106255873815                               0.16009106255873815                               0.999999999999999
13.200000000000001                                0.16595576272422824                               0.16595576272422824                               0.9999999999999999
13.200000000000001                                0.16637716944527464+3.505593160555318E-17i        0.16637716944527464+3.505593160555318E-17i        1
13.200000000000001                                0.1700239265499588                                0.1700239265499588                                1.0000000000000004
13.200000000000001                                0.17470219517827928+4.538428236758183E-17i        0.1747021951782793+4.538428236758183E-17i         1.0000000000000002
13.200000000000001                                0.17740934743927045+1.4129074513558083E-15i       0.17740934743927048+1.4129074513558085E-15i       1.0000000000000013
13.4                                              0.04132569680665122                               0.04132569680665123                               1.0000000000000004
13.4                                              0.043272732610933465                              0.04327273261093347                               0.999999999999999
13.4                                              0.045267858662265736                              0.045267858662265736                              1.0000000000000007
13.4                                              0.060893534192455946                              0.06089353419245595                               1.000000000000002
13.4                                              0.0656170474695014                                0.0656170474695014                                0.9999999999999983
13.4                                              0.08006885117011492                               0.08006885117011492                               1.0000000000000007
13.4                                              0.08205303427823987                               0.08205303427823987                               1.000000000000001
13.4                                              0.08390822262899117                               0.08390822262899117                               1.0000000000000007
13.4                                              0.08455379361108618                               0.0845537936110862                                1.0000000000000004
13.4                                              0.0885075071535203                                0.0885075071535203                                0.9999999999999988
13.4                                              0.08967993392335684                               0.08967993392335685                               0.9999999999999977
13.4                                              0.09156634023891785                               0.09156634023891787                               0.9999999999999986
13.4                                              0.09567032726863421                               0.09567032726863421                               1.0000000000000009
13.4                                              0.09741107572276815                               0.09741107572276815                               1.0000000000000016
13.4                                              0.10514592620491091                               0.10514592620491091                               0.9999999999999989
13.4                                              0.10718622202463793                               0.10718622202463793                               0.9999999999999998
13.4                                              0.10751442103973544                               0.10751442103973544                               0.9999999999999996
13.4                                              0.11683770996065845                               0.11683770996065845                               1
13.4                                              0.11999913578267994                               0.11999913578267996                               1.0000000000000004
13.4                                              0.13061045794948517                               0.13061045794948517                               0.9999999999999982
13.4                                              0.13067752432088156+1.8329957245854117E-17i       0.13067752432088156+1.832995724585412E-17i        1
13.4                                              0.13485840849790523                               0.13485840849790523                               1.0000000000000004
13.4                                              0.14657694709503608                               0.14657694709503608                               1.0000000000000022
13.4                                              0.15201974346814656                               0.15201974346814656                               0.999999999999998
13.4                                              0.16075454197621686                               0.16075454197621686                               0.9999999999999989
13.4                                              0.16450994249540807                               0.16450994249540807                               1.0000000000000004
13.4                                              0.16650674655752812+2.1499464860580303E-17i       0.16650674655752812+2.1499464860580303E-17i       0.999999999999999
13.4                                              0.171559533436006                                 0.171559533436006                                 0.9999999999999993
13.4                                              0.17465095014722737-4.163425967414012E-16i        0.17465095014722737-4.1634259674140123E-16i       1.0000000000000022
13.4                                              0.17676598845801372-1.657850432025182E-16i        0.17676598845801372-1.657850432025182E-16i        0.9999999999999999
13.600000000000001                                0.041368656340233866                              0.041368656340233866                              0.9999999999999992
13.600000000000001                                0.043300147762154656                              0.043300147762154656                              1
13.600000000000001                                0.045283232248572516                              0.04528323224857252                               1.0000000000000004
13.600000000000001                                0.06068848805878681                               0.06068848805878681                               1.0000000000000004
13.600000000000001                                0.06591372364227158                               0.06591372364227158                               0.9999999999999998
13.600000000000001                                0.08008665159165236                               0.08008665159165237                               0.9999999999999994
13.600000000000001                                0.08209682548506227                               0.08209682548506228                               0.9999999999999998
13.600000000000001                                0.08374865863225117                               0.08374865863225117                               1.0000000000000004
13.600000000000001                                0.08480443543322089                               0.0848044354332209                                0.9999999999999971
13.600000000000001                                0.08816646016487063                               0.08816646016487063                               1.0000000000000002
13.600000000000001                                0.09005972390890263                               0.09005972390890264                               0.9999999999999999
13.600000000000001                                0.09125147872203106+1.0715401032112927E-17i       0.09125147872203107+1.0715401032112928E-17i       0.9999999999999979
13.600000000000001                                0.09514228686487415                               0.09514228686487415                               1.0000000000000018
13.600000000000001                                0.09802395102533434                               0.09802395102533436                               1.0000000000000004
13.600000000000001                                0.10442835111723078                               0.10442835111723078                               1.000000000000001
13.600000000000001                                0.10767353461604078                               0.10767353461604079                               1.0000000000000007
13.600000000000001                                0.10831827005559592                               0.10831827005559592                               1.0000000000000004
13.600000000000001                                0.11593026068408907                               0.11593026068408907                               0.9999999999999993
13.600000000000001                                0.12100071542915283                               0.12100071542915285                               1.0000000000000018
13.600000000000001                                0.12957473836988467                               0.12957473836988467                               1
13.600000000000001                                0.13010347422166202                               0.13010347422166202                               0.9999999999999998
13.600000000000001                                0.1360513911557375                                0.1360513911557375                                0.9999999999999989
13.600000000000001                                0.14530459181525834                               0.14530459181525834                               0.9999999999999997
13.600000000000001                                0.15339700312228055                               0.15339700312228055                               0.9999999999999994
13.600000000000001                                0.16141861623615864                               0.16141861623615864                               0.999999999999999
13.600000000000001                                0.16306349776536472                               0.16306349776536472                               1.0000000000000004
13.600000000000001                                0.16663952475537014+3.697039661979103E-17i        0.16663952475537014+3.697039661979103E-17i        0.9999999999999984
13.600000000000001                                0.17312255131191812-6.85735130730836E-17i         0.17312255131191812-6.857351307308362E-17i        0.9999999999999997
13.600000000000001                                0.17457692382412177+9.0220226958988E-15i          0.1745769238241218+9.0220226958988E-15i           1.000000000000001
13.600000000000001                                0.1761515112884941-1.2485580082994875E-14i        0.1761515112884941-1.2485580082994877E-14i        1
13.8                                              0.041406252770060804                              0.041406252770060804                              0.9999999999999992
13.8                                              0.04333639132847375                               0.04333639132847376                               0.9999999999999987
13.8                                              0.04529883720027295                               0.04529883720027295                               0.9999999999999998
13.8                                              0.0604854496946909                                0.060485449694690906                              1.0000000000000016
13.8                                              0.06621215656008883                               0.06621215656008883                               0.9999999999999991
13.8                                              0.08010409775403535                               0.08010409775403535                               1.0000000000000004
13.8                                              0.08215523105721356                               0.08215523105721358                               1.0000000000000009
13.8                                              0.08358555253990926                               0.08358555253990926                               1.0000000000000018
13.8                                              0.08509663193609779                               0.08509663193609779                               0.9999999999999993
13.8                                              0.08779846908159283                               0.08779846908159285                               1.0000000000000013
13.8                                              0.09037088584146888                               0.09037088584146888                               1.0000000000000002
13.8                                              0.09106266917544242                               0.09106266917544242                               1.0000000000000022
13.8                                              0.09459228849377192                               0.09459228849377194                               1.0000000000000022
13.8                                              0.098686375145033                                 0.098686375145033                                 1.000000000000002
13.8                                              0.10369737145010273                               0.10369737145010273                               1
13.8                                              0.10816120388066948-1.5094367949757038E-17i       0.10816120388066948-1.5094367949757038E-17i       1.0000000000000002
13.8                                              0.10916472946319844                               0.10916472946319844                               0.9999999999999998
13.8                                              0.11501941714774398                               0.115019417147744                                 0.9999999999999999
13.8                                              0.12203308603159363                               0.12203308603159364                               0.9999999999999984
13.8                                              0.12848722768017015                               0.12848722768017015                               1.0000000000000004
13.8                                              0.1295884083112868                                0.12958840831128682                               1.0000000000000004
13.8                                              0.13726688835370976                               0.13726688835370976                               0.9999999999999991
13.8                                              0.1440425118545649                                0.1440425118545649                                0.9999999999999993
13.8                                              0.15479039499679423                               0.15479039499679423                               0.9999999999999986
13.8                                              0.16162181553565774                               0.16162181553565774                               1
13.8                                              0.16209309507647926                               0.16209309507647926                               1.0000000000000027
13.8                                              0.16677476734014066                               0.16677476734014066                               1.0000000000000013
13.8                                              0.17443856568322946-3.005271694939116E-14i        0.17443856568322946-3.005271694939116E-14i        1.0000000000000016
13.8                                              0.17470164467965865-2.9075025951999434E-15i       0.17470164467965865-2.9075025951999434E-15i       1.0000000000000002
13.8                                              0.17560367899774823-7.237023564847452E-14i        0.17560367899774826-7.237023564847452E-14i        1.0000000000000009
14                                                0.041438482234318216                              0.041438482234318216                              0.9999999999999992
14                                                0.04338146247902511                               0.04338146247902511                               1.0000000000000007
14                                                0.045314672904465954                              0.045314672904465954                              1.0000000000000009
14                                                0.06028441826460505                               0.06028441826460505                               0.9999999999999976
14                                                0.06651233891784529                               0.06651233891784529                               0.9999999999999994
14                                                0.08012163491678578                               0.08012163491678578                               1.0000000000000013
14                                                0.08222309195911325                               0.08222309195911325                               0.9999999999999988
14                                                0.08344351540108319                               0.08344351540108319                               0.9999999999999999
14                                                0.08540735148523734                               0.08540735148523736                               0.9999999999999993
14                                                0.08743691164373465                               0.08743691164373467                               1.0000000000000002
14                                                0.09030319641617582                               0.09030319641617583                               1.0000000000000007
14                                                0.09127537084865113                               0.09127537084865114                               1.0000000000000016
14                                                0.09405222006341064                               0.09405222006341064                               0.9999999999999992
14                                                0.09936555446617888                               0.09936555446617888                               1.000000000000002
14                                                0.10297981635831488                               0.1029798163583149                                1.000000000000002
14                                                0.10865034278060176-1.6507651262993574E-17i       0.10865034278060176-1.6507651262993574E-17i       1.0000000000000004
14                                                0.11002504080862005-1.66308408446857E-17i         0.11002504080862005-1.66308408446857E-17i         1.0000000000000002
14                                                0.1141257097587765                                0.11412570975877652                               1.0000000000000002
14                                                0.12307469596519757                               0.12307469596519759                               1.0000000000000007
14                                                0.12742000007393064                               0.12742000007393064                               0.9999999999999986
14                                                0.12907620484816204                               0.12907620484816204                               1.0000000000000013
14                                                0.13848736098109354                               0.13848736098109354                               1.000000000000002
14                                                0.14280459756224564                               0.14280459756224564                               1.0000000000000036
14                                                0.15618337025400725                               0.15618337025400725                               0.9999999999999999
14                                                0.1602216240548581                                0.1602216240548581                                0.9999999999999994
14                                                0.1627551393017786                                0.1627551393017786                                0.9999999999999981
14                                                0.1669126426230366                                0.1669126426230366                                1
14                                                0.17416314657224513-2.8972738138999433E-15i       0.17416314657224513-2.8972738138999437E-15i       0.9999999999999998
14                                                0.17520513101952373+3.2573101695074485E-14i       0.17520513101952373+3.2573101695074485E-14i       1.0000000000000002
14                                                0.17626648437359962-3.7989589311230725E-16i       0.17626648437359965-3.798958931123073E-16i        1.0000000000000002
14.200000000000001                                0.04146549431860705                               0.041465494318607056                              0.9999999999999993
14.200000000000001                                0.043435206794777886                              0.043435206794777886                              1.0000000000000013
14.200000000000001                                0.045330738804741776                              0.045330738804741776                              0.9999999999999976
14.200000000000001                                0.060085392639427554                              0.060085392639427554                              1.000000000000001
14.200000000000001                                0.06681426320253572                               0.06681426320253572                               1
14.200000000000001                                0.08013973946615593                               0.08013973946615593                               0.9999999999999989
14.200000000000001                                0.08229151474041686                               0.08229151474041688                               1.0000000000000002
14.200000000000001                                0.08333631615034248                               0.08333631615034248                               1.0000000000000002
14.200000000000001                                0.08572230839102105                               0.08572230839102105                               1.0000000000000018
14.200000000000001                                0.08709827734274844                               0.08709827734274846                               0.999999999999997
14.200000000000001                                0.09002071347652213                               0.09002071347652214                               0.9999999999999996
14.200000000000001                                0.09170340887642386                               0.09170340887642388                               1.000000000000002
14.200000000000001                                0.09354384118678083                               0.09354384118678083                               1
14.200000000000001                                0.10003557629718539                               0.10003557629718539                               1
14.200000000000001                                0.10230015288800118                               0.10230015288800119                               1.0000000000000009
14.200000000000001                                0.10914126389967493                               0.10914126389967493                               0.999999999999999
14.200000000000001                                0.11086899637838805                               0.11086899637838805                               1.0000000000000009
14.200000000000001                                0.11327730431368455                               0.11327730431368455                               0.9999999999999999
14.200000000000001                                0.12408835252401229                               0.1240883525240123                                0.9999999999999988
14.200000000000001                                0.12640905599764748                               0.12640905599764748                               0.9999999999999989
14.200000000000001                                0.1285666122273202                                0.1285666122273202                                1.0000000000000007
14.200000000000001                                0.13965800421039917                               0.13965800421039917                               1.0000000000000013
14.200000000000001                                0.14164462034604086                               0.14164462034604086                               1.0000000000000004
14.200000000000001                                0.15747437026943217                               0.15747437026943217                               0.999999999999999
14.200000000000001                                0.15894528232686397                               0.15894528232686397                               1.0000000000000009
14.200000000000001                                0.1634226503126031                                0.1634226503126031                                0.9999999999999984
14.200000000000001                                0.16705348462058714                               0.16705348462058714                               0.9999999999999989
14.200000000000001                                0.17369954016991862-1.3724127704854416E-15i       0.17369954016991865-1.3724127704854418E-15i       1.000000000000001
14.200000000000001                                0.17499899237057548+2.3754443082715582E-14i       0.17499899237057548+2.3754443082715582E-14i       1.0000000000000013
14.200000000000001                                0.17746975360262054+4.773757816494731E-15i        0.17746975360262054+4.773757816494732E-15i        1.0000000000000007
14.4                                              0.04148757664107496                               0.04148757664107496                               0.9999999999999996
14.4                                              0.04349733168849918                               0.04349733168849919                               0.9999999999999984
14.4                                              0.045347034396050354                              0.045347034396050354                              1.000000000000002
14.4                                              0.05988837148504355                               0.05988837148504356                               1.0000000000000018
14.4                                              0.06711792154547684                               0.06711792154547684                               0.9999999999999982
14.4                                              0.08015881380590344                               0.08015881380590344                               0.9999999999999971
14.4                                              0.08234723166860664                               0.08234723166860664                               1.0000000000000007
14.4                                              0.08327874566966273                               0.08327874566966274                               1.0000000000000027
14.4                                              0.08600377547379821                               0.08600377547379821                               0.9999999999999994
14.4                                              0.086820357154562                                 0.08682035715456202                               0.9999999999999996
14.4                                              0.08970004092201048                               0.08970004092201049                               0.9999999999999994
14.4                                              0.09209787516048626                               0.09209787516048626                               1.0000000000000013
14.4                                              0.09313996215573575                               0.09313996215573575                               1
14.4                                              0.10058674746640721                               0.10058674746640722                               1.0000000000000004
14.4                                              0.10176756910243744                               0.10176756910243745                               0.9999999999999994
14.4                                              0.1096340727566107                                0.1096340727566107                                0.9999999999999993
14.4                                              0.1115117462393247                                0.1115117462393247                                0.9999999999999989
14.4                                              0.11265833074075374                               0.11265833074075374                               0.9999999999999974
14.4                                              0.12470889992620035                               0.12470889992620035                               1.0000000000000002
14.4                                              0.12581901114367658                               0.12581901114367658                               1.0000000000000009
14.4                                              0.1280596367688423                                0.1280596367688423                                1.0000000000000013
14.4                                              0.13998563122805618                               0.1399856312280562                                1.000000000000001
14.4                                              0.14135536013240807                               0.14135536013240807                               0.9999999999999993
14.4                                              0.15719294261790065                               0.15719294261790065                               0.9999999999999997
14.4                                              0.1592667192155069                                0.15926671921550692                               1.0000000000000004
14.4                                              0.16409094964157606                               0.16409094964157606                               0.9999999999999982
14.4                                              0.16719787242135925                               0.16719787242135925                               0.9999999999999976
14.4                                              0.17312823383979714+3.928640067063522E-16i        0.17312823383979717+3.928640067063522E-16i        0.9999999999999999
14.4                                              0.1749072251226066+1.4440807529440077E-14i        0.17490722512260662+1.444080752944008E-14i        1.0000000000000018
14.4                                              0.1763180562635176+1.678582224104162E-15i         0.17631805626351763+1.6785822241041622E-15i       1.0000000000000009
14.600000000000001                                0.04150512696036288                               0.04150512696036288                               1.0000000000000002
14.600000000000001                                0.04356743430010043                               0.04356743430010043                               1.0000000000000007
14.600000000000001                                0.04536355922141822                               0.04536355922141822                               0.9999999999999999
14.600000000000001                                0.05969335331716359                               0.05969335331716359                               1.0000000000000009
14.600000000000001                                0.06742330559744619                               0.06742330559744619                               1
14.600000000000001                                0.080179104765606                                 0.080179104765606                                 0.9999999999999982
14.600000000000001                                0.08237661713453134                               0.08237661713453134                               0.999999999999999
14.600000000000001                                0.0832848952967874                                0.0832848952967874                                1.0000000000000013
14.600000000000001                                0.08609189770724826                               0.08609189770724827                               0.9999999999999996
14.600000000000001                                0.08676172060269965                               0.08676172060269967                               0.9999999999999986
14.600000000000001                                0.089373253532924                                 0.08937325353292401                               0.9999999999999988
14.600000000000001                                0.09211536449775962                               0.09211536449775963                               0.9999999999999989
14.600000000000001                                0.09315331759711618                               0.09315331759711619                               0.9999999999999996
14.600000000000001                                0.10051324523876931                               0.10051324523876931                               0.9999999999999999
14.600000000000001                                0.10188765006481192                               0.10188765006481192                               1
14.600000000000001                                0.11012879656994995                               0.11012879656994995                               0.9999999999999993
14.600000000000001                                0.11119129840945169                               0.1111912984094517                                0.9999999999999999
14.600000000000001                                0.11303047393349433                               0.11303047393349433                               0.9999999999999996
14.600000000000001                                0.12402489826445286                               0.12402489826445286                               1.0000000000000013
14.600000000000001                                0.1265606777105496                                0.1265606777105496                                0.9999999999999982
14.600000000000001                                0.12755565803316027-1.526298827802074E-17i        0.12755565803316027-1.526298827802074E-17i        1.0000000000000002
14.600000000000001                                0.1389409483389728                                0.1389409483389728                                1.0000000000000013
14.600000000000001                                0.14246590895113162                               0.14246590895113162                               1.0000000000000016
14.600000000000001                                0.15588162931841207                               0.15588162931841207                               0.9999999999999998
14.600000000000001                                0.1606423990618141                                0.16064239906181413                               1
14.600000000000001                                0.16475938359453213                               0.16475938359453213                               0.9999999999999988
14.600000000000001                                0.16734686981676666-4.387903076303799E-17i        0.16734686981676666-4.387903076303799E-17i        0.9999999999999997
14.600000000000001                                0.17251493922569971+9.206900699946325E-17i        0.17251493922569971+9.206900699946325E-17i        0.9999999999999994
14.600000000000001                                0.17479458159957328-4.2284176128443314E-14i       0.17479458159957328-4.228417612844332E-14i        1.0000000000000002
14.600000000000001                                0.1748656826802508+9.057892073665349E-14i         0.1748656826802508+9.057892073665349E-14i         1.0000000000000004
14.8                                              0.04151861869972328                               0.04151861869972328                               1.0000000000000009
14.8                                              0.04364503597373292                               0.043645035973732926                              1.0000000000000009
14.8                                              0.045380312870477287                              0.045380312870477287                              1.0000000000000036
14.8                                              0.059500336536773266                              0.059500336536773266                              0.9999999999999997
14.8                                              0.06773040640998537                               0.06773040640998537                               0.9999999999999988
14.8                                              0.0802006573368077                                0.0802006573368077                                1.0000000000000007
14.8                                              0.0823762041410483                                0.0823762041410483                                0.9999999999999994
14.8                                              0.08335825087914406                               0.08335825087914407                               0.9999999999999993
14.8                                              0.08590071758163267                               0.08590071758163267                               1.000000000000001
14.8                                              0.08700468174312662                               0.08700468174312662                               1.0000000000000013
14.8                                              0.08905107469957346                               0.08905107469957348                               1
14.8                                              0.09174214839333424                               0.09174214839333424                               1.0000000000000007
14.8                                              0.09359040675195855                               0.09359040675195855                               1.0000000000000004
14.8                                              0.09995256813871184                               0.09995256813871184                               0.9999999999999991
14.8                                              0.10252273826012064                               0.10252273826012065                               0.9999999999999991
14.8                                              0.11041896535327902                               0.11041896535327902                               0.9999999999999996
14.8                                              0.11062589300160064                               0.11062589300160064                               0.9999999999999998
14.8                                              0.11388179980408182                               0.11388179980408183                               1.0000000000000022
14.8                                              0.12304679541571106                               0.12304679541571108                               0.9999999999999992
14.8                                              0.12705068361279948                               0.12705068361279948                               0.9999999999999987
14.8                                              0.12762745096289088                               0.12762745096289088                               1.0000000000000004
14.8                                              0.13776870955970252                               0.13776870955970252                               1.0000000000000016
14.8                                              0.14373137215477838                               0.14373137215477838                               0.9999999999999996
14.8                                              0.15452639799318027                               0.15452639799318027                               1.000000000000002
14.8                                              0.16208421603928613                               0.16208421603928616                               1.0000000000000009
14.8                                              0.16542722232716012-1.97647688154882E-17i         0.16542722232716012-1.97647688154882E-17i         1.0000000000000002
14.8                                              0.1675026366210431-1.5450360490768527E-16i        0.1675026366210431-1.5450360490768527E-16i        1.0000000000000013
14.8                                              0.1718852409796583+6.716709236345618E-17i         0.1718852409796583+6.716709236345618E-17i         0.999999999999999
14.8                                              0.1732648059522064-7.965629120640579E-16i         0.1732648059522064-7.965629120640579E-16i         1.0000000000000016
14.8                                              0.1748462652274746+1.7237134604831618E-15i        0.17484626522747462+1.7237134604831618E-15i       0.9999999999999997
15                                                0.041528566042336776                              0.041528566042336776                              1.0000000000000013
15                                                0.043729617161694656                              0.043729617161694656                              0.9999999999999992
15                                                0.04539729498011794                               0.04539729498011794                               0.9999999999999978
15                                                0.05930931945411916                               0.059309319454119165                              1.0000000000000004
15                                                0.0680392143124168                                0.0680392143124168                                1.0000000000000009
15                                                0.08022330788424682                               0.08022330788424682                               0.9999999999999981
15                                                0.08235627362661785                               0.08235627362661785                               0.9999999999999982
15                                                0.08348818377698655                               0.08348818377698655                               1.0000000000000016
15                                                0.0856329317685244                                0.08563293176852442                               1.0000000000000007
15                                                0.08733553529290893                               0.08733553529290893                               0.9999999999999992
15                                                0.08874659790987925                               0.08874659790987927                               0.9999999999999983
15                                                0.09129102934206695                               0.09129102934206697                               0.9999999999999991
15                                                0.09413583432500801                               0.09413583432500801                               0.9999999999999992
15                                                0.09932011315598314                               0.09932011315598314                               1.0000000000000018
15                                                0.1032572500801099                                0.1032572500801099                                1.0000000000000024
15                                                0.10960244716967169                               0.10960244716967169                               1.000000000000001
15                                                0.11112430104986974                               0.11112430104986976                               1.0000000000000007
15                                                0.11480550422310364                               0.11480550422310364                               1.0000000000000013
15                                                0.12204836043259659                               0.1220483604325966                                0.9999999999999998
15                                                0.12655243972779096                               0.12655243972779096                               0.9999999999999984
15                                                0.128737662698381                                 0.128737662698381                                 0.9999999999999991
15                                                0.13659265144895588                               0.13659265144895588                               0.9999999999999987
15                                                0.14502779108597919                               0.14502779108597919                               1.0000000000000002
15                                                0.15317684871090723                               0.15317684871090723                               1.000000000000001
15                                                0.1635378235324305                                0.1635378235324305                                0.9999999999999984
15                                                0.1660930097713395-8.725352901033527E-17i         0.1660930097713395-8.725352901033527E-17i         1.0000000000000016
15                                                0.16767023899405814-6.67772551591374E-16i         0.16767023899405814-6.67772551591374E-16i         0.9999999999999998
15                                                0.17124849788528917-5.601172549537811E-16i        0.17124849788528917-5.601172549537811E-16i        0.9999999999999998
15                                                0.17174612487097687-1.1036389644241938E-15i       0.17174612487097687-1.1036389644241938E-15i       1.000000000000001
15                                                0.17484280737549768+5.072222622372427E-16i        0.17484280737549768+5.072222622372427E-16i        1.0000000000000018
15.200000000000001                                0.041535493324199334                              0.041535493324199334                              1
15.200000000000001                                0.04382064802799948                               0.04382064802799949                               0.9999999999999997
15.200000000000001                                0.04541450523764351                               0.04541450523764351                               1.000000000000005
15.200000000000001                                0.059120300305476055                              0.05912030030547606                               0.9999999999999992
15.200000000000001                                0.0683497187764533                                0.0683497187764533                                1.000000000000002
15.200000000000001                                0.08024671676514857                               0.08024671676514857                               0.9999999999999982
15.200000000000001                                0.08233121674096963                               0.08233121674096963                               0.9999999999999999
15.200000000000001                                0.08365926023647476                               0.08365926023647476                               0.9999999999999994
15.200000000000001                                0.08536085486269736                               0.08536085486269737                               1.0000000000000007
15.200000000000001                                0.08763738868173179                               0.08763738868173179                               1.0000000000000007
15.200000000000001                                0.08850444163470039                               0.08850444163470039                               0.9999999999999983
15.200000000000001                                0.0908360575896403                                0.09083605758964032                               1.0000000000000007
15.200000000000001                                0.09471412383235533                               0.09471412383235533                               0.9999999999999999
15.200000000000001                                0.09868600972583963                               0.09868600972583964                               1.0000000000000007
15.200000000000001                                0.1040206267055635                                0.1040206267055635                                1.0000000000000007
15.200000000000001                                0.10879012023399746                               0.10879012023399748                               1.000000000000001
15.200000000000001                                0.11162493961778178                               0.11162493961778178                               0.9999999999999997
15.200000000000001                                0.1157518739705764                                0.11575187397057642                               0.9999999999999983
15.200000000000001                                0.1210599565290095                                0.1210599565290095                                0.9999999999999994
15.200000000000001                                0.12605556044943758                               0.12605556044943758                               1.000000000000001
15.200000000000001                                0.1298657611676146                                0.1298657611676146                                0.9999999999999998
15.200000000000001                                0.1354310776342107                                0.1354310776342107                                1.0000000000000004
15.200000000000001                                0.14633596450038294                               0.14633596450038294                               1.0000000000000009
15.200000000000001                                0.15184534724373952                               0.15184534724373952                               0.9999999999999973
15.200000000000001                                0.16497808207340414                               0.16497808207340417                               0.9999999999999986
15.200000000000001                                0.16675174436112053-1.3194924141328263E-15i       0.16675174436112053-1.3194924141328265E-15i       1.0000000000000002
15.200000000000001                                0.16786428284998428-3.3903144952645406E-15i       0.1678642828499843-3.3903144952645406E-15i        1.0000000000000002
15.200000000000001                                0.17024671343541153+4.311324444810196E-16i        0.17024671343541153+4.3113244448101967E-16i       0.9999999999999991
15.200000000000001                                0.1706125396666869+5.073120406562491E-16i         0.1706125396666869+5.073120406562491E-16i         1.0000000000000007
15.200000000000001                                0.17485109148472738+3.14909374616876E-16i         0.17485109148472738+3.14909374616876E-16i         0.9999999999999986
15.4                                              0.04153991129334983                               0.04153991129334983                               1.0000000000000002
15.4                                              0.04391761218217228                               0.04391761218217228                               1
15.4                                              0.045431943387309597                              0.045431943387309597                              0.9999999999999988
15.4                                              0.058933277265395254                              0.05893327726539526                               1.0000000000000004
15.4                                              0.06866190826140561                               0.06866190826140561                               1.0000000000000007
15.4                                              0.08027043689804428                               0.08027043689804428                               1.0000000000000002
15.4                                              0.0823119503777736                                0.0823119503777736                                1.0000000000000009
15.4                                              0.08385757535350602                               0.08385757535350602                               1.0000000000000002
15.4                                              0.08510261205566852                               0.08510261205566852                               1.000000000000001
15.4                                              0.0877212400194728+2.1003981644454637E-17i        0.0877212400194728+2.1003981644454637E-17i        1.0000000000000009
15.4                                              0.0884928843212974-2.218386133530678E-17i         0.0884928843212974-2.2183861335306782E-17i        1.0000000000000029
15.4                                              0.09039847803233778                               0.09039847803233778                               0.9999999999999987
15.4                                              0.09530221230062383                               0.09530221230062384                               0.9999999999999991
15.4                                              0.09807148321645981                               0.09807148321645982                               0.999999999999998
15.4                                              0.10478992124043732                               0.10478992124043732                               0.9999999999999996
15.4                                              0.10800135614947642                               0.10800135614947644                               0.9999999999999988
15.4                                              0.1121275670831434                                0.1121275670831434                                0.9999999999999997
15.4                                              0.11669959571775759                               0.11669959571775759                               0.9999999999999996
15.4                                              0.12009943967379068                               0.12009943967379068                               1.0000000000000007
15.4                                              0.12556106369820727                               0.12556106369820727                               0.9999999999999996
15.4                                              0.13098924829573327                               0.13098924829573327                               0.9999999999999998
15.4                                              0.1343029667533786                                0.1343029667533786                                1.0000000000000009
15.4                                              0.1476295548342519                                0.1476295548342519                                0.9999999999999994
15.4                                              0.15055665309138738                               0.15055665309138738                               1
15.4                                              0.16633572655420248+2.3906053013310905E-17i       0.16633572655420248+2.390605301331091E-17i        1.0000000000000007
15.4                                              0.16736932090368065-2.770513853621899E-14i        0.16736932090368067-2.7705138536218993E-14i       0.999999999999999
15.4                                              0.1681306287382049-3.6544579458865947E-14i        0.1681306287382049-3.6544579458865947E-14i        0.9999999999999984
15.4                                              0.1688277209637427+3.928555743406019E-15i         0.1688277209637427+3.928555743406019E-15i         1
15.4                                              0.16997358822643083+1.4545706321847755E-15i       0.16997358822643083+1.4545706321847755E-15i       1.0000000000000004
15.4                                              0.17487025833031106+2.245112890815757E-16i        0.17487025833031106+2.245112890815757E-16i        0.9999999999999999
15.600000000000001                                0.041542300815301164                              0.041542300815301164                              0.9999999999999984
15.600000000000001                                0.04402002296193773                               0.04402002296193773                               0.9999999999999991
15.600000000000001                                0.04544960924168465                               0.04544960924168465                               0.999999999999999
15.600000000000001                                0.058748248455988424                              0.05874824845598843                               0.9999999999999998
15.600000000000001                                0.06897577003264914                               0.06897577003264914                               0.9999999999999999
15.600000000000001                                0.08029400912112983                               0.08029400912112984                               1.0000000000000002
15.600000000000001                                0.08230510685333353                               0.08230510685333353                               0.999999999999998
15.600000000000001                                0.08406631649402617                               0.08406631649402617                               1.0000000000000009
15.600000000000001                                0.08487307219973683                               0.08487307219973685                               1.0000000000000002
15.600000000000001                                0.08752317803441945                               0.08752317803441946                               0.9999999999999982
15.600000000000001                                0.08874870301493254                               0.08874870301493254                               0.9999999999999987
15.600000000000001                                0.09000596069115777                               0.09000596069115777                               0.9999999999999997
15.600000000000001                                0.0958648276787061                                0.0958648276787061                                0.9999999999999998
15.600000000000001                                0.09751114054429447                               0.09751114054429447                               1.0000000000000009
15.600000000000001                                0.10551801894688015                               0.10551801894688015                               0.9999999999999996
15.600000000000001                                0.10728218707333112                               0.10728218707333112                               0.9999999999999996
15.600000000000001                                0.1126321743789146                                0.11263217437891461                               1.0000000000000004
15.600000000000001                                0.11757963678364577                               0.11757963678364577                               1.0000000000000004
15.600000000000001                                0.11923480373213265                               0.11923480373213265                               0.9999999999999974
15.600000000000001                                0.12506903440609424                               0.12506903440609424                               1.000000000000001
15.600000000000001                                0.13198267366993716                               0.13198267366993716                               1.000000000000001
15.600000000000001                                0.13333287837629704                               0.13333287837629704                               1.0000000000000013
15.600000000000001                                0.14858180121829287                               0.1485818012182929                                0.9999999999999988
15.600000000000001                                0.1496369691405871                                0.1496369691405871                                0.9999999999999986
15.600000000000001                                0.16696254529538732+6.465663644705347E-17i        0.16696254529538732+6.465663644705347E-17i        1.000000000000002
15.600000000000001                                0.1675684969391374+1.025643705032987E-13i         0.1675684969391374+1.0256437050329871E-13i        1.0000000000000002
15.600000000000001                                0.16812155006655685-1.2748790616148107E-13i       0.16812155006655688-1.2748790616148107E-13i       0.9999999999999993
15.600000000000001                                0.16885229375025962+3.620948627007863E-14i        0.16885229375025962+3.620948627007863E-14i        0.9999999999999999
15.600000000000001                                0.16934068562955196+9.295066944058526E-15i        0.16934068562955196+9.295066944058526E-15i        0.9999999999999982
15.600000000000001                                0.17490091195833862-1.1005555383785837E-16i       0.17490091195833865-1.1005555383785837E-16i       0.9999999999999989
15.8                                              0.041543103261061864                              0.041543103261061864                              1.0000000000000013
15.8                                              0.04412743302579635+4.969702189392248E-18i        0.04412743302579636+4.969702189392249E-18i        1.000000000000002
15.8                                              0.04546750270026296+7.48653796900672E-18i         0.045467502700262966+7.48653796900672E-18i        1.0000000000000002
15.8                                              0.05856521195420468                               0.058565211954204686                              0.9999999999999993
15.8                                              0.06929128994492745                               0.06929128994492746                               0.9999999999999994
15.8                                              0.08031706653968443                               0.08031706653968443                               1.0000000000000013
15.8                                              0.08231425144718285                               0.08231425144718285                               1.0000000000000004
15.8                                              0.0842344825071155                                0.0842344825071155                                1.0000000000000004
15.8                                              0.0847213770059941                                0.0847213770059941                                1.0000000000000016
15.8                                              0.0872360468053085                                0.0872360468053085                                1.000000000000002
15.8                                              0.08896409047295002                               0.08896409047295002                               1.0000000000000022
15.8                                              0.08977391871297083                               0.08977391871297083                               1.0000000000000009
15.8                                              0.0962140414415263                                0.09621404144152632                               0.9999999999999996
15.8                                              0.097192577306411                                 0.09719257730641101                               1.0000000000000009
15.8                                              0.10587105645679176                               0.10587105645679176                               1.0000000000000009
15.8                                              0.10696604741809129                               0.10696604741809129                               1.0000000000000007
15.8                                              0.11313875854061406                               0.11313875854061406                               0.9999999999999986
15.8                                              0.11776540692409282                               0.11776540692409282                               1.0000000000000009
15.8                                              0.11909221500017292                               0.11909221500017293                               1.0000000000000018
15.8                                              0.12457949602656658                               0.12457949602656658                               1
15.8                                              0.13174426447798293                               0.13174426447798293                               1.000000000000001
15.8                                              0.13362221894819148                               0.13362221894819148                               0.9999999999999974
15.8                                              0.1477252346490987                                0.1477252346490987                                0.9999999999999998
15.8                                              0.1505535052170321                                0.15055350521703212                               1.0000000000000033
15.8                                              0.16566438552199914                               0.16566438552199916                               0.9999999999999997
15.8                                              0.1679516804642035                                0.1679516804642035                                1
15.8                                              0.16869135733497945-2.5081402975475257E-17i       0.16869135733497945-2.5081402975475257E-17i       0.9999999999999999
15.8                                              0.1687170963086984-2.557516398428176E-17i         0.1687170963086984-2.557516398428176E-17i         1.000000000000002
15.8                                              0.17005245469472427                               0.1700524546947243                                0.9999999999999992
15.8                                              0.17494499708492933                               0.17494499708492933                               0.999999999999999
16                                                0.04154271617352377                               0.04154271617352377                               0.9999999999999996
16                                                0.044239438655601274                              0.044239438655601274                              0.9999999999999993
16                                                0.04548562377976607                               0.04548562377976607                               1
16                                                0.05838416579785118                               0.05838416579785118                               1.0000000000000009
16                                                0.06960845218043317                               0.06960845218043317                               0.9999999999999998
16                                                0.08033942221658223                               0.08033942221658223                               0.9999999999999999
16                                                0.08234080759708073                               0.08234080759708073                               0.9999999999999987
16                                                0.0842206938394149                                0.0842206938394149                                0.9999999999999994
16                                                0.08478765576151015                               0.08478765576151016                               0.9999999999999984
16                                                0.0869279811388708                                0.08692798113887082                               1.0000000000000002
16                                                0.0888288054051108                                0.08882880540511082                               0.9999999999999998
16                                                0.08994501012221467                               0.08994501012221469                               0.9999999999999989
16                                                0.09595394962214286                               0.09595394962214286                               1.0000000000000013
16                                                0.0975114772442005                                0.0975114772442005                                0.9999999999999989
16                                                0.10538056680964675                               0.10538056680964676                               1.0000000000000009
16                                                0.10752118371705305                               0.10752118371705305                               1
16                                                0.11364731718620436                               0.11364731718620437                               1.0000000000000009
16                                                0.11699614091099912                               0.11699614091099912                               0.9999999999999989
16                                                0.11993221710088899                               0.11993221710088899                               0.9999999999999981
16                                                0.12409246250449632                               0.12409246250449632                               0.9999999999999994
16                                                0.13071749544435726                               0.13071749544435726                               1
16                                                0.1347273169321546                                0.1347273169321546                                1.0000000000000009
16                                                0.14648121650992874                               0.14648121650992874                               1.0000000000000002
16                                                0.15188473579057515                               0.15188473579057515                               1.0000000000000009
16                                                0.16423026232765364                               0.16423026232765364                               0.9999999999999997
16                                                0.16800490091562875-3.878636106197143E-16i        0.16800490091562875-3.878636106197143E-16i        0.9999999999999984
16                                                0.16824948849813137-1.8810154772485704E-14i       0.16824948849813137-1.8810154772485704E-14i       1.0000000000000009
16                                                0.16935438225799615+8.441649391996211E-16i        0.16935438225799618+8.441649391996212E-16i        1.0000000000000009
16                                                0.17148799282423874+7.328007023841688E-16i        0.17148799282423874+7.328007023841688E-16i        0.9999999999999988
16                                                0.17500651817627544-2.971580139943392E-15i        0.17500651817627544-2.971580139943392E-15i        1
16.2                                              0.041541492693254634                              0.041541492693254634                              0.9999999999999992
16.2                                              0.04435568027995644                               0.04435568027995644                               1.0000000000000022
16.2                                              0.0455039726639011                                0.0455039726639011                                1.0000000000000047
16.2                                              0.05820510799069168                               0.05820510799069168                               1.0000000000000016
16.2                                              0.0699272389286892                                0.0699272389286892                                0.9999999999999986
16.2                                              0.08036111422487761                               0.08036111422487761                               1.000000000000002
16.2                                              0.08238443947192428                               0.08238443947192428                               1.0000000000000004
16.2                                              0.0840749230624156                                0.0840749230624156                                0.999999999999999
16.2                                              0.08502078034231961                               0.08502078034231962                               1.0000000000000004
16.2                                              0.08661556180965198                               0.08661556180965199                               0.9999999999999999
16.2                                              0.08849813026114575                               0.08849813026114575                               1.0000000000000013
16.2                                              0.09034851267066046                               0.09034851267066046                               0.9999999999999988
16.2                                              0.0954436660600672                                0.09544366606006721                               0.9999999999999988
16.2                                              0.0981085211734663                                0.0981085211734663                                0.9999999999999978
16.2                                              0.10467796552965654                               0.10467796552965654                               0.9999999999999999
16.2                                              0.10831601513516087                               0.10831601513516087                               0.9999999999999988
16.2                                              0.11415784761970191                               0.11415784761970191                               1.0000000000000007
16.2                                              0.11610081462351644                               0.11610081462351646                               1.0000000000000016
16.2                                              0.12092565519474044                               0.12092565519474044                               0.999999999999999
16.2                                              0.12360795785336366                               0.12360795785336368                               1.0000000000000007
16.2                                              0.12963584120770158                               0.12963584120770158                               1.0000000000000007
16.2                                              0.13591452695840517                               0.13591452695840517                               0.9999999999999971
16.2                                              0.14522038513758184                               0.14522038513758184                               1
16.2                                              0.15325982425983173                               0.15325982425983173                               1.0000000000000002
16.2                                              0.1627962893564177                                0.16279628935641774                               0.9999999999999997
16.2                                              0.1674112528599866-3.780169458848513E-16i         0.16741125285998662-3.780169458848513E-16i        1.0000000000000004
16.2                                              0.1683980466888242-3.2710361348040776E-15i        0.1683980466888242-3.2710361348040776E-15i        1.000000000000001
16.2                                              0.16998969278309461+6.487248458096089E-16i        0.16998969278309461+6.48724845809609E-16i         1.0000000000000009
16.2                                              0.17299035757972758+6.240658730499068E-16i        0.17299035757972758+6.240658730499069E-16i        0.999999999999998
16.2                                              0.17509527990807372-3.572825116071441E-15i        0.17509527990807372-3.572825116071441E-15i        1.0000000000000002
16.400000000000002                                0.041539743407737015                              0.041539743407737015                              1.000000000000003
16.400000000000002                                0.044475840539633486                              0.044475840539633486                              0.9999999999999993
16.400000000000002                                0.045522549787525485                              0.04552254978752549                               1
16.400000000000002                                0.0580280365069884                                0.05802803650698841                               1.0000000000000004
16.400000000000002                                0.0702476299916487                                0.0702476299916487                                1.0000000000000002
16.400000000000002                                0.08038239340794773                               0.08038239340794773                               0.9999999999999998
16.400000000000002                                0.08244298919817891                               0.08244298919817891                               1.0000000000000018
16.400000000000002                                0.0839154952342408                                0.0839154952342408                                1.0000000000000004
16.400000000000002                                0.08529903586339611                               0.08529903586339611                               1.0000000000000018
16.400000000000002                                0.0863078786853714                                0.0863078786853714                                0.9999999999999999
16.400000000000002                                0.08813556838232892                               0.08813556838232892                               1.0000000000000007
16.400000000000002                                0.09081573838099932                               0.09081573838099932                               1.0000000000000007
16.400000000000002                                0.0949012564765641                                0.0949012564765641                                1
16.400000000000002                                0.09876533379010098                               0.09876533379010098                               0.9999999999999981
16.400000000000002                                0.10395492506759721                               0.10395492506759722                               1.0000000000000009
16.400000000000002                                0.1091586202446898                                0.10915862024468981                               1.0000000000000024
16.400000000000002                                0.11467034429964214                               0.11467034429964214                               1.0000000000000007
16.400000000000002                                0.11519850980381227                               0.11519850980381227                               1.0000000000000002
16.400000000000002                                0.12195306028122177                               0.12195306028122177                               1.0000000000000016
16.400000000000002                                0.12312610963981599                               0.12312610963981599                               0.9999999999999998
16.400000000000002                                0.12855744181696632                               0.12855744181696632                               1
16.400000000000002                                0.13712533784982442                               0.13712533784982442                               0.9999999999999996
16.400000000000002                                0.14396954760805375                               0.14396954760805375                               0.9999999999999973
16.400000000000002                                0.15465137280775637                               0.15465137280775637                               1.0000000000000004
16.400000000000002                                0.1613766293479315                                0.1613766293479315                                0.9999999999999998
16.400000000000002                                0.16678405094182536-4.308824123507921E-17i        0.16678405094182536-4.308824123507921E-17i        1.0000000000000009
16.400000000000002                                0.1685678148324649-9.336415309363673E-16i         0.1685678148324649-9.336415309363673E-16i         0.9999999999999978
16.400000000000002                                0.17060466394530216+2.456830249410766E-16i        0.17060466394530216+2.456830249410766E-16i        0.9999999999999996
16.400000000000002                                0.1744618394680714+3.554167468231768E-15i         0.17446183946807142+3.554167468231768E-15i        1.0000000000000016
16.400000000000002                                0.1752679658312794-1.0939258683283207E-14i        0.1752679658312794-1.0939258683283207E-14i        0.9999999999999989
16.6                                              0.04153773958532052                               0.04153773958532052                               1.0000000000000007
16.6                                              0.04459964090385468                               0.04459964090385469                               0.9999999999999996
16.6                                              0.04554135598502462                               0.04554135598502462                               1.0000000000000009
16.6                                              0.05785294929569202                               0.05785294929569202                               1
16.6                                              0.0705696022920543                                0.0705696022920543                                0.9999999999999989
16.6                                              0.08040365833056252                               0.08040365833056252                               0.9999999999999966
16.6                                              0.08251195510749701                               0.08251195510749702                               1.0000000000000009
16.6                                              0.08377384630872098                               0.08377384630872099                               0.9999999999999989
16.6                                              0.08556500119640563-1.9222017070151124E-17i       0.08556500119640564-1.9222017070151127E-17i       0.9999999999999993
16.6                                              0.08603435892928865+2.0630694727715248E-17i       0.08603435892928865+2.063069472771525E-17i        0.9999999999999991
16.6                                              0.08777786340563137                               0.08777786340563137                               0.9999999999999991
16.6                                              0.09130686140507668                               0.09130686140507668                               1.0000000000000016
16.6                                              0.0943655753034316                                0.09436557530343162                               0.9999999999999996
16.6                                              0.09944226814063041                               0.09944226814063041                               0.9999999999999986
16.6                                              0.1032424854440016                                0.1032424854440016                                1.0000000000000009
16.6                                              0.1100171601809756                                0.11001716018097561                               1.0000000000000009
16.6                                              0.11431120689569862                               0.11431120689569862                               0.9999999999999988
16.6                                              0.11518481908281347                               0.11518481908281347                               1
16.6                                              0.12264485540310095                               0.12264485540310095                               1.0000000000000004
16.6                                              0.12299344559371475                               0.12299344559371475                               1.0000000000000033
16.6                                              0.12749811358730212                               0.12749811358730212                               1.0000000000000024
16.6                                              0.1383421262947708                                0.1383421262947708                                1
16.6                                              0.14274191731459782                               0.14274191731459782                               0.9999999999999986
16.6                                              0.1560425760511036                                0.1560425760511036                                1.0000000000000007
16.6                                              0.15998569033868887                               0.15998569033868887                               1.0000000000000009
16.6                                              0.16615628099411664                               0.16615628099411667                               0.9999999999999999
16.6                                              0.16873491113014222-3.956767442150323E-16i        0.16873491113014225-3.956767442150323E-16i        0.9999999999999986
16.6                                              0.17119239830816246+1.2342812919877602E-16i       0.17119239830816246+1.2342812919877602E-16i       1.0000000000000007
16.6                                              0.17519587028324007+4.800237648051529E-15i        0.17519587028324007+4.800237648051529E-15i        1.0000000000000007
16.6                                              0.17620500502592562+5.046574637945699E-16i        0.17620500502592565+5.046574637945699E-16i        1.000000000000001
16.8                                              0.0415357170559903                                0.0415357170559903                                0.9999999999999997
16.8                                              0.04472683751150264                               0.04472683751150264                               1.0000000000000018
16.8                                              0.04556039276670051                               0.04556039276670051                               1.0000000000000007
16.8                                              0.05767984428444785                               0.057679844284447855                              0.9999999999999993
16.8                                              0.0708931292557533                                0.0708931292557533                                1.000000000000001
16.8                                              0.08042535860634743                               0.08042535860634743                               1.0000000000000022
16.8                                              0.0825834681135903                                0.08258346811359031                               0.9999999999999994
16.8                                              0.08366410839869198                               0.08366410839869198                               0.9999999999999991
16.8                                              0.08556434599937851                               0.08556434599937851                               0.9999999999999992
16.8                                              0.08603610919684068                               0.08603610919684068                               0.9999999999999996
16.8                                              0.08744119274823964                               0.08744119274823965                               0.9999999999999999
16.8                                              0.09180079511207123                               0.09180079511207123                               1
16.8                                              0.09385664882991701                               0.09385664882991701                               1.000000000000002
16.8                                              0.10011589115462675                               0.10011589115462677                               1.0000000000000002
16.8                                              0.10256217298009879                               0.1025621729800988                                1.0000000000000018
16.8                                              0.11086547308154328                               0.11086547308154328                               1.0000000000000016
16.8                                              0.11346288698965563                               0.11346288698965563                               1.0000000000000016
16.8                                              0.11570124630009893                               0.11570124630009893                               1.0000000000000018
16.8                                              0.1221688556473679                                0.12216885564736792                               1.0000000000000009
16.8                                              0.12401008906549602                               0.12401008906549602                               1
16.8                                              0.1264881627951711                                0.1264881627951711                                1.0000000000000002
16.8                                              0.13951580973905092                               0.13951580973905092                               0.9999999999999976
16.8                                              0.14158537232172017                               0.14158537232172017                               0.9999999999999978
16.8                                              0.15732333381752442                               0.15732333381752442                               0.9999999999999987
16.8                                              0.1587328154655206                                0.1587328154655206                                0.9999999999999986
16.8                                              0.16553005867163145                               0.16553005867163145                               1.0000000000000002
16.8                                              0.16890068617041404                               0.16890068617041404                               1.0000000000000004
16.8                                              0.1717428593032923                                0.17174285930329233                               0.9999999999999984
16.8                                              0.1754142329306836                                0.1754142329306836                                0.9999999999999987
16.8                                              0.17717674132726796                               0.17717674132726796                               0.9999999999999986
17                                                0.04153388025387803                               0.04153388025387803                               1.0000000000000004
17                                                0.044857216573671255                              0.04485721657367126                               1.0000000000000018
17                                                0.04557966287180532                               0.04557966287180533                               0.9999999999999973
17                                                0.057508719383548235                              0.057508719383548235                              0.9999999999999994
17                                                0.0712181800282973                                0.0712181800282973                                0.9999999999999974
17                                                0.0804478938330778                                0.0804478938330778                                1.0000000000000004
17                                                0.08264546613761253                               0.08264546613761253                               1.0000000000000002
17                                                0.08360017876057375                               0.08360017876057375                               0.9999999999999984
17                                                0.08529308239971703-1.4351546011932583E-17i       0.08529308239971703-1.4351546011932583E-17i       0.9999999999999987
17                                                0.0862863570677257                                0.0862863570677257                                0.9999999999999994
17                                                0.08715758695790327                               0.08715758695790327                               0.9999999999999996
17                                                0.0922440349214891                                0.0922440349214891                                1
17                                                0.09342738929680139                               0.09342738929680139                               0.9999999999999998
17                                                0.10070546560258617                               0.10070546560258618                               1.0000000000000016
17                                                0.10199409270450746                               0.10199409270450747                               1.0000000000000009
17                                                0.11156705592874362                               0.11156705592874362                               0.999999999999999
17                                                0.11278929393143079                               0.11278929393143079                               0.9999999999999998
17                                                0.11621963279718212                               0.11621963279718213                               0.9999999999999996
17                                                0.12169441358195726                               0.12169441358195726                               0.9999999999999996
17                                                0.12472011333589833                               0.12472011333589834                               1.0000000000000013
17                                                0.1258135362873639                                0.1258135362873639                                1.0000000000000029
17                                                0.13992853712158598                               0.13992853712158598                               1.0000000000000013
17                                                0.14121729511162864                               0.14121729511162864                               0.9999999999999992
17                                                0.15698750654193408                               0.15698750654193408                               0.9999999999999998
17                                                0.15912380502047732                               0.15912380502047732                               0.9999999999999994
17                                                0.164905931910877                                 0.164905931910877                                 1.0000000000000007
17                                                0.1690662035775125                                0.1690662035775125                                0.999999999999999
17                                                0.172243350778369                                 0.172243350778369                                 0.9999999999999986
17                                                0.1756410235715793                                0.1756410235715793                                1.0000000000000007
17                                                0.1759119651559455                                0.1759119651559455                                1.000000000000001
17.2                                              0.04153240612721798                               0.04153240612721798                               0.9999999999999997
17.2                                              0.04499058924644209                               0.0449905892464421                                1.0000000000000016
17.2                                              0.0455991714835887-9.035110288139935E-18i         0.0455991714835887-9.035110288139935E-18i         0.9999999999999973
17.2                                              0.05733957248995397+7.53053728310552E-18i         0.05733957248995397+7.53053728310552E-18i         1.0000000000000016
17.2                                              0.07154471847143545                               0.07154471847143545                               0.9999999999999991
17.2                                              0.08047153074277853                               0.08047153074277853                               1.0000000000000016
17.2                                              0.0826843225586261                                0.0826843225586261                                1
17.2                                              0.08359610038131196                               0.08359610038131196                               0.9999999999999974
17.2                                              0.08499058270547269                               0.08499058270547269                               0.9999999999999992
17.2                                              0.08640881715407116                               0.08640881715407117                               0.9999999999999993
17.2                                              0.08706468740051211                               0.08706468740051211                               0.9999999999999984
17.2                                              0.09237908167959442                               0.09237908167959444                               0.9999999999999993
17.2                                              0.09333491013043514                               0.09333491013043514                               0.9999999999999999
17.2                                              0.10076123893810002                               0.10076123893810002                               1.0000000000000007
17.2                                              0.10198770905869857                               0.10198770905869857                               0.9999999999999976
17.2                                              0.11138335698366131                               0.11138335698366131                               0.9999999999999993
17.2                                              0.11302864565595844                               0.11302864565595845                               1.0000000000000007
17.2                                              0.11673997089328494                               0.11673997089328494                               0.9999999999999994
17.2                                              0.12122242067972104                               0.12122242067972105                               0.999999999999998
17.2                                              0.12412799834205102                               0.12412799834205103                               0.9999999999999996
17.2                                              0.12646857695486716                               0.12646857695486716                               0.9999999999999977
17.2                                              0.13891403869098598                               0.13891403869098598                               1.0000000000000007
17.2                                              0.1423037179461587                                0.1423037179461587                                1.0000000000000022
17.2                                              0.15568525803711572                               0.15568525803711572                               0.999999999999999
17.2                                              0.16050826370219973                               0.16050826370219973                               1.000000000000001
17.2                                              0.16428414969156463                               0.16428414969156466                               0.999999999999999
17.2                                              0.16923208927701186-4.651519666329351E-17i        0.16923208927701186-4.651519666329351E-17i        1.0000000000000013
17.2                                              0.17268093928214365-1.2889379140347612E-15i       0.17268093928214365-1.2889379140347612E-15i       0.9999999999999997
17.2                                              0.174386422135367-2.1721838430178598E-15i         0.174386422135367-2.1721838430178598E-15i         0.9999999999999993
17.2                                              0.17595089889823873-1.4297335123182363E-14i       0.17595089889823873-1.4297335123182363E-14i       0.9999999999999996
17.400000000000002                                0.041531447754915574                              0.041531447754915574                              1.0000000000000024
17.400000000000002                                0.0451267849834688                                0.0451267849834688                                0.9999999999999986
17.400000000000002                                0.04561892925755912                               0.04561892925755912                               0.9999999999999999
17.400000000000002                                0.05717240149147729+9.512763493618346E-18i        0.05717240149147729+9.512763493618347E-18i        1.0000000000000022
17.400000000000002                                0.07187270186395665                               0.07187270186395665                               0.9999999999999973
17.400000000000002                                0.08049635196422536                               0.08049635196422536                               0.9999999999999973
17.400000000000002                                0.08269400588337461                               0.08269400588337462                               1.0000000000000018
17.400000000000002                                0.08365745337475423                               0.08365745337475423                               1.000000000000001
17.400000000000002                                0.08468461276005523                               0.08468461276005523                               1.0000000000000013
17.400000000000002                                0.08624670311242648                               0.08624670311242648                               1.000000000000002
17.400000000000002                                0.0872922752608396                                0.08729227526083962                               1.0000000000000002
17.400000000000002                                0.09205982365776033                               0.09205982365776035                               0.9999999999999983
17.400000000000002                                0.09372500132352121                               0.09372500132352121                               1.0000000000000004
17.400000000000002                                0.10023897764690358                               0.10023897764690358                               0.9999999999999992
17.400000000000002                                0.10258707136865232                               0.10258707136865233                               0.9999999999999999
17.400000000000002                                0.11063711454607295                               0.11063711454607295                               1.0000000000000009
17.400000000000002                                0.11385800403978358                               0.11385800403978358                               1.0000000000000002
17.400000000000002                                0.11726224957623901-1.544396453201949E-17i        0.11726224957623901-1.544396453201949E-17i        1.0000000000000022
17.400000000000002                                0.12075293971310576                               0.12075293971310577                               1.0000000000000002
17.400000000000002                                0.12316595918758552                               0.12316595918758552                               1.0000000000000009
17.400000000000002                                0.1275208397367636                                0.1275208397367636                                0.9999999999999998
17.400000000000002                                0.13775448763330528                               0.13775448763330528                               1.0000000000000016
17.400000000000002                                0.14356229025283784                               0.14356229025283784                               0.9999999999999991
17.400000000000002                                0.1543427386523759                                0.1543427386523759                                1.0000000000000009
17.400000000000002                                0.16195964687583628                               0.16195964687583628                               1.0000000000000004
17.400000000000002                                0.16366500870137285                               0.16366500870137285                               1
17.400000000000002                                0.1693987190560044-6.776234131577096E-17i         0.1693987190560044-6.776234131577096E-17i         1.000000000000001
17.400000000000002                                0.1728709026106171-7.742914552377662E-15i         0.17287090261061713-7.742914552377662E-15i        0.9999999999999997
17.400000000000002                                0.17304712932254485+2.1053637643496986E-14i       0.17304712932254487+2.105363764349699E-14i        0.9999999999999988
17.400000000000002                                0.17632031198396428-4.1821144644157574E-15i       0.1763203119839643-4.1821144644157574E-15i        0.9999999999999992
17.6                                              0.04153113759663725                               0.04153113759663725                               0.9999999999999994
17.6                                              0.04526563924938494                               0.04526563924938494                               1.0000000000000013
17.6                                              0.04563896135495729                               0.0456389613549573                                1
17.6                                              0.0570072042712358                                0.0570072042712358                                1.0000000000000013
17.6                                              0.07220207920043123                               0.07220207920043123                               0.9999999999999993
17.6                                              0.08052224185127438                               0.08052224185127438                               0.9999999999999992
17.6                                              0.08268201656673294                               0.08268201656673294                               1.000000000000002
17.6                                              0.08377423734522428                               0.08377423734522428                               0.9999999999999989
17.6                                              0.08438181977212836                               0.08438181977212836                               1.0000000000000002
17.6                                              0.08598823947639019                               0.08598823947639019                               0.9999999999999994
17.6                                              0.08764767342060403                               0.08764767342060403                               1
17.6                                              0.09162279564873914                               0.09162279564873914                               1.0000000000000007
17.6                                              0.09426074639473082                               0.09426074639473082                               0.9999999999999994
17.6                                              0.09961789137939114                               0.09961789137939116                               1.0000000000000002
17.6                                              0.10331277309301158                               0.10331277309301158                               0.9999999999999996
17.6                                              0.1098308736372228                                0.1098308736372228                                1.000000000000001
17.6                                              0.11477462005071898                               0.11477462005071899                               0.9999999999999983
17.6                                              0.11778644494184388                               0.1177864449418439                                1.000000000000001
17.6                                              0.12028601662271247                               0.12028601662271249                               0.9999999999999987
17.6                                              0.12217793335714373                               0.12217793335714373                               0.9999999999999982
17.6                                              0.1286261640999512                                0.1286261640999512                                0.9999999999999996
17.6                                              0.13658973641240435                               0.13658973641240435                               1.0000000000000009
17.6                                              0.14485287373973812                               0.14485287373973815                               0.9999999999999993
17.6                                              0.15300615514141055                               0.15300615514141055                               0.9999999999999989
17.6                                              0.16304476953222263                               0.16304476953222263                               1.0000000000000002
17.6                                              0.1634350771955101                                0.1634350771955101                                1.0000000000000002
17.6                                              0.16956632143018216-6.765586478898844E-17i        0.16956632143018216-6.765586478898845E-17i        1.0000000000000007
17.6                                              0.17136689154501872-3.9109552377724953E-16i       0.17136689154501872-3.9109552377724953E-16i       0.9999999999999989
17.6                                              0.173342197798889+6.532643963223048E-16i          0.173342197798889+6.532643963223048E-16i          0.9999999999999996
17.6                                              0.1767650997356615+2.8915849504544437E-15i        0.17676509973566154+2.8915849504544437E-15i       0.9999999999999992
17.8                                              0.041531590357760446                              0.041531590357760446                              0.9999999999999986
17.8                                              0.04540695493089512                               0.04540695493089512                               0.9999999999999986
17.8                                              0.04565934316325968+8.811446341024435E-18i        0.04565934316325968+8.811446341024435E-18i        1.0000000000000024
17.8                                              0.05684397871249936                               0.05684397871249937                               0.9999999999999994
17.8                                              0.07253278893572304                               0.07253278893572304                               0.9999999999999998
17.8                                              0.0805489099749874                                0.08054890997498741                               0.9999999999999996
17.8                                              0.0826620951548674                                0.0826620951548674                                1.0000000000000004
17.8                                              0.08390600319170123+2.1840101882915117E-17i       0.08390600319170123+2.184010188291512E-17i        1.0000000000000009
17.8                                              0.08410943974434583-1.8241905759127694E-17i       0.08410943974434583-1.8241905759127694E-17i       0.9999999999999981
17.8                                              0.08572084389898127                               0.08572084389898127                               1.0000000000000002
17.8                                              0.08804160977832474                               0.08804160977832476                               0.9999999999999989
17.8                                              0.09117360832232539                               0.0911736083223254                                1.000000000000001
17.8                                              0.094835848924741                                 0.094835848924741                                 0.9999999999999991
17.8                                              0.09899047475890121                               0.09899047475890123                               0.999999999999999
17.8                                              0.10407191180093608                               0.10407191180093608                               0.9999999999999994
17.8                                              0.10902606610972188                               0.10902606610972189                               1.000000000000001
17.8                                              0.11571659078678256                               0.11571659078678256                               1.0000000000000007
17.8                                              0.11831247706792256                               0.11831247706792256                               1
17.8                                              0.1198217664413377                                0.1198217664413377                                0.9999999999999989
17.8                                              0.12119831418121907                               0.12119831418121908                               0.9999999999999989
17.8                                              0.12974953752005006                               0.12974953752005006                               0.9999999999999988
17.8                                              0.1354386202858167                                0.1354386202858167                                1.0000000000000007
17.8                                              0.1461555719456059                                0.1461555719456059                                0.9999999999999987
17.8                                              0.15168733947246507                               0.15168733947246507                               0.9999999999999996
17.8                                              0.16243252012709322                               0.16243252012709322                               1.000000000000002
17.8                                              0.16491150709038774                               0.16491150709038774                               1.0000000000000004
17.8                                              0.16973387499687764+8.63662700227753E-16i         0.16973387499687764+8.636627002277531E-16i        1.0000000000000002
17.8                                              0.16988610823203965-1.172641447208877E-16i        0.16988610823203965-1.172641447208877E-16i        1
17.8                                              0.17357510422943287                               0.17357510422943287                               1.0000000000000004
17.8                                              0.17727632477172808+4.2953803194593636E-15i       0.1772763247717281+4.2953803194593636E-15i        0.9999999999999993
18                                                0.04153290548185629                               0.04153290548185629                               1.0000000000000002
18                                                0.04555025837329365                               0.04555025837329365                               0.9999999999999987
18                                                0.0456804417629393                                0.0456804417629393                                1.000000000000003
18                                                0.05668272270396657                               0.05668272270396657                               0.9999999999999996
18                                                0.07286475595404601                               0.07286475595404601                               0.9999999999999976
18                                                0.08057594933995338                               0.08057594933995338                               0.9999999999999987
18                                                0.08264564705569365                               0.08264564705569366                               0.999999999999998
18                                                0.08374088616608916                               0.08374088616608917                               1
18                                                0.08416614786113279                               0.08416614786113279                               1.0000000000000013
18                                                0.08546516652334271                               0.08546516652334271                               0.9999999999999977
18                                                0.08845109740708262                               0.08845109740708262                               1
18                                                0.09073675962246336                               0.09073675962246337                               0.9999999999999992
18                                                0.09542394683871028                               0.09542394683871029                               0.9999999999999998
18                                                0.09837947724264079                               0.09837947724264079                               1
18                                                0.10484023663298124                               0.10484023663298124                               1.000000000000003
18                                                0.10824180366147292                               0.10824180366147292                               0.9999999999999992
18                                                0.11666266925747573                               0.11666266925747573                               0.9999999999999999
18                                                0.11883967506948487                               0.11883967506948488                               1.0000000000000004
18                                                0.11936097659080551                               0.11936097659080551                               0.999999999999999
18                                                0.1202437963176062                                0.12024379631760622                               1.0000000000000013
18                                                0.1308706910896699                                0.1308706910896699                                1.0000000000000013
18                                                0.13431841106851108                               0.13431841106851108                               1
18                                                0.14744522580028113                               0.14744522580028113                               0.9999999999999996
18                                                0.15040964669037926                               0.15040964669037926                               0.9999999999999967
18                                                0.1618207797012974                                0.1618207797012974                                1.0000000000000002
18                                                0.16634951059341693                               0.16634951059341693                               0.9999999999999998
18                                                0.1684700360246451+8.910688626624411E-17i         0.1684700360246451+8.910688626624411E-17i         0.9999999999999993
18                                                0.16990592127849713-2.0173868001195323E-16i       0.16990592127849716-2.0173868001195326E-16i       0.9999999999999999
18                                                0.17375909063098333-2.0253535633101718E-16i       0.17375909063098335-2.0253535633101718E-16i       0.999999999999999
18                                                0.17784094286758145+4.558848523075674E-15i        0.17784094286758145+4.558848523075674E-15i        1.0000000000000002
18.2                                              0.04153516930010879                               0.041535169300108796                              0.9999999999999993
18.2                                              0.045684801284801894-3.342313532612631E-17i       0.0456848012848019-3.342313532612631E-17i         1.0000000000000009
18.2                                              0.045712911869016784+3.234924393125956E-17i       0.045712911869016784+3.234924393125956E-17i       0.9999999999999992
18.2                                              0.0565234341457369                                0.056523434145736906                              1.0000000000000016
18.2                                              0.07319788743572922                               0.07319788743572922                               1
18.2                                              0.08060292135031913                               0.08060292135031913                               1.0000000000000004
18.2                                              0.08263972098180788                               0.08263972098180788                               0.9999999999999996
18.2                                              0.08344914283196962                               0.08344914283196962                               0.9999999999999999
18.2                                              0.08436712421374107                               0.08436712421374107                               0.9999999999999997
18.2                                              0.0852346067120664                                0.0852346067120664                                0.9999999999999994
18.2                                              0.08885558565880641                               0.08885558565880643                               1.0000000000000007
18.2                                              0.09033316450315126                               0.09033316450315126                               1.0000000000000009
18.2                                              0.09599603042542644                               0.09599603042542645                               0.9999999999999997
18.2                                              0.0978129230833014                                0.0978129230833014                                0.9999999999999997
18.2                                              0.10557993271291108                               0.10557993271291108                               1
18.2                                              0.10751453186772882                               0.10751453186772883                               0.9999999999999998
18.2                                              0.11755743003824463                               0.11755743003824465                               0.9999999999999989
18.2                                              0.1188993443341037                                0.1188993443341037                                0.9999999999999998
18.2                                              0.11936605629152428                               0.11936605629152428                               1.0000000000000002
18.2                                              0.11937483310602816                               0.11937483310602816                               1.0000000000000004
18.2                                              0.1318873705443019                                0.1318873705443019                                0.9999999999999987
18.2                                              0.1333304267863851                                0.1333304267863851                                0.9999999999999983
18.2                                              0.148422991203047                                 0.148422991203047                                 1.0000000000000016
18.2                                              0.14947128953012265                               0.14947128953012265                               0.999999999999998
18.2                                              0.16121149224499384                               0.16121149224499384                               1
18.2                                              0.16668311702439245                               0.16668311702439245                               1.0000000000000016
18.2                                              0.1681860721084403                                0.16818607210844033                               0.9999999999999999
18.2                                              0.1700787497278914                                0.17007874972789142                               1.000000000000001
18.2                                              0.17390713267431313+1.7052878453603945E-16i       0.17390713267431313+1.7052878453603947E-16i       1.000000000000001
18.2                                              0.17844612955866307-8.930165023919329E-17i        0.17844612955866307-8.93016502391933E-17i         0.9999999999999996
18.400000000000002                                0.04153845687387988                               0.041538456873879886                              0.9999999999999987
18.400000000000002                                0.045718737917220975-8.881715097283407E-18i       0.04571873791722098-8.881715097283407E-18i        0.9999999999999999
18.400000000000002                                0.04584851680211575+6.344317680494241E-18i        0.04584851680211575+6.344317680494241E-18i        0.9999999999999989
18.400000000000002                                0.056366110955997126                              0.056366110955997126                              1.0000000000000018
18.400000000000002                                0.07353206712879368                               0.07353206712879368                               0.9999999999999993
18.400000000000002                                0.08062945194411447                               0.08062945194411449                               1.000000000000001
18.400000000000002                                0.08264750621808026                               0.08264750621808026                               0.9999999999999994
18.400000000000002                                0.08315425457743368                               0.08315425457743368                               0.9999999999999988
18.400000000000002                                0.08455069733266822                               0.08455069733266822                               0.9999999999999994
18.400000000000002                                0.0850666339043416                                0.0850666339043416                                1.0000000000000002
18.400000000000002                                0.0891798650385632                                0.08917986503856322                               1.000000000000001
18.400000000000002                                0.09003810576233853                               0.09003810576233853                               1.0000000000000007
18.400000000000002                                0.09641554786265824                               0.09641554786265825                               0.9999999999999991
18.400000000000002                                0.09742696571382782                               0.09742696571382782                               0.9999999999999993
18.400000000000002                                0.10603799022400674                               0.10603799022400676                               1
18.400000000000002                                0.10709674026700611                               0.10709674026700611                               1
18.400000000000002                                0.11788192952994886                               0.11788192952994887                               1.0000000000000002
18.400000000000002                                0.11844387443348797+2.009516485789545E-17i        0.11844387443348799+2.009516485789545E-17i        0.9999999999999989
18.400000000000002                                0.11909046747128008                               0.11909046747128008                               0.9999999999999977
18.400000000000002                                0.11990402377215813                               0.11990402377215814                               0.9999999999999984
18.400000000000002                                0.13177374598077002                               0.13177374598077002                               0.9999999999999993
18.400000000000002                                0.13350009941672508                               0.13350009941672508                               1.000000000000001
18.400000000000002                                0.14760728839771056                               0.1476072883977106                                0.9999999999999989
18.400000000000002                                0.15035354864237244                               0.15035354864237244                               0.9999999999999983
18.400000000000002                                0.16060476072376273                               0.16060476072376273                               1.0000000000000002
18.400000000000002                                0.1653518070062696                                0.1653518070062696                                1.0000000000000009
18.400000000000002                                0.16958467752319994+9.287501842185149E-17i        0.16958467752319997+9.28750184218515E-17i         1.0000000000000009
18.400000000000002                                0.17026212169331617+5.4087061313950063E-17i       0.17026212169331617+5.4087061313950063E-17i       1.000000000000001
18.400000000000002                                0.17402974444396285+2.699242926868353E-16i        0.17402974444396285+2.699242926868353E-16i        0.9999999999999992
18.400000000000002                                0.17908149137851637-2.171644343561442E-16i        0.17908149137851637-2.1716443435614423E-16i       1.0000000000000004
18.6                                              0.04154283356842626                               0.04154283356842626                               1.0000000000000022
18.6                                              0.04574052533461688                               0.04574052533461688                               0.9999999999999966
18.6                                              0.0459987266394011                                0.0459987266394011                                1.0000000000000013
18.6                                              0.05621075107867395                               0.05621075107867396                               0.9999999999999993
18.6                                              0.07386714726717016                               0.07386714726717016                               1.000000000000001
18.6                                              0.0806553156812708                                0.0806553156812708                                1.0000000000000036
18.6                                              0.08266423269505273                               0.08266423269505273                               1.0000000000000002
18.6                                              0.08286851853258952                               0.08286851853258952                               0.9999999999999997
18.6                                              0.08457808865729935                               0.08457808865729936                               0.9999999999999991
18.6                                              0.0850935809298273                                0.08509358092982731                               0.9999999999999977
18.6                                              0.08916308519439943                               0.08916308519439944                               1.0000000000000016
18.6                                              0.0901123767252435                                0.09011237672524351                               1.0000000000000009
18.6                                              0.0962591747288603                                0.0962591747288603                                0.9999999999999982
18.6                                              0.09764468859607256                               0.09764468859607256                               0.9999999999999999
18.6                                              0.10563711604185787                               0.10563711604185788                               0.9999999999999991
18.6                                              0.10756545954990682                               0.10756545954990683                               0.999999999999998
18.6                                              0.1171673017671426                                0.1171673017671426                                1.0000000000000002
18.6                                              0.11798788376458809                               0.11798788376458809                               1
18.6                                              0.11988161112350176                               0.11988161112350176                               0.9999999999999992
18.6                                              0.12043796905210066                               0.12043796905210066                               0.9999999999999994
18.6                                              0.13077008259786224                               0.13077008259786224                               0.9999999999999999
18.6                                              0.13458694099318097                               0.13458694099318097                               1.0000000000000002
18.6                                              0.14637721142115212                               0.14637721142115212                               0.9999999999999997
18.6                                              0.1516771271024145                                0.1516771271024145                                0.9999999999999993
18.6                                              0.16000062009896718                               0.16000062009896718                               1.0000000000000007
18.6                                              0.16393075612829616                               0.16393075612829616                               0.9999999999999996
18.6                                              0.17040148292467805-2.5850831681551396E-16i       0.17040148292467805-2.5850831681551396E-16i       0.9999999999999997
18.6                                              0.17114499813244288+1.2152970981351634E-16i       0.1711449981324429+1.2152970981351634E-16i        0.9999999999999998
18.6                                              0.17413471064172556+3.2898489472403543E-16i       0.17413471064172556+3.2898489472403543E-16i       0.9999999999999991
18.6                                              0.17973935566363186+7.756679068089578E-15i        0.1797393556636319+7.756679068089578E-15i         0.9999999999999978
18.8                                              0.04154835639411421                               0.04154835639411421                               1.0000000000000016
18.8                                              0.04576202185168113                               0.04576202185168113                               1.0000000000000024
18.8                                              0.046151618427103754                              0.046151618427103754                              1.0000000000000002
18.8                                              0.056057352492259134                              0.05605735249225914                               1.0000000000000002
18.8                                              0.07420293694208421                               0.07420293694208421                               0.9999999999999979
18.8                                              0.08068048232135466                               0.08068048232135466                               0.9999999999999997
18.8                                              0.08254191395996259                               0.08254191395996259                               0.9999999999999983
18.8                                              0.0827411688583122+9.98977754996283E-18i          0.08274116885831222+9.98977754996283E-18i         0.9999999999999981
18.8                                              0.08444770002835111                               0.08444770002835113                               0.9999999999999978
18.8                                              0.08531600448166145                               0.08531600448166145                               0.9999999999999997
18.8                                              0.08886288119867487                               0.08886288119867487                               1.0000000000000029
18.8                                              0.09049816754343404                               0.09049816754343405                               0.9999999999999997
18.8                                              0.09577355656395707                               0.09577355656395709                               1.0000000000000007
18.8                                              0.09821921390185809                               0.09821921390185809                               1.0000000000000002
18.8                                              0.104952301109036                                 0.10495230110903601                               1.0000000000000004
18.8                                              0.10834550610537258                               0.1083455061053726                                1
18.8                                              0.11628620127801004                               0.11628620127801004                               0.9999999999999994
18.8                                              0.11753580847401937                               0.11753580847401938                               1.0000000000000004
18.8                                              0.1208634456771095                                0.12086344567710951                               1.0000000000000002
18.8                                              0.12097544339822905                               0.12097544339822906                               1.0000000000000009
18.8                                              0.12970070074739107                               0.12970070074739107                               0.9999999999999989
18.8                                              0.1357664292439359                                0.1357664292439359                                0.9999999999999989
18.8                                              0.14512923357682228+1.6988197374746472E-17i       0.14512923357682228+1.6988197374746472E-17i       1.000000000000001
18.8                                              0.1530452899063045                                0.1530452899063045                                0.9999999999999997
18.8                                              0.15939909494295548                               0.15939909494295548                               0.9999999999999997
18.8                                              0.16251135179114573                               0.16251135179114576                               1.0000000000000018
18.8                                              0.17058587524560126-4.191408911221479E-17i        0.17058587524560126-4.191408911221479E-17i        1.0000000000000016
18.8                                              0.17268615177134858                               0.17268615177134858                               1.000000000000002
18.8                                              0.17422763535523125+3.0469752860891854E-16i       0.17422763535523128+3.046975286089186E-16i        0.9999999999999989
18.8                                              0.18041425821753812+2.5061867149753767E-14i       0.18041425821753812+2.506186714975377E-14i        0.9999999999999988
19                                                0.041555075148391366                              0.041555075148391366                              0.9999999999999992
19                                                0.04578361004273944                               0.04578361004273944                               1.0000000000000018
19                                                0.046306752020149146                              0.046306752020149146                              0.9999999999999994
19                                                0.055905913220075265-6.2847855319283625E-18i      0.05590591322007527-6.2847855319283625E-18i       1.0000000000000013
19                                                0.07453918500079523                               0.07453918500079523                               0.9999999999999999
19                                                0.08070510720212147                               0.08070510720212147                               0.9999999999999984
19                                                0.0822625500159911                                0.0822625500159911                                0.9999999999999979
19                                                0.08278909091260796                               0.08278909091260796                               1.0000000000000007
19                                                0.08429268746107864                               0.08429268746107864                               0.9999999999999989
19                                                0.08560121820413713                               0.08560121820413713                               1.0000000000000009
19                                                0.08850917109261161                               0.08850917109261162                               0.9999999999999999
19                                                0.09096517507345622                               0.09096517507345622                               1.0000000000000007
19                                                0.09524036099670356                               0.09524036099670356                               1.000000000000001
19                                                0.0988685078724565                                0.0988685078724565                                0.9999999999999996
19                                                0.10423835856941736                               0.10423835856941738                               0.9999999999999996
19                                                0.10918179767568616                               0.10918179767568616                               1.000000000000002
19                                                0.11539366153510593                               0.11539366153510593                               0.999999999999999
19                                                0.11708646112842222                               0.11708646112842222                               1.0000000000000004
19                                                0.12151063470361698                               0.12151063470361698                               0.9999999999999993
19                                                0.12188765908664231                               0.12188765908664231                               1.0000000000000007
19                                                0.12863300002981826                               0.12863300002981826                               0.9999999999999988
19                                                0.13697074387741337                               0.13697074387741337                               0.9999999999999986
19                                                0.14389079779127967                               0.14389079779127967                               0.9999999999999993
19                                                0.1544298448544631                                0.1544298448544631                                0.9999999999999993
19                                                0.15880022343433786                               0.15880022343433786                               1.0000000000000007
19                                                0.16110641197281636                               0.16110641197281636                               1.0000000000000009
19                                                0.17076312526376855                               0.17076312526376855                               0.9999999999999999
19                                                0.1742404570392989-7.202115434677978E-15i         0.1742404570392989-7.202115434677978E-15i         1.0000000000000007
19                                                0.1743180547376979+2.3046852086717708E-14i        0.17431805473769793+2.3046852086717708E-14i       1
19                                                0.18021477499483513-5.216024811428188E-15i        0.18021477499483513-5.216024811428189E-15i        0.9999999999999997
19.200000000000003                                0.041563033388055844                              0.041563033388055844                              1.0000000000000016
19.200000000000003                                0.04580536730254709+5.140791741983431E-18i        0.0458053673025471+5.140791741983431E-18i         1.0000000000000022
19.200000000000003                                0.046463998537884854                              0.046463998537884854                              1
19.200000000000003                                0.05575643134232672                               0.05575643134232672                               1.0000000000000002
19.200000000000003                                0.07487555427970966                               0.07487555427970966                               0.9999999999999996
19.200000000000003                                0.08072945795700617                               0.08072945795700617                               0.9999999999999997
19.200000000000003                                0.081978345251815                                 0.081978345251815                                 1.0000000000000007
19.200000000000003                                0.08285672919750332                               0.08285672919750332                               0.9999999999999984
19.200000000000003                                0.08415234327805789                               0.08415234327805789                               0.9999999999999998
19.200000000000003                                0.08591130786245177                               0.08591130786245177                               1.0000000000000024
19.200000000000003                                0.08815554701844736                               0.08815554701844737                               1.0000000000000009
19.200000000000003                                0.09145886608718713                               0.09145886608718713                               1.0000000000000027
19.200000000000003                                0.09470955153304128                               0.0947095515330413                                1.0000000000000004
19.200000000000003                                0.09954171206744697                               0.09954171206744698                               1.0000000000000004
19.200000000000003                                0.1035322405199869                                0.1035322405199869                                1.0000000000000004
19.200000000000003                                0.11003660828737576                               0.11003660828737576                               0.9999999999999994
19.200000000000003                                0.11451404170062042+1.4112475333387753E-17i       0.11451404170062042+1.4112475333387753E-17i       1.0000000000000013
19.200000000000003                                0.11663973977160468                               0.11663973977160468                               0.9999999999999999
19.200000000000003                                0.1220507312590916                                0.12205073125909162                               1.0000000000000004
19.200000000000003                                0.12292177675491694                               0.12292177675491696                               1.0000000000000018
19.200000000000003                                0.12758291970246471                               0.12758291970246471                               1.000000000000002
19.200000000000003                                0.13818207784931197                               0.13818207784931197                               0.9999999999999988
19.200000000000003                                0.14267449549977387                               0.14267449549977387                               1.0000000000000018
19.200000000000003                                0.1558139804854548                                0.1558139804854548                                0.9999999999999996
19.200000000000003                                0.1582041600409496                                0.1582041600409496                                0.9999999999999984
19.200000000000003                                0.1597299022765255                                0.1597299022765255                                0.9999999999999998
19.200000000000003                                0.1709401314008362                                0.17094013140083622                               1
19.200000000000003                                0.17439076014466262-1.2753341840448671E-15i       0.17439076014466265-1.2753341840448671E-15i       1.0000000000000007
19.200000000000003                                0.17579360398134222+3.1500911785755414E-16i       0.17579360398134222+3.1500911785755414E-16i       0.9999999999999988
19.200000000000003                                0.17869004087488896-1.818387065799427E-15i        0.17869004087488896-1.818387065799427E-15i        1.0000000000000002
19.400000000000002                                0.041572269257535974                              0.041572269257535974                              0.9999999999999981
19.400000000000002                                0.04582731931987529                               0.04582731931987529                               1.0000000000000042
19.400000000000002                                0.046623286048752884                              0.04662328604875289                               0.9999999999999999
19.400000000000002                                0.05560890501035926                               0.05560890501035926                               0.9999999999999999
19.400000000000002                                0.0752115817189607                                0.07521158171896071                               1.0000000000000009
19.400000000000002                                0.0807537661952647                                0.0807537661952647                                1.0000000000000022
19.400000000000002                                0.08169719907924819                               0.08169719907924819                               0.9999999999999978
19.400000000000002                                0.08292992223910955                               0.08292992223910955                               0.9999999999999996
19.400000000000002                                0.0840414963042391                                0.0840414963042391                                1.0000000000000004
19.400000000000002                                0.08623229063404379                               0.08623229063404379                               0.9999999999999989
19.400000000000002                                0.08781918385710337                               0.08781918385710337                               0.9999999999999997
19.400000000000002                                0.09195911975898388                               0.09195911975898388                               0.9999999999999994
19.400000000000002                                0.09420031074986546                               0.09420031074986547                               1.0000000000000007
19.400000000000002                                0.1002162794824262                                0.1002162794824262                                1.0000000000000024
19.400000000000002                                0.10285365765203526                               0.10285365765203527                               1.000000000000001
19.400000000000002                                0.11088622679569743                               0.11088622679569743                               1.0000000000000009
19.400000000000002                                0.1136682877685652                                0.1136682877685652                                0.9999999999999993
19.400000000000002                                0.1161956810121942                                0.11619568101219421                               0.9999999999999983
19.400000000000002                                0.12259251718931914                               0.12259251718931916                               1
19.400000000000002                                0.1239408838058966                                0.12394088380589662                               1.0000000000000022
19.400000000000002                                0.12657643892283524                               0.12657643892283527                               0.9999999999999988
19.400000000000002                                0.13935703187088777                               0.13935703187088777                               0.9999999999999984
19.400000000000002                                0.14152234522029933                               0.14152234522029933                               0.9999999999999981
19.400000000000002                                0.1570874306663693                                0.15708743066636932                               1.0000000000000022
19.400000000000002                                0.1576133700901357                                0.1576133700901357                                0.9999999999999993
19.400000000000002                                0.1584887835342349                                0.1584887835342349                                1.0000000000000016
19.400000000000002                                0.17111765755620567                               0.1711176575562057                                0.9999999999999997
19.400000000000002                                0.17446667002383087-1.3525550588207596E-15i       0.1744666700238309-1.3525550588207598E-15i        0.9999999999999991
19.400000000000002                                0.17674169044477533+1.8544700023209967E-15i       0.17674169044477533+1.8544700023209967E-15i       0.9999999999999993
19.400000000000002                                0.17779123379353862-1.7619002087538047E-15i       0.17779123379353862-1.761900208753805E-15i        1.0000000000000004
19.6                                              0.041582816195277726                              0.041582816195277726                              1.0000000000000009
19.6                                              0.0458494769622419-7.201446846580576E-18i         0.0458494769622419-7.201446846580576E-18i         1.000000000000001
19.6                                              0.046784561962915756                              0.046784561962915756                              0.9999999999999984
19.6                                              0.055463332463680924                              0.055463332463680924                              0.9999999999999988
19.6                                              0.07554661474503727                               0.07554661474503727                               1.0000000000000002
19.6                                              0.08077789883207659                               0.08077789883207659                               0.9999999999999998
19.6                                              0.08142123698962214                               0.08142123698962214                               1.0000000000000007
19.6                                              0.08299679677447941                               0.08299679677447941                               1.0000000000000009
19.6                                              0.08397345001012618                               0.08397345001012618                               1
19.6                                              0.08654096879876803                               0.08654096879876805                               1.0000000000000013
19.6                                              0.08752417601328184                               0.08752417601328184                               0.9999999999999994
19.6                                              0.0924278541114883                                0.0924278541114883                                0.9999999999999998
19.6                                              0.09375047349149478                               0.09375047349149478                               1.000000000000002
19.6                                              0.10083192570505177                               0.10083192570505177                               0.9999999999999988
19.6                                              0.10226199823463408                               0.10226199823463408                               1.0000000000000004
19.6                                              0.11162879801368827                               0.11162879801368827                               0.9999999999999999
19.6                                              0.1129572869412657                                0.1129572869412657                                1.0000000000000018
19.6                                              0.11575439677755801                               0.11575439677755801                               0.9999999999999976
19.6                                              0.12313617902354386                               0.12313617902354387                               0.9999999999999984
19.6                                              0.12472294576980134                               0.12472294576980134                               0.9999999999999996
19.6                                              0.12583465077813372                               0.12583465077813372                               1.000000000000001
19.6                                              0.13986259003582643                               0.13986259003582643                               0.9999999999999987
19.6                                              0.14106682893333                                  0.14106682893333                                  0.9999999999999984
19.6                                              0.15676056662674245                               0.15676056662674245                               0.9999999999999993
19.6                                              0.15702232907057564                               0.15702232907057564                               1
19.6                                              0.15887783224610125                               0.15887783224610125                               0.9999999999999994
19.6                                              0.17129584876901915-2.1336400165155636E-17i       0.17129584876901915-2.1336400165155636E-17i       0.9999999999999987
19.6                                              0.174540501746503-2.4002001620337167E-15i         0.174540501746503-2.4002001620337167E-15i         0.9999999999999983
19.6                                              0.17545063083243684+1.0895452519170833E-15i       0.17545063083243687+1.0895452519170833E-15i       1.000000000000001
19.6                                              0.17915876003650313+6.713748608515979E-16i        0.17915876003650313+6.71374860851598E-16i         1.0000000000000004
19.8                                              0.04159470353707099                               0.04159470353707099                               1.0000000000000024
19.8                                              0.04587184553486849                               0.04587184553486849                               0.9999999999999992
19.8                                              0.04694778315024566                               0.04694778315024566                               0.9999999999999992
19.8                                              0.05531971205044394-6.505160527523829E-18i        0.05531971205044394-6.50516052752383E-18i         0.999999999999998
19.8                                              0.07587970639490876                               0.07587970639490876                               0.9999999999999998
19.8                                              0.08079991158942076                               0.08079991158942076                               1.0000000000000002
19.8                                              0.08115390713330634+1.398334248561352E-17i        0.08115390713330634+1.398334248561352E-17i        0.9999999999999993
19.8                                              0.08304379049166055                               0.08304379049166055                               1.000000000000002
19.8                                              0.08396228568356752                               0.08396228568356752                               0.9999999999999986
19.8                                              0.08673496001450175                               0.08673496001450176                               0.9999999999999982
19.8                                              0.08737316264515085                               0.08737316264515085                               0.9999999999999984
19.8                                              0.09266992934773814                               0.09266992934773814                               0.9999999999999987
19.8                                              0.09355504772734208                               0.09355504772734209                               1.0000000000000007
19.8                                              0.10101787824799695                               0.10101787824799695                               0.9999999999999982
19.8                                              0.10212762385244308                               0.10212762385244308                               0.9999999999999991
19.8                                              0.11158905796408951                               0.11158905796408951                               1.0000000000000013
19.8                                              0.11305563138102406+1.412478801916774E-17i        0.11305563138102408+1.412478801916774E-17i        0.9999999999999982
19.8                                              0.11531621352372798                               0.11531621352372798                               1.0000000000000002
19.8                                              0.12368173938630334                               0.12368173938630334                               1.0000000000000007
19.8                                              0.12423881699962695                               0.12423881699962695                               0.9999999999999994
19.8                                              0.12638632797959856                               0.12638632797959856                               0.9999999999999989
19.8                                              0.13888576956003273                               0.13888576956003273                               1.0000000000000004
19.8                                              0.142120652827029                                 0.142120652827029                                 1.0000000000000004
19.8                                              0.1554750392569981                                0.1554750392569981                                1.0000000000000013
19.8                                              0.15643102437554296                               0.15643102437554296                               0.9999999999999987
19.8                                              0.16025516413404006                               0.16025516413404006                               0.9999999999999999
19.8                                              0.17147466549655294                               0.17147466549655296                               1.0000000000000013
19.8                                              0.17395348554269513-8.05680749807986E-16i         0.17395348554269513-8.05680749807986E-16i         1.0000000000000016
19.8                                              0.17461430205763764+3.6448169144193594E-15i       0.17461430205763764+3.6448169144193594E-15i       0.9999999999999994
19.8                                              0.1807583137962721+8.286678062312755E-16i         0.1807583137962721+8.286678062312755E-16i         0.9999999999999986
20                                                0.04160795703222915                               0.04160795703222915                               0.9999999999999999
20                                                0.04589442787110541+5.519960389991561E-18i        0.04589442787110541+5.519960389991562E-18i        1.000000000000001
20                                                0.047112912309556984                              0.047112912309556984                              0.9999999999999998
20                                                0.0551780422522973-9.571451120609686E-18i         0.055178042252297305-9.571451120609688E-18i       1
20                                                0.07620943613736111                               0.07620943613736111                               0.9999999999999989
20                                                0.08079437398806993-2.0080660829138854E-17i       0.08079437398806995-2.0080660829138854E-17i       0.9999999999999978
20                                                0.08092228901597728+1.5518063297015593E-17i       0.08092228901597728+1.5518063297015593E-17i       0.9999999999999991
20                                                0.08306291066557978                               0.08306291066557978                               0.9999999999999998
20                                                0.08401607620548647                               0.08401607620548647                               1.000000000000001
20                                                0.08663011570554856                               0.08663011570554857                               0.9999999999999998
20                                                0.08755029664031232                               0.08755029664031232                               1.000000000000002
20                                                0.09241950129393815                               0.09241950129393817                               1.0000000000000002
20                                                0.09387973481485767                               0.09387973481485767                               1.0000000000000009
20                                                0.10054955713789035                               0.10054955713789035                               1.0000000000000013
20                                                0.10267483365649595                               0.10267483365649595                               1
20                                                0.11087463398585216                               0.11087463398585216                               1.0000000000000022
20                                                0.11385366643730249                               0.1138536664373025                                0.9999999999999986
20                                                0.11488298855600035                               0.11488298855600036                               1.0000000000000013
20                                                0.12329511663299904                               0.12329511663299905                               0.9999999999999996
20                                                0.12422922071828735                               0.12422922071828735                               1.0000000000000018
20                                                0.1274246078968938                                0.1274246078968938                                1.0000000000000013
20                                                0.13774028758244733                               0.13774028758244733                               1.000000000000002
20                                                0.1433698855664588                                0.1433698855664588                                0.9999999999999992
20                                                0.1541471387081791                                0.1541471387081791                                0.9999999999999996
20                                                0.15584494116045022                               0.15584494116045022                               1.0000000000000022
20                                                0.1616987270839197                                0.1616987270839197                                0.9999999999999964
20                                                0.17165359415982318-3.267140213107413E-16i        0.1716535941598232-3.267140213107413E-16i         0.9999999999999997
20                                                0.17245467168164258-1.7337182240077913E-16i       0.1724546716816426-1.7337182240077916E-16i        1
20                                                0.17468755985670992+1.3097727561604E-15i          0.17468755985670995+1.3097727561604003E-15i       0.9999999999999987
20                                                0.18238669082049003+3.953205638221732E-15i        0.18238669082049005+3.953205638221732E-15i        0.9999999999999979
