% Model:              PROYECTO.mph
% Version:            COMSOL 5.6.0.280
% Date:               Jul 27 2026, 22:05
% Table:              Tabla 10 - Valor propio 1
% a (nm)                                          lambda                                            Energía propia (eV)                               Probabilidad total (1)
3.9999999999999996                                0.04561899920894232                               0.04561899920894232                               0.9999999999999998
3.9999999999999996                                0.05298030257998258                               0.05298030257998258                               1.000000000000001
3.9999999999999996                                0.06192593750459667                               0.06192593750459667                               0.9999999999999998
3.9999999999999996                                0.08405920201422702                               0.08405920201422702                               0.9999999999999996
3.9999999999999996                                0.08453280014133378                               0.08453280014133378                               1.0000000000000007
3.9999999999999996                                0.08567968759395503                               0.08567968759395503                               0.999999999999999
3.9999999999999996                                0.08568349320943272                               0.08568349320943273                               1.0000000000000007
3.9999999999999996                                0.0886860438999319                                0.0886860438999319                                0.9999999999999987
3.9999999999999996                                0.08914232319344292                               0.08914232319344294                               0.9999999999999999
3.9999999999999996                                0.08957554299002893                               0.08957554299002894                               0.9999999999999994
3.9999999999999996                                0.09480970209412198                               0.09480970209412198                               0.9999999999999999
3.9999999999999996                                0.09480995924911778                               0.0948099592491178                                1.000000000000001
3.9999999999999996                                0.10279133814482352                               0.10279133814482352                               1
3.9999999999999996                                0.10279135204367068                               0.10279135204367068                               0.9999999999999978
3.9999999999999996                                0.11302413089364054                               0.11302413089364054                               1.0000000000000007
3.9999999999999996                                0.11302413176033804                               0.11302413176033806                               1.0000000000000007
3.9999999999999996                                0.1254919362938567                                0.1254919362938567                                1.000000000000001
3.9999999999999996                                0.1254919381834445                                0.1254919381834445                                1.0000000000000004
3.9999999999999996                                0.1263589457125499                                0.1263589457125499                                0.999999999999999
3.9999999999999996                                0.1281307022249236                                0.1281307022249236                                0.9999999999999987
3.9999999999999996                                0.14017375021524703                               0.14017375021524703                               1
3.9999999999999996                                0.1401737508209076                                0.1401737508209076                                0.999999999999998
3.9999999999999996                                0.1570452250569434                                0.1570452250569434                                1.0000000000000004
3.9999999999999996                                0.15704522697894308                               0.15704522697894308                               0.9999999999999996
3.9999999999999996                                0.16807578970593218                               0.16807578970593218                               1.0000000000000004
3.9999999999999996                                0.17607894256623302                               0.17607894256623302                               0.9999999999999998
3.9999999999999996                                0.17607894393582763                               0.17607894393582765                               0.999999999999999
3.9999999999999996                                0.1765300184496395                                0.1765300184496395                                1
3.9999999999999996                                0.1777761439162546                                0.17777614391625463                               0.9999999999999987
3.9999999999999996                                0.17972896688977502                               0.17972896688977502                               1.0000000000000009
4.249999999999999                                 0.04680257495534038                               0.04680257495534039                               1.0000000000000018
4.249999999999999                                 0.05401362426062938                               0.05401362426062938                               0.9999999999999986
4.249999999999999                                 0.06258801183581802                               0.06258801183581802                               1.0000000000000016
4.249999999999999                                 0.08443075469791393                               0.08443075469791393                               0.9999999999999994
4.249999999999999                                 0.08453345023357638                               0.08453345023357638                               0.9999999999999999
4.249999999999999                                 0.085680098938281                                 0.085680098938281                                 0.9999999999999996
4.249999999999999                                 0.08568389610308712                               0.08568389610308712                               0.9999999999999982
4.249999999999999                                 0.08884845943080355                               0.08884845943080355                               1.0000000000000002
4.249999999999999                                 0.08914558985427176                               0.08914558985427176                               1.0000000000000004
4.249999999999999                                 0.08988000710001595                               0.08988000710001595                               0.9999999999999996
4.249999999999999                                 0.09480972129578852                               0.09480972129578852                               1.0000000000000004
4.249999999999999                                 0.09480997720322876                               0.09480997720322877                               1.0000000000000022
4.249999999999999                                 0.10279133878100125                               0.10279133878100126                               0.9999999999999987
4.249999999999999                                 0.10279135307589302                               0.10279135307589303                               1.0000000000000004
4.249999999999999                                 0.11302413094104581                               0.11302413094104581                               0.9999999999999999
4.249999999999999                                 0.113024131806927                                 0.113024131806927                                 0.9999999999999984
4.249999999999999                                 0.12549193629848385                               0.12549193629848385                               1.0000000000000004
4.249999999999999                                 0.1254919381892453                                0.1254919381892453                                0.9999999999999991
4.249999999999999                                 0.12654391388586317                               0.12654391388586317                               1.0000000000000004
4.249999999999999                                 0.12830339752405712                               0.12830339752405712                               0.9999999999999989
4.249999999999999                                 0.14017375021576325                               0.14017375021576325                               1.0000000000000002
4.249999999999999                                 0.14017375082136396                               0.14017375082136396                               0.9999999999999983
4.249999999999999                                 0.1570452250569016                                0.1570452250569016                                1
4.249999999999999                                 0.15704522697890877                               0.1570452269789088                                1.0000000000000007
4.249999999999999                                 0.17170843680080877                               0.17170843680080877                               0.9999999999999996
4.249999999999999                                 0.1760789425661876                                0.1760789425661876                                1.000000000000001
4.249999999999999                                 0.17607894393578535                               0.17607894393578535                               0.9999999999999987
4.249999999999999                                 0.17658847784607495                               0.17658847784607498                               1.0000000000000007
4.249999999999999                                 0.17826360913454625                               0.17826360913454625                               0.9999999999999982
4.249999999999999                                 0.1834713378434248                                0.1834713378434248                                1.0000000000000013
4.5                                               0.048002618318655516                              0.048002618318655516                              0.9999999999999987
4.5                                               0.05511180616040691                               0.05511180616040691                               1.0000000000000016
4.5                                               0.06324043356748472                               0.06324043356748474                               0.9999999999999988
4.5                                               0.08453409914802386                               0.08453409914802386                               1.000000000000001
4.5                                               0.0848287422694915                                0.08482874226949151                               1.0000000000000016
4.5                                               0.08568054833579838                               0.08568054833579838                               0.9999999999999989
4.5                                               0.08568431323273423                               0.08568431323273423                               0.9999999999999972
4.5                                               0.08893517998863538                               0.08893517998863538                               0.9999999999999989
4.5                                               0.08914970955840178                               0.08914970955840178                               1.0000000000000013
4.5                                               0.09028636964006707                               0.09028636964006707                               1.0000000000000022
4.5                                               0.09480974333520972                               0.09480974333520972                               0.9999999999999988
4.5                                               0.0948099955638809                                0.0948099955638809                                1.0000000000000002
4.5                                               0.10279133950119972                               0.10279133950119973                               0.9999999999999998
4.5                                               0.10279135412340903                               0.10279135412340903                               0.9999999999999998
4.5                                               0.11302413099626736                               0.11302413099626736                               1.0000000000000007
4.5                                               0.11302413185729113                               0.11302413185729114                               0.9999999999999994
4.5                                               0.12549193630383948                               0.12549193630383948                               0.9999999999999979
4.5                                               0.12549193819522322                               0.12549193819522322                               1.0000000000000007
4.5                                               0.12675665675541484                               0.12675665675541484                               1.0000000000000002
4.5                                               0.128487562080634                                 0.128487562080634                                 0.9999999999999993
4.5                                               0.14017375021640577                               0.14017375021640577                               0.9999999999999993
4.5                                               0.14017375082200056                               0.14017375082200056                               0.9999999999999978
4.5                                               0.1570452250569407                                0.15704522505694074                               0.9999999999999992
4.5                                               0.15704522697895595                               0.15704522697895595                               1.0000000000000016
4.5                                               0.174603849183686                                 0.174603849183686                                 1.0000000000000004
4.5                                               0.17607894256619228                               0.17607894256619228                               1.0000000000000009
4.5                                               0.17607894393577958                               0.1760789439357796                                0.9999999999999982
4.5                                               0.17665541767874107                               0.17665541767874107                               0.9999999999999989
4.5                                               0.17950431249943005                               0.17950431249943005                               1.0000000000000013
4.5                                               0.1873402848892019                                0.1873402848892019                                0.9999999999999996
4.75                                              0.049226933211392584                              0.04922693321139259                               1.0000000000000007
4.75                                              0.05627486024066563                               0.056274860240665636                              1.0000000000000004
4.75                                              0.06389906771109846                               0.06389906771109846                               0.9999999999999997
4.75                                              0.08453475100835783                               0.08453475100835783                               1.0000000000000022
4.75                                              0.08525240380140768                               0.08525240380140768                               1.0000000000000004
4.75                                              0.08568104158752403                               0.08568104158752404                               0.9999999999999997
4.75                                              0.08568475392856686                               0.08568475392856686                               1.0000000000000007
4.75                                              0.08898391775142245                               0.08898391775142246                               1.0000000000000009
4.75                                              0.08915501964533035                               0.08915501964533035                               0.9999999999999989
4.75                                              0.09077777646971094                               0.09077777646971096                               1.000000000000001
4.75                                              0.09480976863881285                               0.09480976863881285                               1.0000000000000007
4.75                                              0.09481001615485259                               0.09481001615485259                               0.9999999999999998
4.75                                              0.1027913403214221                                0.10279134032142212                               1.0000000000000018
4.75                                              0.10279135538261541                               0.10279135538261541                               0.9999999999999982
4.75                                              0.11302413106489899                               0.113024131064899                                 0.9999999999999998
4.75                                              0.11302413192704477                               0.11302413192704479                               1.0000000000000002
4.75                                              0.12549193631029842                               0.12549193631029845                               0.9999999999999997
4.75                                              0.12549193820480956                               0.12549193820480956                               1.000000000000001
4.75                                              0.1270008812018741                                0.1270008812018741                                1.0000000000000007
4.75                                              0.12869660528451826                               0.12869660528451826                               1
4.75                                              0.1401737502176063                                0.1401737502176063                                1.0000000000000036
4.75                                              0.14017375082300704                               0.14017375082300704                               0.9999999999999989
4.75                                              0.15704522505704754                               0.15704522505704754                               1.0000000000000007
4.75                                              0.1570452269790988                                0.1570452269790988                                0.9999999999999981
4.75                                              0.17607894256620124                               0.17607894256620124                               1.0000000000000002
4.75                                              0.17607894393579948                               0.17607894393579948                               1.0000000000000002
4.75                                              0.17608216771149754                               0.17608216771149754                               1.000000000000001
4.75                                              0.17673229581410088                               0.17673229581410088                               0.9999999999999988
4.75                                              0.18217803175546687                               0.1821780317554669                                0.9999999999999992
4.75                                              0.19131619970632874                               0.19131619970632874                               0.9999999999999996
4.999999999999999                                 0.05047699519478452                               0.050476995194784526                              1.0000000000000018
4.999999999999999                                 0.05750285923951027                               0.05750285923951027                               1.000000000000001
4.999999999999999                                 0.06456516818316606                               0.06456516818316607                               1.0000000000000018
4.999999999999999                                 0.08453540838014491                               0.08453540838014491                               1.0000000000000007
4.999999999999999                                 0.08568158612584774                               0.08568158612584774                               1.0000000000000018
4.999999999999999                                 0.0856852217417063                                0.08568522174170631                               1.0000000000000009
4.999999999999999                                 0.08570072509756062                               0.08570072509756062                               1.0000000000000007
4.999999999999999                                 0.0890134934799181                                0.08901349347991812                               1.0000000000000024
4.999999999999999                                 0.08916206555674645                               0.08916206555674647                               1.0000000000000007
4.999999999999999                                 0.09134076622690344                               0.09134076622690346                               1.0000000000000013
4.999999999999999                                 0.09480979769591649                               0.09480979769591649                               0.9999999999999996
4.999999999999999                                 0.09481003915455874                               0.09481003915455874                               1.0000000000000007
4.999999999999999                                 0.10279134125817464                               0.10279134125817464                               0.9999999999999993
4.999999999999999                                 0.10279135688784359                               0.10279135688784359                               0.9999999999999988
4.999999999999999                                 0.1130241311512422                                0.11302413115124221                               1.000000000000002
4.999999999999999                                 0.11302413201979485                               0.11302413201979485                               0.9999999999999997
4.999999999999999                                 0.12549193631811909                               0.12549193631811909                               1.0000000000000007
4.999999999999999                                 0.12549193821866422                               0.12549193821866422                               0.9999999999999988
4.999999999999999                                 0.12728074336282064                               0.12728074336282064                               1.0000000000000002
4.999999999999999                                 0.12893256794317348                               0.1289325679431735                                1.0000000000000036
4.999999999999999                                 0.1401737502194664                                0.1401737502194664                                1.0000000000000013
4.999999999999999                                 0.1401737508244557                                0.1401737508244557                                0.9999999999999993
4.999999999999999                                 0.15704522505723767                               0.15704522505723767                               1.0000000000000007
4.999999999999999                                 0.1570452269793862                                0.1570452269793862                                0.9999999999999984
4.999999999999999                                 0.1760789425662377                                0.17607894256623774                               1.0000000000000004
4.999999999999999                                 0.17607894393586349                               0.17607894393586349                               1.0000000000000009
4.999999999999999                                 0.17668950003717504                               0.17668950003717504                               0.9999999999999984
4.999999999999999                                 0.1768206650518051                                0.1768206650518051                                0.9999999999999997
4.999999999999999                                 0.18572739327888094                               0.18572739327888094                               0.9999999999999986
4.999999999999999                                 0.19537722418208706                               0.19537722418208706                               0.9999999999999984
5.25                                              0.05174754502409546                               0.05174754502409546                               1.000000000000002
5.25                                              0.058795860863252565                              0.058795860863252565                              0.9999999999999992
5.25                                              0.06522561359587095                               0.06522561359587095                               0.9999999999999979
5.25                                              0.0845360742655241                                0.0845360742655241                                0.9999999999999996
5.25                                              0.08568219148384022                               0.08568219148384022                               0.9999999999999993
5.25                                              0.08568571225256089                               0.08568571225256089                               1.0000000000000009
5.25                                              0.0861722595915235                                0.0861722595915235                                1
5.25                                              0.089032517386918                                 0.089032517386918                                 1
5.25                                              0.08917178595689765                               0.08917178595689766                               0.9999999999999981
5.25                                              0.09195724338337433                               0.09195724338337433                               0.9999999999999999
5.25                                              0.09480983106858118                               0.0948098310685812                                1.0000000000000002
5.25                                              0.09481006311090724                               0.09481006311090724                               0.9999999999999996
5.25                                              0.10279134232924                                  0.10279134232924002                               1.0000000000000009
5.25                                              0.10279135849728145                               0.10279135849728147                               0.9999999999999986
5.25                                              0.11302413125875375                               0.11302413125875377                               0.9999999999999986
5.25                                              0.11302413212706058                               0.1130241321270606                                0.9999999999999976
5.25                                              0.125491936327435                                 0.125491936327435                                 0.9999999999999996
5.25                                              0.12549193823461588                               0.12549193823461588                               0.9999999999999993
5.25                                              0.12760088444608983                               0.12760088444608983                               0.999999999999999
5.25                                              0.12918601277228894                               0.12918601277228894                               1.000000000000001
5.25                                              0.14017375022162112                               0.14017375022162112                               0.9999999999999994
5.25                                              0.14017375082628394                               0.14017375082628394                               1.0000000000000018
5.25                                              0.15704522505755486                               0.1570452250575549                                1.0000000000000004
5.25                                              0.15704522697977144                               0.15704522697977144                               0.999999999999999
5.25                                              0.17607894256632514                               0.17607894256632514                               0.9999999999999999
5.25                                              0.1760789439359855                                0.1760789439359855                                0.9999999999999998
5.25                                              0.176922173749612                                 0.176922173749612                                 0.9999999999999993
5.25                                              0.1770275796351916                                0.17702757963519164                               0.9999999999999991
5.25                                              0.18952724705696894                               0.18952724705696894                               0.9999999999999976
5.25                                              0.19724441195671688                               0.19724441195671688                               0.9999999999999996
5.5                                               0.053020652620169625                              0.053020652620169625                              1.0000000000000002
5.5                                               0.06015378227344429                               0.0601537822734443                                0.999999999999998
5.5                                               0.0658414027813227                                0.0658414027813227                                1.0000000000000024
5.5                                               0.0845367512663693                                0.0845367512663693                                1.0000000000000016
5.5                                               0.08568286994940326                               0.08568286994940326                               1.0000000000000002
5.5                                               0.08568620250687302                               0.08568620250687302                               0.9999999999999997
5.5                                               0.08666464968995984                               0.08666464968995985                               1.0000000000000022
5.5                                               0.08904499490922957                               0.08904499490922958                               0.9999999999999991
5.5                                               0.0891859288726596                                0.08918592887265961                               0.9999999999999988
5.5                                               0.09258747983375415                               0.09258747983375416                               1.0000000000000013
5.5                                               0.09480986938708591                               0.09480986938708591                               0.999999999999999
5.5                                               0.09481008375308073                               0.09481008375308073                               0.9999999999999994
5.5                                               0.10279134354806312                               0.10279134354806312                               1.0000000000000002
5.5                                               0.10279135973337038                               0.10279135973337039                               1.0000000000000013
5.5                                               0.11302413138605995                               0.11302413138605995                               0.9999999999999978
5.5                                               0.11302413221614346                               0.11302413221614346                               1.000000000000002
5.5                                               0.12549193633680714                               0.12549193633680714                               1.0000000000000004
5.5                                               0.12549193824404223                               0.12549193824404223                               1
5.5                                               0.12796636762627883                               0.12796636762627883                               1.0000000000000002
5.5                                               0.12942657388337334                               0.12942657388337334                               1.0000000000000002
5.5                                               0.14017375022227163                               0.14017375022227163                               1
5.5                                               0.1401737508272979                                0.1401737508272979                                0.9999999999999993
5.5                                               0.1570452250576091                                0.1570452250576091                                1.0000000000000002
5.5                                               0.15704522697975565                               0.15704522697975568                               0.9999999999999997
5.5                                               0.1760789425663588                                0.1760789425663588                                1.0000000000000022
5.5                                               0.17607894393595752                               0.17607894393595752                               1.000000000000001
5.5                                               0.17703825840473975                               0.17703825840473975                               1.0000000000000009
5.5                                               0.17726970324824187                               0.17726970324824187                               1.0000000000000002
5.5                                               0.19335884498750314                               0.19335884498750316                               1.0000000000000004
5.5                                               0.19724441195672188                               0.19724441195672188                               0.9999999999999999
5.749999999999999                                 0.05432342972087204                               0.05432342972087204                               0.999999999999999
5.749999999999999                                 0.061576353333435696                              0.061576353333435696                              1.0000000000000036
5.749999999999999                                 0.06647977623345286                               0.06647977623345286                               1.0000000000000009
5.749999999999999                                 0.08453744206379901                               0.08453744206379903                               1.0000000000000022
5.749999999999999                                 0.08568363756834113                               0.08568363756834114                               1
5.749999999999999                                 0.08568673535717418                               0.08568673535717418                               1.0000000000000004
5.749999999999999                                 0.08717376025044239                               0.0871737602504424                                0.9999999999999989
5.749999999999999                                 0.08905470793169663                               0.08905470793169663                               0.9999999999999994
5.749999999999999                                 0.08920811814388095                               0.08920811814388095                               1.0000000000000009
5.749999999999999                                 0.09330613779350812                               0.09330613779350813                               0.9999999999999998
5.749999999999999                                 0.09480991346198517                               0.09480991346198518                               0.9999999999999999
5.749999999999999                                 0.09481010873874021                               0.09481010873874021                               0.9999999999999988
5.749999999999999                                 0.10279134495800517                               0.10279134495800517                               0.9999999999999991
5.749999999999999                                 0.10279136150985813                               0.10279136150985813                               0.999999999999998
5.749999999999999                                 0.11302413155674008                               0.11302413155674008                               0.9999999999999989
5.749999999999999                                 0.11302413235609195                               0.11302413235609196                               1.0000000000000007
5.749999999999999                                 0.12549193634940123                               0.12549193634940126                               1.000000000000001
5.749999999999999                                 0.12549193826443994                               0.12549193826443994                               1.000000000000004
5.749999999999999                                 0.12838328816837477                               0.12838328816837477                               0.9999999999999994
5.749999999999999                                 0.1297097532683403                                0.1297097532683403                                1.0000000000000007
5.749999999999999                                 0.14017375022432113                               0.14017375022432113                               0.9999999999999994
5.749999999999999                                 0.14017375082943845                               0.14017375082943845                               0.9999999999999998
5.749999999999999                                 0.15704522505779708                               0.15704522505779708                               1
5.749999999999999                                 0.15704522697995943                               0.15704522697995943                               1.0000000000000004
5.749999999999999                                 0.1760789425663753                                0.1760789425663753                                1.0000000000000002
5.749999999999999                                 0.17607894393596724                               0.17607894393596724                               1
5.749999999999999                                 0.17717149921311967                               0.17717149921311967                               0.9999999999999998
5.749999999999999                                 0.1775023909640719                                0.1775023909640719                                1.0000000000000022
5.749999999999999                                 0.19716367495904247                               0.1971636749590425                                0.9999999999999989
5.749999999999999                                 0.19724441195754483                               0.19724441195754483                               1
6                                                 0.05565446670633507                               0.05565446670633507                               0.9999999999999986
6                                                 0.06306292762811368                               0.06306292762811368                               1.0000000000000007
6                                                 0.06714087846162294                               0.06714087846162295                               1.0000000000000027
6                                                 0.08453815089216435                               0.08453815089216435                               1.0000000000000004
6                                                 0.0856845155535611                                0.0856845155535611                                0.9999999999999996
6                                                 0.08568731725890982                               0.08568731725890984                               1.0000000000000002
6                                                 0.08769036322088614                               0.08769036322088614                               1.0000000000000029
6                                                 0.08906238452085145                               0.08906238452085145                               1.0000000000000013
6                                                 0.0892469525465915                                0.0892469525465915                                0.999999999999998
6                                                 0.09411873942795675                               0.09411873942795675                               1.0000000000000004
6                                                 0.09480996419447628                               0.09480996419447628                               0.9999999999999986
6                                                 0.0948101381094057                                0.09481013810940571                               1
6                                                 0.1027913465926989                                0.1027913465926989                                0.9999999999999987
6                                                 0.10279136390470404                               0.10279136390470406                               0.9999999999999996
6                                                 0.11302413178391858                               0.1130241317839186                                0.9999999999999998
6                                                 0.11302413255532402                               0.11302413255532402                               0.9999999999999982
6                                                 0.12549193636608708                               0.12549193636608708                               0.9999999999999992
6                                                 0.12549193829861674                               0.12549193829861674                               1.0000000000000009
6                                                 0.12885820376968418                               0.12885820376968418                               1.0000000000000004
6                                                 0.13003699775362856                               0.13003699775362856                               1.000000000000001
6                                                 0.14017375022807282                               0.14017375022807282                               1.0000000000000007
6                                                 0.1401737508329798                                0.1401737508329798                                0.9999999999999996
6                                                 0.15704522505810664                               0.15704522505810664                               1.0000000000000013
6                                                 0.15704522698045087                               0.15704522698045087                               0.9999999999999992
6                                                 0.17607894256639012                               0.17607894256639012                               0.9999999999999991
6                                                 0.17607894393603998                               0.17607894393604                                  1.0000000000000004
6                                                 0.17732401233368328                               0.17732401233368328                               0.999999999999999
6                                                 0.17775425187470525                               0.17775425187470525                               1
6                                                 0.1972444119566788                                0.19724441195667883                               0.9999999999999992
6                                                 0.1972444133572318                                0.1972444133572318                                0.9999999999999991
6.25                                              0.05697294183640437                               0.05697294183640437                               1.0000000000000007
6.25                                              0.0646123441081978                                0.0646123441081978                                0.9999999999999976
6.25                                              0.06774510009039263                               0.06774510009039263                               0.9999999999999996
6.25                                              0.08453887499345622                               0.08453887499345622                               0.9999999999999988
6.25                                              0.08568553248052187                               0.08568553248052187                               1.0000000000000002
6.25                                              0.0856878919994478                                0.0856878919994478                                1.0000000000000004
6.25                                              0.08818985536198022                               0.08818985536198022                               0.9999999999999984
6.25                                              0.08906805026387796                               0.08906805026387796                               0.9999999999999994
6.25                                              0.08932625847195756                               0.08932625847195756                               0.9999999999999991
6.25                                              0.09481002259748485                               0.09481002259748486                               0.9999999999999994
6.25                                              0.09481016329807473                               0.09481016329807475                               1
6.25                                              0.09495134030126567                               0.09495134030126567                               1.0000000000000016
6.25                                              0.10279134847262017                               0.10279134847262017                               0.9999999999999986
6.25                                              0.10279136601058007                               0.10279136601058007                               0.9999999999999989
6.25                                              0.11302413206056958                               0.11302413206056958                               0.9999999999999992
6.25                                              0.11302413275068991                               0.11302413275068993                               1.0000000000000004
6.25                                              0.12549193638552156                               0.12549193638552156                               0.9999999999999993
6.25                                              0.1254919383307768                                0.1254919383307768                                1.0000000000000009
6.25                                              0.1293981251500151                                0.1293981251500151                                0.9999999999999992
6.25                                              0.1303455711948623                                0.1303455711948623                                1.0000000000000013
6.25                                              0.14017375023064216                               0.14017375023064216                               1.0000000000000002
6.25                                              0.14017375083671085                               0.14017375083671085                               1.0000000000000002
6.25                                              0.15704522505834043                               0.15704522505834043                               0.999999999999999
6.25                                              0.15704522698072967                               0.15704522698072967                               0.9999999999999993
6.25                                              0.17607894256647189                               0.1760789425664719                                1.0000000000000002
6.25                                              0.176078943936059                                 0.17607894393605902                               0.999999999999999
6.25                                              0.17749729723916274                               0.17749729723916274                               1
6.25                                              0.17800836253978336                               0.17800836253978336                               1.0000000000000009
6.25                                              0.19724441195671497                               0.19724441195671497                               0.9999999999999987
6.25                                              0.19724441335726473                               0.19724441335726475                               0.9999999999999993
6.499999999999999                                 0.05831181860592055                               0.05831181860592056                               0.9999999999999984
6.499999999999999                                 0.06622284198295389                               0.0662228419829539                                1.0000000000000016
6.499999999999999                                 0.06837227848635669                               0.06837227848635669                               0.9999999999999999
6.499999999999999                                 0.08453962246164995                               0.08453962246164996                               0.9999999999999994
6.499999999999999                                 0.08568672777102364                               0.08568672777102364                               1.0000000000000029
6.499999999999999                                 0.08568852188166187                               0.08568852188166189                               1.0000000000000009
6.499999999999999                                 0.08860462636855289                               0.08860462636855289                               1.0000000000000013
6.499999999999999                                 0.08907283659446047                               0.08907283659446048                               1.0000000000000004
6.499999999999999                                 0.08951300446357283                               0.08951300446357283                               0.9999999999999994
6.499999999999999                                 0.09481008999347329                               0.09481008999347329                               0.9999999999999989
6.499999999999999                                 0.09481019315700072                               0.09481019315700072                               0.9999999999999988
6.499999999999999                                 0.09589352839888614                               0.09589352839888614                               0.9999999999999986
6.499999999999999                                 0.10279135066256377                               0.10279135066256377                               1.0000000000000016
6.499999999999999                                 0.10279136904884466                               0.10279136904884466                               1.0000000000000013
6.499999999999999                                 0.11302413241876665                               0.11302413241876666                               1.0000000000000007
6.499999999999999                                 0.11302413303537352                               0.11302413303537352                               0.9999999999999992
6.499999999999999                                 0.12549193641180972                               0.12549193641180972                               0.9999999999999996
6.499999999999999                                 0.12549193838555664                               0.12549193838555664                               1
6.499999999999999                                 0.13001144559407274                               0.13001144559407274                               0.9999999999999992
6.499999999999999                                 0.13070118371313405                               0.13070118371313405                               1.0000000000000033
6.499999999999999                                 0.14017375023570727                               0.14017375023570727                               0.9999999999999992
6.499999999999999                                 0.14017375084311376                               0.14017375084311376                               1.000000000000002
6.499999999999999                                 0.1570452250587254                                0.1570452250587254                                0.9999999999999987
6.499999999999999                                 0.15704522698131318                               0.15704522698131318                               1.0000000000000004
6.499999999999999                                 0.1760789425665146                                0.17607894256651463                               1
6.499999999999999                                 0.1760789439360424                                0.1760789439360424                                1.0000000000000009
6.499999999999999                                 0.1776943256770558                                0.17769432567705581                               0.9999999999999981
6.499999999999999                                 0.17830979469625297                               0.17830979469625297                               0.9999999999999969
6.499999999999999                                 0.1972444119566843                                0.19724441195668432                               1.0000000000000007
6.499999999999999                                 0.19724441335722298                               0.19724441335722298                               1.000000000000001
6.749999999999999                                 0.059660445454551646                              0.059660445454551646                              1
6.749999999999999                                 0.06789181867158933                               0.06789181867158933                               0.9999999999999997
6.749999999999999                                 0.06900936261446851                               0.06900936261446851                               1.0000000000000018
6.749999999999999                                 0.08454039756569041                               0.08454039756569041                               1.0000000000000009
6.749999999999999                                 0.08568815725097151                               0.08568815725097151                               0.9999999999999996
6.749999999999999                                 0.08568920341927323                               0.08568920341927323                               0.9999999999999971
6.749999999999999                                 0.08884486902335356                               0.08884486902335356                               0.9999999999999999
6.749999999999999                                 0.0890768505523556                                0.0890768505523556                                0.999999999999999
6.749999999999999                                 0.08989620599185104                               0.08989620599185104                               0.9999999999999993
6.749999999999999                                 0.0948101679185757                                0.0948101679185757                                1.0000000000000004
6.749999999999999                                 0.09481022630755769                               0.0948102263075577                                0.9999999999999997
6.749999999999999                                 0.09693993132850251                               0.09693993132850252                               1
6.749999999999999                                 0.10279135321510353                               0.10279135321510355                               0.9999999999999968
6.749999999999999                                 0.1027913731740602                                0.1027913731740602                                1.0000000000000013
6.749999999999999                                 0.11302413286231887                               0.11302413286231887                               0.9999999999999987
6.749999999999999                                 0.11302413342861267                               0.11302413342861269                               1.0000000000000004
6.749999999999999                                 0.12549193644721734                               0.12549193644721734                               0.9999999999999999
6.749999999999999                                 0.12549193846804035                               0.12549193846804035                               1.0000000000000002
6.749999999999999                                 0.1307071135785853                                0.1307071135785853                                1.0000000000000009
6.749999999999999                                 0.13109461618325435                               0.13109461618325435                               0.9999999999999981
6.749999999999999                                 0.140173750243993                                 0.14017375024399303                               1.000000000000001
6.749999999999999                                 0.14017375085371697                               0.14017375085371697                               0.9999999999999992
6.749999999999999                                 0.15704522505950946                               0.1570452250595095                                1.0000000000000022
6.749999999999999                                 0.15704522698258214                               0.15704522698258214                               1.0000000000000009
6.749999999999999                                 0.17607894256672413                               0.17607894256672413                               0.9999999999999982
6.749999999999999                                 0.17607894393615323                               0.17607894393615323                               1
6.749999999999999                                 0.1779173898876786                                0.1779173898876786                                1.0000000000000004
6.749999999999999                                 0.17866417054011813                               0.17866417054011813                               1.0000000000000004
6.749999999999999                                 0.19724441195670397                               0.197244411956704                                 1.000000000000001
6.749999999999999                                 0.1972444133572348                                0.1972444133572348                                0.9999999999999997
7                                                 0.061005907866150115                              0.06100590786615012                               1.000000000000001
7                                                 0.06961567545730973                               0.06961567545730973                               0.9999999999999983
7                                                 0.06964228270077173                               0.06964228270077173                               0.9999999999999981
7                                                 0.08454120249147708                               0.08454120249147708                               0.9999999999999998
7                                                 0.08568990264939573                               0.08568990264939573                               1.0000000000000013
7                                                 0.08568992965212165                               0.08568992965212165                               1.0000000000000009
7                                                 0.08894917695261467                               0.08894917695261467                               0.9999999999999986
7                                                 0.08908021976661673                               0.08908021976661673                               0.9999999999999986
7                                                 0.09043640395579358                               0.09043640395579358                               1.0000000000000007
7                                                 0.09481025825912379                               0.0948102582591238                                0.9999999999999996
7                                                 0.09481026139905793                               0.09481026139905793                               0.9999999999999993
7                                                 0.09808537142414406                               0.09808537142414406                               1.0000000000000016
7                                                 0.10279135619206368                               0.10279135619206368                               1
7                                                 0.10279137890977276                               0.10279137890977276                               0.9999999999999983
7                                                 0.11302413337047316                               0.11302413337047316                               0.9999999999999992
7                                                 0.11302413397782242                               0.11302413397782242                               0.9999999999999994
7                                                 0.1254919364941923                                0.1254919364941923                                0.9999999999999992
7                                                 0.12549193858575902                               0.12549193858575902                               1
7                                                 0.13149491984679618                               0.13149491984679618                               1.0000000000000007
7                                                 0.1315158775118895                                0.1315158775118895                                1.0000000000000016
7                                                 0.14017375025634277                               0.14017375025634277                               1.0000000000000013
7                                                 0.14017375087070377                               0.14017375087070377                               0.9999999999999984
7                                                 0.1570452250608406                                0.1570452250608406                                0.9999999999999993
7                                                 0.15704522698473472                               0.15704522698473472                               1.0000000000000022
7                                                 0.17607894256716813                               0.17607894256716813                               1.000000000000001
7                                                 0.17607894393640608                               0.17607894393640608                               1.000000000000001
7                                                 0.1781687531379643                                0.1781687531379643                                0.9999999999999991
7                                                 0.17907619727389035                               0.17907619727389038                               0.9999999999999993
7                                                 0.19724441195678605                               0.19724441195678608                               1.0000000000000002
7                                                 0.19724441335728837                               0.19724441335728837                               0.9999999999999996
7.249999999999999                                 0.06231850774448832                               0.06231850774448833                               1.0000000000000013
7.249999999999999                                 0.07023157718279746                               0.07023157718279746                               0.9999999999999997
7.249999999999999                                 0.07138959820030628                               0.07138959820030628                               0.9999999999999996
7.249999999999999                                 0.08454202632863919                               0.08454202632863919                               0.9999999999999987
7.249999999999999                                 0.08569066144812762                               0.08569066144812762                               0.9999999999999999
7.249999999999999                                 0.08569208852493211                               0.08569208852493213                               1.0000000000000002
7.249999999999999                                 0.08899763824200822                               0.08899763824200822                               1.000000000000002
7.249999999999999                                 0.08908302188068422                               0.08908302188068423                               1.0000000000000002
7.249999999999999                                 0.09105248823418373                               0.09105248823418374                               1
7.249999999999999                                 0.09481029466342054                               0.09481029466342054                               1.0000000000000002
7.249999999999999                                 0.09481036341140633                               0.09481036341140633                               1.0000000000000022
7.249999999999999                                 0.09930281306092945                               0.09930281306092945                               0.9999999999999979
7.249999999999999                                 0.10279135965863256                               0.10279135965863256                               1.0000000000000007
7.249999999999999                                 0.10279138783714654                               0.10279138783714654                               1.0000000000000002
7.249999999999999                                 0.11302413387843328                               0.1130241338784333                                1.0000000000000007
7.249999999999999                                 0.1130241347433509                                0.1130241347433509                                0.9999999999999997
7.249999999999999                                 0.12549193655394641                               0.12549193655394641                               0.999999999999998
7.249999999999999                                 0.12549193874198045                               0.12549193874198045                               1.0000000000000002
7.249999999999999                                 0.131935159476095                                 0.13193515947609502                               0.9999999999999971
7.249999999999999                                 0.13238528280745515                               0.13238528280745515                               0.9999999999999984
7.249999999999999                                 0.14017375027228798                               0.14017375027228798                               0.9999999999999983
7.249999999999999                                 0.1401737508967003                                0.1401737508967003                                0.9999999999999973
7.249999999999999                                 0.15704522506234941                               0.15704522506234944                               1.0000000000000022
7.249999999999999                                 0.1570452269875539                                0.1570452269875539                                1.0000000000000002
7.249999999999999                                 0.17607894256772488                               0.17607894256772488                               0.9999999999999969
7.249999999999999                                 0.17607894393658846                               0.1760789439365885                                0.9999999999999989
7.249999999999999                                 0.17845020849092663                               0.17845020849092663                               1.000000000000001
7.249999999999999                                 0.17954012645155357                               0.1795401264515536                                0.9999999999999998
7.249999999999999                                 0.1972444119568875                                0.1972444119568875                                0.999999999999999
7.249999999999999                                 0.19724441335729598                               0.197244413357296                                 0.999999999999999
7.5                                               0.06363600242684868                               0.06363600242684868                               0.9999999999999996
7.5                                               0.0708564898358785                                0.07085648983587851                               0.9999999999999982
7.5                                               0.07320748985095704                               0.07320748985095704                               1.0000000000000013
7.5                                               0.08454290050047178                               0.08454290050047178                               0.9999999999999996
7.5                                               0.08569148841488433                               0.08569148841488433                               1.0000000000000009
7.5                                               0.08569491463226317                               0.08569491463226317                               0.9999999999999999
7.5                                               0.08902411877754844                               0.08902411877754844                               0.9999999999999991
7.5                                               0.08908552770805876                               0.08908552770805876                               0.9999999999999987
7.5                                               0.09170976490496997                               0.09170976490496997                               1
7.5                                               0.094810334102382                                 0.094810334102382                                 1.0000000000000013
7.5                                               0.094810486501889                                 0.09481048650188902                               0.9999999999999993
7.5                                               0.10067343323653313                               0.10067343323653315                               1.000000000000001
7.5                                               0.10279136373106712                               0.10279136373106712                               0.9999999999999986
7.5                                               0.10279140754112917                               0.10279140754112917                               1.0000000000000009
7.5                                               0.11302413448660606                               0.11302413448660606                               0.9999999999999996
7.5                                               0.11302413579096576                               0.11302413579096578                               1.0000000000000009
7.5                                               0.1254919366350839                                0.1254919366350839                                0.9999999999999993
7.5                                               0.12549193898126695                               0.12549193898126695                               0.9999999999999996
7.5                                               0.1324162397873652                                0.1324162397873652                                1.000000000000001
7.5                                               0.13339007031749206                               0.13339007031749206                               1.0000000000000013
7.5                                               0.1401737502994715                                0.1401737502994715                                0.9999999999999986
7.5                                               0.1401737509425495                                0.1401737509425495                                0.9999999999999998
7.5                                               0.15704522506506938                               0.15704522506506938                               1.0000000000000007
7.5                                               0.15704522699276038                               0.1570452269927604                                1.000000000000003
7.5                                               0.17607894256888207                               0.17607894256888207                               0.9999999999999991
7.5                                               0.1760789439370225                                0.1760789439370225                                0.9999999999999991
7.5                                               0.17876507018253962                               0.17876507018253962                               1.0000000000000009
7.5                                               0.18010180759396743                               0.18010180759396743                               0.9999999999999991
7.5                                               0.1972444119570932                                0.1972444119570932                                1.0000000000000007
7.5                                               0.1972444133573642                                0.19724441335736423                               1.0000000000000004
7.749999999999999                                 0.06492029052656997                               0.06492029052656997                               1.0000000000000002
7.749999999999999                                 0.07146333992279207                               0.07146333992279207                               1.0000000000000027
7.749999999999999                                 0.07506161914252149                               0.07506161914252149                               1.0000000000000004
7.749999999999999                                 0.0845438105960431                                0.0845438105960431                                0.9999999999999997
7.749999999999999                                 0.08569235794631874                               0.08569235794631874                               0.9999999999999999
7.749999999999999                                 0.08569872227434255                               0.08569872227434255                               1.0000000000000013
7.749999999999999                                 0.0890404967294208                                0.0890404967294208                                0.9999999999999998
7.749999999999999                                 0.08908770569987812                               0.08908770569987812                               0.9999999999999997
7.749999999999999                                 0.09239519634342173                               0.09239519634342173                               0.9999999999999984
7.749999999999999                                 0.09481037456493524                               0.09481037456493524                               0.9999999999999997
7.749999999999999                                 0.09481063162543853                               0.09481063162543854                               1
7.749999999999999                                 0.10215493193015926                               0.10215493193015927                               1.000000000000001
7.749999999999999                                 0.10279136851053056                               0.10279136851053057                               0.9999999999999981
7.749999999999999                                 0.10279151321328943                               0.10279151321328943                               1.0000000000000016
7.749999999999999                                 0.11302413517328527                               0.11302413517328529                               1.0000000000000007
7.749999999999999                                 0.11302413713756465                               0.11302413713756466                               1.0000000000000009
7.749999999999999                                 0.1254919367410719                                0.1254919367410719                                1.000000000000001
7.749999999999999                                 0.12549193931908642                               0.12549193931908642                               1
7.749999999999999                                 0.13291785365953612                               0.13291785365953612                               1.0000000000000004
7.749999999999999                                 0.13452102097455665                               0.13452102097455665                               0.9999999999999989
7.749999999999999                                 0.14017375033999213                               0.14017375033999213                               0.9999999999999988
7.749999999999999                                 0.14017375102403568                               0.14017375102403568                               0.9999999999999994
7.749999999999999                                 0.1570452250691663                                0.1570452250691663                                0.9999999999999981
7.749999999999999                                 0.1570452270009301                                0.1570452270009301                                0.9999999999999992
7.749999999999999                                 0.17607894257081302                               0.17607894257081302                               1.000000000000002
7.749999999999999                                 0.1760789439377614                                0.1760789439377614                                0.9999999999999979
7.749999999999999                                 0.179115012049528                                 0.179115012049528                                 1.000000000000002
7.749999999999999                                 0.18075135654970026                               0.1807513565497003                                1.0000000000000018
7.749999999999999                                 0.19724441195746878                               0.19724441195746878                               1.000000000000001
7.749999999999999                                 0.19724441335748638                               0.19724441335748638                               1.000000000000001
7.999999999999999                                 0.06616335825617672                               0.06616335825617672                               1.0000000000000013
7.999999999999999                                 0.07205235740493673                               0.07205235740493673                               1
7.999999999999999                                 0.07694252487947031                               0.07694252487947031                               0.9999999999999989
7.999999999999999                                 0.08454475823267228                               0.08454475823267228                               1.0000000000000007
7.999999999999999                                 0.08569327240581763                               0.08569327240581763                               1.0000000000000004
7.999999999999999                                 0.08570414652374446                               0.08570414652374446                               0.9999999999999987
7.999999999999999                                 0.08905153807507085                               0.08905153807507085                               1
7.999999999999999                                 0.08908962803345047                               0.08908962803345048                               1.0000000000000018
7.999999999999999                                 0.09310287211267565                               0.09310287211267566                               1.0000000000000009
7.999999999999999                                 0.09481041632810237                               0.09481041632810237                               1.000000000000001
7.999999999999999                                 0.09481080443657344                               0.09481080443657344                               1.0000000000000004
7.999999999999999                                 0.10279127035319127                               0.10279127035319129                               0.9999999999999971
7.999999999999999                                 0.10279137414064143                               0.10279137414064143                               0.999999999999998
7.999999999999999                                 0.10375395104366651                               0.10375395104366653                               0.9999999999999998
7.999999999999999                                 0.11302413596376001                               0.11302413596376001                               1.0000000000000013
7.999999999999999                                 0.11302413883232779                               0.11302413883232779                               0.9999999999999998
7.999999999999999                                 0.1254919368789578                                0.1254919368789578                                1.000000000000001
7.999999999999999                                 0.12549193979823486                               0.12549193979823486                               0.9999999999999996
7.999999999999999                                 0.13344141720330732                               0.13344141720330732                               1.0000000000000022
7.999999999999999                                 0.13579037627387502                               0.13579037627387502                               1.0000000000000016
7.999999999999999                                 0.1401737504001342                                0.1401737504001342                                0.9999999999999997
7.999999999999999                                 0.14017375118509814                               0.14017375118509814                               1.0000000000000007
7.999999999999999                                 0.1570452250753328                                0.1570452250753328                                0.9999999999999998
7.999999999999999                                 0.157045227013672                                 0.157045227013672                                 0.9999999999999991
7.999999999999999                                 0.1760789425741423                                0.17607894257414233                               0.9999999999999987
7.999999999999999                                 0.17607894393892487                               0.17607894393892487                               0.9999999999999996
7.999999999999999                                 0.17950218037724308                               0.1795021803772431                                1
7.999999999999999                                 0.18150317757078369                               0.18150317757078369                               0.9999999999999972
7.999999999999999                                 0.19724441195820888                               0.19724441195820888                               1.0000000000000007
7.999999999999999                                 0.19724441335771303                               0.19724441335771303                               0.999999999999999
8.25                                              0.06738459034487133                               0.06738459034487133                               1.0000000000000007
8.25                                              0.07266214840654901                               0.07266214840654903                               0.9999999999999991
8.25                                              0.07883865490665418                               0.07883865490665418                               1.0000000000000002
8.25                                              0.08454577806883935                               0.08454577806883935                               1.0000000000000009
8.25                                              0.08569429555365383                               0.08569429555365383                               0.9999999999999996
8.25                                              0.08571251677681468                               0.0857125167768147                                0.9999999999999998
8.25                                              0.08905945270432239                               0.0890594527043224                                0.9999999999999991
8.25                                              0.08909136615878432                               0.08909136615878432                               0.9999999999999999
8.25                                              0.0938294473666506                                0.09382944736665061                               0.9999999999999981
8.25                                              0.0948104628362792                                0.09481046283627921                               0.9999999999999992
8.25                                              0.09481101300684451                               0.09481101300684451                               1.0000000000000013
8.25                                              0.10279133842151612                               0.10279133842151612                               0.9999999999999992
8.25                                              0.10279138081458575                               0.10279138081458576                               1.000000000000003
8.25                                              0.10550331381835973                               0.10550331381835973                               0.9999999999999988
8.25                                              0.1130241369346725                                0.11302413693467252                               0.9999999999999973
8.25                                              0.11302414094079603                               0.11302414094079603                               0.9999999999999998
8.25                                              0.1254919370588121                                0.1254919370588121                                1.0000000000000002
8.25                                              0.1254919404955166                                0.12549194049551662                               0.999999999999999
8.25                                              0.13401717028061014                               0.13401717028061014                               1.0000000000000009
8.25                                              0.13721035852734423                               0.13721035852734423                               1.0000000000000009
8.25                                              0.14017375048902053                               0.14017375048902053                               1.0000000000000004
8.25                                              0.1401737515735493                                0.1401737515735493                                0.9999999999999974
8.25                                              0.1570452250846448                                0.1570452250846448                                0.9999999999999987
8.25                                              0.15704522703361992                               0.15704522703361992                               1.0000000000000009
8.25                                              0.17607894257976853                               0.17607894257976853                               1.0000000000000002
8.25                                              0.17607894394081275                               0.17607894394081275                               1.0000000000000002
8.25                                              0.17992900872590512                               0.17992900872590512                               1.0000000000000002
8.25                                              0.18238831596322963                               0.18238831596322963                               0.9999999999999996
8.25                                              0.1972444119595857                                0.1972444119595857                                1
8.25                                              0.1972444133580724                                0.19724441335807244                               1.0000000000000024
8.499999999999998                                 0.06854270201006196                               0.06854270201006196                               0.9999999999999971
8.499999999999998                                 0.07323992864742951                               0.07323992864742951                               1.0000000000000009
8.499999999999998                                 0.0807351431144098                                0.0807351431144098                                0.9999999999999994
8.499999999999998                                 0.08454683624913377                               0.08454683624913378                               1.0000000000000002
8.499999999999998                                 0.08569535519917501                               0.08569535519917501                               1.0000000000000004
8.499999999999998                                 0.08572714740205184                               0.08572714740205185                               1.0000000000000004
8.499999999999998                                 0.08906538746518237                               0.08906538746518237                               0.9999999999999991
8.499999999999998                                 0.08909292246034943                               0.08909292246034943                               0.999999999999997
8.499999999999998                                 0.09457239313020001                               0.09457239313020002                               0.9999999999999998
8.499999999999998                                 0.09481050962162575                               0.09481050962162577                               1.0000000000000007
8.499999999999998                                 0.09481126923659632                               0.09481126923659633                               1.0000000000000024
8.499999999999998                                 0.10279135603462738                               0.10279135603462738                               1.000000000000001
8.499999999999998                                 0.10279138875818274                               0.10279138875818274                               0.9999999999999988
8.499999999999998                                 0.10735946179208564                               0.10735946179208564                               0.9999999999999997
8.499999999999998                                 0.11302413790270581                               0.11302413790270582                               1.0000000000000018
8.499999999999998                                 0.11302414349461082                               0.11302414349461082                               1
8.499999999999998                                 0.12549193717324628                               0.12549193717324628                               1.0000000000000002
8.499999999999998                                 0.1254919414064133                                0.1254919414064133                                1.0000000000000004
8.499999999999998                                 0.13460548321758722                               0.13460548321758722                               0.9999999999999991
8.499999999999998                                 0.13879180340909947                               0.13879180340909947                               1.0000000000000009
8.499999999999998                                 0.14017375054785852                               0.14017375054785852                               0.9999999999999974
8.499999999999998                                 0.14017375290769207                               0.14017375290769207                               1.0000000000000007
8.499999999999998                                 0.15704522501048174                               0.15704522501048174                               1.000000000000001
8.499999999999998                                 0.15704522689726302                               0.15704522689726302                               1.000000000000001
8.499999999999998                                 0.1760789423757308                                0.1760789423757308                                0.9999999999999982
8.499999999999998                                 0.1760789438720714                                0.17607894387207143                               0.9999999999999987
8.499999999999998                                 0.18039680025394955                               0.18039680025394955                               1
8.499999999999998                                 0.1834013924418153                                0.18340139244181533                               1.0000000000000018
8.499999999999998                                 0.19724441176482418                               0.1972444117648242                                1.0000000000000004
8.499999999999998                                 0.19724441324213682                               0.19724441324213682                               1.0000000000000009
8.75                                              0.06966066937144079                               0.06966066937144079                               0.9999999999999996
8.75                                              0.07382451350505252                               0.07382451350505252                               0.9999999999999987
8.75                                              0.08260847414111659                               0.08260847414111659                               0.9999999999999989
8.75                                              0.08454797571617663                               0.08454797571617663                               0.9999999999999981
8.75                                              0.08569652349015985                               0.08569652349015985                               0.9999999999999987
8.75                                              0.08575909017709411                               0.08575909017709411                               1.0000000000000002
8.75                                              0.08906999456460672                               0.08906999456460672                               1.0000000000000007
8.75                                              0.08909434476080409                               0.0890943447608041                                0.9999999999999999
8.75                                              0.09481056022047309                               0.09481056022047309                               1.0000000000000007
8.75                                              0.09481159199594612                               0.09481159199594613                               1.0000000000000018
8.75                                              0.09532976779902613                               0.09532976779902615                               1.0000000000000002
8.75                                              0.1027913675435115                                0.1027913675435115                                1.000000000000002
8.75                                              0.10279139831927192                               0.10279139831927192                               0.9999999999999996
8.75                                              0.10934712159580245                               0.10934712159580247                               1.0000000000000007
8.75                                              0.11302413933713483                               0.11302413933713484                               0.9999999999999997
8.75                                              0.11302414669671022                               0.11302414669671022                               1.0000000000000002
8.75                                              0.12549193751390506                               0.12549193751390506                               0.9999999999999994
8.75                                              0.1254919430087346                                0.1254919430087346                                1.0000000000000007
8.75                                              0.13523603192272438                               0.13523603192272438                               1.0000000000000004
8.75                                              0.14017373933374505                               0.14017373933374508                               0.9999999999999994
8.75                                              0.14017375079573513                               0.14017375079573516                               1.0000000000000024
8.75                                              0.1405441608021182                                0.1405441608021182                                1.0000000000000013
8.75                                              0.15704522515812142                               0.15704522515812142                               1.0000000000000016
8.75                                              0.15704522713426483                               0.15704522713426483                               0.9999999999999971
8.75                                              0.17607894255022394                               0.17607894255022394                               0.9999999999999994
8.75                                              0.17607894410580677                               0.1760789441058068                                1.000000000000001
8.75                                              0.1809075424311865                                0.18090754243118654                               1
8.75                                              0.18457481386798064                               0.18457481386798064                               0.9999999999999992
8.75                                              0.1972444119188259                                0.1972444119188259                                0.9999999999999991
8.75                                              0.19724441355657557                               0.19724441355657557                               1.0000000000000004
9                                                 0.07074609060650655                               0.07074609060650655                               1.0000000000000018
9                                                 0.07442735589335517                               0.07442735589335517                               1.0000000000000022
9                                                 0.08438031981277243                               0.08438031981277243                               0.9999999999999994
9                                                 0.08454923110021562                               0.08454923110021562                               1.0000000000000016
9                                                 0.08569784429286724                               0.08569784429286724                               0.9999999999999998
9                                                 0.0858737049900506                                0.0858737049900506                                0.9999999999999987
9                                                 0.08907366941463965                               0.08907366941463966                               0.9999999999999993
9                                                 0.08909565293869688                               0.0890956529386969                                0.9999999999999997
9                                                 0.09481061507405741                               0.09481061507405741                               1.0000000000000018
9                                                 0.09481201249753383                               0.09481201249753383                               1.0000000000000018
9                                                 0.09609978543051578                               0.09609978543051578                               0.9999999999999987
9                                                 0.10279137800948188                               0.10279137800948188                               0.9999999999999973
9                                                 0.10279141009158958                               0.10279141009158958                               0.9999999999999976
9                                                 0.11146293167947939                               0.11146293167947939                               1
9                                                 0.11302414095212811                               0.11302414095212811                               0.9999999999999979
9                                                 0.11302415065217472                               0.11302415065217472                               0.999999999999998
9                                                 0.12549193801163364                               0.12549193801163364                               0.9999999999999993
9                                                 0.12549194523412424                               0.12549194523412424                               1.000000000000001
9                                                 0.13591686004745962                               0.13591686004745962                               1.000000000000001
9                                                 0.14017374856778428                               0.14017374856778428                               0.9999999999999972
9                                                 0.14017375108532681                               0.14017375108532681                               0.9999999999999992
9                                                 0.14247377350639054                               0.14247377350639054                               0.9999999999999989
9                                                 0.15704522534140947                               0.1570452253414095                                0.999999999999999
9                                                 0.15704522734061185                               0.15704522734061185                               0.9999999999999998
9                                                 0.1760789428378827                                0.1760789428378827                                0.9999999999999982
9                                                 0.17607894419074235                               0.17607894419074235                               0.9999999999999994
9                                                 0.18146268532243076                               0.18146268532243076                               0.9999999999999996
9                                                 0.18592928316801338                               0.1859292831680134                                1.000000000000001
9                                                 0.19724441225060763                               0.19724441225060763                               0.9999999999999999
9                                                 0.19724441362829043                               0.19724441362829043                               0.9999999999999998
