% Model:              PROYECTO.mph
% Version:            COMSOL 5.6.0.280
% Date:               Jul 27 2026, 20:17
% Table:              Tabla 9 - Valor propio 2
% F (kV/cm)                                       lambda                                            Energía propia (eV)                               Probabilidad total (1)
0                                                 0.06100590786383298                               0.06100590786383299                               0.999999999999999
0                                                 0.06961567545025044                               0.06961567545025044                               1.0000000000000007
0                                                 0.06964228269392253                               0.06964228269392253                               1.0000000000000002
0                                                 0.08454118650380402                               0.08454118650380402                               0.9999999999999996
0                                                 0.08568988619311675                               0.08568988619311675                               1.0000000000000002
0                                                 0.08568991368661237                               0.08568991368661237                               1.000000000000002
0                                                 0.08894916278257509                               0.0889491627825751                                1
0                                                 0.08908020196850391                               0.08908020196850391                               1.000000000000001
0                                                 0.09043640216800666                               0.09043640216800668                               0.9999999999999998
0                                                 0.09481024050581502                               0.09481024050581502                               1.0000000000000009
0                                                 0.094810242904812                                 0.09481024290481202                               1
0                                                 0.09808537134581262                               0.09808537134581262                               1.000000000000001
0                                                 0.10279133553692273                               0.10279133553692274                               1.0000000000000009
0                                                 0.10279135964319504                               0.10279135964319504                               0.9999999999999993
0                                                 0.11302411103331511                               0.11302411103331511                               1.0000000000000004
0                                                 0.11302411119389386                               0.11302411119389386                               1.000000000000002
0                                                 0.12549191093782094                               0.12549191093782094                               0.9999999999999986
0                                                 0.1254919118097385                                0.12549191180973854                               1.0000000000000007
0                                                 0.1314949198311573                                0.1314949198311573                                0.9999999999999981
0                                                 0.13151587749569899                               0.131515877495699                                 0.9999999999999987
0                                                 0.1401737191663242                                0.1401737191663242                                0.999999999999998
0                                                 0.14017371964670022                               0.14017371964670025                               1.0000000000000016
0                                                 0.15704518754213098                               0.157045187542131                                 0.9999999999999982
0                                                 0.15704518822971605                               0.15704518822971605                               1.000000000000001
0                                                 0.17607889493074466                               0.17607889493074466                               1.0000000000000002
0                                                 0.1760788953945157                                0.17607889539451574                               1.0000000000000027
0                                                 0.17816875310990563                               0.17816875310990563                               1.0000000000000004
0                                                 0.17907619724490648                               0.17907619724490648                               0.9999999999999984
0                                                 0.19724435056739018                               0.19724435056739018                               1.0000000000000007
0                                                 0.19724435092137726                               0.19724435092137726                               1
1                                                 0.0609608712945239                                0.0609608712945239                                0.999999999999998
1                                                 0.06963139134252297                               0.06963139134252297                               0.9999999999999968
1                                                 0.06965395561384363                               0.06965395561384363                               1.0000000000000002
1                                                 0.083346941614844                                 0.08334694161484402                               1.0000000000000007
1                                                 0.08533840090952026                               0.08533840090952026                               0.9999999999999989
1                                                 0.08647942819843517                               0.08647942819843518                               0.9999999999999999
1                                                 0.08907811385968409                               0.08907811385968409                               0.9999999999999993
1                                                 0.089263294656861                                 0.089263294656861                                 1.0000000000000004
1                                                 0.09044093181532384                               0.09044093181532384                               0.9999999999999989
1                                                 0.09487106233857526                               0.09487106233857526                               1.0000000000000002
1                                                 0.09487521272526948                               0.09487521272526948                               0.9999999999999988
1                                                 0.09808545465004197                               0.09808545465004197                               1.0000000000000004
1                                                 0.1028260064090811                                0.1028260064090811                                0.999999999999999
1                                                 0.10282603152461799                               0.10282603152461799                               1.0000000000000004
1                                                 0.11304604675965146                               0.11304604675965146                               0.9999999999999977
1                                                 0.11304604795475237                               0.11304604795475237                               0.9999999999999998
1                                                 0.12550697942579242                               0.12550697942579242                               0.9999999999999998
1                                                 0.12550698020638762                               0.12550698020638762                               1.0000000000000013
1                                                 0.13149750484014977                               0.13149750484014977                               1.0000000000000013
1                                                 0.13151512756451297                               0.13151512756451297                               1.0000000000000004
1                                                 0.1401846654029508                                0.1401846654029508                                1.0000000000000013
1                                                 0.1401846658216095                                0.1401846658216095                                1.0000000000000002
1                                                 0.15705346462662587                               0.15705346462662587                               0.9999999999999983
1                                                 0.1570534652069424                                0.1570534652069424                                0.9999999999999986
1                                                 0.17608534244567525                               0.17608534244567525                               1.0000000000000007
1                                                 0.1760853427998904                                0.17608534279989044                               0.999999999999999
1                                                 0.17816917549779598                               0.178169175497796                                 1.000000000000002
1                                                 0.17907618649909218                               0.17907618649909218                               1.0000000000000004
1                                                 0.1972494857440174                                0.1972494857440174                                1.0000000000000009
1                                                 0.19724948630138245                               0.19724948630138248                               1.000000000000001
2                                                 0.06082816081788479                               0.060828160817884794                              1.0000000000000002
2                                                 0.06959876033745044                               0.06959876033745044                               0.9999999999999996
2                                                 0.0697663546323465                                0.0697663546323465                                1.0000000000000016
2                                                 0.08157198079149186                               0.08157198079149186                               1.0000000000000002
2                                                 0.08446009843773836                               0.08446009843773836                               1.0000000000000007
2                                                 0.0868505687080443                                0.0868505687080443                                1.000000000000001
2                                                 0.08929674914868657                               0.08929674914868657                               0.9999999999999997
2                                                 0.08999344365126238                               0.08999344365126238                               1.0000000000000002
2                                                 0.0904464583398514                                0.09044645833985142                               1.0000000000000002
2                                                 0.0950614751480387                                0.09506147514803871                               0.9999999999999988
2                                                 0.09506928110961813                               0.09506928110961813                               1.0000000000000013
2                                                 0.0980857534799471                                0.0980857534799471                                1.0000000000000016
2                                                 0.10293063293586166                               0.10293063293586166                               0.9999999999999996
2                                                 0.10293071137255624                               0.10293071137255624                               1.0000000000000004
2                                                 0.11311199497170206                               0.11311199497170207                               0.9999999999999998
2                                                 0.11311199979149823                               0.11311199979149823                               0.9999999999999997
2                                                 0.12555223189299913                               0.12555223189299913                               1
2                                                 0.1255522326018645                                0.1255522326018645                                0.999999999999999
2                                                 0.1315052558471455                                0.1315052558471455                                0.9999999999999988
2                                                 0.13151288073635028                               0.13151288073635028                               0.9999999999999997
2                                                 0.140217522694461                                 0.14021752269446103                               1.0000000000000013
2                                                 0.1402175230291936                                0.1402175230291936                                1.0000000000000007
2                                                 0.15707830414407897                               0.15707830414407897                               1.000000000000001
2                                                 0.15707830460231814                               0.15707830460231814                               0.9999999999999999
2                                                 0.17610468899711906                               0.1761046889971191                                1.0000000000000009
2                                                 0.17610468924847353                               0.17610468924847356                               1.000000000000002
2                                                 0.17817044253342834                               0.17817044253342837                               0.9999999999999996
2                                                 0.17907615419401718                               0.17907615419401718                               1.0000000000000013
2                                                 0.1972648934462333                                0.19726489344623332                               0.9999999999999998
2                                                 0.19726489428073202                               0.19726489428073202                               0.9999999999999992
3.0000000000000004                                0.060614345843077164                              0.06061434584307717                               0.999999999999999
3.0000000000000004                                0.06954451633003679                               0.06954451633003679                               0.9999999999999986
3.0000000000000004                                0.06994616240698621                               0.06994616240698621                               1
3.0000000000000004                                0.07968338875923743                               0.07968338875923743                               1.0000000000000022
3.0000000000000004                                0.083291648863337                                 0.083291648863337                                 1.0000000000000018
3.0000000000000004                                0.0865155776057965                                0.08651557760579652                               1.0000000000000018
3.0000000000000004                                0.08939580507331474                               0.08939580507331474                               1.0000000000000002
3.0000000000000004                                0.09044014231344279                               0.09044014231344279                               1.0000000000000027
3.0000000000000004                                0.09104542843790181                               0.09104542843790181                               0.9999999999999988
3.0000000000000004                                0.09537535385039729                               0.0953753538503973                                1.0000000000000002
3.0000000000000004                                0.09542410125045474                               0.09542410125045474                               0.9999999999999983
3.0000000000000004                                0.09808674229989732                               0.09808674229989732                               1.0000000000000018
3.0000000000000004                                0.10310694796945429                               0.1031069479694543                                0.9999999999999996
3.0000000000000004                                0.10310763204210513                               0.10310763204210514                               0.9999999999999987
3.0000000000000004                                0.11322238791910971                               0.11322238791910973                               0.9999999999999993
3.0000000000000004                                0.11322239882947767                               0.11322239882947768                               1.0000000000000002
3.0000000000000004                                0.12562781039817994                               0.12562781039817994                               1.0000000000000002
3.0000000000000004                                0.12562781135952938                               0.12562781135952938                               1.0000000000000007
3.0000000000000004                                0.13150914709624745                               0.13150914709624745                               0.9999999999999994
3.0000000000000004                                0.13151815977630021                               0.13151815977630021                               0.9999999999999993
3.0000000000000004                                0.1402723471557351                                0.1402723471557351                                1
3.0000000000000004                                0.14027234743571987                               0.14027234743571987                               1.0000000000000013
3.0000000000000004                                0.1571197312577347                                0.1571197312577347                                0.9999999999999998
3.0000000000000004                                0.15711973159762474                               0.15711973159762474                               1.000000000000001
3.0000000000000004                                0.17613694697577525                               0.17613694697577528                               0.9999999999999973
3.0000000000000004                                0.17613694715704709                               0.17613694715704709                               1.000000000000001
3.0000000000000004                                0.17817255142638255                               0.17817255142638255                               0.9999999999999993
3.0000000000000004                                0.17907610227933568                               0.17907610227933568                               1.0000000000000009
3.0000000000000004                                0.19729058136978767                               0.19729058136978767                               1.0000000000000007
3.0000000000000004                                0.19729058421481976                               0.1972905842148198                                1.0000000000000013
4                                                 0.06032863136578199                               0.06032863136578199                               1.0000000000000016
4                                                 0.06946886264291632                               0.06946886264291632                               0.9999999999999996
4                                                 0.07018387111102849                               0.07018387111102849                               0.9999999999999979
4                                                 0.07773788563236278                               0.07773788563236278                               0.9999999999999968
4                                                 0.08195565214073362                               0.08195565214073362                               1
4                                                 0.08582109138368021                               0.08582109138368021                               1.0000000000000002
4                                                 0.08928773392230085                               0.08928773392230085                               1.0000000000000018
4                                                 0.09043385338979824                               0.09043385338979824                               0.999999999999997
4                                                 0.0919187220332354                                0.0919187220332354                                1.0000000000000009
4                                                 0.09574313667644757                               0.09574313667644757                               0.9999999999999982
4                                                 0.0960474949576504                                0.09604749495765041                               1.0000000000000022
4                                                 0.0980910045563005                                0.09809100455630052                               0.9999999999999971
4                                                 0.10335693425434447                               0.10335693425434449                               0.9999999999999999
4                                                 0.10336196211422438                               0.1033619621142244                                1.0000000000000009
4                                                 0.11337796916627317                               0.11337796916627317                               1.0000000000000009
4                                                 0.11337799945526102                               0.11337799945526102                               1
4                                                 0.12573395469093038                               0.12573395469093038                               1.0000000000000004
4                                                 0.12573395678460558                               0.12573395678460558                               1.0000000000000018
4                                                 0.13150394381980535                               0.13150394381980535                               1.0000000000000004
4                                                 0.1315361953888619                                0.1315361953888619                                0.9999999999999986
4                                                 0.14034923307871497                               0.14034923307871497                               0.9999999999999977
4                                                 0.1403492333994515                                0.1403492333994515                                1.0000000000000002
4                                                 0.15717778810147187                               0.15717778810147187                               0.9999999999999987
4                                                 0.15717778836183688                               0.15717778836183688                               1.0000000000000024
4                                                 0.17618213709465477                               0.17618213709465477                               1
4                                                 0.17618213727919124                               0.17618213727919124                               0.9999999999999992
4                                                 0.17817549752927475                               0.17817549752927478                               0.9999999999999998
4                                                 0.17907603398956737                               0.17907603398956737                               0.9999999999999991
4                                                 0.19732655813845645                               0.19732655813845648                               0.9999999999999998
4                                                 0.1973265592828308                                0.19732655928283083                               0.9999999999999978
5                                                 0.05998114932718358                               0.05998114932718359                               1.000000000000002
5                                                 0.06937206616876548                               0.06937206616876548                               1.0000000000000004
5                                                 0.0704686380156545                                0.0704686380156545                                0.9999999999999997
5                                                 0.07575683859024661                               0.07575683859024661                               0.9999999999999977
5                                                 0.08051052845291304                               0.08051052845291304                               1.0000000000000024
5                                                 0.08492520981853563                               0.08492520981853563                               0.9999999999999988
5                                                 0.08895706346514669                               0.08895706346514669                               0.9999999999999994
5                                                 0.09045314561865228                               0.0904531456186523                                0.9999999999999983
5                                                 0.09238801557322743                               0.09238801557322744                               1.0000000000000013
5                                                 0.09610252240090042                               0.09610252240090042                               1.0000000000000009
5                                                 0.09694958865280406                               0.09694958865280406                               1.0000000000000002
5                                                 0.09811351449160531                               0.09811351449160531                               0.9999999999999997
5                                                 0.10368023186679043                               0.10368023186679043                               0.9999999999999998
5                                                 0.10370560320189935                               0.10370560320189937                               1.0000000000000009
5                                                 0.11357980745736859                               0.11357980745736859                               1.0000000000000007
5                                                 0.11357995857089466                               0.11357995857089466                               0.9999999999999992
5                                                 0.12587100708230237                               0.12587100708230237                               1.000000000000002
5                                                 0.12587101184440735                               0.12587101184440735                               0.9999999999999989
5                                                 0.13149729574577984                               0.13149729574577984                               1.0000000000000007
5                                                 0.13155933413077048                               0.13155933413077048                               0.9999999999999993
5                                                 0.14044831415854858                               0.14044831415854858                               1.000000000000001
5                                                 0.1404483145909852                                0.1404483145909852                                1.0000000000000002
5                                                 0.15725253408345286                               0.15725253408345286                               1.0000000000000007
5                                                 0.15725253434668984                               0.15725253434668984                               1.0000000000000004
5                                                 0.1762402887626826                                0.1762402887626826                                1
5                                                 0.17817927434313002                               0.17817927434313002                               1
5                                                 0.17907595382081665                               0.17907595382081665                               1.0000000000000022
5                                                 0.19737284202106606                               0.19737284202106606                               1.0000000000000004
5                                                 0.2137225249038367                                0.2137225249038367                                1.0000000000000009
5                                                 0.2206117738227167                                0.2206117738227167                                0.9999999999999986
6.000000000000001                                 0.05958164904583846                               0.05958164904583846                               0.9999999999999992
6.000000000000001                                 0.0692544347959059                                0.0692544347959059                                1.0000000000000007
6.000000000000001                                 0.07078816423273199                               0.07078816423273199                               1.0000000000000004
6.000000000000001                                 0.07375317313971079                               0.07375317313971079                               1.0000000000000009
6.000000000000001                                 0.0789876374023636                                0.0789876374023636                                0.9999999999999992
6.000000000000001                                 0.08389353818968284                               0.08389353818968284                               0.9999999999999981
6.000000000000001                                 0.08843598299019913                               0.08843598299019913                               0.9999999999999998
6.000000000000001                                 0.09050106332571596                               0.09050106332571596                               1.0000000000000016
6.000000000000001                                 0.0924871331907994                                0.0924871331907994                                0.9999999999999991
6.000000000000001                                 0.09639123714348416                               0.09639123714348416                               1.0000000000000024
6.000000000000001                                 0.09780361716607443                               0.09780361716607443                               0.9999999999999996
6.000000000000001                                 0.098343958154434                                 0.098343958154434                                 1.000000000000001
6.000000000000001                                 0.1040700450121854                                0.1040700450121854                                0.999999999999998
6.000000000000001                                 0.10416329218867086                               0.10416329218867086                               1.0000000000000013
6.000000000000001                                 0.11382924518534387                               0.11382924518534389                               0.9999999999999979
6.000000000000001                                 0.11383003897945518                               0.11383003897945518                               1.0000000000000024
6.000000000000001                                 0.12603941911063088                               0.12603941911063088                               0.9999999999999998
6.000000000000001                                 0.1260394301097879                                0.1260394301097879                                1.0000000000000007
6.000000000000001                                 0.13148923623666156                               0.13148923623666156                               0.9999999999999991
6.000000000000001                                 0.13158754136260534                               0.13158754136260534                               1.0000000000000018
6.000000000000001                                 0.14056976518759023                               0.14056976518759026                               1.0000000000000016
6.000000000000001                                 0.14056976573330576                               0.14056976573330576                               0.9999999999999988
6.000000000000001                                 0.15734404634686505                               0.15734404634686508                               1
6.000000000000001                                 0.15734404667914606                               0.15734404667914606                               0.9999999999999992
6.000000000000001                                 0.17631143896313808                               0.17631143896313808                               0.999999999999999
6.000000000000001                                 0.17631143929073445                               0.17631143929073448                               1
6.000000000000001                                 0.17818387352492437                               0.1781838735249244                                1.0000000000000007
6.000000000000001                                 0.17907586749748594                               0.17907586749748594                               1.0000000000000016
6.000000000000001                                 0.19742944990040884                               0.19742944990040887                               1.0000000000000007
6.000000000000001                                 0.1974294507577515                                0.1974294507577515                                1.000000000000002
7.000000000000001                                 0.05913876182367574                               0.05913876182367574                               0.9999999999999998
7.000000000000001                                 0.06911627643437167                               0.06911627643437167                               1.0000000000000004
7.000000000000001                                 0.0710962230279397                                0.0710962230279397                                0.9999999999999986
7.000000000000001                                 0.07177051305542705                               0.07177051305542705                               0.9999999999999997
7.000000000000001                                 0.07740592126064433                               0.07740592126064433                               1.000000000000001
7.000000000000001                                 0.08276081540065236                               0.08276081540065236                               1.0000000000000002
7.000000000000001                                 0.0877665530539654                                0.0877665530539654                                0.9999999999999994
7.000000000000001                                 0.09056952679893605                               0.09056952679893605                               1.0000000000000016
7.000000000000001                                 0.09232928635892716                               0.09232928635892716                               1
7.000000000000001                                 0.09657006460658729                               0.0965700646065873                                1.000000000000001
7.000000000000001                                 0.09796552296072471                               0.09796552296072471                               1.0000000000000004
7.000000000000001                                 0.09922870466027753                               0.09922870466027753                               0.9999999999999986
7.000000000000001                                 0.10450993372421181                               0.10450993372421183                               0.999999999999999
7.000000000000001                                 0.10477492455257933                               0.10477492455257935                               1.0000000000000002
7.000000000000001                                 0.11412767249534779                               0.1141276724953478                                1.0000000000000007
7.000000000000001                                 0.11413107624351383                               0.11413107624351385                               0.9999999999999997
7.000000000000001                                 0.12623975929663603                               0.12623975929663603                               1.000000000000002
7.000000000000001                                 0.12623978893949947                               0.1262397889394995                                1.0000000000000016
7.000000000000001                                 0.13147980842359425                               0.13147980842359425                               0.9999999999999996
7.000000000000001                                 0.1316207780474848                                0.1316207780474848                                1.000000000000004
7.000000000000001                                 0.14071380434712485                               0.14071380434712485                               1.000000000000001
7.000000000000001                                 0.14071380498283537                               0.14071380498283537                               0.9999999999999996
7.000000000000001                                 0.1574524203221575                                0.1574524203221575                                1.0000000000000002
7.000000000000001                                 0.15745242073608412                               0.15745242073608412                               1.000000000000001
7.000000000000001                                 0.17639563487501425                               0.17639563487501425                               1
7.000000000000001                                 0.17639563527619112                               0.17639563527619115                               1.000000000000002
7.000000000000001                                 0.17818928489726138                               0.17818928489726138                               0.9999999999999989
7.000000000000001                                 0.17907578192808776                               0.17907578192808776                               1.0000000000000007
7.000000000000001                                 0.1974964077798783                                0.19749640777987834                               1.0000000000000002
7.000000000000001                                 0.19749640848052336                               0.19749640848052338                               1.0000000000000022
8                                                 0.05865973232274308                               0.05865973232274309                               1.0000000000000007
8                                                 0.06895781415436363                               0.06895781415436363                               0.9999999999999978
8                                                 0.06964927431963211                               0.06964927431963211                               1.0000000000000016
8                                                 0.07154895490399436                               0.07154895490399436                               1.0000000000000004
8                                                 0.07577796393604748                               0.07577796393604748                               0.9999999999999984
8                                                 0.08154865336448011                               0.08154865336448011                               1
8                                                 0.08698102354467165                               0.08698102354467166                               1.0000000000000018
8                                                 0.09065271039775141                               0.09065271039775141                               0.999999999999999
8                                                 0.09199414521540056                               0.09199414521540056                               0.9999999999999996
8                                                 0.0966231672966052                                0.0966231672966052                                1.000000000000002
8                                                 0.09797533980525269                               0.0979753398052527                                0.9999999999999996
8                                                 0.10007877164167382                               0.10007877164167384                               1.0000000000000002
8                                                 0.10497434290629884                               0.10497434290629884                               0.9999999999999976
8                                                 0.10557832284286664                               0.10557832284286664                               0.9999999999999996
8                                                 0.11447599547599492                               0.11447599547599493                               1
8                                                 0.1144878996585463                                0.11448789965854632                               1.0000000000000004
8                                                 0.1264727185030354                                0.1264727185030354                                1.0000000000000004
8                                                 0.12647281332098884                               0.12647281332098884                               1.0000000000000016
8                                                 0.1314690670288962                                0.1314690670288962                                0.9999999999999988
8                                                 0.13165900305327372                               0.13165900305327372                               1.0000000000000007
8                                                 0.14088069622268695                               0.14088069622268695                               0.9999999999999993
8                                                 0.14088069702679024                               0.14088069702679024                               1.000000000000001
8                                                 0.15757777040633586                               0.15757777040633586                               1.0000000000000009
8                                                 0.1575777708822883                                0.1575777708822883                                0.9999999999999997
8                                                 0.17649293160650376                               0.17649293160650378                               1.000000000000002
8                                                 0.17649293206860117                               0.17649293206860117                               0.9999999999999988
8                                                 0.17819549646066415                               0.17819549646066418                               1.0000000000000002
8                                                 0.17907570514923377                               0.17907570514923377                               1
8                                                 0.19757374380374135                               0.19757374380374135                               1.0000000000000018
8                                                 0.19757374435271818                               0.1975737443527182                                0.9999999999999994
9                                                 0.05815042354803939                               0.05815042354803939                               0.9999999999999996
9                                                 0.06760340827278027                               0.06760340827278027                               1
9                                                 0.06877897333190702                               0.06877897333190702                               0.999999999999998
9                                                 0.07192905618563492                               0.07192905618563492                               0.9999999999999983
9                                                 0.07411295537416905                               0.07411295537416905                               0.9999999999999989
9                                                 0.08027178669059762                               0.08027178669059763                               1.0000000000000024
9                                                 0.08610193062954734                               0.08610193062954734                               1.000000000000003
9                                                 0.09074753214300876                               0.09074753214300876                               0.9999999999999976
9                                                 0.09152687269682198                               0.09152687269682198                               1.0000000000000004
9                                                 0.0965511731861763                                0.09655117318617631                               0.9999999999999989
9                                                 0.0979668214674382                                0.0979668214674382                                1
9                                                 0.10069261305250435                               0.10069261305250435                               0.9999999999999994
9                                                 0.10543307755391897                               0.10543307755391897                               0.9999999999999998
9                                                 0.10656903021563581                               0.10656903021563581                               1.000000000000001
9                                                 0.11487373365704243                               0.11487373365704243                               1.0000000000000009
9                                                 0.11490884749805859                               0.1149088474980586                                0.999999999999999
9                                                 0.1267391046300813                                0.12673910463008134                               0.9999999999999986
9                                                 0.12673942144840103                               0.12673942144840103                               0.9999999999999997
9                                                 0.13145708114502536                               0.13145708114502536                               1.0000000000000002
9                                                 0.13170217638222345                               0.13170217638222345                               0.9999999999999979
9                                                 0.14107075555187054                               0.14107075555187054                               0.9999999999999984
9                                                 0.14107075714858627                               0.14107075714858627                               0.9999999999999968
9                                                 0.15772023083889938                               0.15772023083889938                               0.9999999999999996
9                                                 0.15772023133813112                               0.15772023133813112                               1.0000000000000027
9                                                 0.17660339369050376                               0.17660339369050376                               1
9                                                 0.17660339420044907                               0.17660339420044907                               0.9999999999999994
9                                                 0.17820249440961367                               0.17820249440961367                               0.9999999999999991
9                                                 0.1790756462566172                                0.1790756462566172                                1.0000000000000004
9                                                 0.1976614913522705                                0.1976614913522705                                1.000000000000001
9                                                 0.19766149177585524                               0.19766149177585526                               0.9999999999999998
10                                                0.05761542506678374                               0.05761542506678375                               1.0000000000000013
10                                                0.06553961586630119                               0.06553961586630119                               1.0000000000000002
10                                                0.06857869224030047                               0.06857869224030047                               1.0000000000000007
10                                                0.07232692596938314                               0.07232692596938314                               0.9999999999999999
10                                                0.07241879034114247                               0.07241879034114247                               0.9999999999999971
10                                                0.07894086009281086                               0.07894086009281087                               1.0000000000000013
10                                                0.08514531889896235                               0.08514531889896235                               1.0000000000000002
10                                                0.09085223311301237                               0.09085223311301237                               0.9999999999999997
10                                                0.09095439213632599                               0.090954392136326                                 0.9999999999999994
10                                                0.09636333581372508                               0.0963633358137251                                1
10                                                0.09795268806367768                               0.0979526880636777                                0.9999999999999983
10                                                0.10106774826834576                               0.10106774826834578                               1.000000000000001
10                                                0.10585709845021782                               0.10585709845021782                               0.9999999999999994
10                                                0.10768190169580089                               0.1076819016958009                                0.9999999999999973
10                                                0.11531787422478325                               0.11531787422478326                               1.000000000000002
10                                                0.11540767718160368                               0.11540767718160368                               1
10                                                0.12703981120762858                               0.12703981120762858                               0.9999999999999996
10                                                0.1270408116379408                                0.1270408116379408                                1.0000000000000002
10                                                0.13144393871870003                               0.13144393871870003                               1.0000000000000007
10                                                0.13175026395246636                               0.13175026395246636                               0.9999999999999998
10                                                0.1412843516209342                                0.1412843516209342                                1.0000000000000009
10                                                0.14128435668342515                               0.14128435668342515                               0.9999999999999998
10                                                0.1578799567614483                                0.1578799567614483                                1.0000000000000002
10                                                0.15787995722537387                               0.15787995722537387                               0.9999999999999999
10                                                0.17672709513012458                               0.1767270951301246                                0.9999999999999986
10                                                0.1767270956815047                                0.1767270956815047                                0.9999999999999982
10                                                0.17821026315519134                               0.17821026315519137                               1.0000000000000009
10                                                0.17907561532178723                               0.17907561532178726                               1
10                                                0.19775968852837905                               0.19775968852837905                               0.9999999999999999
10                                                0.19775968889090598                               0.19775968889090598                               0.9999999999999998
11.000000000000002                                0.05705812393247377                               0.05705812393247377                               1.0000000000000009
11.000000000000002                                0.06346607050505183                               0.06346607050505183                               0.9999999999999992
11.000000000000002                                0.06835164353772227                               0.06835164353772227                               1.0000000000000002
11.000000000000002                                0.07070613179334098                               0.07070613179334098                               0.9999999999999992
11.000000000000002                                0.07273211829378369                               0.07273211829378369                               0.9999999999999997
11.000000000000002                                0.07756390075732668                               0.07756390075732668                               0.9999999999999997
11.000000000000002                                0.08412303657134203                               0.08412303657134203                               0.999999999999999
11.000000000000002                                0.09029446685946821                               0.09029446685946821                               1
11.000000000000002                                0.09096560059322051                               0.09096560059322051                               1.0000000000000002
11.000000000000002                                0.09607188164977018                               0.09607188164977018                               0.9999999999999984
11.000000000000002                                0.09793633034674674                               0.09793633034674674                               1.0000000000000007
11.000000000000002                                0.10124735558209107                               0.10124735558209107                               0.9999999999999998
11.000000000000002                                0.1062229496458004                                0.1062229496458004                                1.0000000000000009
11.000000000000002                                0.10882071968919178                               0.10882071968919178                               1.0000000000000004
11.000000000000002                                0.11580186100429765                               0.11580186100429765                               1.0000000000000022
11.000000000000002                                0.11600467873945756                               0.11600467873945756                               0.9999999999999989
11.000000000000002                                0.12737573597459967                               0.12737573597459967                               0.999999999999999
11.000000000000002                                0.1273786206641012                                0.12737862066410122                               0.9999999999999994
11.000000000000002                                0.13142975426714465                               0.13142975426714465                               0.9999999999999994
11.000000000000002                                0.1318032452018573                                0.1318032452018573                                1
11.000000000000002                                0.1415219130554667                                0.1415219130554667                                0.9999999999999999
11.000000000000002                                0.14152193056567963                               0.14152193056567966                               1.000000000000001
11.000000000000002                                0.15805712548557932                               0.15805712548557932                               1.0000000000000009
11.000000000000002                                0.15805712581790765                               0.15805712581790765                               1.0000000000000013
11.000000000000002                                0.17686411972881008                               0.1768641197288101                                0.999999999999997
11.000000000000002                                0.17686412033793425                               0.17686412033793428                               0.9999999999999997
11.000000000000002                                0.17821878536120855                               0.17821878536120855                               0.9999999999999999
11.000000000000002                                0.1790756232938141                                0.1790756232938141                                0.9999999999999999
11.000000000000002                                0.19786837827735038                               0.19786837827735038                               0.9999999999999998
11.000000000000002                                0.19786837867321083                               0.19786837867321086                               0.9999999999999992
12.000000000000002                                0.05648053417046286                               0.056480534170462865                              0.9999999999999996
12.000000000000002                                0.06138607262202744                               0.06138607262202744                               0.9999999999999988
12.000000000000002                                0.06805448742985351                               0.06805448742985351                               0.9999999999999999
12.000000000000002                                0.06902262406576495                               0.06902262406576495                               0.9999999999999991
12.000000000000002                                0.0731399310010667                                0.0731399310010667                                1.0000000000000024
12.000000000000002                                0.07614724565248139                               0.07614724565248139                               0.9999999999999989
12.000000000000002                                0.08304413344773251                               0.08304413344773251                               1.0000000000000016
12.000000000000002                                0.08955984842240923                               0.08955984842240924                               1.0000000000000009
12.000000000000002                                0.09108663048755536                               0.09108663048755536                               0.9999999999999981
12.000000000000002                                0.09568898425412516                               0.09568898425412517                               1
12.000000000000002                                0.09791932425133092                               0.09791932425133093                               1.0000000000000002
12.000000000000002                                0.10127516724743302                               0.10127516724743302                               1.0000000000000007
12.000000000000002                                0.1065147816591587                                0.10651478165915872                               0.9999999999999974
12.000000000000002                                0.10989301420340634                               0.10989301420340634                               0.9999999999999992
12.000000000000002                                0.11631521154126247                               0.11631521154126248                               1.0000000000000009
12.000000000000002                                0.11672400152154408                               0.11672400152154408                               0.9999999999999989
12.000000000000002                                0.12774761890561198                               0.12774761890561198                               0.9999999999999988
12.000000000000002                                0.12775519241247735                               0.12775519241247735                               1.0000000000000004
12.000000000000002                                0.13141468311303614                               0.13141468311303614                               1.0000000000000018
12.000000000000002                                0.13186112621363907                               0.13186112621363907                               1.0000000000000004
12.000000000000002                                0.14178393222248986                               0.1417839322224899                                1.000000000000001
12.000000000000002                                0.14178398835645523                               0.14178398835645523                               1.0000000000000009
12.000000000000002                                0.15825193798943496                               0.15825193798943496                               0.999999999999999
12.000000000000002                                0.1582519380410074                                0.15825193804100743                               1.0000000000000002
12.000000000000002                                0.17701456143780486                               0.17701456143780486                               0.9999999999999987
12.000000000000002                                0.17701456220030343                               0.17701456220030343                               0.9999999999999989
12.000000000000002                                0.17822804201061931                               0.17822804201061931                               1
12.000000000000002                                0.17907568188613046                               0.17907568188613046                               0.9999999999999997
12.000000000000002                                0.197987608531993                                 0.19798760853199301                               0.9999999999999987
12.000000000000002                                0.19798760903001297                               0.197987609030013                                 0.9999999999999997
13.000000000000002                                0.055882171119256085                              0.055882171119256085                              1.0000000000000009
13.000000000000002                                0.05930386631771885                               0.059303866317718855                              0.9999999999999989
13.000000000000002                                0.06703288583548733                               0.06703288583548733                               0.999999999999998
13.000000000000002                                0.06802617031323759                               0.06802617031323759                               0.9999999999999983
13.000000000000002                                0.07354590259207569                               0.07354590259207569                               0.9999999999999989
13.000000000000002                                0.074696976483265                                 0.074696976483265                                 0.9999999999999984
13.000000000000002                                0.08191571838114334                               0.08191571838114334                               0.9999999999999997
13.000000000000002                                0.08876023813588345                               0.08876023813588346                               1.0000000000000007
13.000000000000002                                0.09121436819704049                               0.0912143681970405                                1.0000000000000004
13.000000000000002                                0.09522557148597367                               0.09522557148597367                               1.0000000000000016
13.000000000000002                                0.09790270007801813                               0.09790270007801813                               1.0000000000000009
13.000000000000002                                0.10118304783974857                               0.10118304783974857                               0.9999999999999983
13.000000000000002                                0.10672424481282158                               0.10672424481282158                               1.0000000000000004
13.000000000000002                                0.11082814948499667                               0.11082814948499667                               1.0000000000000002
13.000000000000002                                0.11684406672976591                               0.11684406672976592                               1.0000000000000016
13.000000000000002                                0.11758367512546415                               0.11758367512546417                               1.0000000000000022
13.000000000000002                                0.12815576874914075                               0.12815576874914075                               1.0000000000000004
13.000000000000002                                0.1281739941163846                                0.1281739941163846                                1.0000000000000018
13.000000000000002                                0.13139894977201555                               0.13139894977201555                               1.000000000000001
13.000000000000002                                0.13192396449077365                               0.13192396449077365                               0.9999999999999996
13.000000000000002                                0.14207096762794166                               0.14207096762794166                               1.000000000000001
13.000000000000002                                0.14207113121391618                               0.1420711312139162                                0.9999999999999999
13.000000000000002                                0.15846462007191053                               0.15846462007191053                               1.0000000000000013
13.000000000000002                                0.1584646208716089                                0.1584646208716089                                0.9999999999999994
13.000000000000002                                0.177178524677372                                 0.177178524677372                                 0.9999999999999981
13.000000000000002                                0.1771785259454895                                0.17717852594548952                               1.0000000000000007
13.000000000000002                                0.17823801254606936                               0.17823801254606936                               1.0000000000000007
13.000000000000002                                0.1790758034522441                                0.1790758034522441                                0.9999999999999991
13.000000000000002                                0.19811743232958445                               0.19811743232958445                               0.9999999999999987
13.000000000000002                                0.21030654295165124                               0.21030654295165124                               1.0000000000000002
14.000000000000002                                0.05525324478018096                               0.05525324478018097                               0.9999999999999996
14.000000000000002                                0.05723215659259753                               0.05723215659259753                               1.0000000000000004
14.000000000000002                                0.0653068351573173                                0.0653068351573173                                0.9999999999999997
14.000000000000002                                0.0676997897183984                                0.0676997897183984                                1
14.000000000000002                                0.07320619576848486                               0.07320619576848486                               1.0000000000000007
14.000000000000002                                0.07395823310067967                               0.07395823310067967                               0.9999999999999977
14.000000000000002                                0.08074350525652635                               0.08074350525652635                               1.0000000000000007
14.000000000000002                                0.08790330774707118                               0.08790330774707118                               1.0000000000000016
14.000000000000002                                0.09134778832828516                               0.09134778832828518                               0.9999999999999984
14.000000000000002                                0.09469111481418385                               0.09469111481418387                               0.9999999999999997
14.000000000000002                                0.09788728599440694                               0.09788728599440694                               1.0000000000000024
14.000000000000002                                0.1009925534993565                                0.1009925534993565                                0.9999999999999989
14.000000000000002                                0.10684905521281174                               0.10684905521281174                               0.9999999999999993
14.000000000000002                                0.11158807224435423                               0.11158807224435423                               0.9999999999999978
14.000000000000002                                0.11737256571038136                               0.11737256571038136                               1.0000000000000022
14.000000000000002                                0.11858087989086831                               0.11858087989086832                               1.0000000000000027
14.000000000000002                                0.1285996544745299                                0.1285996544745299                                1.0000000000000002
14.000000000000002                                0.1286401850188513                                0.1286401850188513                                1.000000000000002
14.000000000000002                                0.13138291011458292                               0.13138291011458295                               1.0000000000000018
14.000000000000002                                0.13199192060233705                               0.13199192060233705                               0.9999999999999994
14.000000000000002                                0.14238364154951433                               0.14238364154951433                               0.9999999999999996
14.000000000000002                                0.14238407878676881                               0.14238407878676881                               0.9999999999999993
14.000000000000002                                0.15869542556498262                               0.15869542556498262                               1.0000000000000004
14.000000000000002                                0.15869542834278744                               0.15869542834278746                               1.0000000000000018
14.000000000000002                                0.1773561245110736                                0.1773561245110736                                0.9999999999999977
14.000000000000002                                0.17735612732450962                               0.17735612732450962                               0.9999999999999991
14.000000000000002                                0.1782486752116218                                0.17824867521162183                               1.0000000000000004
14.000000000000002                                0.179076000863333                                 0.179076000863333                                 0.9999999999999998
14.000000000000002                                0.19825790794030068                               0.19825790794030068                               0.9999999999999981
14.000000000000002                                0.20974061926811532                               0.20974061926811532                               1.0000000000000004
15.000000000000002                                0.05448805108961389                               0.05448805108961389                               0.9999999999999977
15.000000000000002                                0.055278984090433095                              0.055278984090433095                              0.9999999999999973
15.000000000000002                                0.06351355673182385                               0.06351355673182385                               0.9999999999999992
15.000000000000002                                0.06740885502326141                               0.06740885502326141                               0.9999999999999994
15.000000000000002                                0.07169851324004281                               0.07169851324004281                               1.0000000000000007
15.000000000000002                                0.07435430891689718                               0.07435430891689718                               0.9999999999999991
15.000000000000002                                0.07953217498135641                               0.07953217498135641                               0.9999999999999983
15.000000000000002                                0.08699528850960736                               0.08699528850960736                               1.0000000000000004
15.000000000000002                                0.0914855762534745                                0.0914855762534745                                0.9999999999999982
15.000000000000002                                0.09409393539327185                               0.09409393539327185                               1.0000000000000004
15.000000000000002                                0.09787382594551942                               0.09787382594551944                               0.9999999999999996
15.000000000000002                                0.1007185558231284                                0.1007185558231284                                0.9999999999999991
15.000000000000002                                0.10689108363582046                               0.10689108363582048                               1.0000000000000009
15.000000000000002                                0.11216909434991365                               0.11216909434991366                               0.9999999999999982
15.000000000000002                                0.11788460236921436                               0.11788460236921436                               1
15.000000000000002                                0.11968477305404449                               0.1196847730540445                                1
15.000000000000002                                0.12907733691642143                               0.12907733691642143                               0.9999999999999999
15.000000000000002                                0.12916123139535654                               0.12916123139535654                               0.9999999999999989
15.000000000000002                                0.13136720498158003                               0.13136720498158003                               1
15.000000000000002                                0.1320653793987406                                0.1320653793987406                                1.0000000000000018
15.000000000000002                                0.14272262853826034                               0.14272262853826034                               0.9999999999999978
15.000000000000002                                0.1427237122063037                                0.1427237122063037                                1.0000000000000007
15.000000000000002                                0.15894463758615157                               0.15894463758615157                               1.0000000000000007
15.000000000000002                                0.1589446453025477                                0.1589446453025477                                1.000000000000001
15.000000000000002                                0.17754748633564243                               0.17754748633564243                               1.0000000000000009
15.000000000000002                                0.17754749353973098                               0.177547493539731                                 0.9999999999999994
15.000000000000002                                0.1782600080280589                                0.17826000802805894                               1.0000000000000018
15.000000000000002                                0.17907628742661166                               0.17907628742661166                               1.0000000000000013
15.000000000000002                                0.19840909903691895                               0.19840909903691897                               0.9999999999999997
15.000000000000002                                0.20913285764295605                               0.20913285764295608                               0.9999999999999999
16                                                0.052848504873080515                              0.052848504873080515                              0.999999999999998
16                                                0.05418434147853569                               0.05418434147853569                               0.9999999999999993
16                                                0.06169635046473081                               0.06169635046473082                               1.0000000000000016
16                                                0.0671123274511682                                0.0671123274511682                                0.9999999999999989
16                                                0.07016299401448643                               0.07016299401448643                               1.0000000000000007
16                                                0.07474579978406726                               0.07474579978406727                               1.0000000000000022
16                                                0.07828562464837324                               0.07828562464837324                               0.9999999999999958
16                                                0.08604134320809459                               0.08604134320809459                               1
16                                                0.0916253545232099                                0.0916253545232099                                0.999999999999997
16                                                0.09344219285139663                               0.09344219285139664                               1.0000000000000013
16                                                0.0978630168887869                                0.09786301688878692                               1.000000000000001
16                                                0.10037185914857541                               0.10037185914857542                               0.9999999999999989
16                                                0.10685459342583221                               0.10685459342583221                               0.9999999999999981
16                                                0.1125902633841907                                0.1125902633841907                                1
16                                                0.11836546187998417                               0.11836546187998419                               0.9999999999999982
16                                                0.12084424027054842                               0.12084424027054844                               0.9999999999999988
16                                                0.12958461590873457                               0.12958461590873457                               0.999999999999997
16                                                0.12974715869969689                               0.12974715869969689                               0.9999999999999977
16                                                0.13135320891372404                               0.13135320891372404                               0.9999999999999984
16                                                0.1321452820461803                                0.1321452820461803                                0.9999999999999983
16                                                0.14308862868995945                               0.14308862868995945                               0.9999999999999987
16                                                0.14309114200166895                               0.14309114200166895                               1.0000000000000002
16                                                0.15921257107447057                               0.15921257107447057                               1.0000000000000004
16                                                0.15921259085285278                               0.15921259085285278                               0.9999999999999959
16                                                0.1777527429127355                                0.17775274291273552                               1.0000000000000009
16                                                0.17775276347120977                               0.1777527634712098                                0.9999999999999976
16                                                0.17827199228860097                               0.17827199228860097                               0.9999999999999989
16                                                0.1790766769600221                                0.1790766769600221                                0.9999999999999998
16                                                0.19857107486048298                               0.19857107486048298                               1.0000000000000004
16                                                0.19857107584389816                               0.1985710758438982                                1.0000000000000004
17                                                0.050786717742162                                 0.050786717742162                                 0.9999999999999999
17                                                0.053497694922718136                              0.053497694922718136                              0.9999999999999993
17                                                0.059862371515440146                              0.059862371515440146                              0.9999999999999961
17                                                0.06680504245357664                               0.06680504245357664                               1.0000000000000004
17                                                0.06860437876843875                               0.06860437876843875                               1.0000000000000013
17                                                0.07512847870255508                               0.07512847870255508                               0.9999999999999984
17                                                0.07700714502622585                               0.07700714502622585                               1.0000000000000004
17                                                0.08504581886234235                               0.08504581886234235                               1.000000000000002
17                                                0.09175878500550098                               0.091758785005501                                 1.0000000000000007
17                                                0.0927490076953019                                0.09274900769530191                               0.9999999999999999
17                                                0.09785549285626127                               0.09785549285626127                               1.0000000000000013
17                                                0.09996078238559045                               0.09996078238559045                               0.9999999999999997
17                                                0.10674492572077741                               0.10674492572077743                               1.0000000000000002
17                                                0.11287761158225315                               0.11287761158225317                               1.0000000000000018
17                                                0.11880299829190334                               0.11880299829190334                               0.999999999999999
17                                                0.12200179190562946                               0.12200179190562946                               1.0000000000000004
17                                                0.13011306783695326                               0.13011306783695326                               1.0000000000000002
17                                                0.13040920248449547                               0.13040920248449547                               1
17                                                0.1313447112003907                                0.1313447112003907                                0.999999999999997
17                                                0.13223426123348409                               0.13223426123348409                               1.0000000000000004
17                                                0.14348231819221588                               0.14348231819221588                               1.0000000000000007
17                                                0.1434878125025708                                0.1434878125025708                                0.9999999999999999
17                                                0.1594995750621528                                0.15949957506215282                               1.0000000000000009
17                                                0.15949962323615613                               0.15949962323615613                               1.0000000000000007
17                                                0.17797201664773288                               0.17797201664773288                               1.0000000000000009
17                                                0.17797208733264688                               0.1779720873326469                                1.0000000000000009
17                                                0.1782846312696295                                0.17828463126962954                               0.9999999999999999
17                                                0.1790771843922448                                0.1790771843922448                                0.9999999999999991
17                                                0.19874391042799552                               0.19874391042799552                               0.999999999999997
17                                                0.1987439115025899                                0.1987439115025899                                0.9999999999999991
18                                                0.04868283867384144                               0.04868283867384144                               0.9999999999999997
18                                                0.05284021463437163                               0.052840214634371635                              1.0000000000000016
18                                                0.05801442737078672                               0.05801442737078672                               1.0000000000000027
18                                                0.06648595681236624                               0.06648595681236624                               0.9999999999999996
18                                                0.06702485390167827                               0.06702485390167827                               1.0000000000000007
18                                                0.07550048082762931                               0.07550048082762932                               0.9999999999999987
18                                                0.07569955136742917                               0.07569955136742917                               1.0000000000000013
18                                                0.0840124299078533                                0.0840124299078533                                0.9999999999999987
18                                                0.09177141457949431                               0.09177141457949431                               1.000000000000001
18                                                0.092132810608883                                 0.092132810608883                                 0.9999999999999999
18                                                0.09785171224226895                               0.09785171224226895                               0.999999999999999
18                                                0.09949216209600611                               0.09949216209600611                               1.0000000000000018
18                                                0.10656766395810845                               0.10656766395810845                               1.0000000000000007
18                                                0.11305460290909802                               0.11305460290909802                               0.9999999999999991
18                                                0.1191882283868165                                0.11918822838681652                               0.9999999999999987
18                                                0.12310384386160923                               0.12310384386160923                               1.0000000000000009
18                                                0.13064061394512883                               0.13064061394512883                               0.9999999999999991
18                                                0.13115220469691008                               0.13115220469691008                               1.0000000000000016
18                                                0.1313572958661207                                0.13135729586612072                               0.999999999999999
18                                                0.1323421806031441                                0.1323421806031441                                0.9999999999999994
18                                                0.14390426942945775                               0.14390426942945775                               0.9999999999999992
18                                                0.14391565616696628                               0.14391565616696628                               0.9999999999999983
18                                                0.15980603445920408                               0.15980603445920408                               1.0000000000000013
18                                                0.15980614667903953                               0.15980614667903953                               0.9999999999999982
18                                                0.17820512200212502                               0.17820512200212502                               1.0000000000000009
18                                                0.17820562422575636                               0.1782056242257564                                0.9999999999999994
18                                                0.17829824823558357                               0.17829824823558357                               0.9999999999999999
18                                                0.17907782824601365                               0.17907782824601365                               1.0000000000000024
18                                                0.19892768668897293                               0.19892768668897293                               0.9999999999999977
18                                                0.2024338200256994                                0.2024338200256994                                1.0000000000000013
19                                                0.04656619403553521                               0.04656619403553521                               0.999999999999997
19                                                0.05218368757961764                               0.05218368757961764                               0.9999999999999987
19                                                0.05615416533513389                               0.05615416533513389                               1
19                                                0.06542617265712909                               0.06542617265712909                               1.0000000000000007
19                                                0.0661549913497888                                0.0661549913497888                                1.000000000000003
19                                                0.07436528380426834                               0.07436528380426834                               0.9999999999999993
19                                                0.07586019690158954                               0.07586019690158954                               0.999999999999999
19                                                0.08294440274090213                               0.08294440274090213                               1.0000000000000009
19                                                0.09112561155328962                               0.09112561155328962                               0.9999999999999991
19                                                0.09213456427954891                               0.09213456427954891                               1.000000000000001
19                                                0.09785144636842523                               0.09785144636842523                               0.9999999999999989
19                                                0.09897237903575364                               0.09897237903575364                               0.9999999999999989
19                                                0.10632817578088057                               0.10632817578088058                               0.9999999999999998
19                                                0.1131394052895939                                0.1131394052895939                                1
19                                                0.11951538247397184                               0.11951538247397184                               0.9999999999999997
19                                                0.1241071984654292                                0.1241071984654292                                1
19                                                0.1310552374549951                                0.1310552374549951                                0.9999999999999997
19                                                0.13149485670203062                               0.13149485670203062                               0.9999999999999987
19                                                0.1319204577445114                                0.1319204577445114                                1.0000000000000024
19                                                0.1325355824899735                                0.1325355824899735                                1.0000000000000022
19                                                0.1443548349819252                                0.1443548349819252                                1.000000000000001
19                                                0.14437731023224182                               0.14437731023224185                               0.9999999999999994
19                                                0.16013237072150863                               0.16013237072150863                               0.9999999999999982
19                                                0.16013262120485397                               0.16013262120485397                               1.0000000000000002
19                                                0.17831079311345435                               0.17831079311345435                               0.9999999999999981
19                                                0.17845353104149345                               0.17845353104149347                               1.0000000000000004
19                                                0.17845425976994767                               0.17845425976994767                               0.9999999999999992
19                                                0.17907864136920698                               0.179078641369207                                 1.0000000000000002
19                                                0.19891791452105917                               0.19891791452105917                               0.9999999999999992
19                                                0.19912249058962478                               0.19912249058962478                               0.9999999999999986
20                                                0.04444245891269529                               0.04444245891269529                               1
20                                                0.051523386010624284                              0.05152338601062429                               1.0000000000000022
20                                                0.05428276243438059                               0.0542827624343806                                0.9999999999999969
20                                                0.0638098325202309                                0.0638098325202309                                1.0000000000000029
20                                                0.0658123584056551                                0.06581235840565511                               1.0000000000000002
20                                                0.0730064894413021                                0.0730064894413021                                1.0000000000000016
20                                                0.07620608243700001                               0.07620608243700001                               1.0000000000000053
20                                                0.08184461223899947                               0.08184461223899947                               0.9999999999999997
20                                                0.09030313181329472                               0.09030313181329473                               0.9999999999999994
20                                                0.09227532234133375                               0.09227532234133376                               1.0000000000000004
20                                                0.09784987164216484                               0.09784987164216484                               1.0000000000000007
20                                                0.09841157607502561                               0.09841157607502561                               1.0000000000000016
20                                                0.10603140341171748                               0.10603140341171748                               0.9999999999999994
20                                                0.1131454036072145                                0.1131454036072145                                1.0000000000000009
20                                                0.11978155156724814                               0.11978155156724814                               1.0000000000000009
20                                                0.12498402887411789                               0.12498402887411789                               1.000000000000001
20                                                0.13116794266038917                               0.13116794266038917                               0.9999999999999996
20                                                0.13193712810320474                               0.13193712810320474                               1.0000000000000002
20                                                0.1323444748412467                                0.1323444748412467                                1.0000000000000009
20                                                0.13318464758757645                               0.13318464758757645                               1
20                                                0.14483399522697532                               0.14483399522697532                               1.0000000000000013
20                                                0.1448764000052224                                0.1448764000052224                                1
20                                                0.16047904039078434                               0.16047904039078434                               0.9999999999999989
20                                                0.1604795769441874                                0.1604795769441874                                1.0000000000000013
20                                                0.17832525416917094                               0.17832525416917094                               1.0000000000000009
20                                                0.17871589545471855                               0.17871589545471855                               0.9999999999999976
20                                                0.1787166060285294                                0.1787166060285294                                0.9999999999999992
20                                                0.1790797365008468                                0.1790797365008468                                1
20                                                0.1953826615656432                                0.19538266156564324                               0.9999999999999983
20                                                0.19628007387850505                               0.19628007387850505                               1
21                                                0.04231359357094193                               0.04231359357094193                               0.999999999999999
21                                                0.05085816144887441                               0.05085816144887441                               1.0000000000000016
21                                                0.05240114631712979                               0.0524011463171298                                1.0000000000000027
21                                                0.062177138328630636                              0.06217713832863064                               1.0000000000000009
21                                                0.06545834227749689                               0.06545834227749689                               0.9999999999999992
21                                                0.07162509817264276                               0.07162509817264276                               1.000000000000002
21                                                0.07653649564572819                               0.07653649564572819                               1.0000000000000016
21                                                0.08071577892272608                               0.08071577892272608                               0.9999999999999992
21                                                0.08943295091679157                               0.08943295091679158                               1.0000000000000007
21                                                0.09242849538732976                               0.09242849538732978                               0.9999999999999998
21                                                0.09771149922197322                               0.09771149922197324                               1.0000000000000004
21                                                0.09794992396033142                               0.09794992396033142                               0.9999999999999993
21                                                0.10568179756697049                               0.1056817975669705                                1.0000000000000009
21                                                0.1130824643716888                                0.11308246437168881                               1.0000000000000004
21                                                0.11998610909887907                               0.11998610909887907                               1.0000000000000004
21                                                0.1257241393672333                                0.1257241393672333                                0.9999999999999999
21                                                0.1311749415325266                                0.1311749415325266                                0.9999999999999988
21                                                0.13247815072867689                               0.13247815072867689                               1.000000000000001
21                                                0.13249682064111226                               0.13249682064111226                               1
21                                                0.13420316070543914                               0.13420316070543914                               0.9999999999999982
21                                                0.14534117825999582                               0.14534117825999582                               0.9999999999999993
21                                                0.1454178701753125                                0.1454178701753125                                0.9999999999999998
21                                                0.1608465300476545                                0.1608465300476545                                1.0000000000000004
21                                                0.16084763511503086                               0.16084763511503086                               1.0000000000000002
21                                                0.17833996261586266                               0.17833996261586266                               1.0000000000000004
21                                                0.1789913708514091                                0.1789913708514091                                0.9999999999999999
21                                                0.17899400786114                                  0.17899400786114                                  1.0000000000000004
21                                                0.17908266694833913                               0.17908266694833913                               1.0000000000000024
21                                                0.19183521534903936                               0.19183521534903938                               1.0000000000000027
21                                                0.19272352993011058                               0.1927235299301106                                1.0000000000000027
22.000000000000004                                0.040180530222119475                              0.04018053022211948                               1.0000000000000002
22.000000000000004                                0.05018778122290577                               0.05018778122290578                               1.0000000000000004
22.000000000000004                                0.05051008694989221                               0.050510086949892216                              0.9999999999999974
22.000000000000004                                0.060529240310508485                              0.06052924031050849                               1.0000000000000013
22.000000000000004                                0.06509317967685724                               0.06509317967685724                               1.0000000000000027
22.000000000000004                                0.07022291136534786                               0.07022291136534786                               1.0000000000000009
22.000000000000004                                0.07684915897082668                               0.0768491589708267                                1.0000000000000002
22.000000000000004                                0.07956105012506826                               0.07956105012506827                               0.9999999999999996
22.000000000000004                                0.08852584421985836                               0.08852584421985836                               1.0000000000000004
22.000000000000004                                0.09258534783573996                               0.09258534783573996                               0.9999999999999984
22.000000000000004                                0.09710430434725267                               0.09710430434725267                               1.0000000000000004
22.000000000000004                                0.09792362042212753                               0.09792362042212753                               1.0000000000000009
22.000000000000004                                0.10528332504637604                               0.10528332504637605                               1.0000000000000018
22.000000000000004                                0.11295804057166212                               0.11295804057166212                               1.0000000000000002
22.000000000000004                                0.1201300723584762                                0.1201300723584762                                1.0000000000000018
22.000000000000004                                0.12633227873140945                               0.12633227873140945                               0.9999999999999984
22.000000000000004                                0.13116271839680077                               0.13116271839680077                               0.9999999999999996
22.000000000000004                                0.13261185762999675                               0.13261185762999678                               1.0000000000000007
22.000000000000004                                0.13302189609289744                               0.13302189609289747                               1.000000000000001
22.000000000000004                                0.13532977013413175                               0.13532977013413175                               0.9999999999999998
22.000000000000004                                0.14587507225591417                               0.14587507225591417                               0.9999999999999992
22.000000000000004                                0.14600829500403248                               0.14600829500403248                               1.0000000000000009
22.000000000000004                                0.16123534572183093                               0.16123534572183093                               1.000000000000001
22.000000000000004                                0.16123753862311377                               0.16123753862311377                               1
22.000000000000004                                0.17835505188586165                               0.17835505188586165                               0.9999999999999989
22.000000000000004                                0.17907987395304864                               0.17907987395304864                               0.9999999999999998
22.000000000000004                                0.17928652334439166                               0.17928652334439166                               0.9999999999999997
22.000000000000004                                0.17928771455661646                               0.17928771455661646                               1.0000000000000002
22.000000000000004                                0.18827819226501497                               0.18827819226501497                               1.0000000000000009
22.000000000000004                                0.1891598619363864                                0.18915986193638643                               0.9999999999999979
23.000000000000004                                0.03804381433074496                               0.03804381433074496                               0.9999999999999994
23.000000000000004                                0.04861024272753999                               0.04861024272753999                               1
23.000000000000004                                0.04951230477687944                               0.04951230477687945                               0.9999999999999967
23.000000000000004                                0.05886716213379996                               0.05886716213379996                               0.9999999999999999
23.000000000000004                                0.06471691233931635                               0.06471691233931635                               0.9999999999999989
23.000000000000004                                0.06880175181561565                               0.06880175181561565                               1.0000000000000018
23.000000000000004                                0.07713692604942782                               0.07713692604942782                               0.9999999999999984
23.000000000000004                                0.07838827345576306                               0.07838827345576306                               0.9999999999999997
23.000000000000004                                0.08758586306346539                               0.0875858630634654                                1.0000000000000013
23.000000000000004                                0.0927435824476627                                0.09274358244766272                               0.9999999999999999
23.000000000000004                                0.09641552660446892                               0.09641552660446892                               1.0000000000000009
23.000000000000004                                0.09794917704690395                               0.09794917704690397                               0.9999999999999992
23.000000000000004                                0.10483950898155639                               0.10483950898155639                               0.9999999999999968
23.000000000000004                                0.11277795165919378                               0.1127779516591938                                0.9999999999999989
23.000000000000004                                0.1202155211572658                                0.1202155211572658                                0.9999999999999991
23.000000000000004                                0.1268218213876609                                0.1268218213876609                                1.0000000000000004
23.000000000000004                                0.13114450499519303                               0.13114450499519303                               0.9999999999999998
23.000000000000004                                0.1327205186383791                                0.1327205186383791                                1
23.000000000000004                                0.13354640413690927                               0.13354640413690927                               1.0000000000000013
23.000000000000004                                0.13649840579002925                               0.13649840579002925                               1.0000000000000004
23.000000000000004                                0.14643346091807077                               0.14643346091807077                               1.0000000000000007
23.000000000000004                                0.1466560059498982                                0.1466560059498982                                1.0000000000000009
23.000000000000004                                0.1616459943405483                                0.1616459943405483                                1
23.000000000000004                                0.16165019608868314                               0.16165019608868314                               0.9999999999999984
23.000000000000004                                0.17837048733329022                               0.17837048733329022                               0.9999999999999992
23.000000000000004                                0.17908146998205465                               0.17908146998205465                               1.000000000000002
23.000000000000004                                0.17959484901420342                               0.17959484901420342                               1.0000000000000004
23.000000000000004                                0.18471303070437733                               0.18471303070437733                               1.0000000000000009
23.000000000000004                                0.18558953567790348                               0.1855895356779035                                0.9999999999999951
23.000000000000004                                0.18821971338860194                               0.18821971338860197                               0.9999999999999957
24.000000000000004                                0.03590381312386226                               0.03590381312386226                               1.000000000000001
24.000000000000004                                0.046702187274501546                              0.046702187274501546                              0.9999999999999993
24.000000000000004                                0.048831887830689036                              0.04883188783068904                               1.000000000000001
24.000000000000004                                0.057191823865938594                              0.0571918238659386                                0.9999999999999997
24.000000000000004                                0.06432901438131827                               0.06432901438131827                               0.9999999999999984
24.000000000000004                                0.0673638490606972                                0.0673638490606972                                0.9999999999999976
24.000000000000004                                0.07708987433478202                               0.07708987433478202                               0.9999999999999968
24.000000000000004                                0.0775079412946328                                0.0775079412946328                                0.9999999999999994
24.000000000000004                                0.08661566245811063                               0.08661566245811063                               1.000000000000001
24.000000000000004                                0.09290206078296945                               0.09290206078296946                               0.9999999999999991
24.000000000000004                                0.09568698876189877                               0.09568698876189877                               1.0000000000000004
24.000000000000004                                0.0979881607051181                                0.0979881607051181                                1.000000000000002
24.000000000000004                                0.10435347989144309                               0.1043534798914431                                1
24.000000000000004                                0.11254689489165738                               0.1125468948916574                                0.9999999999999994
24.000000000000004                                0.12024513350749202                               0.12024513350749204                               1.0000000000000007
24.000000000000004                                0.12720861783353118                               0.12720861783353118                               1.0000000000000009
24.000000000000004                                0.13112369617871505                               0.13112369617871505                               1.0000000000000002
24.000000000000004                                0.1328286503268166                                0.1328286503268166                                1.0000000000000022
24.000000000000004                                0.1340408260854445                                0.13404082608544451                               1.0000000000000004
24.000000000000004                                0.1376657203305573                                0.1376657203305573                                0.9999999999999996
24.000000000000004                                0.14701311765756106                               0.14701311765756106                               1.000000000000001
24.000000000000004                                0.14737074602484765                               0.14737074602484765                               0.9999999999999992
24.000000000000004                                0.16207895451104543                               0.16207895451104543                               0.999999999999998
24.000000000000004                                0.16208674389182354                               0.16208674389182354                               1.0000000000000018
24.000000000000004                                0.17838617458032638                               0.1783861745803264                                0.9999999999999993
24.000000000000004                                0.17908168792107682                               0.17908168792107684                               0.9999999999999991
24.000000000000004                                0.179918199472389                                 0.179918199472389                                 0.9999999999999994
24.000000000000004                                0.18114122756716045                               0.18114122756716047                               1.0000000000000016
24.000000000000004                                0.1820129946082872                                0.1820129946082872                                1
24.000000000000004                                0.18465015709796806                               0.18465015709796806                               1.0000000000000022
25.000000000000004                                0.033760798466198616                              0.033760798466198616                              1.0000000000000022
25.000000000000004                                0.04478642679113052                               0.04478642679113052                               1.0000000000000018
25.000000000000004                                0.04814670710957511                               0.04814670710957511                               0.9999999999999991
25.000000000000004                                0.05550406281823857                               0.05550406281823857                               1.0000000000000007
25.000000000000004                                0.06392688453861131                               0.06392688453861131                               1.0000000000000007
25.000000000000004                                0.06591336218591798                               0.06591336218591798                               1.0000000000000007
25.000000000000004                                0.07591658376077548                               0.07591658376077548                               0.9999999999999999
25.000000000000004                                0.07771194625507889                               0.07771194625507889                               1.000000000000001
25.000000000000004                                0.08561734662575833                               0.08561734662575834                               0.9999999999999972
25.000000000000004                                0.09305999603787408                               0.09305999603787408                               1.0000000000000007
25.000000000000004                                0.0949238875811479                                0.0949238875811479                                1.0000000000000013
25.000000000000004                                0.0980384446981958                                0.09803844469819581                               0.999999999999999
25.000000000000004                                0.10382802698393027                               0.10382802698393027                               1.0000000000000007
25.000000000000004                                0.1122687736029849                                0.11226877360298491                               0.9999999999999999
25.000000000000004                                0.12022185095830175                               0.12022185095830175                               0.9999999999999994
25.000000000000004                                0.12750731290180367                               0.12750731290180367                               1.0000000000000004
25.000000000000004                                0.1311015767370583                                0.1311015767370583                                1.000000000000003
25.000000000000004                                0.1329379778491204                                0.1329379778491204                                1.000000000000001
25.000000000000004                                0.13449796666626926                               0.13449796666626926                               1.0000000000000018
25.000000000000004                                0.13879448343655498                               0.13879448343655498                               1.0000000000000027
25.000000000000004                                0.14760978968830119                               0.14760978968830119                               0.9999999999999991
25.000000000000004                                0.1481624693084085                                0.1481624693084085                                1
25.000000000000004                                0.1625346340319667                                0.1625346340319667                                0.9999999999999984
25.000000000000004                                0.1625486312385025                                0.16254863123850252                               0.9999999999999987
25.000000000000004                                0.17755828733129783                               0.17755828733129783                               1.0000000000000009
25.000000000000004                                0.1783891001266653                                0.1783891001266653                                0.9999999999999994
25.000000000000004                                0.17844351215760249                               0.17844351215760249                               0.9999999999999992
25.000000000000004                                0.17908457595589697                               0.17908457595589697                               1.0000000000000009
25.000000000000004                                0.18025727664977115                               0.18025727664977115                               1.0000000000000009
25.000000000000004                                0.18025770992236428                               0.1802577099223643                                0.9999999999999998
26.000000000000004                                0.03161498496546758                               0.03161498496546758                               0.9999999999999986
26.000000000000004                                0.04286341219192677                               0.04286341219192677                               0.9999999999999993
26.000000000000004                                0.04745692310013891                               0.04745692310013891                               0.9999999999999999
26.000000000000004                                0.05380465573201549                               0.05380465573201549                               1.0000000000000013
26.000000000000004                                0.06349462824676476                               0.06349462824676476                               1
26.000000000000004                                0.06446761247893835                               0.06446761247893837                               0.9999999999999989
26.000000000000004                                0.0746713789851556                                0.0746713789851556                                0.9999999999999989
26.000000000000004                                0.07794637044374435                               0.07794637044374435                               0.9999999999999969
26.000000000000004                                0.084592706092865                                 0.084592706092865                                 1.000000000000001
26.000000000000004                                0.0932167466351697                                0.0932167466351697                                1
26.000000000000004                                0.09412895400265277                               0.09412895400265277                               1.000000000000001
26.000000000000004                                0.0981000776943785                                0.09810007769437852                               0.9999999999999987
26.000000000000004                                0.10326564527826328                               0.10326564527826329                               1.0000000000000009
26.000000000000004                                0.11194690912255571                               0.11194690912255573                               0.9999999999999996
26.000000000000004                                0.12014865814400401                               0.12014865814400401                               0.9999999999999971
26.000000000000004                                0.12773000649040958                               0.1277300064904096                                1.0000000000000009
26.000000000000004                                0.13107877558832148                               0.13107877558832148                               0.9999999999999993
26.000000000000004                                0.13304911249961776                               0.13304911249961776                               1.0000000000000009
26.000000000000004                                0.13491291115665233                               0.13491291115665233                               0.9999999999999997
26.000000000000004                                0.13985378976123125                               0.13985378976123128                               0.9999999999999998
26.000000000000004                                0.14821828873778767                               0.14821828873778767                               1.0000000000000016
26.000000000000004                                0.14903904939788754                               0.14903904939788754                               1.0000000000000013
26.000000000000004                                0.16301331225707177                               0.16301331225707177                               1.0000000000000013
26.000000000000004                                0.1630377326845262                                0.1630377326845262                                0.9999999999999991
26.000000000000004                                0.1739740168662096                                0.1739740168662096                                0.9999999999999972
26.000000000000004                                0.17484207514870032                               0.17484207514870032                               1.0000000000000009
26.000000000000004                                0.17748348807221268                               0.1774834880722127                                0.9999999999999977
26.000000000000004                                0.17841829506770554                               0.17841829506770554                               0.9999999999999998
26.000000000000004                                0.17909230982195218                               0.17909230982195218                               1.0000000000000007
26.000000000000004                                0.18061291576689886                               0.1806129157668989                                1.0000000000000004
27.000000000000004                                0.029466549594751645                              0.029466549594751645                              1.0000000000000002
27.000000000000004                                0.040933548088172886                              0.04093354808817289                               1.0000000000000004
27.000000000000004                                0.04676264906040789                               0.0467626490604079                                0.9999999999999987
27.000000000000004                                0.052094349020637774                              0.05209434902063778                               1
27.000000000000004                                0.06277499322873825                               0.06277499322873825                               0.9999999999999996
27.000000000000004                                0.06328516137291662                               0.06328516137291662                               1.0000000000000002
27.000000000000004                                0.07340223641592547                               0.07340223641592547                               0.9999999999999987
27.000000000000004                                0.07816360745071668                               0.07816360745071668                               0.9999999999999993
27.000000000000004                                0.08354331277438004                               0.08354331277438004                               0.9999999999999999
27.000000000000004                                0.09330427483065001                               0.09330427483065003                               0.9999999999999983
27.000000000000004                                0.09337174559658777                               0.09337174559658777                               1.0000000000000004
27.000000000000004                                0.09817348210626133                               0.09817348210626134                               1.0000000000000007
27.000000000000004                                0.10266857726277066                               0.10266857726277066                               1.0000000000000018
27.000000000000004                                0.11158418045509672                               0.11158418045509673                               1
27.000000000000004                                0.12002845015940006                               0.12002845015940007                               0.9999999999999981
27.000000000000004                                0.12788622051343015                               0.12788622051343015                               1.0000000000000009
27.000000000000004                                0.13105566604898683                               0.13105566604898683                               1.0000000000000018
27.000000000000004                                0.1331622706928271                                0.1331622706928271                                1.0000000000000018
27.000000000000004                                0.1352825481106682                                0.1352825481106682                                0.9999999999999979
27.000000000000004                                0.14082104256887884                               0.14082104256887884                               1.0000000000000013
27.000000000000004                                0.14883268451580914                               0.14883268451580914                               1.0000000000000013
27.000000000000004                                0.15000325093113284                               0.15000325093113284                               1.0000000000000007
27.000000000000004                                0.16351506701173552                               0.16351506701173552                               0.9999999999999996
27.000000000000004                                0.16355648989412208                               0.16355648989412208                               0.9999999999999977
27.000000000000004                                0.17038281416972834                               0.17038281416972834                               0.9999999999999993
27.000000000000004                                0.17124877063690402                               0.17124877063690405                               1.000000000000003
27.000000000000004                                0.1738963563469906                                0.1738963563469906                                1.000000000000004
27.000000000000004                                0.17826568336804988                               0.17826568336804988                               0.9999999999999982
27.000000000000004                                0.17845537557918384                               0.17845537557918387                               0.9999999999999984
27.000000000000004                                0.17909042508431508                               0.1790904250843151                                1.0000000000000009
28.000000000000004                                0.027315642771929827                              0.027315642771929827                              0.9999999999999991
28.000000000000004                                0.03899719970814741                               0.03899719970814741                               0.9999999999999988
28.000000000000004                                0.046063899236838436                              0.04606389923683844                               1
28.000000000000004                                0.050373915069029426                              0.050373915069029426                              0.9999999999999998
28.000000000000004                                0.061372820917958336                              0.061372820917958336                              0.9999999999999992
28.000000000000004                                0.06276237113066577                               0.06276237113066577                               1.0000000000000002
28.000000000000004                                0.07211304551184453                               0.07211304551184453                               0.999999999999998
28.000000000000004                                0.0783601274697308                                0.0783601274697308                                1.000000000000002
28.000000000000004                                0.08247056931487214                               0.08247056931487215                               1.0000000000000016
28.000000000000004                                0.09245162559086594                               0.09245162559086595                               0.999999999999998
28.000000000000004                                0.09352447037350556                               0.09352447037350557                               1.0000000000000033
28.000000000000004                                0.09825913506562531                               0.09825913506562531                               0.9999999999999989
28.000000000000004                                0.10203884936415923                               0.10203884936415923                               1
28.000000000000004                                0.11118311912736656                               0.11118311912736656                               1.000000000000001
28.000000000000004                                0.11986396129164897                               0.11986396129164897                               0.9999999999999991
28.000000000000004                                0.12798334539366518                               0.12798334539366518                               1.0000000000000009
28.000000000000004                                0.13103250573249894                               0.13103250573249894                               1.0000000000000007
28.000000000000004                                0.13327750623413695                               0.13327750623413695                               1.0000000000000016
28.000000000000004                                0.13560524053653603                               0.13560524053653603                               0.9999999999999977
28.000000000000004                                0.1416835301227667                                0.1416835301227667                                1.0000000000000022
28.000000000000004                                0.14944657728108057                               0.14944657728108057                               1.0000000000000029
28.000000000000004                                0.151050144772714                                 0.151050144772714                                 0.9999999999999982
28.000000000000004                                0.16403968821257736                               0.16403968821257736                               1.0000000000000018
28.000000000000004                                0.1641080776148488                                0.1641080776148488                                1.0000000000000018
28.000000000000004                                0.16678605468462152                               0.16678605468462154                               1.0000000000000044
28.000000000000004                                0.16765039833008188                               0.16765039833008188                               1.0000000000000002
28.000000000000004                                0.17030118001479363                               0.17030118001479366                               0.9999999999999993
28.000000000000004                                0.17468619066050173                               0.17468619066050176                               0.9999999999999976
28.000000000000004                                0.17845311632368388                               0.17845311632368388                               1.0000000000000013
28.000000000000004                                0.17908898346378718                               0.1790889834637872                                1.0000000000000018
29.000000000000004                                0.025162395114373542                              0.025162395114373542                              0.9999999999999978
29.000000000000004                                0.03705469838706607                               0.03705469838706607                               0.9999999999999973
29.000000000000004                                0.04536045078512134                               0.04536045078512134                               1.0000000000000007
29.000000000000004                                0.048644296545851624                              0.04864429654585163                               0.9999999999999982
29.000000000000004                                0.05986960196305274                               0.05986960196305274                               1.0000000000000016
29.000000000000004                                0.062318860058196174                              0.06231886005819618                               0.9999999999999987
29.000000000000004                                0.07080545080363036                               0.07080545080363038                               0.9999999999999977
29.000000000000004                                0.07853465878228277                               0.07853465878228277                               1.0000000000000004
29.000000000000004                                0.08137573978257369                               0.0813757397825737                                1.0000000000000018
29.000000000000004                                0.09157257637112527                               0.09157257637112529                               0.9999999999999993
29.000000000000004                                0.09367442641076823                               0.09367442641076824                               1.0000000000000007
29.000000000000004                                0.09835747245146062                               0.09835747245146063                               0.9999999999999989
29.000000000000004                                0.10137830436848574                               0.10137830436848574                               1.0000000000000004
29.000000000000004                                0.11074597583827758                               0.1107459758382776                                1.0000000000000002
29.000000000000004                                0.11965773346163308                               0.1196577334616331                                0.9999999999999992
29.000000000000004                                0.1280271524222453                                0.1280271524222453                                0.9999999999999993
29.000000000000004                                0.1310094939895067                                0.1310094939895067                                0.9999999999999977
29.000000000000004                                0.13339480108502721                               0.13339480108502721                               0.9999999999999974
29.000000000000004                                0.13588051879214758                               0.13588051879214758                               0.9999999999999996
29.000000000000004                                0.14243827773379852                               0.14243827773379852                               0.9999999999999999
29.000000000000004                                0.15005341291847257                               0.15005341291847257                               0.9999999999999984
29.000000000000004                                0.15216635061797365                               0.15216635061797365                               1.0000000000000027
29.000000000000004                                0.1631841533573822                                0.1631841533573822                                0.9999999999999961
29.000000000000004                                0.16404723559769796                               0.16404723559769796                               1.0000000000000013
29.000000000000004                                0.1645865887080466                                0.1645865887080466                                0.9999999999999991
29.000000000000004                                0.16469657421481826                               0.1646965742148183                                1.000000000000001
29.000000000000004                                0.16670039025580408                               0.16670039025580408                               0.9999999999999983
29.000000000000004                                0.17108342123772308                               0.17108342123772308                               1.0000000000000007
29.000000000000004                                0.17722188379531492                               0.17722188379531492                               1.0000000000000024
29.000000000000004                                0.17846914745616532                               0.17846914745616535                               1.000000000000002
30.000000000000004                                0.023006921831826427                              0.02300692183182643                               1.000000000000001
30.000000000000004                                0.03510634601877233                               0.03510634601877233                               1.0000000000000013
30.000000000000004                                0.044651330518806084                              0.044651330518806084                              1.0000000000000002
30.000000000000004                                0.04690712615425613                               0.04690712615425613                               1.0000000000000002
30.000000000000004                                0.05834261188351497                               0.05834261188351497                               1.0000000000000004
30.000000000000004                                0.06187837630189317                               0.06187837630189317                               1
30.000000000000004                                0.06948059218364404                               0.06948059218364405                               1.0000000000000013
30.000000000000004                                0.07868646758606515                               0.07868646758606515                               1.0000000000000007
30.000000000000004                                0.080259971191243                                 0.080259971191243                                 1.0000000000000013
30.000000000000004                                0.09066854056580423                               0.09066854056580424                               1.000000000000002
30.000000000000004                                0.09382113450146716                               0.09382113450146716                               1.0000000000000002
30.000000000000004                                0.09846884795445172                               0.09846884795445172                               1.0000000000000027
30.000000000000004                                0.10068863173070039                               0.1006886317307004                                0.9999999999999988
30.000000000000004                                0.11027476897545167                               0.11027476897545167                               1.0000000000000004
30.000000000000004                                0.11941210863856512                               0.11941210863856513                               0.9999999999999996
30.000000000000004                                0.12802222529183954                               0.12802222529183954                               0.9999999999999989
30.000000000000004                                0.13098679833568258                               0.13098679833568258                               1.0000000000000016
30.000000000000004                                0.13351410512486345                               0.13351410512486345                               0.9999999999999992
30.000000000000004                                0.1361087893484778                                0.1361087893484778                                1
30.000000000000004                                0.14308986844338917                               0.14308986844338917                               1.0000000000000018
30.000000000000004                                0.1506468004309994                                0.1506468004309994                                1.0000000000000002
30.000000000000004                                0.15333150021759762                               0.15333150021759762                               0.9999999999999997
30.000000000000004                                0.15957741801185832                               0.15957741801185832                               0.9999999999999981
30.000000000000004                                0.16043952468808406                               0.1604395246880841                                1.0000000000000016
30.000000000000004                                0.16309449750975963                               0.16309449750975963                               0.9999999999999971
30.000000000000004                                0.16515469028382657                               0.16515469028382657                               0.9999999999999997
30.000000000000004                                0.16532711230971672                               0.16532711230971672                               1.0000000000000002
30.000000000000004                                0.1674757067553828                                0.1674757067553828                                1.0000000000000027
30.000000000000004                                0.17361690081548053                               0.17361690081548053                               1.0000000000000033
30.000000000000004                                0.17848490291050706                               0.17848490291050706                               1.0000000000000027
